,,,For 2024 update: filter to new - April 2022,,,"JULIAN - relevance Yes, hide column L to BJ",This should be N/A for studies that are not eligible.,,,General information,,,,,,,,,USE 3 LETTER COUNTRY CODE,,,,,USE 3 LETTER COUNTRY CODE,,,,,,,,,"These should only be other REGISTRIES OR PLATFORMS, not surveys",,,,Data types ,,,,,,,,,,,,,,,,,,,Metrics for success,WE ARE NOT UPDATING THESE METRICS,,,,,,,"METRICS CRITERIA:  YES if any information on participating centres, included data, participating individuals, sequences etc. ",Core trust seal (NOTE:  Lauren will complete column BL)),,,,,,FAIR standards,See criteria for inclusion on FAIRsharing.org,,,,"Data submission, harmonization & cross-standard interoperability",,,,,,,,,,,,Data access,,,,,,,,,"Ethical & legal concerns, governance, benefit sharing",,,,,,,,,,,,,,,,,,
  Person conducting update,Status of update,Issues to address/Reason for exclusion,New/old,Inclusion in the original paper (yes/no),Inclusion in the Lancet DH final submission (yes/no),"Relevant to the paper - Include in counts (platform, registry) 
CRITERIA 1:  Has participant-level data (that is more than just gender, age, location - i.e. what would be available with webscraping)
CRITERIA 2:  Includes data from > 1 hospital and > 1 health system
CRITERIA 3: Has website or findable eCRF with detailed upload information (TBD) (or DID have a website)
CRITERIA 4: Registry OR Platform OR Study with participant-level data from > 1 hospital or health system that is open to including more study sites",Has a fully complete/partially complete survey response,Acronym,Full name, Type of resource,Resource website,Whether COVID-19-specific resource only,Focus of COVID-19-specific part of resource or of resource if not COVID-19 specific,"Coinfection, comorbidity, assessment, treatment, or outcome of interest (Detailed)","Coinfection, comorbidity, assessment, treatment, or outcome and population of interest",Organ or system of interest (if any),Population focus of registry/platform (if any),Age-focus of the registry/platform,Geographic focus,Collects information on research participant ethnicity,Funder,Categories of funding,Coordinating center,Location of coordinating center,Registry/platform email,PI(s) - if any,PI email(s),Registry contact(s),Registry contact email(s),Date COVID-19 specific resource launched,Linkage to professional organization (Yes/No),Registry/platform linkage to professional organization,Linkage to related registries/platforms,Describe the linkage,Source for information on the linkage,Related publications,Clinical-epidemiological data , Human OMICs data ,Types of human OMICs data,"Human OMICs data include basic demographic data (age, gender, ethnicity)",Human OMICs data linked to clin-epi data at the participant level,COVID-19 pathogen OMICs data,Pathogen OMICs data linked to basic demographic data or clinical data,High dimensional imaging data,Types of high dimensional imaging data,"High dimensional imaging data includes basic demographic data (age, gender, ethnicity)",Imaging data linked to clin-epi data at the participant level,Ensures CT scans have been systematically scored on abnormalities and the extent of abnormalities,Imaging data on contrast or non-contrast enhanced CTs,Cross-sectional or longitudinal data,Clinical trial data and/or observational data,Data from participants who were hospitalized for COVID-19 and from participants who were not hospitalized,Data from individuals with COVID-19 and those that have not been infected,Collapsed column of data types and linkage,Collapsed column of >1 data type (Yes/No),List of participating centers,Link to list of participating centers,Number of participating centers,Total number of COVID-19-related clin-epi datasets or total number of records for OMICs or imaging data or total number of registrations for patient registries that have been uploaded to the resource,"Total number of participants represented by COVID-19-related datasets or records uploaded to the resource (if it is not clearly COVID-19-related, list as ""not specified"")",Number of SARS-CoV-2 genome sequences,Other metrics for data sharing impact,Link to metric-related data,Collapsed column of any metric for success (Yes/No),"Does the registry or platform state that their mission is to provide access to and preserve data?

YES to SHARE, YES to PRESERVE

(R1. The repository has an explicit mission to provide access to and preserve data in its domain.)","Does the registry or platform say that they will SHARE data with groups OUTSIDE of their Consortium (this could be sharing data within a professional organization, but it would not be sharing data only within a closed Consortium or it would not be making a data dashboard available)",Does the registry or platform say that they will PRESERVE data,Text to make this designation,Link to website or publication used to make this designation,"Does the registry have a CORE Trust Seal
https://www.coretrustseal.org/why-certification/certified-repositories/","Eligible for inclusion on FAIRsharing.org (Yes if not already listed on FAIRsharing.org, and: 
- The data, although not public, must be accessible on request (documentation on how access the data)
AND/OR
- Scientific publications associated with the registry
AND/OR
- Sharing of the data in the form of a report or «data dahsboard»
AND 
- Contact available on the website","DOI for repository metadata (link to fairsharing.org, DataCite, Zenodo, ROR, R3Data, or others)
https://commons.datacite.org/
https://zenodo.org/
https://www.openicpsr.org/openicpsr/
https://ror.org/",DOI assigned as a result of this project,"Qualitative assessment of FAIRness 
 Criterion 1 - Findable: DOI
 Criterion 2 - Accessible: Information on how to access the data on the website
 Criterion 3 - Interoperable: Community developed standard for participant-level data or metadata
 Criterion 4 - Reusable: Data usage license and/or data usage agreement or terms of use",Link to FAIRshake assessment,"How is harmonization addressed by the platform or registry (if data is taken from hospital records and put into an eCRF, this is RETROSPECTIVE)",How are data entered or uploaded?,Who can submit data ,Registration required for data entry,Electronic Data Capture System for clin-epi data (if any),Link to COVID-19 CRF or data dictionary,"Uses ISARIC/WHO CRF (case report form) or other established eCRF, like US-CDC?  IF SO, NAME THE FORM",Clinical-epidemiological standards used by registry,OMICs data standards used by registry,Imaging data standards used by registry,Collapsed column for standards,Resource is currently accepting data,How to access data,Data access procedure provided on website,Link to description of how to access data/data available,Data usage agreement,Data usage license,Collapsed column for usage agreement/license,Who can access data,Data sharing status,Notes from investigators for why data won't be shared (if applicable),Who controls access to the data,Data governance information provided on website,Link to clearly specified governance mechanism for reviewing data access requests,Criteria for reviewing data access requests,Criteria for reviewing data access requests provided on website ,Link to clearly specified criteria for reviewing data access requests,"Resource guidance on whether only accepts data from studies that include broad or blanket consent language or have applied for a waiver of consent. For repositories where individuals enter their own data, this means the individuals provided broad consent for future use as part of the data entry process",How are participants recruited and consented for patient registries (only applies to patient registries),"De-identification, anonymization, pseudonymization, or other steps to address sharing sensitive data",Platform or registry IRB or ERC approval or exemption for platform or registry,Link to platform or registry IRB or ERC approval or exemption (or related information),Does platform/registry request ICFs from studies that share data to the repository?,Benefit sharing - for research participants and/or their community,Benefit sharing - for study team (group that collected the data),Requires citation of registry/platform and/or data providers in related publications?,"Community engagement (e.g., active involvement of community members in the DAC or in development of governance for data sharing)",Data dashboard or other dissemination activity (other than publications),Link to data dashboard/information dissemination,Notes
SA,Updated using website,Checked ,New - April 2022,No,No,Yes,No,"AAOS Registry Program (includes American Joint Replacement Registry, Shoulder & Elbow Registry, Musculoskeletal Tumor Registry, American Spine Registry)",American Academy of Orthopaedic Surgeons,Registry,https://www.aaos.org/registries/covid-19-data/,No,Adding COVID-19-related ICD codes to existing registres to understand COVID-19’s current and future impact on musculoskeletal care,Joint replacement procedures,Joint replacement procedures,Joints,Patients undergoing future joint replacement procedures,All ages,US,Yes,"U.S Government Grant, U.S department of health and services, National Institute of health, CDC, WHO, Department of Veterans affairs",Government,American Academy of Orthopaedic Surgeons,USA,RegistryInfo@aaos.org,Each registry has their own chair: https://www.aaos.org/registries/registry-program/shoulder-and-elbow-registry/; https://www.aaos.org/registries/registry-program/musculoskeletal-tumor-registry/; https://www.americanspineregistry.org/; https://www.aaos.org/registries/registry-program/american-joint-replacement-registry/,N/A,Not specified,N/A,"September, 2020",Yes,The American Association of Neurological Surgeons (AANS) ,Not specified,N/A,N/A,https://doi.org/10.2106/00004623-200202000-00007,Yes,No,N/A - no human OMICs data,N/A - no human OMICs data,N/A - no human OMICs data,No,N/A - no pathogen OMICs data,No,N/A - no imaging data,N/A - no imaging data,N/A - no imaging data,N/A - no imaging data,N/A - no imaging data,Longitudinal,Observational data only,Hospitalized for COVID-19 only,Both,Clin-epi,No,Not specified,Not specified ,Not specified,Not specified ,Not specified,N/A - no pathogen OMICS data,Not specified,N/A,No,No,No,No,"The AAOS Registry Program’s mission is to improve orthopaedic care through the collection, analysis, and reporting of actionable data. We seek to encompass all the musculoskeletal and anatomical areas for orthopaedics through comprehensive data and technology resulting in optimal patient outcomes.",https://www.aaos.org/registries/program-details/faqs/general-faqs/,No,Yes - NOT on FAIRsharing,No DOI assigned,N/A - doesn't have a DOI,None of the criteria are met,N/A,Prospective (e.g. same CRF),"After participating sites collect the necessary data elements, they submit their data through the AAOS RegistryInsights® data upload process via a secure file transfer protocol (SFTP) or hypertext transfer protocol secure (HTTPS). Certain vendors can also be used to collect the data: https://www.aaos.org/registries/program-details/authorized-vendor-program/",Health care professionals,Hospital - Centre - Institution registration required for data entry,Following vendors can be used: https://www.aaos.org/registries/program-details/authorized-vendor-program/,"The ICD-10 code for COVID-19 confirmed diagnosis, U07.1 is included in the registries",No,No clin-epi standard used,N/A - no OMICs data collected,N/A - no participant level imaging data collected,No,Yes,Not specified ,Directions not available on the website,N/A,Not specified,Not specified,No,Not specified,Not specified,N/A,Not specified,Information not available on website,N/A,Not specified,Information not available on website,N/A,Not specified,N/A,Not specified,Not specified,N/A,Not specified,Not specified,Not specified,Not specified,Not specified,Not specified,N/A,
,,,Old,Yes,Yes,Yes,No,ACR CIRR ,American College of Radiology COVID-19 Imaging Research Registry ,Registry,https://www.acr.org/Research/Clinical-Research/National-Clinical-Imaging-Research-Registry/COVID-19-Registry,Yes,To develop a central COVID-19 Imaging Research Registry of patients who have been tested for COVID and have imaging exam(s),General,General,Any,General,All ages,USA,Not specified,ACR,Professional organization,American College of Radiology,USA,cirr@acr.org,Dr Sharyn Katz,sharyn.katz@pennmedicine.upenn.edu,Not specified,N/A,Not specified,Yes,"National Heart, Lung and Blood Institute PETAL Clinical Trials Network","Medical Imaging and Data Resource Center (MIDRC) (specifically, ACR CIRR is an intake portal for MIDRC)",A subset of the CIRR dataset is de-identified and made publicly available via the MIDRC,https://www.acr.org/Research/Clinical-Research/National-Clinical-Imaging-Research-Registry/COVID-19-Registry,Not specified,Yes,No,N/A - no human OMICs data,N/A - no human OMICs data,N/A - no human OMICs data,No,N/A - no pathogen OMICs data,Yes,Not specified,Yes,Yes,Not specified,Not specified,Longitudinal,Observational data only,Both,COVID-19 infected or suspected only,Clin-epi - imaging (linked),Yes,Not specified,Not specified,Not specified,Not specified,Not specified,N/A - no pathogen OMICS data,Not specified,N/A,No,No,"Unsure (page 3 of protocol): The COVID-19 Research Registry will provide fertile opportunity for discovery of new information about
the clinical presentation and course of the virus in diverse populations across the US. In addition, it will
serve as a resource for the development and testing of artificial intelligence (AI) and machine learning
algorithms to be used to predict the course and severity of the disease in given populations and sub-
populations, to develop early diagnosis models, and potentially even targeted treatments. The NIH
Strategic Plan for Data Science includes a far-reaching plan for the use of big data to stimulate new
research discoveries and a COVID-19 research registry to which AI can be applied fits well with the NIH
strategic plan. [...] Future use of data in the registry for research, education,
AI, radiomics, virtual clinical trials, or other will be governed by a Data Access Committee proposal and
review process. As those secondary research project proposals require cIRB review, they will be
submitted for review at that time as separate projects.","Not specifically: Strategic aims of this research registry include:
1. setting up a dynamic, multi-institutional data registry that will integrate diagnostic and clinical
information, and will provide a real-time integrated data stream that could serve as a public
health surveillance tool;
2. cross-disciplinary collaborations outside of radiology with other clinical experts and diagnostic
modalities, including clinical medicine, genetics, biomarker discovery, laboratory sciences, and
others.","On homepage: The COVID-19 Imaging Research Registry (CIRR) advances understanding, prevention and treatment of coronavirus (COVID-19). CIRR fosters integration and knowledge sharing across clinical medicine, genetics, biomarker discovery and laboratory sciences.

In published protocol: The ACR collects images and data performed as part of diagnosing and treating COVID-19 patients. CIRR sites contribute demographic information, clinical data on signs and symptoms, imaging exams, laboratory test data and outcomes. Data is used for education, AI algorithm development and research studies. A subset of the CIRR dataset is de-identified and made publicly available via the Medical Imaging and Data Resource Center  (MIDRC).

Radiologists and practices can fully meet Merit-based Incentive Payment System (MIPS) “Improvement Activity” requirements by contributing data and images to CIRR. Sites have access to their data and can request data for other COVID-19 research, subject to IRB approval and CIRR Steering Committee oversight.",https://www.acr.org/-/media/ACR/NOINDEX/Research/Protocol_ACR-Covid19-Imaging-Research-Registry.pdf,No,Yes - NOT on FAIRsharing,No DOI assigned,N/A - doesn't have a DOI,Meets 1 criterion only,N/A,Retrospective,Clin-epi and imaging data are extracted from the electronic health records (EHRs) and imaging picture archiving and communication systems (PACS) of the medical centers ,Data are extracted from EHRs,Hospital - Centre - Institution registration required for data entry,"Following tools are used to extract the clin-epi and imaging data: 
- TRIAD (Transfer of Images and Data) Client
- ACR CONNECT
- Medidata RAVE
- HL7 Listener
- sFTP
- Webform with Validation
- API",https://www.acr.org/Research/Clinical-Research/National-Clinical-Imaging-Research-Registry/COVID-19-Registry,No,No clin-epi standard used,N/A - no OMICs data collected,DICOM,Yes,Yes,"Requests to access and analyze registry data will be reviewed by the CIRR Data Access Committee. Members of the DAC will include representation from the collaboration agencies and contributing organizations. The DAC will design the application process and requirement, review all data access and project requests, and approve or deny them",Directions available on the website to a limited extent,https://www.acr.org/-/media/ACR/NOINDEX/Research/Protocol_ACR-Covid19-Imaging-Research-Registry.pdf  ,Not specified,Not specified,No,Any group whose application is approved,Participant-level data are being shared,N/A,DAC,Information available on the website to a limited extent,https://www.acr.org/-/media/ACR/NOINDEX/Research/Protocol_ACR-Covid19-Imaging-Research-Registry.pdf,"The DAC will approve or deny data access requests considering feasibility, merit, potential conflicts, and impact",Information available on the website,https://www.acr.org/-/media/ACR/NOINDEX/Research/Protocol_ACR-Covid19-Imaging-Research-Registry.pdf,No,N/A,De-identification,Does not constitute human subjects research therefore deemed exempt from IRB or ERC review,https://www.acr.org/-/media/ACR/NOINDEX/Research/CIRR-Protocol-Cover-Letter.pdf,No,Not specified,Registry provides access to data analytic tools on the platform.,Not specified,Not specified,Not specified,N/A,
,,,Old,Yes,Yes,Yes,No,ACS COVID-19 Registry (also called COVID-ACS),American College of Surgeons COVID-19 Registry,Registry,https://www.facs.org/quality-programs/covid19-registry,Yes,To collect important clinical patient data for hospitalized patients with COVID-19,General,General,Any,Hospitalized patients ,≥18 years,Worldwide,Yes,Not specified,Not specified,American College of Surgeons (ACS) ,USA,covid19registry@facs.org,Not specified,N/A,Amy Sachs; Thomas Kite,asachs@facs.org; tom.kite@nhs.net,Not specified ,Yes,American College of Surgeons (ACS),Not specified,N/A,N/A,DOI: 10.1016/j.jamcollsurg.2020.06.020,Yes,No,N/A - no human OMICs data,N/A - no human OMICs data,N/A - no human OMICs data,No,N/A - no pathogen OMICs data,No,N/A - no imaging data,N/A - no imaging data,N/A - no imaging data,N/A - no imaging data,N/A - no imaging data,Longitudinal,Observational data only,Hospitalized for COVID-19 only,COVID-19 infected or suspected only,Clin-epi,No,Not specified,Not specified,Not specified,Not specified,Not specified,N/A - no pathogen OMICS data,Not specified,N/A,No,No,No,"Unsure, only information is as follows: ""We will continue to monitor the variables that are collected, the definitions of the variables, and iterate as needed."" ","The American College of Surgeons (ACS) has developed the ACS COVID-19 Registry, which is now available to all hospitals seeking to capture meaningful data about the COVID-19 patients they treat. The overarching priority of this registry is to collect important clinical patient data for a disease about which little is known.

The ACS has a long history of developing and maintaining clinical data registries for trauma, cancer, surgical quality improvement for adult and pediatric hospitals, and bariatric surgery. Relying on the decades of experience the ACS has with data collection and improving patient care, we also acknowledge the registry was created in an expedited timeframe because of the immediate crisis. We will continue to monitor the variables that are collected, the definitions of the variables, and iterate as needed. We are using REDCap as the data collection platform for the ACS COVID-19 Registry since it is a known system and easily accessible to all hospitals.

",https://www.facs.org/quality-programs/data-and-registries/covid19-registry/,No,Yes - NOT on FAIRsharing,No DOI assigned,N/A - doesn't have a DOI,None of the criteria are met,N/A,Prospective (e.g. same CRF),Repository CRF data entry screen (e.g. REDCap),Health care professionals,Not specified,REDCap,Not provided,N/A - no central CRF,No clin-epi standard used,N/A - no OMICs data collected,N/A - no participant level imaging data collected,No,Yes,Not specified ,Directions not available on the website,N/A,Not specified,Not specified ,No,Not specified,Not specified,N/A,Not specified,Information not available on website,N/A,Not specified,Information not available on website,N/A,Not specified,N/A,Not specified,Not specified,N/A,Not specified,Not specified,Not specified,Not specified,Not specified,Not specified,N/A,
,Updated including survey response,No website ,New - April 2022,No,No,No,Yes,COVID-ACS Registry,COVID-Acute Coronary Syndrome Registry,Registry,Not provided,Yes,"To document the demographic, procedural, and angiographic characteristics and in-hospital clinical outcomes of COVID-19–positive (or high index suspicion) patients admitted with ACS, paying particular attention to delays in standard management",Acute Coronary Syndrome,Acute Coronary Syndrome,Heart,Patients with acute coronary syndrome,> 18 years,Worldwide,No,No funding,No funding,Glenfield Hospital,GBR,tom.kite@nhs.net,Dr Tom Kite,tom.kite@nhs.net,Not specified,N/A,"March 1, 2020",,None,None,,,"DOIs: 10.1016/j.jacc.2021.03.309;
        
        
        
        
        
         https://doi.org/10.1111/joim.13246
        
        
        
        
        
        ",Yes,No,N/A - no human OMICs data,N/A - no human OMICs data,N/A - no human OMICs data,No,N/A - no pathogen OMICs data,No,N/A - no imaging data,N/A - no imaging data,N/A - no imaging data,N/A - no imaging data,N/A - no imaging data,Cross-sectional,Observational data only,Hospitalized for COVID-19 only,COVID-19 infected or suspected only,Clin-epi,No,Not specified,Not specified,55 centers (31.07.20),316 hospitalized patients (31.07.20), 316 hospitalized patients (31.07.20),N/A - no pathogen OMICS data,Not specified,https://www.ncbi.nlm.nih.gov/pmc/articles/PMC8128002/,Yes,No,No,Unsure,"The purpose of this study was to report the demographics, angiographic findings, and in-hospital outcomes of COVID-19 ACS patients and compare these with pre–COVID-19 cohorts.
--> purpose of the registry was only the study?!",https://www.ncbi.nlm.nih.gov/pmc/articles/PMC8128002/,No,Haven't yet asked Delphine,No DOI assigned,N/A,,N/A,No harmonization is work is done,"Online, web-hosted remote data entry system, allowing colleagues from international centers to prospectively enter anonymized data on patients",Health care professionals,Hospital - Centre - Institution registration required for data entry,Not specified,N/A,N/A - no central CRF,No clin-epi standard used,N/A - no OMICs data collected,N/A - no participant level imaging data collected,No,No - resource is closed to new data,Not specified ,Directions not available on the website,N/A,No,No,No,Only groups that contributed data or are otherwise part of the consortium,Participant-level data are being shared,N/A,Platform or registry management team,Information not available on website (provided through additional contact),N/A,"- Clinical or public health-related importance
- Contribution of data to platform",Information not available on website (provided through additional contact),N/A,No,N/A,Anonymization,No central IRB or ERC review obtained - up to individual centres,N/A,No,Not specified,Citation of study team by analyses that use data they contributed,Registry or platform and individual studies that upload data,Not specified,Not specified,N/A,
PS,Updated using both survey and website,,New,No,No,Yes,Yes,AGMT COVID-19 Registry,Austrian COVID-19 Registry,Registry,https://www.agmt.at/register-covid-19/,Yes,"The AGMT_COVID-19 Registry is designed as multicenter observational cohort of patients, that are tested positive for SARS-CoV-2. Data will be collected from all sites in Austria willing to participate.
Due to the non-interventional nature of the AGMT_COVID-19 registry, only routine data, which has already been recorded in the patient’s medical chart, is transferred to the eCRF. Treatment indication, the decision to offer treatment, treatment choice, dose, schedule and dose reductions/escalations, and response assessments shall be exclusively based on the risk/benefit estimation of the treating physician.",General,General,Any,General,≥18 years,Austria,Not specified,"Austrian Group Medical Tumor Therapy (AGMT), Pfizer ","Professional organization, industry",Austrian Group Medical Tumor Therapy (AGMT),AT,office@agmt.at,Univ. Prof. Dr. Richard Greil,r.greil@salk.at,Daniela Wolkersdorfer; Stephanie Esmaeilzadeh-Leithner,d.wolkersdorfer@agmt.at; s.leithner@agmt.at,April 2020,,Not specified,Not specified,,,"DOI: 10.1007/s11357-021-00352-y
        
        ",Yes,No,N/A - no human OMICs data,N/A - no human OMICs data,N/A - no human OMICs data,No,N/A - no pathogen OMICs data,No,N/A - no imaging data,N/A - no imaging data,N/A - no imaging data,N/A - no imaging data,N/A - no imaging data,Longitudinal,Observational data only,Both,COVID-19 infected or suspected only,Clin-epi,No,Not specified,Not specified,Not specified,Not specified,Not specified,N/A - no pathogen OMICS data,Not specified,N/A,,No,No,Unsure,"Der eingetragene Verein Arbeitsgemeinschaft medikamentöse Tumortherapie (AGMT) versteht sich als eine gemeinnützige Zusammenschließung wissenschaftsaktiver Kliniker und Forscher in Hämatologie, Onkologie und anderen Fachbereichen. Wir haben uns zum Ziel gesetzt,
- klinische Studien zur Verbesserung der Behandlungsergebnisse von Patienten mit bösartigen Tumorerkrankungen durchzuführen,
- klinische Untersuchungen zur Verbesserung des Verständnisses der Behandlungsergebnisse bösartiger Tumorerkrankungen zu ermöglichen,
- basiswissenschaftliche und translationale begleitende Forschung durchzuführen, die die Steuerung moderner Therapieverfahren bzw. das bessere Verständnis von Therapieerfolg erlauben kann,
- Fortbildungen zur Verbesserung der wissenschaftlichen und klinischen Aus- und Fortbildung in Österreich zu organisieren. ///  Auszug aus Datenschutzerklärung: ""Ein Datenaustausch mit anderen Firmen/Websites/Organisationen ist grundsätzlich ausgeschlossen, wodurch die Datenschutzerklärung auf Ihren Besuch unserer Website beschränkt bleibt.""","https://www.agmt.at/ueber-uns/

  https://www.agmt.at/datenschutzerklaerung/",No,,No DOI assigned,N/A - doesn't have a DOI,Meets 1 criterion only,N/A,Retrospective,Clin-epi adata are extracted from the electronic health records (EHRs) into a common eCRF,Data are extracted from EHRs,Hospital - Centre - Institution registration required for data entry,Not specified,Not provided,No,"Medical Dictionary for Regulatory Activities
(MedDRA)",N/A - no OMICs data collected,N/A - no participant level imaging data collected,Yes,Yes,Participant-level data will not be shared,Participant-level data will not be shared,N/A,Participant-level data will not be shared,Participant-level data will not be shared,Participant-level data will not be shared,Participant-level data will not be shared,Participant-level data will not be shared,Noty specified,Participant-level data will not be shared,Participant-level data will not be shared,N/A,Participant-level data will not be shared,Participant-level data will not be shared,N/A,Not specified,N/A,Not specified,IRB or ERC approval obtained,Not provided,No,Not specified,Acknowledgement of data providers in registry/platform data-based publications  ,Registry or platform and individual studies that upload data,Not specified,Not specified,N/A,
,,"Registry is closed: First, as of August 1, 2022, the COVID-19 Registry for Hematology will be closed. Second, a new COVID module is being added to the Multiple Myeloma Data Hub program, thanks, in part, to funding support from the Center for Disease Control.",Old,Yes,Yes,Yes,Yes,ASH Research Collaborative COVID-19 Registry for Hematologic Malignancy,American Society for Hematology Research Collaborative COVID-19 Registry for Hematologic Malignancy,Registry,https://www.ashresearchcollaborative.org/s/covid-19-registry,Yes,To understand the outcomes of individuals who test positive for COVID-19 and have a hematologic condition (past or present) and/or have experienced a post-COVID-19 hematologic complication,Hematologic conditions (registered cases must have a hematologic condition (past or present) or have experienced a post-COVID-19 hematologic complication),Hematologic conditions,Blood,General,All ages,Worldwide,Yes,Donation funded,Donation funded,ASH Research Collaborative,USA,info@ashrc.org ,"Multiple: Dr Lisa Hicks, Dr William Wood and Dr Deborah Siegal",Not specified,Dr William Wood (Data Hub Oversight Group Chair),wawood@med.unc.edu,"April 1, 2020",Yes,The American Society for Hematology Research Collaborative,Not specified,N/A,N/A,"DOIs:
10.1002/onco.13657
10.1182/bloodadvances.2020003170",Yes,No,N/A - no human OMICs data,N/A - no human OMICs data,N/A - no human OMICs data,No,N/A - no pathogen OMICs data,No,N/A - no imaging data,N/A - no imaging data,N/A - no imaging data,N/A - no imaging data,N/A - no imaging data,Cross-sectional,Observational data only,Both,COVID-19 infected or suspected only,Clin-epi,No,Not specified ,Not specified,Not specified ,"1,274 (28.07.22)","1,274 (28.07.22)",N/A - no pathogen OMICS data,Not specified,https://www.ashresearchcollaborative.org/s/covid-19-registry/data-summaries,Yes,No,"No, only dashboard available. ","Unsure, registry is closed. Data dashboard will be preserved until February 2023. ","ASH RC COVID-19 Registry for Hematology is Now Closed […] Data captured from April 2019 to August 2022 can be viewed and analyzed, via the COVID-19 Registry dashboard. The dashboard will be available through February 2023.",https://www.ashresearchcollaborative.org/s/covid-19-registry,No,Yes - ON FAIRsharing,https://doi.org/10.25504/FAIRsharing.yXNjR7,Yes,Meets 1 criterion only,https://fairshake.cloud/digital_object/812073/assessments/,Prospective and retrospective,Provided CRF and data extraction from EHR and upload in .csv or .xls formats,Health care professionals,Individual registration required for data entry,RexDB ,https://hematology.my.salesforce.com/sfc/p/#6A000000uIj9/a/3u000000Li8y/jlE9cSCL3bCta2e0Knl.YDOZLVgOVPMnQ34KxaYJ45U,No,No clin-epi standard used,N/A - no OMICs data collected,N/A - no participant level imaging data collected,No,No - resource is closed to new data,Participant-level data will not be shared,Participant-level data will not be shared,N/A,Participant-level data will not be shared,Participant-level data will not be shared,Participant-level data will not be shared,Participant-level data will not be shared,Participant-level data will not be shared,The registry was only designed to report de-identified patient data and aggregate data collected from groups,Participant-level data will not be shared,Participant-level data will not be shared,N/A,Participant-level data will not be shared,Participant-level data will not be shared,N/A,No,N/A,De-identification,Does not constitute human subjects research therefore deemed exempt from IRB or ERC review,https://hematology.my.salesforce.com/sfc/p/#6A000000uIj9/a/3u000000Li92/ykQBGmYkeXHrs7RGG.QIinvzMLqiM7_gfh1gVnUzwY8,No,Not specified,Not specified,Not specified,Not specified,"A real-time dashboard data that summarises aggregate patient demographics, COVID-19 diagnosis details, and hematologic information is available",https://www.ashresearchcollaborative.org/s/covid-19-registry/data-summaries,
PS,Updated using both survey and website,,Old,Yes,Yes,Yes,Yes,ASCO Registry,American Society of Clinical Oncology Survey on COVID-19 in Oncology Registry,Registry,https://www.asco.org/asco-coronavirus-information/coronavirus-registry,Yes,"To help the cancer community learn about the pattern of symptoms and severity of COVID-19 among patients with cancer, as well as how COVID-19 infections impact the delivery of cancer care and patient outcomes. The ASCO Registry collects both baseline and follow-up data on how the SARS-CoV-2 virus impacts cancer care and cancer patient outcomes. The registry collects data about patients undergoing cancer treatment who have a confirmed prior or current SARS-CoV-2 infection. Specifically, the registry collects data about patients with cancer and patients who are cancer-free receiving adjuvant cancer therapy within a year of cancer surgery, including patients receiving hormone-only adjuvant therapy and
patients receiving supportive care only. The outcomes collected are delays and discontinuation of cancer treatments, cancer treatment outcomes, as well as COVID-19 severity, treatments, and  outcomes.",Cancer,Cancer,Multiple systems that are affected by cancer,General,All ages,USA,Yes,"Conquer Cancer, the ASCO Foundation, COVID Impacts Cancer Fund",Foundation funded,ASCO,USA,centra@asco.org ,Julie Gralow,Not specified,Not specified,N/A,"April 19, 2020",Yes,American Society of Clinical Oncology,Not specified,N/A,N/A,"DOI: 10.1200/OP.21.00394
        
        ",Yes,No,N/A - no human OMICs data,N/A - no human OMICs data,N/A - no human OMICs data,No,N/A - no pathogen OMICs data,No,N/A - no imaging data,N/A - no imaging data,N/A - no imaging data,N/A - no imaging data,N/A - no imaging data,Longitudinal,Observational data only,Both,COVID-19 infected or suspected only,Clin-epi,No,"AIS - Cancer Center - Bakersfield (Bakersfield, CA)
Anchorage Oncology Centre (Anchorage, AK)
Augusta Health (Fishersville, VA)
Augusta University (Augusta, GA)
Aultman Hospital (Canton, OH)
Baptist Clinical Research Institute (Memphis, TN)
Baptist Health Madisonville (Madisonville, KY)
Bayhealth Medical Center (Dover, DE)
Bayonne Medical Center (Bayonne, NJ)
Boone Hospital Center (Columbia, MO)
Callahan Cancer Center (North Platte, NE)
Cancer Center of Middle Georgia (Dublin, GA)
Carepoint Health Christ Hospital (Jersey City, NJ)
CarolinaEast Medical Center (New Bern, NC)
Carteret Health Care (Morehead City, NC)
Cincinnati Children's Hospital Medical Center (Cincinnati, OH)
CMH/OHSU Knight Cancer Center (Astoria, OR)
Day Kimball Healthcare (Putnam, CT)
Edward Elmhurst Healthcare (Naperville, IL)
East Carolina University (Greenville, NC)
Florida Precision Oncology, a Division of 21st Century Oncology (Fort Myers, FL)
Gene Upshaw Memorial Tahoe Forest Cancer Center (Truckee, CA)
Good Samaritan Hospital (Corvallis, OR)
Goshen Center for Cancer Care (Goshen, IN)
Great Lakes Cancer Management Specialist (Grosse Pointe Woods, MI)
Greater Baltimore Medical Center (Baltimore, MD)
Hartford Healthcare Cancer Institute (Hartford, CT)
Hawaii Cancer Care (Honolulu, HI)
Helen Diller Family Comprehensive Cancer Center, University of California, San Francisco (San Francisco, CA)
Hematology Oncology Associates of Central New York (East Syracuse, NY)
Hematology Oncology Associates of Fredericksburg (Fredericksburg, VA)
Illinois Cancer Care (Peoria, IL)
Infirmary Cancer Care (Mobile, AL)
Joliet Oncology-Hematology Associates (Joliet, IL)
Kirkland Cancer Center (Jackson, TN)
Levine Cancer Institute, Atrium Health (Charlotte, NC)
Lexington Oncology (West Columbia, SC)
Long Beach Memorial Medical Center (Fountain Valley, CA)
Mayo Clinic (Rochester, MN)
Memorial Sloan Kettering Cancer Center (New York, NY)
Michiana Hematology Oncology (Mishawaka, IN)
Monument Health - John T Vucurevich Cancer Care Institute  (Rapid City, SD)
Mosaic Life Care (St. Joseph, MO)
Nebraska Hematology-Oncology (Lincoln, NE)
Nebraska Cancer Specialists (Omaha, NE)
NorthShore University HealthSystem (Evanston, IL)
Northwell Health Cancer Institute (Lake Success, NY)
Oncology Hematology Care, Inc. (Cincinnati, OH)
Orange Coast Memorial Medical Center (Fountain Valley, CA)
OSF Little Company of Mary Hospital (Evergreen Park, IL)
PeaceHealth (Bellingham, WA)
Penn Medicine Lancaster General Health - Ann B Barshinger Cancer Institute (Lancaster, PA)
Penn Medicine Princeton Oncology (Plainsboro, NJ)
PIH Health (Whittier, CA)
Quincy Medical Group Cancer Institute (Quincy, FL)
Regional Medical Oncology Center (Wilson, NC)
Saddleback Memorial Medical Center (Fountain Valley, CA)
Saint Agnes Hospital (Baltimore, MD)
Sarah Cannon Research Institute/Florida Cancer Specialists & Research Institute, LLC (Sarasota, FL)
Sarah Cannon Research Institute/Midwest Oncology Associates, LLC (Overland Park, KS)
Sidney Kimmel Cancer Center at Thomas Jefferson University (Philadelphia, PA)
The START Center for Cancer Care (San Antonio, TX)
Tennessee Oncology, PLLC (Nashville, TN)
Tri County Hematology and Oncology (Massillon, OH)
Tufts Medical Center (Boston, MA)
University Hospitals Seidman Cancer Center (Cleveland, OH)
University of Alabama at Birmingham (Birmingham, AL)
University of Chicago (Chicago, IL)
University of Kansas Medical Center (Kansas City, KS)
University of Nebraska Medical Center (Omaha, NE)
The University of North Carolina at Chapel Hill (Chapel Hill, NC)
University of Pennsylvania (Philadelphia, PA)
University of South Florida (Tampa, FL)
The University of Texas, Health Science Center at San Antonio (San Antonio, TX)
Virginia Cancer Institute (Richmond, VA)
Virginia Cancer Specialists (Alexandria, VA)
Winship Cancer Institute of Emory University (Atlanta, GA)",https://www.asco.org/asco-coronavirus-information/coronavirus-registry,69 (18.07.22),"6,279 (18.07.22)","6,279 (18.07.22)",N/A - no pathogen OMICS data,Not specified,https://www.asco.org/covid-resources/asco-registry/data-dashboard,Yes,Yes,Yes,Yes,"(FAQ, No. 8) Will data from the ASCO Registry be available for researchers for further analysis?
Yes. Consistent with the Society’s Information Sharing Policy, ASCO will make deidentified Registry data available to researchers (both those at Registry sites and those not involved with the Registry) for further analysis.

 (Information policy No. I.): ASCO intends to further its charitable purposes of disseminating oncology information, facilitating collaboration among those involved in oncology, and promoting high quality cancer care by sharing ASCO Information with researchers and other stakeholders both internal and external to ASCO.

(with regard to PRESERVE): ASCO will deliver periodic reports with key findings so that the oncology community has real-time information to help inform treatment approaches for patients with cancer who have a confirmed COVID-19 infection.","https://old-prod.asco.org/sites/new-www.asco.org/files/content-files/2020-ASCO-Registry-FAQs-Updated-08-17-2020.pdf        

https://old-prod.asco.org/sites/new-www.asco.org/files/content-files/research-and-progress/documents/6-2-2017-ASCO-Information-Sharing-Policy.pdf ",No,Yes - ON FAIRsharing,https://doi.org/10.25504/FAIRsharing.BIZ2Nt,Yes,Meets all 4 criteria,https://fairshake.cloud/digital_object/812059/assessments/,Prospective (e.g. same CRF),Repository CRF data entry screen (e.g. REDCap),Health care professionals,Hospital - Centre - Institution registration required for data entry,REDCap,"Data collection forms listed: 
https://www.asco.org/asco-coronavirus-information/coronavirus-registry
https://www.asco.org/sites/new-www.asco.org/files/content-files/research-and-progress/documents/2022-ASCO-COVID-19-Registry-Data-Description.pdf 
https://www.asco.org/sites/new-www.asco.org/files/content-files/research-and-progress/documents/2022-ASCO-Registry-Code-Book.pdf ",No,"ICD-10, NCI Thesaurus",N/A - no OMICs data collected,N/A - no participant level imaging data collected,Yes,"Yes (for follow-up data) 
No for new patient data","An interested applicant must full in a Research Project Proposal Application, which will then be checked for whether the request is consistent with ASCO’s Information Sharing Policy. A team of ASCO staff and/or volunteer Committee members will evaluate the request based on scientific merit, qualifications of the research team, concordance with ASCO's mission, priorities, and other criteria listed in the policy or determined by ASCO. ASCO notifies the applicant of the decision if the request is approved or denied If the request is approved, ASCO sends the applicant a draft Data Use Agreement and estimated fulfillment cost. ASCO provides the applicant with requested information once the Data Use Agreement is signed and payment is receive.",Directions available on the website,"https://www.asco.org/research-data/asco-data-library
https://www.asco.org/sites/new-www.asco.org/files/content-files/research-and-progress/documents/6-2-2017-ASCO-Information-Sharing-Policy.pdf ",Yes,No,Yes,Any group whose application is approved,Participant-level data are being shared,N/A,DAC,Information available on the website,"https://www.asco.org/sites/new-www.asco.org/files/content-files/research-and-progress/documents/6-2-2017-ASCO-Information-Sharing-Policy.pdf
https://www.asco.org/research-data/asco-data-library","The DAC will evaluate requests based on the following factors:
1. The proposed use of ASCO Information is consistent with ASCO’s charitable
mission
2. ASCO has capacity to produce the requested ASCO Information with reasonable
expenditure and allocation of resources
3. The Requestor and team is, in the Committee’s opinion, qualified to carry out the
proposed analysis or project
4. The requested ASCO Information is appropriate for the project and of sufficient
quality to achieve the project objectives
5. The Requestor has acceptable publication or other dissemination plans in place
6. The Requestor can accept and carry out ASCO’s terms of agreement and legal
obligations including privacy and security requirements
7. The request is consistent with any applicable Conflict of Interest policies
8. The request is otherwise consistent with ASCO Information Sharing principles
9. Fulfilment of the request is in the best interest of ASCO",Information available on the website,https://www.asco.org/sites/new-www.asco.org/files/content-files/research-and-progress/documents/6-2-2017-ASCO-Information-Sharing-Policy.pdf,No,N/A,De-identification,Does not constitute human subjects research therefore deemed exempt from IRB or ERC review,https://www.asco.org/sites/new-www.asco.org/files/content-files/covid-19/IRB-Exemption-Letter-09-10-21.pdf,No,Not specified,"- Citation of study team by analyses that use data they contributed
- Grants for researchers to analyze the platform/registry data
- Complementary data access by study teams that have provided a minimum number of cases and have approved research proposals
- Initial, practice-level payment once first case
is registered to account for upfront expenses to
get study up and running
- Initial per-case payments for each patient record
 for which baseline and 30-day updated data are
 provided and final payment for each patient record
once 12-, 18-, and 24-month data are entered",Individual studies that upload data,Not specified,ASCO’s Center for Research and Analytics (CENTRA) will periodically create reports to share with participating practices and the general cancer community. A data dashboard has also been created summarizing the demographic and cancer information of the enrolled patients,https://www.asco.org/asco-coronavirus-information/coronavirus-registry/covid-19-registry-data-dashboard,
,,"Initially we included it, but this is not linked to any registry or platform so later we excluded it.",Old,Yes,No,No,N/A - doesn't meet inclusion criteria,B1MG and 1+MG,1 Million Genomes & Beyond 1 Million Genomes Projects,Platform,https://b1mg-project.eu/about/,No,"Platform intends to create the infrastructure, the legal guidance and the best practices to facilaite sharing human health data in Europe.",General,General,Any,General,All ages,Worldwide,Not specified,European Union's Horizon 2020 Research and Innovation programme under grant agreement No. 951724,Government,"ELIXIR Hub, Wellcome Genome Campus, Hinxton, Cambridge",GBR (UK),b1mg-coordination@elixir-europe.org,Serena Scollen,serena.scollen@elixir-europe.org,Not specified,N/A,Not specified (1+MG not yet launched),,"CINECA, EJP RD, ELIXIR Converge",ELIXIR,,,DOI: 10.1038/s41576-019-0156-9,No,Yes,Genomics,Yes,N/A - no clin-epi data,No,N/A - no pathogen OMICs data,No,N/A - no imaging data ,N/A - no imaging data ,N/A - no imaging data ,N/A - no imaging data ,N/A - no imaging data ,Both,Observational data only,Not specified,Both,Human OMICs (unlinked),No,https://b1mg-project.eu/about/participants,https://b1mg-project.eu/about/participants,28 European partners from 25 countries,Not specified,Not specified,N/A - no pathogen OMICs data,Not specified,https://b1mg-project.eu/about/participants,Yes,Yes,"Yes (in the sense of ""to enable access""",Unsure (aims to ensure highest standard for data storage among other things),"The '1+ Million Genomes' (1+MG) initiative aims to enable secure access to genomics and the corresponding clinical data across Europe for better research, personalised healthcare and health policy making.

The connection to the European Health Data Space will provide an additional boost to the information potential benefitting researchers, healthcare professionals and all citizens, eventually.
With regards to PRESERVE: The European Union’s genomic collaboration and research have to be citizen-focused and patient-friendly. It should make sure that the highest standards are applied for the usage, access and storage of genomic data. 1+MG is one of world’s biggest projects of this kind and contributes chiefly to setting global standards in this domain. ",https://digital-strategy.ec.europa.eu/en/policies/1-million-genomes,No,No - not eligible for FAIRsharing,No DOI assigned,N/A,None of the criteria are met,N/A,Prespecified standard (e.g. DICOM),Prespecified standard (e.g. DICOM),Not specified,Not specified,N/A - no clin-epi data,N/A - no clin-epi data,N/A - no clin-epi data,N/A - no clin-epi data,FASTA,N/A - no participant level imaging data collected,No,Yes,Site under development. Instructions will be posted later,Directions not available on the website,N/A,Not specified,Not specified,No,No data yet available,Participant-level data will be shared at a later time,N/A,Participant-level data are not being shared but may be at a later time,Information not available on website,N/A,Data are not yet available,Under development,N/A,Not specified,N/A,Not specified,Not specified,N/A,Not specified,Not specified,Not specified,Not specified,"If your work relates to healthcare then you can join the B1MG Stakeholder Portal. This is a community that includes patient organisations, clinicians, academics, industry and funders, as well as the project participants. It gives you a chance to share ideas and influence the direction of the project",Not specified,N/A,
,,,Old,Yes,Yes,Yes,No,BADBIR,British Association of Dermatologists Biologic and Immunomodulators Register,Registry,http://www.badbir.org/,No,To understand how biologic and non-biologic therapy for psoriasis might impact patients with psoriasis and COVID-19,Psoriasis,Skin conditions,Skin,General,All ages,"GBR, IRL",Not specified,"Abbott, Janssen, MSD and Pfizer",Industry,BADBIR office in the University of Manchester,GBR (UK),badbir@manchester.ac.uk,Prof Chris Griffiths,Not specified,"Dr Kathleen McElhone, Mr Ian Evans",Not specified,Continuation of the registry - no specific launch date (announcement on the website on 26.01.21),Yes,"NHS Digital, Northern Ireland Cancer Registry (NICR), Health and Social Care Business Services Organisation (BSO), National Cancer Registry Ireland (NCRI), National Health Service Central Register (NHSCR), National Services Scotland (NSS), NHS Wales Informatics Service",Not specified,N/A,N/A,Not specified (in relation to COVID-19),Yes,No,N/A - no human OMICs data,N/A - no human OMICs data,N/A - no human OMICs data,No,N/A - no pathogen OMICs data,No,N/A - no imaging data,N/A - no imaging data,N/A - no imaging data,N/A - no imaging data,N/A - no imaging data,Longitudinal,Both clinical trial and observational data,Both,Both,Clin-epi,No,"(Telford )The Shrewsbury and Telford Hospitals NHS Trust
(West Wales) Hywel Dda Local Health Board
Aneurin Bevan Health Board
Ashford and St Peters NHS trust
Barnsley Hospitals NHS Trust
Barts Health NHS Trust (Barts)
Barts Health NHS Trust (Whipps Cross)
Bedfordshire Hospitals NHS Foundation Trust (Bedford)
Bedfordshire Hospitals NHS Foundation Trust (Luton & Dunstable)
Belfast Health & Social Care Trust
Betsi Cadwaladr University Health Board (Glan Clwyd)
Betsi Cadwaladr University Health Board (Wrexham Maelor)
Betsi Cadwaladr University Health Board (Ysbyty Gwynedd)
BHR University Hospitals NHS Trust
Birmingham Women’s & Children’s NHS Foundation Trust
Blackpool, Fylde and Wyre Hospitals NHS Foundation Trust
Bradford Teaching Hospitals NHS Foundation Trust
Bridgewater Community Healthcare NHS Foundation Trust
Buckinghamshire Healthcare NHS Trust
Calderdale & Huddersfield NHS Trust
Cambridge University Hospitals NHS Foundation Trust
Cardiff & Vale University Health Board
Chelsea and Westminster NHS Foundation
Chesterfield Royal NHS Foundation Trust
Childrens Health Ireland (Crumlin)
Children's University Hospital Temple Street
Countess Of Chester Hospital NHS Foundation Trust
County Durham and Darlington NHS Foundation Trust
Croydon Health Services NHS Trust
Cwm Taf University Health Board (Bridgend)
Doncaster and Bassetlaw Hospitals NHS Foundation Trust
Dorset County Hospital NHS Foundation Trust
East and North Hertfordshire NHS Trust
East Kent Hospitals NHS University Foundation Trust
East Lancashire Hospitals NHS Trust
East Suffolk and North Essex NHS Foundation Trust (Ipswich)
East Sussex Hospitals NHS Trust
Epsom and St Helier University Hospitals NHS Trust
Frimley Health NHS Foundation Trust
Gloucestershire Hospitals NHS Foundation Trust
Great Western Hospitals NHS Foundation Trust
Guys & St Thomas NHS Foundation Trust
Hampshire Hospitals NHS Foundation Trust (Basingstoke)
Hampshire Hospitals NHS Foundation Trust (Winchester)
Harrogate and District NHS Foundation Trust
Homerton University Hospital NHS Trust
Hull University Teaching Hospitals NHS Trust
Imperial College Healthcare NHS Trust
James Paget University Hospitals NHS Foundation Trust
Kettering General Hospital NHS Trust
Kings College Hospital NHS Foundation Trust
Kings College Hospital NHS Foundation Trust (Beckenham Beacon)
Kingston Hospital NHS Foundation Trust
Lancashire Teaching Hospitals Foundation NHS Trust
Leeds Teaching Hospitals NHS Trust
Lewisham & Greenwich NHS Trust
Lewisham & Greenwich NHS Trust (Queen Elizabeth Woolwich)
Liverpool University Hospitals NHS Foundation Trust (Aintree)
Liverpool University Hospitals NHS Foundation Trust (Broadgreen Hospital Liverpool)
London North West University Healthcare NHS Trust (Central Middlesex)
London North West University Healthcare NHS Trust (Ealing)
London North West University Healthcare NHS Trust (Northwick Park)
Manchester University NHS Foundation Trust ( Trafford)
Manchester University NHS Foundation Trust (Wythenshawe Hospital)
Mater Misericordiae University Hospital
Mid and South Essex NHS Foundation Trust
Mid and South Essex NHS Foundation Trust (Basildon)
Mid Yorkshire Hospitals NHS Trust
Milton Keynes Hospital NHS Foundation Trust
Newcastle upon Tyne Hospitals NHS Foundation Trust
NHS Ayrshire & Arran
NHS Borders
NHS Dumfries and Galloway
NHS Fife (Dunfermline Queen Margaret)
NHS Fife (Victoria Hospital Kirkcaldy)
NHS Forth Valley
NHS Grampian
NHS Greater Glasgow and Clyde
NHS Highland
NHS Lanarkshire
NHS Lothian
NHS Tayside
Norfolk and Norwich University Hospitals NHS Foundation Trust
North and North East Lincolnshire Dermatology (Virgin Care)
North Cumbria Integrated Care NHS Foundation Trust
North Tees & Hartlepool NHS Foundation Trust
North West Anglia NHS Foundation Trust
Northampton General Hospital NHS Trust
Northern Care Alliance NHS Foundation Trust (Pennine Acute Hospitals)
Northern Care Alliance NHS Foundation Trust (Salford)
Northern Devon Healthcare NHS Trust
Northern Health and Social Care Trust
Northern Lincolnshire & Goole Hospitals NHS Foundation Trust
Nottingham University Hospitals NHS Trust
Our Lady of Lourdes Hospital (Drogheda)
Oxford University Hospitals NHS Trust
Plymouth Hospitals NHS Trust
Portsmouth Hospitals University NHS Trust
Queen Elizabeth Hospital Kings Lynn NHS Trust
Royal Berkshire NHS Foundation Trust
Royal Cornwall Hospitals Trust
Royal Devon And Exeter NHS Foundation Trust
Royal Free London NHS Foundation Trust
Royal Free London NHS Foundation Trust (Barnet & Chase Farm)
Royal Hospital for Children
Royal United Hospital Bath NHS Trust
Salisbury NHS Foundation Trust
Sandwell And West Birmingham Hospitals NHS Trust
Sheffield Children's Hospital
Sheffield Teaching Hospitals NHS Foundation Trust
Sherwood Forest Hospitals NHS Trust
Shropshire Skin Clinic
Sligo General Hospital
Somerset NHS Foundation Trust (Taunton)
South Eastern Health and Social Care Trust
South Infirmary Victoria University Hospital
South Tees Hospitals NHS Trust
South Warwickshire General Hospitals NHS Trust
Southampton University Hospitals NHS Trust
Southern Health and Social Care Trust
Southport and Ormskirk Hospital NHS Trust
St Georges London NHS Trust
St Helens & Knowsley NHS Trust
St James's Hospital Dublin
St Vincents Hospital (Dublin)
Surrey And Sussex Healthcare NHS Trust
Sussex Community Dermatology Service
Swansea Bay Local University Health Board (Neath Port Talbot)
Swansea Bay Local University Health Board (Swansea)
Tameside and Glossop Integrated Care NHS Foundation Trust
The Adelaide and Meath Hospital (Tallaght Hospital)
The Dudley Group of Hospitals NHS Foundation Trust
The Mid Cheshire Hospitals NHS Trust
The Princess Alexandra Hospital NHS Trust
The Rotherham NHS Foundation Trust
The Royal Wolverhampton Hospitals NHS Trust
The Royal Wolverhampton NHS Trust (Cannock Chase formerly Mid Staffs)
The Shrewsbury and Telford Hospital NHS Trust
Torbay and South Devon NHS Foundation Trust
United Lincolnshire Hospitals NHS Trust
University College Hospital NHS Foundation Trust
University Hospital Galway
University Hospital Limerick
University Hospital Waterford
University Hospitals Birmingham NHS Foundation Trust
University Hospitals Birmingham NHS Foundation Trust (Heart of England)
University Hospitals Bristol & Weston NHS Foundation Trust (Bristol Royal Infirmary)
University Hospitals Coventry And Warwickshire NHS Trust
University Hospitals Dorset (Bournemouth)
University Hospitals Dorset (Poole)
University Hospitals Leicester NHS Trust
University Hospitals of Derby and Burton NHS Foundation Trust (Burton)
University Hospitals of Derby and Burton NHS Foundation Trust (Derby)
University Hospitals of Morecambe Bay NHS Foundation Trust
University Hospitals of North Midlands NHS Trust
University Hospitals Sussex NHS Foundation Trust (Brighton)
University Hospitals Sussex NHS Foundation Trust (Western Sussex)
West Hertfordshire Hospitals NHS Trust
West Middlesex University NHS Trust
West Suffolk NHS Foundation Trust
Whittington Health
Wirral University Teaching Hospital NHS Foundation Trust
Worcestershire Acute Hospitals NHS Trust
Wrightington, Wigan and Leigh NHS Foundation Trust
Wye Valley NHS Trust
Yeovil District Hospital NHS Foundation Trust
York Teaching Hospital NHS Foundation Trust
York Teaching Hospital NHS Foundation Trust (Scarborough)",http://www.badbir.org/Clinicians/Information/StudyInformation/,168  (25.08.22),Not specified ,Not specified ,N/A - no pathogen OMICS data,Not specified,N/A,Yes,No,No specifics about data sharing.,"No: ""BADBIR has ethical approval to continuing following participants to 31st July 2028.""","Here I didn't find information on if the database contains specific COVID-19 data. The description of the database was very brief: ""BADBIR stands for the British Association of Dermatologists Biologic and Immunomodulators Register. We are a UK and Eire observational study seeking to assess the long-term safety of biologic treatments for psoriasis.""",http://www.badbir.org/Clinicians/Information/StudyInformation/,No,Yes - ON FAIRsharing,https://fairsharing.org/FAIRsharing.122388,No,Meets 3 of 4 criteria,N/A,Prospective (e.g. same CRF),Provided CRF,Health care professionals,Hospital - Centre - Institution registration required for data entry,Paper-based forms that must be uploaded,http://www.badbir.org/RandD/SiteFileDocuments/,No,MedRA,N/A - no OMICs data collected,N/A - no participant level imaging data collected,Yes,Yes,"An email must be sent to Shehnaz Ahmed at shehnaz@bad.org.uk to express an interest in using the registry's data. In the email, the reason for the data request must be stated, and then BAD will advise on the next steps to take",Directions available on the website to a limited extent,http://www.badbir.org/Publications/,Not specified,Not specified,No,Any group whose application is approved,Participant-level data are being shared,N/A,Not specified,Information available on the website to a limited extent,http://www.badbir.org/Publications/,Not specified,Information not available on website,Not provided,No,N/A,Not specified,IRB or ERC approval obtained,http://www.badbir.org/Clinicians/Information/StudyInformation/,Yes,Not specified,Potential to be included as co-authors on registry/platform data-based publications,Not specified,Not specified,Not specified,N/A,
PS,Updated using both survey and website,,New,No,No,Yes,Yes,BEAT19,"Behavior, Environment and Treatments for COVID-19 Registry",Registry,https://beat19.org/,Yes,The purpose of this study is to understand at the population level the symptomatic course of known or suspected COVID-19 patients while sheltering-in-place or under quarantine.,General,General,Any,Non-hospitalized patients ,≥18 years,"USA, BRA",Yes,"xCures, Inc., Schmidt Futures, Protocol.ai","Professional organization, industry, foundation funded","xCures, Inc.",USA,info@beat19.org,Mark Shapiro,mshapiro@xcures.com,"Asher Wasserman
Jeff Schrager
Bryan Federowicz 
Glenn Kramer
Christopher Porter","awasserman@xcures.com
jschrager@xcures.com
bfederowicz@xcures.com
gkramer@xcures.com
cporter@xcures.com","March 21, 2020",,Not specified,Not specified,,,Not specified,Yes,No,N/A - no human OMICs data,N/A - no human OMICs data,N/A - no human OMICs data,No,N/A - no pathogen OMICs data,No,N/A - no imaging data,N/A - no imaging data,N/A - no imaging data,N/A - no imaging data,N/A - no imaging data,Longitudinal,Observational data only,Not hospitalized only,Both,Clin-epi,No,Not specified,Not specified,Not specified,1 publicly available dataset,Not specified,Not specified,Not specified,https://github.com/beat19-org/beat19-public-data,Yes,,- ,-,"This website only contains information on vaccination for cancer patients, no specific link to COVID-19. 
Maybe this is the website of the registry? https://clinicaltrials.gov/ct2/show/NCT04321811 (however, this website only contains information about the study)",,No,Yes - NOT on FAIRsharing,No DOI assigned,N/A - doesn't have a DOI,Meets 2 of 4 criteria,N/A,Prospective (e.g. same CRF),Repository CRF data entry screen (e.g. REDCap),Patients,Individual registration required for data entry,REDCap,https://github.com/beat19-org/beat19-public-data,No,No clin-epi standard used,N/A - no OMICs data collected,N/A - no participant level imaging data collected,No,No - resource is closed to new data,"De-identified data are publicly available for download at:
https://github.com/beat19-org/beat19-public-data
Limited datasets which include more detailed
information on participants may be downloaded upon
request by signing an MOU agreeing not to attempt
to re-identify participants","Directions available on the website for the public dataset

Directions not available on the website (provided through additional contact) for the more detailed datset",Public dataset: https://github.com/beat19-org/beat19-public-data,Yes (for the more detailed dataset,Open Database License (ODbL) v1.0,Yes,"Public dataset: Anyone can access 
More detailed dataset: Any group whose application is approved",Participant-level data are being shared,N/A,Platform or registry management team,Information not available on website (provided through additional contact),N/A,"Users must agree to the following:
If I am granted access to the BEAT19 database I agree to the following terms and conditions:
1. I will not attempt to identify any
individual referenced in the BEAT19 data.
2. I will exercise all reasonable and prudent care to avoid disclosure of the identity of any individual referenced in the BEAT19 data in any publication or other public communication.
3. I will not share access to the BEAT19 dataset with anyone else.
4. I will exercise all reasonable and prudent care to maintain the physical and electronic security of the BEAT19 data.
5. If I find information within the BEAT19 data that I believe might permit identification of any individual I will report the information promptly by email to research@beat19.org, citing the
location and nature of the specific information in question.
6. I have requested access to BEAT19 data for the sole purpose of lawful use in scientific research, and I will use my privilege of access, if it is granted, for this purpose and no other.
7. I will indicate the general purpose for
which I intend to use the database in my request for access.
8. I will endeavor to openly disseminate my results and contribute the code used to produce those results to a repository that is open to the research community.
9. I will make reasonable efforts to cite the BEAT19 dataset and follow ICMJE standards for acceptable secondary publications arising from my analysis of the BEAT19 data.
10. I agree that the contents of the database that is being released to me are being provided under the Open Database License (ODbL) v1.0 and I agree to the terms of the ODbL v1.0.
11. This agreement may be terminated by either party at any time, but my obligations with respect to BEAT19 shall continue after termination. ",Information not available on website (provided through additional contact),Not provided,Yes - Patient registry that seeks consent from patients and does not accept data from studies,Patient-level data gathered with informed consent,De-identification,IRB or ERC approval obtained,https://clinicaltrials.gov/ct2/show/NCT04321811,No,"Registry participants were notified of suitable research opportunities in their area, including vaccine and treatment studies.",N/A - patient registry,Registry or platform,"As a patient-centric registry, patients themselves may propose, suggest, and/or submit evidence or ideas for relevant collection
",Not specified,N/A,
PS,Updated using both survey and website,,New,No,No,Yes,Yes,BORN Ontario,The Better Outcomes Registry & Network,Registry,https://www.bornontario.ca/en/index.aspx,No,"For enhanced monitoring of pregnant individuals during the pandemic to determine whether COVID-19 poses any threat to maternal, fetal or infant heath. Have also brought in vaccination data for all biological females aged 15-45 We link all these data sources with the outcomes maternal and newborn outcomes in the BORN Information System. We conduct surveillance and research with this information and share it also with the Canadian COVID network (CAN-COVID Preg)",Pregnancy,Pregnancy,Any,Pregnant women and all biological females aged 15-45,WRA,CAN,Yes,"Ministry of Health in Ontario, Canadian Immunization Task Force ",Government,Children's Hospital of Eastern Ontario (CHEO),CAN,"covid@bornontario.ca
info@bornontario.ca","Shelley Dougan - Acting Executive Director
Ian Joiner - Manager Health Outcomes
Merryn Douglas - Manager Health Networks",Not specified,Not specified,N/A,"March 1, 2020",,Not specified,"CAN-COVID Preg, Canadian COVID-19 Registry, UK-led International Registry, Swiss-led International Registry",,,Not specified,Yes,No,N/A - no human OMICs data,N/A - no human OMICs data,N/A - no human OMICs data,No,N/A - no pathogen OMICs data,No,N/A - no imaging data,N/A - no imaging data,N/A - no imaging data,N/A - no imaging data,N/A - no imaging data,Longitudinal,Observational data only,Both,Both,Clin-epi,No,Not specified,Not specified,Not specified,"2,179 (11.4.22)","2,179 (11.4.22)",N/A - no pathogen OMICS data,https://www.bornontario.ca/en/whats-happening/covid-19-numbers-to-know.aspx,https://www.bornontario.ca/en/whats-happening/covid-19-numbers-to-know.aspx,Yes,Yes,Yes,yes,"BORN collects, interprets, shares and rigorously protects high-quality data essential to making Ontario one of the safest places in the world to have a baby.

BORN also facilitates research on maternal and child health issues as authorized by law. BORN works with researchers who have made requests for BORN data to ensure:
- The minimum amount of identifiable information is included
- The appropriate agreements with researchers regarding confidentiality and security are in place
- The work is subject to the requirements of the Personal Health Information Protection Act, 2004 (PHIPA), including review and approval by a Research Ethics Board

","https://www.bornontario.ca/en/about-born/about-born.aspx#Purposes


https://www.bornontario.ca/en/data/data-privacy-and-security.aspx?_mid_=3622",No,,No DOI assigned,N/A - doesn't have a DOI,None of the criteria are met (specifically for COVID-19 data),N/A,Prospective (e.g. same CRF),Provided CRF,Health care professionals,Hospital - Centre - Institution registration required for data entry,Fillable PDF data collection tool that must be uploaded either through the BORN Information System (BIS) Account or BORN secure FTP server,https://www.bornontario.ca/en/whats-happening/resources/Documents/BORN-Ontario-COVID-19-Case-Report-Form---V6.2.pdf,No,No clin-epi standard used,N/A - no OMICs data collected,N/A - no participant level imaging data collected,No,Yes,"Data access procedures for COVID-19 data under development
General data access procedures exist which involves: 
- submission of a research and analysis plan
- a research ethics board approval
- an iterative process of risk assessment of re-identification
- execution of confidentiality agreements
- a data sharing/research agreement between BORN Ontario and the institution
For sharing participant-level data the intended research must be approved by BORN's Research Review Committee, have Research Ethics Board Approval, the dataset and has to be de-identified to a level specified (dependent on a user-specific assessment of security and privacy policies)
The registry also offers to conduct analyses in-house particularly for groups outside Canada
","Directions not available on the website for COVID-19 data (provided through additional contact)
Other data: https://www.bornontario.ca/en/data/requesting-data.aspx",N/A,Not specified (for the COVID-19 data),None,No,Any group whose application is approved; COVID-19 participant level data will be shared at a later time ,COVID-19 participant-level data will be shared at a later time,Data contributors can see current aggregated reports. Participant level data is being used in-house for surveillance and research. It may eventually be requested by data contributors but to-date our focus has been on sharing the aggregated data nationally versus providing small numbers back to individual sites,DAC (for data other than COVID-19) - governance for COVID-19 data is currently under development,Information not available on website (provided through additional contact) for COVID-19 data,"Directions not available on the website for COVID-19 data (provided through additional contact)
Other data: https://www.bornontario.ca/en/data/requesting-data.aspx ",Not specified,Information not available on website,Not provided,No,N/A,De-identification,IRB or ERC approval obtained,https://www.bornontario.ca/en/whats-happening/resources/Documents/BORN-Ontario-COVID-19-Case-Report-Form---V6.2.pdf,No,None,"The BORN Information System has a reporting portal so that contributors can extract data they need for participants and/or their community making site-specific decisions or quality improvement activities or contributing to regional
activities. This portal contains clinical, data
quality, administrative and dashboard reports.",Registry or platform,"BORN has invested in forming an external committee to advise BORN on how it could play a role in enabling the safe collection, storage, and use of sociodemographic data, including race, to improve outcomes and facilitate care for marginalized communities across Ontario. Members are from equity-seeking groups with lived experience. Equity-seeking groups are communities that face significant collective challenges participating in society. ","Aggregate data on COVID-19 in Ontario in pregnant women/infants is available
Report series on COVId-19 vaccination ",https://www.bornontario.ca/en/whats-happening/born-data-collection-on-covid-19.aspx,
PS,Updated using website,,New,No,No,Yes,No,C-VIPER,COVID-19 Vaccines International Pregnancy Exposure Registry,Registry,https://c-viper.pregistry.com/,Yes,"Evaluate obstetric, neonatal, and infant outcomes among women vaccinated during pregnancy to prevent COVID-19.",Women vaccinated for COVID-19 during pregnancy ,Women vaccinated for COVID-19 during pregnancy ,Any ,Women vaccinated for COVID-19 during pregnancy ,≥18 years,Worldwide,Not specified,"Pregistry, LLC.",Professional organization,"Pregistry, LLC.",USA,CVIPER@pregistry.com,Diego Wyszynski,diegow@pregistry.com,Not specified,N/A,"June 1, 2021",,Not specified,"Pregistry LLC, International Registry of Coronavirus Exposure in Pregnancy (IRCEP)",,,Not specified,Yes,No,N/A - no human OMICs data,N/A - no human OMICs data,N/A - no human OMICs data,No,N/A - no pathogen OMICs data,No,N/A - no imaging data,N/A - no imaging data,N/A - no imaging data,N/A - no imaging data,N/A - no imaging data,Longitudinal,Observational data only,Both,Both,Clin-epi,No,Not specified,Not specified,Not specified,Not specified,Not specified,N/A - no pathogen OMICS data,Not specified,Not specified,No,No,Yes (but only deidentified data and after C-Viper study ends),Yes,"After the C-VIPER ends, we will continue to keep the information you provided in a secure database, and your identity will remain protected. De-identified data—data without participants’ identities or any information that could reveal their identities—from the C-VIPER will continue to be available for researchers to study for many years after the project ends. The C-VIPER de-identified data may be requested by doctors, scientists, and other interested parties who want to do their own research on pregnancy and/or who want figure out how many the C-VIPER participants may be eligible for other research studies.",https://c-viper.pregistry.com/Home/AboutRegistry,No,Yes - NOT on FAIRsharing,No DOI assigned,N/A - doesn't have a DOI,None of the criteria are met,N/A,Prospective (e.g. same CRF),Repository CRF data entry screen (e.g. REDCap),Patients,Individual registration required for data entry,Registry's own platform,Registration required for access ,No,No clin-epi standard used,N/A - no OMICs data collected,No imaging standard used,No,Yes,Not specified ,Directions not available on the website,N/A,Not specified,Not specified,No,Any group whose application is approved,Not specified,N/A,Not specified,Information not available on website,N/A,Not specified,Information not available on website,N/A,Yes - Patient registry that seeks consent from patients and does not accept data from studies,Patients have to register and then agree to an electronic consent form before being able to answer the survey questions,De-identification,IRB or ERC approval obtained,N/A (must register to access),N/A - patient registry,None,N/A - patient registry,N/A - patient registry,Not specified,Not specified,N/A,
,,The Canadian Covid-19 Genomics Network seems to not exist anymore.,Old,Yes,Yes,Yes,No,CanCOGeN - HostSeq Portal,Canadian COVID-19 Genomics Network - HostSeq Portal,Platform,https://www.genomecanada.ca/en/cancogen/cancogen-hostseq,Yes,"To establish a coordinated pan-Canadian, cross-agency network for large-scale SARS-CoV-2 and human host sequencing to track viral origin, spread and evolution, characterize the role of human genetics in COVID-19 disease and to inform time-sensitive critical decision making relevant to health authorities across Canada during the pandemic. Goal is to sequence 150K viral sequences, 10-15K host patient sequences.",General,General,Any,General,All ages,CAN,Yes,Government of Canada,Government,Genome Canada,CAN,info@cgen.ca,Naveed Aziz (Chair of implementation committee),naveed.aziz@cgen.ca,Catalina Lopez-Correa,clopez@genomecanada.ca,"April, 2020",No,Not specified,Not specified,,,Not specified,Yes,Yes,Whole genome sequencing,Not specified,Not specified,No,N/A - no pathogen OMICs data,No,N/A - no imaging data,N/A - no imaging data,N/A - no imaging data,N/A - no imaging data,N/A - no imaging data,Not specified,Not specified,Not specified,COVID-19 infected or suspected only,Clin-epi - human OMICs (linkage not specified),Yes,Not specified ,Not specified ,Not specified,Not specified ,Not specified,N/A - no pathogen OMICS data,CanCOGeN timeline of actions concerning the COVID-19 outbreak.,"https://www.genomecanada.ca/en/cancogen/timeline 

https://www.cgen.ca/project-overview (?!) ",No,No,No,No,N/A - website no longer functioning ,https://www.cgen.ca/project-overview,No,No - not eligible for FAIRsharing,No DOI assigned,N/A - doesn't have a DOI,Meets 1 criterion only,N/A,Prospective and retrospective,Not specified,Not specified,Not specified,Not specified,N/A - not yet available,N/A -  clin-epi data not yet available,N/A -  clin-epi data not yet available,multi-FASTA format,N/A - no participant level imaging data collected,Yes,No - resource is not yet accepting data,Site under development. Instructions will be posted later,Directions not available on the website,N/A,Not specified,Not specified,No,Not specified,Participant-level data will be shared at a later time,N/A,DAC,Information available on the website,https://www.genomecanada.ca/en/cancogen/governance,Data are not yet available,Under development,N/A,Not specified,N/A,Not specified,Not specified,N/A,Not specified,Not specified,Analysis tools for data providers to use and capacity building opportunities for public health labs to improve response to COVID-19 and to future pandemic,Registry or platform,Not specified ,Not specified ,N/A,
,,,Old,Yes,Yes,Yes,No,CanCOGeN - VirusSeq,Canadian COVID-19 Genomics Network - VirusSeq Data Portal,Platform,https://virusseq-dataportal.ca/,Yes,"To establish a coordinated pan-Canadian, cross-agency network for large-scale SARS-CoV-2 and human host sequencing to track viral origin, spread and evolution, characterize the role of human genetics in COVID-19 disease and to inform time-sensitive critical decision making relevant to health authorities across Canada during the pandemic",General,General,Any,General,All ages,CAN,No,Government of Canada,Government,Genome Canada,CAN,info@virusseq-dataportal.ca,Terry Schnutz (Chair of implementation committee),Not specified,Catalina Lopez-Correa,clopez@genomecanada.ca,"April, 2020",No,Not specified,Not specified,,,Not specified,Yes,No,N/A - no human OMICs data,N/A - no human OMICs data,N/A - no human OMICs data,Yes,Yes,No,N/A - no imaging data,N/A - no imaging data,N/A - no imaging data,N/A - no imaging data,N/A - no imaging data,Cross-sectional,Observational data only,Both,COVID-19 infected or suspected only,Clin-epi - Pathogen OMICs (linked),Yes,Not specified ,Not specified ,Not specified,12 studies (25.08.22),Not specified,"372,347
Viral Genomes (25.08.22)",Not specified,https://virusseq-dataportal.ca/,Yes,No,"Yes: The VirusSeq Data Portal regularly releases submitted data. Each release bundle contains 2 files: a TSV file containing all submitted metadata as of that release date-time, as well as a FASTA file containing all the corresponding sequences.",Not specified,"Genome Canada, in partnership with the Government of Canada, leads the development of the Canadian VirusSeq Data Portal that manages and facilitates data sharing of SARS-CoV-2 genome sequences among Canadian public health laboratories, researchers and other groups interested in accessing the data for research and innovation purposes.

The goal of the CanCOGeN VirusSeq project was to sequence up to 150,000 viral samples from Canadians testing positive for COVID-19. The VirusSeq Data Portal is an open-source and open-access data portal for all Canadian SARS-CoV-2 sequences and associated non-personal contextual data. It harmonizes, validates and automates submission to international databases.","https://virusseq-dataportal.ca/team
https://virusseq-dataportal.ca/releases
https://virusseq-dataportal.ca",No,Yes - ON FAIRsharing,https://fairsharing.org/FAIRsharing.802704,No,Meets 3 of 4 criteria,N/A,Prespecified standard (e.g. DICOM),Prespecified standard (e.g. DICOM),Researchers and Public health authorities,Not specified,Not specified,N/A - not yet available,No,No clin-epi standard used,multi-FASTA format,N/A - no participant level imaging data collected,Yes,Yes,"The VirusSeq Data Portal regularly releases submitted data. Each release bundle contains 2 files: a TSV file containing all submitted metadata as of that release date-time, as well as a FASTA file containing all the corresponding sequences.",Directions available on the website,https://virusseq-dataportal.ca/releases,No,No,No,Open access,Participant-level data are being shared,N/A,Open access,Information available on the website,https://www.genomecanada.ca/en/cancogen/governance,Data are open access,Data are open access,N/A,Not specified,N/A,Pseudonymization,Not specified,N/A,Not specified,Not specified,Analysis tools for data providers to use and capacity building opportunities for public health labs to improve response to COVID-19 and to future pandemic,Registry or platform,Not specified ,Not specified ,N/A,
PS,Updated using both survey and website,,New,No,No,Yes,Yes,CANCOVID-Preg,Canadian COVID-19 in Pregnancy Surveillance: Epidemiology and Maternal and Infant Outcomes,Registry,https://ridprogram.med.ubc.ca/cancovid-preg/,Yes,This national surveillance project serves to better our understanding of the epidemiology and outcomes associated with COVID-19 in pregnancy and to thereby provide critical data to inform recommendations for pregnant women and their infants.,Currently pregnant or recently delivered,Currently pregnant or recently delivered,Any,Currently pregnant women or recently delivered w. their infants,WRA (women of reproductive age),CAN,Yes,"BC Women's Hospital Foundation, Canadian Institutes for Health Research, Public Health Agency of Canada","Government, private foundation",RID Program at University of British Columbia,CAN,rid.program@ubc.ca,Deborah Money (Coordinating centre lead),deborah.money@ubc.ca,Tiffany Reeve (Research Manager),tiffany.reeve@cw.bc.ca ,"April, 2020",,Women's Health Research Institute at BC Women's,Not specified,,,"DOIs: 10.1001/jama.2022.5906;
        
        
        
         10.1016/j.jogc.2020.10.005;
        
        
        
         10.1016/j.ajog.2020.08.137
        
        
        
        ",Yes,No,N/A - no human OMICs data,N/A - no human OMICs data,N/A - no human OMICs data,No,N/A - no pathogen OMICs data,No,N/A - no imaging data,N/A - no imaging data,N/A - no imaging data,N/A - no imaging data,N/A - no imaging data,Longitudinal,Observational data only,Both,COVID-19 infected or suspected only,Clin-epi,No,Not specified ,Not specified ,Not specified ,"9,879 (01.22)","9,879 (01.22)",N/A - no pathogen OMICS data,Not specified,https://ridprogram.med.ubc.ca/cancovid-preg/,Yes,No,No,Yes,"As a sub-protocol of the Canadian Surveillance of COVID-19 in Pregnancy: Epidemiology, Maternal and Infant Outcomes, the Rapid Response Maternal-Infant Clinical and Biospecimen Access Platform, or Biorepository Study was developed to better understand the burden of COVID-19 on pregnancy. To do this, we have established a Biorepository of data and samples for future studies related to COVID-19 in pregnant populations.",https://ridprogram.med.ubc.ca/cancovid-preg/,No,,No DOI assigned,N/A - doesn't have a DOI,Meets 1 criterion only,N/A,Prospective (e.g. same CRF),Repository CRF data entry screen (e.g. REDCap) and provided CRF if needed,Affiliated institution,Hospital - Centre - Institution registration required for data entry,REDCap,"https://med-fom-ridprogram.sites.olt.ubc.ca/files/2021/01/Canadian-Surveillance-of-COVID-19-in-Pregnancy_REDCap-Codebook_24Dec2020.pdf
https://med-fom-ridprogram.sites.olt.ubc.ca/files/2021/05/DCFs-COVID-19-Pregnancy_V7-26Apr2021_FINAL.pdf
https://med-fom-ridprogram.sites.olt.ubc.ca/files/2021/05/DCFs-COVID-19-Pregnancy_V7-26Apr2021_FINAL.pdf",Yes (ISARIC/WHO/IDDO eCRF),SDTM,N/A - no OMICs data collected,N/A - no participant level imaging data collected,Yes,Yes,Participant-level data will not be shared,Participant-level data will not be shared,N/A,Participant-level data will not be shared,Participant-level data will not be shared,Participant-level data will not be shared,Participant-level data will not be shared,Participant-level data will not be shared,N/A,Participant-level data will not be shared,Participant-level data will not be shared,N/A,Participant-level data will not be shared,Participant-level data will not be shared,N/A,No,N/A,Participant-level data will not be shared,IRB or ERC approval obtained,Not provided,No,Not specified,"- Citation of study team by analyses that use data they contributed
- Provision of funding
- Short term capacity building investment (e.g.short course)",Registry or platform and individual studies that upload data,Not specified ,Summary reports ,https://ridprogram.med.ubc.ca/cancovid-preg/,
PS,Updated using both survey and website,,New,No,No,Yes,Yes,CANVAS-COVID Study,Canadian National Vaccine Safety-COVID Study,Registry,https://canvas-covid.ca/,No,The Canadian National Vaccine Safety (CANVAS) Network is a national platform that monitors vaccine safety after vaccines are approved for use,General,General,Any,General,≥ 5 years,CAN,Not specified,"Public Health Agency of Canada, Canadian Institutes of Health Research, COVID-19 Immunity Task Force",Government,"Vaccine Evaluation Center, Department of Pediatrics at the University of British Columbia",CAN,"vecstudies@canvas-covid.ca
yukon@canvas-covid.ca ",Julie Bettinger,jbettinger@bcchr.ubc.ca,Kimberly Marty (data manager) ,Not specified,Not specified,,https://canvas-covid.ca/,Not specified,,,Not specified,Yes,No,N/A - no human OMICs data,N/A - no human OMICs data,N/A - no human OMICs data,No,N/A - no pathogen OMICs data,No,N/A - no imaging data,N/A - no imaging data,N/A - no imaging data,N/A - no imaging data,N/A - no imaging data,Both,Observational data only,Both,Both,Clin-epi,No,Not specified,Not specified,Not specified,"Adult data: 683,575 dose 1 surveys completed; 371,262 dose 2 surveys completed
Pediatric data: 246,977 dose 1 surveys completed; 123,633 dose 2 surveys ","Adult data: 683,575 dose 1 surveys completed; 371,262 dose 2 surveys completed
Pediatric data: 246,977 dose 1 surveys completed; 123,633 dose 2 surveys ",N/A - no pathogen OMICS data,Several including vaccine-related side effect frequency,https://canvas-covid.ca/,Yes,No,No,Unsure,I didn't find any information on  the topic of preserving the data after the study is completed. ,,No,,No DOI assigned,N/A - doesn't have a DOI,None of the criteria are met,N/A,Prospective (e.g. same CRF),Repository CRF data entry screen (e.g. REDCap),Patients,Individual registration required for data entry,REDCap,Not available - only upon registering,No,No clin-epi standard used,N/A - no OMICs data collected,N/A - no participant level imaging data collected,No,Yes (for those under 20 years of age),Participant-level data will not be shared,Participant-level data will not be shared,N/A,Not specified,No,No,Participant-level data will not be shared - but group will run requested analyses,Participant-level data will not be shared,Not specified ,Participant-level data will not be shared,Information not available on website,N/A,Participant-level data will not be shared,Participant-level data will not be shared,N/A,Not specified,Have to agree to terms and conditions prior to signing up and registering to recieve the surveys,De-identification,IRB or ERC approval obtained,Not provided,No,Not specified,Not specified,No,Not specified,Page on website showing aggregate results of the adult and pediatric data ,"https://canvas-covid.ca/results/adult-results/ 
https://canvas-covid.ca/results/pediatric-results/",
,,,Old,Yes,Yes,Yes,Yes,CAPACITY,Cardiac complicAtions in Patients with SARS Corona vIrus 2 regisTrY ,Registry,https://capacity-covid.eu/,Yes,"To collect data regarding the cardiovascular history, diagnostic information and occurrence of cardiovascular complications in COVID-19 patients",CVD,Cardiovascular diseases,Cardiovascular system,General,≥18 years,Worldwide,Yes,Not specified,Not specified,UMC Utrecht,NLD,info@capacity-covid.eu,Prof. Dr. F. W. Asselbergs,fasselbe@umcutrecht.nl,Not specified,N/A,"March 23, 2020",Yes,"Dutch CardioVascular Alliance (DCVA), Dutch Association for Cardiology (NVVC), Dutch Network for Cardiovascular Research (WCN), Durrer Center / Netherlands Heart Institute, Netherlands Heart Registration (NHR), Dutch Heart Foundation, Harteraad, British Heart Foundation (BHF), National Institute for Health Research (NIHR), NIHR Biomedical Research Centre (BRC), University College London Hospitals NHS Foundation Trust (UCLH), University College London (UCL)",Not specified,N/A,N/A,"DOIs: 
10.1093/eurheartj/ehaa280
10.1177/2048872620974605",Yes,No,N/A - no human OMICs data,N/A - no human OMICs data,N/A - no human OMICs data,No,N/A - no pathogen OMICs data,No,N/A - no imaging data,N/A - no imaging data,N/A - no imaging data,N/A - no imaging data,N/A - no imaging data,Longitudinal,Observational data only,Hospitalized for COVID-19 only,COVID-19 infected or suspected only,Clin-epi,No,"Admiraal de Ruyter Hospital
Albert Schweitzer Hospital
Amphia Hospital
Amstelland Hospital
Amsterdam University Medical Center
Antonius Hospital
Antwerp University Hospital
AZ Maria Middelares
Barts Health NHS Trust
Beatrix Hospital
Bernhoven Hospital
Bravis Hospital
Catharina Hospital
CHU UCL Namur – Site Godinne
Deventer Hospital
Diakonessenhuis
Dijklander Hospital
Elizabeth-TweeSteden Hospital 
EMMS Hospital
Erasmus University Medical Center
Fransiscus Gasthuis
Fransiscus Vlietland
Gelre Hospitals
Gelre Hospitals
Groene Hart Hospital
Haaglanden Medical Center
Hospital do Espirito Santo
Hospital Group Twente
Hospital Prof. Doutor Fernando Fonesca
I.M. Sechenov First Moscow State Medical University
Ikazia Hospital
Incliva Research Institute, University of Valencia
Isala
Jeroen Bosch Hospital
Jessa Hospital
King Fahd Hospital of the University
LangeLand Hospital
Leeds Teaching Hospitals NHS Trust
Leeuwarden Medical Center
Leiden University Medical Center
Maasstad Hospital
Maastricht University Medical Center
Martini Hospital
Meander Medical Center
Medisch Spectrum Twente
Northumbria Healthcare NHS Foundation Trust
One Day Surgery Hospital
Rijnstate Hospital
Rode Kruis Hospital
Royal Devon and Exeter NHS Foundation Trust
Salford Royal NHS Foundation Trust
San Luigi Gonzaga University Hospital
Saxenburgh Medical Center
Slingeland Hospital
Southern Health and Social Care Trust
Spaarne Gasthuis
SSR Val Rosay
St. Antonius Hospital
St. Jansdal
Tehran Heart Center
The Newcastle upon Tyne Hospitals NHS Foundation Trust 
Treant Zorggroep
University College London Hospitals NHS Foundation Trust
University Hospital Brussels
University Hospital Complex of Granada
University Hospital of Geneva
University Hospitals Bristol NHS Foundation Trust
University Hospitals of Leicester NHS Trust
University Medical Center Utrecht 
van Weel-Bethseda Hospital
Zaans Medical Center
Zuyderland Medical Center",https://capacity-covid.eu/for-professionals/,72 (25.08.22),13815 (25.08.22),13815 (25.08.22),N/A - no pathogen OMICS data,Not specified,https://capacity-covid.eu/,Yes,No,No information about data sharing. ,Unsure,"About data preservation:  FAQ What happens to the patient data: ""Data will be stored secured and de-identified by using a unique study code in a REDCap registry.""",https://capacity-covid.eu/for-professionals/,No,Yes - ON FAIRsharing,https://doi.org/10.25504/FAIRsharing.e43c2d,No,Meets all 4 criteria,N/A,Prospective (e.g. same CRF),Repository CRF data entry screen (e.g. REDCap),Health care professionals,Hospital - Centre - Institution registration required for data entry,REDCap,http://capacity-covid.eu/wp-content/uploads/CAPACITY-REDCap-2.pdf,Yes,CDISC (Note from LM:  any group that implements WHO ISARIC eCRF uses a standard because that eCRF uses a standard),N/A - no OMICs data collected,N/A - no participant level imaging data collected,Yes,Yes,"Researchers have to fill out a form https://podium.bbmri.nl/#/; by sending this form a request will go to CAPACITY. The form will be reviewed within one week by the CAPACITY Data Access Committee. Once it is approved, a Data Transfer Agreement will be prepared, signing of which grants access to the data",Directions available on the website,http://capacity-covid.eu/wp-content/uploads/CAPACITY-Data-Access-Policy_2020-05-13_V1.4.pdf,Yes,Not specified,Yes,Any group whose application is approved,Participant-level data are being shared,N/A,DAC,Information available on the website,https://capacity-covid.eu/wp-content/uploads/CAPACITY-Data-Access-Policy_2020-05-13_V1.4.pdf,"The DAC will evaluate requests based on the following factors:
1. Clinical or public health-related importance
2. Contribution of data to platform
3. Study team has received ethics approval for proposed analysis
4. Study team offers capacity building opportunities to data contributors",Information not available on website (provided through additional contact),Information not available on site (provided through additional contact),No,N/A,Pseudonymization,"No IRB or ERC submission mentioned. The Privacy Officer of the UMC Utrecht, the Dutch Health and Youth Care Inspectorate and the Board of Directors of the UMC Utrecht have been informed about the registry's opt-out procedure that cente's can implement",http://capacity-covid.eu/wp-content/uploads/CAPACITY_Protocol_v2.0_clean.docx,No,Not specified,Acknowledgement of data providers in registry/platform data-based publications  ,Not specified,Not specified,Not specified,N/A,
LM,Updated using website - LM Checked,,New,No,No,Yes,No,CARE,COVID Active Research Experience Registry,Registry,https://www.helpstopcovid19.com/,Yes,"The CARE Project is open to U.S. based residents who think they may have been exposed to the coronavirus, regardless of whether they have been diagnosed with COVID-19, including people who have continued with everyday life and may have been exposed. The project was established to advance understanding of COVID-19 as experienced in community settings.",General,General,Any,General,≥18 years,USA,Yes,FDA,Government,IQVIA,USA,info@helpstopcovid19.com,Nancy Dreyer,Not specified,Not specified,N/A,"April 7, 2020",No,Not specified,Not specified,,,"https://www.ncbi.nlm.nih.gov/pmc/articles/PMC8323859
        
        /
https://www.researchgate.net/publication/345995629_Incorporating_Patient_Generated_Health_Data_into_Pharmacoepidemiological_Research

",Yes,No,N/A - no human OMICs data,N/A - no human OMICs data,N/A - no human OMICs data,No,N/A - no pathogen OMICs data,No,N/A- no imaging data,N/A - no imaging data,N/A - no imaging data,N/A - no imaging data,N/A - no imaging data,Longitudinal,Observational data only,Both,Both,Clin-epi,No,Not specified,Not specified,Not specified,https://www.helpstopcovid19.com/reports,https://www.helpstopcovid19.com/reports,N/A - no pathogen OMICS data,Not specified,https://www.helpstopcovid19.com/reports,Yes,No,yes,no (?),"How will you use my information? We will create non-identified information for use in studies and to 
share with researchers and other healthcare stakeholders for various 
purposes relating to COVID-19 and pandemics, including:",https://www.helpstopcovid19.com/faq,No,Yes - NOT on FAIRsharing,No DOI assigned,N/A - doesn't have a DOI,None of the criteria are met,N/A,Prospective (e.g. same CRF),Repository CRF data entry screen (e.g. REDCap),Patients,Individual registration required for data entry,Proprietary platform,https://www.helpstopcovid19.com/results,No,No clin-epi standard used,N/A - no OMICs data collected,N/A - no participant level imaging data collected,No,Yes,Not specified,Directions not available on the website,N/A,Not specified,Not specified,No,Not specified,Not specified,N/A,Not specified,Information not available on website,N/A,Not specified,Information not available on website,N/A,Yes - Patient registry that seeks consent from patients and does not accept data from studies,An electronic consent form has to be agreed to by a patient when signing up to contribute data to the registry ,De-identification,Not specified,N/A,N/A - patient registry,Not specified,N/A - patient registry,Not specified,Not specified,Real-time data dashboard,https://www.helpstopcovid19.com/reports,
,,,Old,Yes,Yes,Yes,No,CIBMTR COVID-19 Data Collection,Center for International Blood and Marrow Transplant Research (CIBMTR) COVID-19 Data Collection,Registry,https://www.cibmtr.org/Covid19/Pages/default.aspx,No,"To determine the impact of the COVID-19 pandemic on general practice, including outcomes, CIBMTR is requesting supplemental
data for each qualifying transplant registered",Autologous and allogeneic hematopoietic cell transplantation recipients,Hematologic conditions,Circulatory system,Autologous and allogeneic hematopoietic cell transplantation recipients in a CIBMTR-affiliated centre,All ages,Worldwide,Yes ,"AbbVie
Accenture
Actinium Pharmaceuticals, Inc.
Adaptive Biotechnologies Corporation
Adienne SA
Allovir, Inc.
Amgen, Inc.
Astellas Pharma US
bluebird bio, Inc.
Bristol Myers Squibb Co.
CareDx
CSL Behring
CytoSen Therapeutics, Inc.
Daiichi Sankyo Co., Ltd.
Eurofins Viracor
ExcellThera
Fate Therapeutics
Gamida-Cell, Ltd.
Genentech Inc
Gilead
GlaxoSmithKline
Incyte Corporation
Janssen / Johnson & Johnson
Jasper Therapeutics
Jazz Pharmaceuticals, Inc.
Karyopharm Therapeutics
Kiadis Pharma
Kite, a Gilead Company
Kyowa Kirin
Magenta Therapeutics
medac GmbH
Merck & Co.
Millennium, the Takeda Oncology Co
Miltenyi Biotec, Inc.
MorphoSys
Novartis Pharmaceuticals Corporation
Omeros Corporation
Oncopeptides, Inc.
Orca Biosystems, Inc.
Pfizer, Inc.
Phamacyclics, LLC
Sanofi Genzyme
Seagen, Inc.
Stemcyte
Takeda Pharmaceuticals
Tscan
Vertex 
Vor Biopharma
Xenikos BV",Industry,CIBMTR (CIBMTR is a research collaboration between the National Marrow Donor Program (NMDP)/Be The Match and Medical College of Wisconsin),USA,Not specified,Dr J. Douglas Rizzo,drizzo@mcw.edu  ,Not specified,N/A,"March 27, 2020",Yes,"The European Group for Blood and Marrow Transplant (EBMT)
United States Immunodeficiency Network (USIDNET)",Not specified,N/A,N/A,DOI: 10.1016/S2352-3026(20)30429-4,Yes,No,N/A - no human OMICs data,N/A - no human OMICs data,N/A - no human OMICs data,No,N/A - no pathogen OMICs data,No,N/A - no imaging data,N/A - no imaging data,N/A - no imaging data,N/A - no imaging data,N/A - no imaging data,Longitudinal,Observational data only,Both,COVID-19 infected or suspected only,Clin-epi,No,Not specified ,Not specified,"271 (203 US, 68 non-US) (25.08.22)","8,817 (25.08.22)","8,817 (25.08.22)",N/A - no pathogen OMICS data,Not specified,"https://www.cibmtr.org/Covid19/Pages/default.aspx 
https://www.cibmtr.org/Covid19/Pages/Covid-Reports.aspx ",Yes,No,No,Yes,"About COVID-19 data specifically: ""These data are expected to be used in future studies and reports, including the annual Center-Specific Survival Analysis (CSA) for HCT. The supplemental data will be collected prospectively, as long as the pandemic impacts how HCTs are performed. We are committed to ending the supplemental data collection at that time.""",Data sharing in general: https://www.cibmtr.org/About/WhatWeDo/Pages/index.aspx ;COVID-19 data specifically: https://www.cibmtr.org/Covid19/Pages/default.aspx,No,Yes - ON FAIRsharing,Awaiting DOI assignment (https://fairsharing.org/4063),No,Meets 2 of 4 criteria,N/A,Prospective (e.g. same CRF),Repository CRF data entry screen (e.g. REDCap),Health care professionals,Hospital - Centre - Institution registration required for data entry,FormsNet3 or AGNIS (paper forms are also accepted for error corrections or centres that cannot use the online systems) ,"https://www.cibmtr.org/Covid19/Documents/FAQ%20V2%20051120.pdf
https://www.cibmtr.org/DataManagement/DataCollectionForms/Pages/index.aspx",No,No clin-epi standard used,N/A - no OMICs data collected,N/A - no participant level imaging data collected,No,Yes,"Any investigator may propose observational research studies to the CIBMTR. Proposals are reviewed and approved by one of the CIBMTR’s
scientific committees, CIBMTR scientific leadership, to ensure that the study is scientifically sound. Each study is also reviewed by the CIBMTR Observational
Research group to ensure that the study is within the limits defined in the Research Database protocol and is covered by the participant’s informed consent document.
Studies that fall outside the limits defined in the Research Database protocol will be reviewed by the NMDP IRB. In these cases, additional consent may be required
from the participant",Directions available on the website,https://www.cibmtr.org/DataManagement/ProtocolConsent/ObservationalData/Documents/2019%2007%2016%20Database%20Protocol%20v8.1.pdf,No,Not specified,No,"Participant-level data will not be shared - but group will run requested analyses (in most cases, however, in rare instances participant--level data will be shared as well) ","Participant-level data will not be shared (in most cases, however in rare instances, participant-level data will be shared)",N/A,DAC and platform or registry management team,Information available on the website,https://www.cibmtr.org/DataManagement/ProtocolConsent/ObservationalData/Documents/2019%2007%2016%20Database%20Protocol%20v8.1.pdf,Not specified,Information not available on website,N/A,Yes,N/A,De-identification,IRB or ERC approval obtained,https://www.cibmtr.org/DataManagement/ProtocolConsent/ObservationalData/Documents/2018%2007%2012%20Study%200063%20CR%20Approval%20-%20signed.pdf ,Yes,Not specified,Not specified,Not specified,Not specified,Real-time data dashboard,https://www.cibmtr.org/Covid19/Pages/Covid-Reports.aspx,
PS,Updated using both survey and website,,New,No,No,Yes,Yes,CCEDRRN,Canadian COVID-19 Emergency Department Rapid Response Network,Registry,https://www.ccedrrn.com/,Yes,"National collaboration with Public Health partners to harmonize data collection related to COVID-19 in more than 51 Emergency Departments (EDs) across 8 provinces (BC, AB, SK, MB, ON, QC, NS, NB)",General,General,Any,General,All ages,CAN,Yes,"Canadian Institutes of Health Research (CIHR), British Columbia Academic Health Science Network, BioTalent Canada, Foundation CHU de Quebec, Genome British Columbia, Saskatchewan Health Research Foundation","Government, professional organization",University of British Columbia,CAN,admin.ccedrrn@ubc.ca,"PI: Corinne Hohl

Co-PIs:
Laurie Morrison
Jeffrey Perry
Rhonda Rosychuk
Jeffrey Kwong",chohl@mail.ubc.ca,Not specified,N/A,"March 1, 2020",,Not specified,Not specified,,,https://www.ccedrrn.com/publications,Yes,No,N/A - no human OMICs data,N/A - no human OMICs data,N/A - no human OMICs data,No,N/A - no pathogen OMICs data,No,N/A - no imaging data,N/A - no imaging data,N/A - no imaging data,N/A - no imaging data,N/A - no imaging data,Both,Observational data only,Hospitalized for COVID-19 only,Both,Clin-epi,No,"Mount Saint Joseph’s Hospital, Vancouver 
Saint Paul’s Hospital, Vancouver
Vancouver General Hospital, Vancouver 
Abbotsford Regional Hospital, Abbotsford 
Royal Inland Hospital, Kamloops 
Kelowna General Hospital, Kelowna 
Royal Columbian Hospital, New Westminster 
Lions Gate Hospital, North Vancouver 
Eagle Ridge, Port Moody 
Surrey Memorial Hospital, Surrey 
Foothills Medical Centre, Calgary 
Peter Lougheed Centre, Calgary 
Rockyview General Hospital, Calgary 
South Health Campus, Calgary 
Northeast Community Health Centre, Edmonton 
Royal Alexandra Hospital, Edmonton 
University of Alberta Hospital, Edmonton
Royal University Hospital, Saskatoon
St. Paul’s Hospital, Saskatoon 
Saskatoon City Hospital, Saskatoon
Health Sciences Centre, Winnipeg
Kingston General Hospital, Kingston 
Hamilton Health Sciences, Hamilton 
London Health Sciences Centre, London 
The Ottawa Hospital (Civic and General Campus), Ottawa 
Health Sciences North, Sudbury 
North York General Hospital, Toronto 
Sunnybrook Health Sciences Centre, Toronto 
University Health Network, Toronto 
Hôtel-Dieu de Lévis, Lévis 
Centre Hospitalier de l’Université Laval (CHU de Québec), Québec City 
Jewish General Hospital, Montréal 
L’hôpital Royal Victoria, Montréal 
Hôpital du Sacré-Coeur, Montréal 
Hôpital de l’Enfant-Jésus (CHU de Québec), Québec City 
Hôpital du Saint-Sacrement (CHU de Québec), Québec City 
Hôpital Saint-François d’Assise (CHU de Québec), Québec City 
Hôtel-Dieu de Québec (CHU de Québec), Québec City 
IUCPQ: Institut universitaire de cardiologie et de pneumologie de Québec, Québec City 
Horizon Health Network, Saint John 
Dartmouth General Hospital, Dartmouth
Halifax Infirmary, Halifax 
Hants Community Hospital, Windsor 
Cobequid Community Health Centre, Sackville ",https://www.ccedrrn.com/participating-sites,49 (22.04.22),"178,000 
(22.04.22)","178,000 
(22.04.22)",N/A - no pathogen OMICS data,"2,500 records added weekly (22.04.22)",https://www.ccedrrn.com/,Yes,No,No,yes,"In Year 1 (June 1 2020-May 31 2021) we established a governance structure, signed Membership & Data Sharing Agreements, obtained Research Ethics Board (REB) and institutional approvals from all participating sites, completed Privacy Impact Assessments and data management plans, and initiated data collection.


We have completed analyses for two clinical decision rules (predicting COVID-19 test positivity & futility of intubation), a diagnostic test evaluation (screening asymptomatic admissions), and studies on gender, co-morbidity and phase of pandemic, which we will publish shortly.",https://www.ccedrrn.com/about,No,,No DOI assigned,N/A - doesn't have a DOI,Meets 1 criterion only,N/A,Prospective and retrospective,"Separate prospective and retrospective data collection forms as well as one on REDCap
Repository CRF data entry screen (e.g. REDCap)",Registry or platform management,Hospital - Centre - Institution registration required for data entry,REDCap along with paper-based CRFs,https://www.ccedrrn.com/knowledge-users,No,No clin-epi standard used,N/A - no OMICs data collected,N/A - no participant level imaging data collected,No,Yes,Submit proposal to the DAC that must then be approved ,Directions not available on the website (provided through additional contact),N/A,Yes,No,Yes,Any group whose application is approved,Participant-level data are being shared,N/A,DAC,Information available on the website to a limited extent,https://www.ccedrrn.com/data-access-and-management-committee,"- Clinical or public health-related importance
- Contribution of data to platform
- Funding for study team to complete proposed analysis
- Study team has received ethics approval for proposed analysis
- Study team offers capacity building opportunities to data contributors",Information not available on website (provided through additional contact),N/A,No,N/A,De-identification,IRB or ERC approval obtained,Not provided,No,Not specified,Acknowledgement of data providers in registry/platform data-based publications,Registry or platform and individual studies that upload data,Involvement of patients in a Patient Engagement Committee that ensures the voice and perspective of the patient is heard throughout the governance of the network through continued engagement of patient partners in the Network standing committees and provides advice directly to the Executive Committee and Steering Committee,Not specified,N/A,
PS,Updated using both survey and website,,New,No,No,Yes,Yes,CHOPAN,Coronavirus Health Outcomes in Pregnancy & Newborns,Registry,https://chopan.psanz.com.au/chopan/,Yes,This registry aims to collect real-time data on pregnant women in Australia who are infected with the coronavirus that causes COVID-19 (SARS-CoV2) to improve our understanding of its impact on pregnancy outcomes,Pregnancy,Pregnancy,Any,Pregnant women,18-60 years,AUS,Yes,"University of Melbourne, Monash University, Ferring Pharmaceuticals","University, Industry","University of Melbourne, Royal Women's Hospital",AUS,Not specified,Clare Whitehead; Kirsten Palmer; Miranda Davies-Tuck,clarew@unimelb.edu.au; kirsten.palmer@monash.edu; miranda.davies@hudson.org.au,"Miranda Davies Tuck
Lisa Hui
Jim Buttery
Michelle Giles
Tim Crozier",Not specified,"October 4, 2020",,"Australian and New Zealand College of Obstetricians and Gynaecologists, Perinatal Society of Australia and New Zealand (PSANZ)",Not specified,,,Not specified,Yes,No,N/A - no human OMICs data,N/A - no human OMICs data,N/A - no human OMICs data,No,N/A - no pathogen OMICs data,No,N/A - no imaging data,N/A - no imaging data,N/A - no imaging data,N/A - no imaging data,N/A - no imaging data,Longitudinal,Both clinical trial and observational data,Both,COVID-19 infected or suspected only,Clin-epi,No,"Sunshine Hospital
Monash Health
Mercy Hospital for Women
The Northern Hospital
Boxhill Hospital
Ballarat Base Hospital
Bacchus Marsh
Bendigo Base Hospital
King Edward Memorial Hospital
Fiona Stanley Hospital
Bunbury Hospital
Flinders Medical Centre
Women’s and Children’s
Lyell McEwin Hospital
Royal Hobart Hospital
Canberra Hospital
Royal Darwin Hospital
Alice Springs Hospital
Royal Hospital for Women
Royal North Shore
Westmead
Nepean
Liverpool
John Hunter
Mater Mothers
Royal Brisbane and Women’s
Sunshine Coast
Gold Coast University Hospital
All jurisdictions",https://chopan.psanz.com.au/participating-hospitals/,29 (22.04.22),Not specified,Not specified,N/A - no pathogen OMICS data,Not specified,N/A,,No,No,No,"The CHOPAN registry aims to collect real-time data on pregnant women who are infected with the coronavirus that causes COVID-19 (SARS-CoV2) to improve our understanding of its impact on pregnancy outcomes. This registry will provide regular feedback to clinicians and public health officials to allow evidence-based management of women and their babies with coronavirus infection. 
This registry was developed by Australian clinicians in collaboration with international colleagues in order to maximise its value to the global community.

The aims of the registry are to:
1. Describe the presentation and clinical course of coronavirus infection in pregnant women
2. Assess obstetric, perinatal and neonatal outcomes after coronavirus infection
3. Describe modes of transmission, including any cases of mother-to-child transmission
4. Identify any factors that influence disease outcome for mother and baby including: timing and mode of delivery, breastfeeding, rooming-in/separation, the use of anti-viral treatments and supportive therapies
5. Facilitate international collaborative efforts to improve care of women exposed to novel and emergent pathogens.",https://chopan.psanz.com.au/chopan/,No,,No DOI assigned,N/A - doesn't have a DOI,Meets 1 criterion only,N/A,Prospective (e.g. same CRF),Repository CRF data entry screen (e.g. REDCap),Health care professionals,Hospital - Centre - Institution registration required for data entry,REDCap,Not provided,No,No clin-epi standard used,N/A - no OMICs data collected,No imaging standard used,No,Yes,Submit a proposal to access the data that must be approved by the registry management team ,Directions not available on the website (provided through additional contact),N/A,Yes,Not specified,Yes,Any group whose application is approved,Participant-level data are being shared,N/A,Platform or registry management team,Information not available on website (provided through additional contact),N/A,"- Clinical or public health-related importance
- Study team has received ethics approval for
proposed analysis",Information not available on website (provided through additional contact),N/A,Yes,N/A,Anonymization,IRB or ERC approval obtained,https://www.anzctr.org.au/Trial/Registration/TrialReview.aspx?id=379572&isReview=true,No,Not specified,Acknowledgement of data providers in registry/platform data-based publications,Registry or platform and individual studies that upload data,Not specified,Not specified,N/A,
PS,Updated using both survey and website,,New,No,No,Yes,Yes,CHRONOS19,Registry of Patients With Hematologic Disease and COVID-19 in Russia,Registry,https://www.rakfond.org/chronos19/,Yes,The main goal of the study is to determine the features of the course of a new coronavirus infection COVID-19 in patients with various hematological diseases. The researchers hope that the results will lead to improvements in the treatment of this category of patients in the near future.,Hematologic diseases,Hematologic diseases,Blood,Patients with blood disease,≥18 years,RUS,Not specified,No funding (organizational support by the Foundation for Cancer Research Support (RakFond) and Enrollme.ru),No funding,National Research Center for Hematology,RUS,Not specified,"Olga A. Gavrilina, Kristina Zakurdaeva, Vladimir I. Vorobyev, Anastasia N. Vasileva, Lev S. Butaev, Alena Sukhareva, Lubov Gavrilova, Olga Samoylova, Maria Grishunina, Ochsana Ochirova, Alina Karpova, Olga Panteleeva, Mikhail A. Kunst, Vasily Shuvaev, Anzhelika Rakhmani, Tatiana V. Gaponova, Gennadiy M. Galstyan, Vera V. Troitskaya, Anton V. Luchkin, Elena N. Parovichnikova and Valery Savchenko",dr.gavrilina@mail.ru,Not specified,N/A,"June 22, 2020",,"National Medical Research Centre for Hematology, RakFond Cancer Foundation Advancing the Day when Cancer is Defeated, Enrollme",Not specified,,,"DOIs: 
10.1016/annonc/annonc713
        
        
        
        
10.1200/JCO.2021.39.15_suppl.e18715
        
        
        
        
https://library.ehaweb.org/eha/2021/eha2021-virtual-congress/324694/olga.gavrilina.outcomes.in.patients.with.acute.leukaemia.and.covid-19.results.html",Yes,No,N/A - no human OMICs data,N/A - no human OMICs data,N/A - no human OMICs data,No,N/A - no pathogen OMICs data,No,N/A - no imaging data,N/A - no imaging data,N/A - no imaging data,N/A - no imaging data,N/A - no imaging data,Longitudinal,Observational data only,Both,COVID-19 infected or suspected only,Clin-epi,No,Not specified ,Not specified ,Not specified,Not specified,Not specified,Not specified,Not specified,N/A,,No,No,No,"The Foundation for Cancer Research Support provides funding for promising scientific research to scientists and organizations involved in oncology research.

We support:

basic,
applied,
translational,
clinical research in oncology.
Every successful research project advances the day when cancer is defeated!",https://www.rakfond.org/en/funding-en/,No,,No DOI assigned,N/A - doesn't have a DOI,None of the criteria are met,N/A,Prospective (e.g. same CRF),Repository CRF data entry screen (e.g. REDCap),Health care professionals,Individual registration required for data entry (physicians),Enrollmi.ru portal,Not specified,No,No clin-epi standard used,N/A - no OMICs data collected,N/A - no participant level imaging data collected,No,No - resource is closed to new data,Not specified,Directions not available on the website or through survey,N/A,No,No,No,Only groups that contributed data or are otherwise part of the consortium,Participant-level data are being shared,N/A,Platform or registry management team,Information not available on website (provided through additional contact),N/A,Contribution of data to platform,Information not available on website (provided through additional contact),N/A,No,N/A,De-identification,IRB or ERC approval obtained,Not provided,Yes,Not specified,Acknowledgement of data providers in registry/platform data-based publications,Registry or platform and individual studies that upload data,None,Not specified,N/A,
,,Reporting to registry is closed. Data dashboard is still available. ,Old,Yes,Yes,Yes,No,COViMS,Coronavirus and MS Reporting Database,Registry,https://www.covims.org/,Yes,To capture information on outcomes of people with MS and other CNS demyelinating diseases who have developed COVID-19,MS and other CNS demyelinating diseases,Multiple sclerosis,CNS,General,All ages,North America,Yes,"National Multiple Sclerosis Society, The Consortium of Multiple Sclerosis Centers, Multiple Sclerosis Society of Canada",Professional organization,Washington University,USA,info@covims.org,Not specified,N/A,Not specified,N/A,"April 1, 2020",Yes,"National MS Society, Consortium of MS Centers and Multiple Sclerosis Society of Canada",Not specified,N/A,N/A,"DOIs: 
10.1001/jamaneurol.2021.0688
10.1002/ana.25907",Yes,No,N/A - no human OMICs data,N/A - no human OMICs data,N/A - no human OMICs data,No,N/A - no pathogen OMICs data,No,N/A - no imaging data,N/A - no imaging data,N/A - no imaging data,N/A - no imaging data,N/A - no imaging data,Cross-sectional,Observational data only,Both,COVID-19 infected or suspected only,Clin-epi,No,"New York University Langone, Brooklyn MS Center				
University of California San Francisco				
Neurology Center of Fairfax				
MS Center Dell Medical School				
Age Management of Western Michigan				
Baylor College of Medicine				
Yale MS Center				
University of Colorado MS Center				
University of Southern California Keck School of Medicine				
Athens Neurological Associates				
University of Oklahoma				
University of Colorado MS Center				
Hima Caugas MS Center				
University of Southern California Keck School of Medicine				
Vanderbilt University Medical Center				
Kingston MS Clinic, Kingston, Ontario				
Mandell Center for MS				
MS Focus Project				
The Neurology Group, Inc.				
Center for Neurological Disorders, Milwaukee, WI				
College Park Neurology				
Collier Neurologic Specialists				
Luhs Kaunas Clinics Department of Neurology				
University of Arkansas for Medical Sciences				
Premier Health				
The Clinical Neuroscience Institute				
University of New Mexico College of Medicine				
Saunders Medical Center MS Clinic				
Yale MS Center				
Riverhills Neuroscience				
Laval University				
Sanford Brain and Spine Center				
University of Colorado MS Center				
Forest City Neurology Clinic				
Kaiser Permanente- Colorado				
Oklahoma Medical Research Foundation				
Oregon Health and Science University				
Wayne State University				
Johns Hopkins				
Norton Neurology MS Services				
NYP Brooklyn Methodist				
Renown Neurology MS Center				
University of Colorado MS Center				
UC Gardner Neuro Institute				
University of California San Francisco				
Swedish MS Center				
Raleigh Neurology Associates				
Riverhills Neuroscience				
MS Center of Tidewater				
Neurology Specialists				
Providence Brain and Spine Institute				
University of Virginia				
Neurology Center of Fairfax				
South Shore Neurology				
Seattle VA Care Center				
University of Southern California Keck School of Medicine				
Ohio Health				
RWJ Barnabas Health Multiple Sclerosis Comprehensive Care Center				
Brown Neurology				
Shapiro Center for MS				
Cheyenne Regional Medical Center				
Boston Childrens Hospital				
Lise Casady				
University of South Florida				
Maxine Mesinger MS Center				
Henry Ford Hospital				
Washington University School of Medicine John J. Trotter MS Center				
New York University Langone, Brooklyn MS Center				
Saunders Medical Center MS Clinic				
College Park Neurology				
San Juan MS Center				
The EverettClinic and UW				
Washington University School of Medicine John J. Trotter MS Center				
Providence Brain and Spine Institute				
Northwestern				
Kaiser Permanente- Colorado				
VAMC				
Athens Neurological Associates				
Methodist Hospitals				
Athens Neurological Associates				
Alameda County Healthcare				
Alta Bates Summit Medical Center				
Sutter East Bay Medical Group				
University of Colorado MS Center				
OSF Illinois Neurological Institute				
MS Center of Greater Washington				
University of California San Francisco				
MS Treatment Center of Dallas				
Washington University School of Medicine John J. Trotter MS Center				
Baylor College of Medicine				
Providence Brain and Spine Institute				
Inova				
Hima San Pablo				
University of Miami				
Northwest Neurology				
Yale MS Center				
Advanced Neurology Associates				
Benefis Healthcare				
University of Miami				
Riverhills Neuroscience				
Hartford Helathcare Multiple Sclerosis Center				
Jersey Shore MS Center				
Swedish MS Center				
UB Jacobs MS Center				
MS Center of Northeastern New York				
Premier Health				
Bronxcare MS Center				
Northern Light Multiple Sclerosis Center				
Multiple Sclerosis Center of Atlanta				
The Neuromedical Center				
Ohio Health Neurological Physician Group				
The Corinne Goldsmith Dickinson Center for MS				
Raleigh Neurology Associates				
Kansas City MS Center				
Center for Neurological Disorders, Milwaukee, WI				
University of South Florida				
Washington University School of Medicine John J. Trotter MS Center				
Oregon Health and Science University				
University of Miami				
Fullerton Nuerology				
Rocky Mountain MS Clinic				
Kaiser Permanente- Colorado				
Columbia MS Center				
Saint Vincent, Billings, MT				
Victoria MS Clinic				
Central Texas Neurology Consultants				
Johns Hopkins				
OSF Illinois Neurological Institute				
University of California San Francisco				
Raleigh Neurology Associates				
The MS Center for Innovations in Care				
Saint Vincent, Billings, MT				
MS Center Dell Medical School				
Saunders Medical Center MS Clinic				
Raleigh Neurology Associates				
University of California San Francisco				
Norton Neurology MS Services				
Medical Associates (Dubuque Iowa)				
Baylor College of Medicine				
University of California San Francisco				
SUNY Upstate Medical University				
Shapiro Center for MS				
Multiple Sclerosis Center of Atlanta				
Hôpital De Saint-Jérôme Cisss Saint-Jérôme				
Providence Brain and Spine Institute				
Raleigh Neurology Associates				
Montefiore Medical Center				
Health First / Privia				
Boston Childrens Hospital				
New York University Langone, Brooklyn MS Center				
Missing				
Truman Medical Center				
Northwestern				
RWJ Barnabas Health Multiple Sclerosis Comprehensive Care Center				
University of California San Francisco				
The MS Center for Innovations in Care				
University of Texas Southwestern Medical Center				
Sutter Health				
Yale MS Center				
University of Colorado MS Center				
OVMC-UCLA				
University of Colorado MS Center				
University of Minnesota				
University of California San Francisco				
New York University Langone, Brooklyn MS Center				
Missing				
University of Florida MS Center				
University of Colorado MS Center				
Yale MS Center				
Kaiser Permanente - Colorado				
University of New Mexico				
Ohio State MS Center				
The Moncton Hospital MS Clinic				
University of Nebraska Medical Center				
Oregon Health and Science University				
University of California San Francisco				
Providence Brain and Spine Institute				
Multiple Sclerosis Center of Atlanta				
Medical Specialty Clinic				
Honor Health Neurology				
University of Miami				
Cleveland Clinic LOU RUVO CENTER FOR BRAIN HEALTH				
Missing				
UB Jacobs MS Center				
St. Michael's Hospital				
MS Center of Greater Orlando				
UT Erlanger Neurology				
The Corinne Goldsmith Dickinson Center for MS				
University of Texas Southwestern Medical Center				
New York University Langone, Brooklyn MS Center				
Kaiser Permanente- Colorado				
University of Miami				
University of Southern California Keck School of Medicine				
Cleveland Clinic				
Baylor College of Medicine				
St. Lukes Health System Boise, ID				
Comprehensive Neurology and Sleep Medicine				
Hôpital De Saint-Jérôme Cisss Saint-Jérôme				
Washington University School of Medicine John J. Trotter MS Center				
St. Michael's Hospital				
University of Nebraska Medical Center				
OSF Illinois Neurological Institute				
New York University Langone, Brooklyn MS Center				
Cedars Sinai Medical Center				
College Park Neurology				
Kansas City MS Center				
Rocky Mountain MS Clinic				
UC Gardner Neuro Institute				
Northwest Neurology				
Linda E Cardinale MS Center				
The Elliott Lewis Center				
Kaiser Permanente- Colorado				
Missing				
University of Louisville MS Clinic				
New York University Langone, Brooklyn MS Center				
University of Nebraska Medical Center				
University of Colorado MS Center				
Center for Neurological Disorders, Milwaukee, WI				
University of South Alabama				
University of California San Diego				
SUNY Upstate Medical University				
New York University Langone, Brooklyn MS Center				
University of Utah				
Athens Neurological Associates				
The Corinne Goldsmith Dickinson Center for MS				
Johns Hopkins				
Saskatoon MS Clinic				
UB Jacobs MS Center				
University of Pennsylvania				
St. Thomas Medical Partners, Neurology				
The Corinne Goldsmith Dickinson Center for MS				
New York University Langone, Brooklyn MS Center				
St. Michael's Hospital				
The Neurology Group, Inc.				
Oregon Health and Science University				
University of Virginia				
Elliot Lewis Center				
Multiple Sclerosis Center of Atlanta				
Yale MS Center				
Minneapolis Clinic of Neurology				
Washington University School of Medicine John J. Trotter MS Center				
Saskatoon MS Clinic				
Yale MS Center				
Wayne State University				
University of Texas Houston				
Yale MS Center				
University of Texas Houston				
Wayne State University				
UB Jacobs MS Center				
Advocate Aurora Healtcare				
Cedars Sinai Medical Center				
Norton Neurology MS Services				
University of Texas Southwestern Medical Center				
OSF Illinois Neurological Institute				
Yale MS Center				
Kaiser Permanente- Colorado				
The Corinne Goldsmith Dickinson Center for MS				
Providence Brain and Spine Institute				
Providence Brain and Spine Institute				
University of Kansas Center for MS Care				
University of South Florida				
Kaiser Permanente- San Fransisco				
Thomas Jefferson University Comprehensive MS Center				
University of Pennsylvania				
Linda E Cardinale MS Center				
University of Manitoba				
Brown Neurology				
Glouchestershire Royal Hospitals				
University of Texas Southwestern Medical Center				
Swedish MS Center				
Stony Brook Multiple Sclerosis				
Virginia Mason Medical Center				
University of Texas Southwestern Medical Center				
Thomas Jefferson University Comprehensive MS Center				
University of Nebraska Medical Center				
University of California San Francisco				
Norton Neurology MS Services				
MS Center Dell Medical School				
MS Center at Holy Name Medical Center				
Henry Ford Hospital				
The Corinne Goldsmith Dickinson Center for MS				
Sanford Brain and Spine Center				
Prisma Health- USC				
Thomas Jefferson University Comprehensive MS Center				
Georgetown MS and Neuroimmonology Center				
Henry Ford Hospital				
St. Lukes				
OVMC-UCLA				
Brain and Spine Center, Fargo, ND				
Sanford Brain and Spine Center				
Alta Bates Summit Medical Center				
Ascension Medical Group				
St. Michael's Hospital				
University of California Riverside				
London Health Sciences Center				
Vanderbilt University Medical Center				
Wayne State University				
Johns Hopkins				
St. Michael's Hospital				
University of Texas Southwestern Medical Center				
Westmount Neurology				
Texas Neurology				
Washington University School of Medicine John J. Trotter MS Center				
Raleigh Neurology Associates				
Missing				
Geisinger Health System				
University of Minnesota				
Johns Hopkins				
Minneapolis Clinic of Neurology				
Johns Hopkins				
Medical Specialty Clinic				
St. Michael's Hospital				
MS Treatment Center of Dallas				
The Neuromedical Center				
Alameda County Healthcare				
University of Miami				
Georgetown MS and Neuroimmonology Center				
University of Washington				
The Neurological Clinic FL				
MS Center of Greater Orlando				
Hackensack University Medical Center				
Oklahoma Medical Research Foundation				
Dahlousie University MS Clinic				
UCLA Ronald Reagan Medical Center				
RWJ Barnabas Health Multiple Sclerosis Comprehensive Care Center				
College Park Neurology				
UICH				
Essentia Health				
University of Pennsylvania				
Shapiro Center for MS				
Hôpital De Saint-Jérôme Cisss Saint-Jérôme				
MS Center at Holy Name Medical Center				
Wesley Neurology Clinic				
Yale MS Center				
Saskatoon MS Clinic				
Athens Neurological Associates				
Ohio Health Neurological Physician Group				
Missing				
Hôpital De Saint-Jérôme Cisss Saint-Jérôme				
Augusta MS Center				
University of Miami				
Providence Brain and Spine Institute				
Johns Hopkins				
Kaiser Permanente- Colorado				
Liu Neurology Associates				
New York University Langone, Brooklyn MS Center				
University of California San Diego				
Swedish MS Center				
Oklahoma Medical Research Foundation				
MS Center of Tidewater				
New York University Langone, Brooklyn MS Center				
University of Alabama Birmingham, Birmingham VA Medical Center				
Tanner Center for Multiple Sclerosis				
Brown Neurology				
Barrow Neurological Institute				
Brigham and Women's Hospital				
University of Louisville MS Clinic				
University of South Florida				
University of Washington				
University of Utah				
London Health Sciences Center				
St. Michael's Hospital				
Wayne State University				
Multiple Sclerosis Center of Atlanta				
University of California San Francisco				
Internaional Multiple Sclerosis Medical Practice				
The Corinne Goldsmith Dickinson Center for MS				
New York University Langone, Brooklyn MS Center				
Johns Hopkins				
Saskatoon MS Clinic				
University of Texas Houston				
New York University Langone, Brooklyn MS Center				
Baptist Neurologist - Jacksonville Beah, FL				
University of Arkansas for Medical Sciences				
MS Center of Northeastern New York				
MS Center at Guilford Neurologic Associates				
The Corinne Goldsmith Dickinson Center for MS				
Raleigh Neurology Associates				
Brain and Spine Center, Fargo, ND				
Sanford Brain and Spine Center				
Kaiser Permanente- Colorado				
UC Health Neurology Ft. Collins, CO				
University of Colorado MS Center				
Hartford Helathcare Multiple Sclerosis Center				
St. Michael's Hospital				
Georgetown MS and Neuroimmonology Center				
Victoria MS Clinic				
Missing				
St. Michael's Hospital				
UH Hospitals				
Center for Neurological Disorders, Milwaukee, WI				
Penn State Health- Hershey				
University of Texas Southwestern Medical Center				
Hackensack UniversityMedicalCenter				
The Oak Clinic for MS				
Georgetown MS and Neuroimmonology Center				
University of Nebraska Medical Center				
Cedars Sinai Medical Center				
Christianacare Neurology Specialists				
Missing				
Neurology Center of Fairfax				
The MS Center for Innovations in Care				
Glouchestershire Royal Hospitals				
Duke MS Center				
Beth Israel Deaconess MC				
Hartford Helathcare Multiple Sclerosis Center				
Providence Neurology Specialists				
Vanderbilt University Medical Center				
Augusta MS Center				
Providence Brain and Spine Institute				
Baptist Neurologist - Jacksonville Beah, FL				
Minneapolis Clinic of Neurology				
University of Vermont				
MS Center of Tidewater				
Johns Hopkins				
H. U. MútuaTerrassa				
Bronxcare MS Center				
Kaiser Permanente- Colorado				
Sunrise Medical Group				
University of Nebraska Medical Center				
Colorado University Anschutz				
Yale MS Center				
The James J Peters VAMC				
Multiple Sclerosis Center of Atlanta				
Georgetown MS and Neuroimmonology Center				
Multiple Sclerosis Center of Atlanta				
Minneapolis Clinic of Neurology				
UC Gardner Neuro Institute				
Memorial Healthcare System				
RWJ Barnabas Health Multiple Sclerosis Comprehensive Care Center				
Stony Brook Multiple Sclerosis				
SSM Dean Medical Group				
UB Jacobs MS Center				
The Corinne Goldsmith Dickinson Center for MS				
The Neurology Group, Inc.				
University of Kansas Center for MS Care				
Norton Neurology MS Services				
Georgetown MS and Neuroimmonology Center				
University of Miami				
Norton Neurology MS Services				
The Corinne Goldsmith Dickinson Center for MS				
RWJ Barnabas Health Multiple Sclerosis Comprehensive Care Center				
Quebec City MS Clinic				
The MS Center for Innovations in Care				
Ohio Health Neurological Physician Group				
Penn State Health- Hershey				
UB Jacobs MS Center				
Age Management of Western Michigan				
SHMG Neuroscience, Spectrum Health MS Center				
San Juan MS Center				
Missing				
Essentia Health				
University of Colorado MS Center				
University of Washington				
Fraser Health MS Clinic				
St. Michael's Hospital				
Mandell Center for MS				
University of Colorado MS Center				
MS Center at Holy Name Medical Center				
London Health Sciences Center				
University of California San Francisco				
First Coast Integrative Medicine				
Universal Neurological Care				
Mayo Clinic				
UB Jacobs MS Center				
Weiss and Associates				
Yale MS Center				
Rocky Mountain MS Clinic				
Honor Health Neurology				
University of Washington				
University of Mississippi				
Missing				
Kingston MS Clinic, Kingston, Ontario				
Athens Neurological Associates				
New York University Langone, Brooklyn MS Center				
Hartford Helathcare Multiple Sclerosis Center				
Oregon Health and Science University				
University of Texas Southwestern Medical Center				
Washington University School of Medicine John J. Trotter MS Center				
University of Washington				
Multiple Sclerosis Center of Atlanta				
University of Maryland Medical Center				
Holy Name Medical Center				
UC Gardner Neuro Institute				
UB Jacobs MS Center				
University of California San Francisco				
University of Miami				
Providence Kadlec Neuroscience Center				
The Corinne Goldsmith Dickinson Center for MS				
New York University Langone, Brooklyn MS Center				
Brigham and Women's Hospital				
University of Texas Southwestern Medical Center				
Vanderbilt University Medical Center				
University of Nebraska Medical Center				",https://www.covims.org/reporter-acknowledgement,494 (25.08.22),4806  (25.08.22),4806  (25.08.22),N/A - no pathogen OMICS data,Not specified,https://www.covims.org/current-data,Yes,No,No,No,N/A - no longer accepting data,N/A,No,Yes - ON FAIRsharing,https://doi.org/10.25504/FAIRsharing.MtkkWk,Yes,Meets 1 criterion only,https://fairshake.cloud/digital_object/812074/assessments/,Prospective (e.g. same CRF),Repository CRF data entry screen (e.g. REDCap),Health care professionals,No registration required for data entry,REDCap,https://redcap.wustl.edu/redcap/surveys/?s=AFDYDMNXRX,No,No clin-epi standard used,N/A - no OMICs data collected,N/A - no participant level imaging data collected,No,No - resource is closed to new data,Participant-level data will not be shared,Participant-level data will not be shared,N/A,Participant-level data will not be shared,Participant-level data will not be shared,Participant-level data will not be shared,Participant-level data will not be shared,Participant-level data will not be shared,Not specified,Participant-level data will not be shared,Participant-level data will not be shared,N/A,Participant-level data will not be shared,Participant-level data will not be shared,N/A,No (Registry does not require that patients provide informed consent for their data to be uploaded to registry; https://www.covims.org/irb),N/A,De-identification,Does not constitute human subjects research therefore deemed exempt from IRB or ERC review,https://a8293fa5-3baa-4764-9235-8dcab804aff4.filesusr.com/ugd/826c66_14c9a36cde7941809f4ae52fd0149a19.pdf,No,Not specified,Acknowledgement of data providers in registry/platform data-based publications and the registry/platform website ,Registry or platform,Not specified,Real-time data dashboard,https://www.covims.org/current-data,
,,,Old,Yes,Yes,Yes,Yes,CNGBdb,China National GeneBank DataBase,Platform,https://db.cngb.org/,No,China National GeneBank DataBase(CNGBdb) is an official partner of the GISAID Initiative. It provides access to EpiCoV and features the most complete collection of hCoV-19 genome sequences along with related clinical and epidemiological data,General,General,Any,General,All ages,Worldwide,No,Chinese Government,Government,China National GeneBank,CHN,cngbdb@cngb.org  ,Chen Fengzhen,chenfengzhen@genomics.cn,Zhang Lei,zhanglei2@genomics.cn ,"April 24, 2020",No,Not specified,"Global Initiative on Sharing All Influenza Data (GISAID). Also linkages to the International Nucleotide Sequence Database Collaboration (INSDC), The Global Alliance for Genomics and Health GA4GH (GA4GH), Global Genome Biodiversity Network (GGBN), American College of Medical Genetics and Genomics (ACMG)",,,DOI: 10.16288/j.yczz.20-080,No,No,N/A - no human OMICs data,N/A - no human OMICs data,N/A - no human OMICs data,Yes,N/A - no clin-epi data,No,N/A - no imaging data,N/A - no imaging data,N/A - no imaging data,N/A - no imaging data,N/A - no imaging data,Cross-sectional,Observational data only,Both,COVID-19 infected or suspected only,Pathogen OMICs (unlinked),No,Not specified ,Not specified ,Not specified,Not specified,Not specified,Not specified,Preliminary analysis summary (only Chinese version).,https://db.cngb.org/dc_assets/media/dc_virus/pdf/GISAID_hCoV-19_Analysis_Update_2021-07-22_1400UTC_cn.pdf,No,No,Yes (in general),No,"China National GeneBank DataBase (CNGBdb) is a uniﬁed platform built for biological big data sharing and application services to the research community. Based on the big data and cloud computing technologies, it provides data services such as archive, analysis, knowledge search, management authorization, and visualization.",https://db.cngb.org,No,Yes - ON FAIRsharing,https://doi.org/10.25504/FAIRsharing.9btRvC,No,Meets all 4 criteria,N/A,Prespecified standard (e.g. DICOM),Prespecified standard (e.g. DICOM),Researchers,Individual registration required for data entry,N/A - no clin-epi data,N/A - no clin-epi data,N/A - no clin-epi data,N/A - no clin-epi data,"FASTA, GA4GH",N/A - no participant level imaging data collected,Yes,Yes,Registered users can access public data or apply for access to controlled data: Controlled Data Application Form has to be filled out and sent to CNGBdb with all required materials which is then reviewed by the Data Submitter,Directions available on the website,https://db.cngb.org/data_instructions/,Yes,"Users will negotiate and determine on their own the ownership of results, intellectual property rights, other rights in the use of CNGBdb Public Data outputs, the allocation and the revenues.",Yes,Public data: open access for registered users; Controlled data: any group whose application is approved; Private data: not accessible,Participant-level data are being shared,N/A,Public data: open access for registered users; Controlled data: reviewer/data owning organization,Information available on the website,https://db.cngb.org/data_access/,"All the activities (including but not limited to collection, preservation, utilization, external provision, or open access of HGR information) that you have carried out or will carry out in response to the applied data comply with the relevant Administrative regulations on HGR.",Information available on the website,https://db.cngb.org/data_access/,No,N/A,N/A - only pathogen OMICs data collected ,Not specified (other than approved by the Chinese government),N/A,No,Not specified,- Citation of study team by analyses that use data they contributed,Registry or platform and individual studies that upload data,Not specified,Reports (not real-time) available on website,https://db.cngb.org/dc_assets/media/dc_virus/pdf/GISAID_hCoV-19_Analysis_Update_2021-06-03_1400UTC_cn.pdf,
PS,Updated using both survey and website,,Old,Yes,Yes,Yes,Yes (partially),COVID-19 and MS – a global data sharing initiative,COVID-19 and MS – a global data sharing initiative,Platform,"https://msdataalliance.com/covid-19/covid-19-and-ms-global-data-sharing-initiative/
https://www.qmenta.com/covid19-pandemic/",Yes,To achieve insights on the effect of COVID-19 in people with MS ,MS,Multiple sclerosis,CNS,General,All ages,Worldwide,No,Multiple Sclerosis Data Alliance (MSDA) with several industry funders: https://msdataalliance.com/about-us/consortium/ ,"Professional organization, industry",MSDA,BE,"info@qmenta.com
support@qmenta.com
info@msdataalliance.com",Liesbet M. Peeters,liesbet.peeters@uhasselt.be,"Landon McKenna (President and Chief Business Officer, Co-Founder QMENTA), Lotte Geys, Anne Helme, Paulo Rodrigues","landon@qmenta.com, lotte.geys@uhasselt.be, anne@msif.org","April 1, 2020",Yes,"Multiple Sclerosis International Federation (MSIF), European Charcot Foundation, European Multiple Sclerosis Platform, The European Institute for Innovation through Health Data (i~HD), KU Leuven, Hasselt University, The University of Göttingen","Other initiatives providing data to this global initiative:
- iConquer MS COVID-19 survey
- Neurotransdata (NTD)
- Icompanion
- German MS Register COVID-19 survey
- Cleveland Clinic Registry
- UK MS Register COVID-19 substudy
- Australian MS Longitudinal Study (AMSLS)
- Bulgarian SmartMS COVID-19 data set
- HOLISM (Health Outcomes and Lifestyle in a Sample of People with MS)
- ABEM – Brazilian MS Patients Association
- Esclerosis Multiple Argentina (EMA) COVID-19 survey
- RADAR-CNS
- Swedish MS Registry COVID-19 module: for clinicians across Sweden 
- Neurotransdata (NTD)
- COViMS Registry: for clinicians accross North America 
- Cleveland Clinic Registry
- German MS Register COVID-19 survey
- RELACOEM: Latin American countries 
- OptimiseMS: open to clinicians of UK participating sites 
- Australia and New Zealand COVID19 Data Set
- MSBase COVID-19 Substudy
- UK MS Register COVID-19 CRF
- The Spanish MS Registry: for neurologist members of the Spanish Society of Neurology only
- The Danish Multiple Sclerosis Registry
- REDONE.BR – Brazilian MS Registry
- LEOSS (Lean European Open Survey on SARS-CoV-2 Infected Patients) Registry
- Bulgarian SmartMS COVID-19 data set: for clinicians in Bulgaria 
- French COVISEP
- Centre d’Esclerosi Múltiple de Catalunya (CEMCAT)",,,"DOIs: 
10.1177/1352458520941485
        
        
10.1016/j.msard.2020.102634",Yes,No,N/A - no human OMICs data,N/A - no human OMICs data,N/A - no human OMICs data,No,N/A - no pathogen OMICs data,No,N/A - no imaging data,N/A - no imaging data,N/A - no imaging data,N/A - no imaging data,N/A - no imaging data,Both,Both clinical trial and observational data,Both,COVID-19 infected or suspected only,Clin-epi,No,Not specified,Not specified,Not specified,"8,761 (28.08.2020)","8,761 (28.08.2020)",N/A - no pathogen OMICS data,Not specified,https://www.qmenta.com/covid19-patients_ms-table,Yes,No,No,No,"About the platform: An industry leading and simple-to-use software platform, purpose built by medical imaging and data science experts to meet the distinct and challenging needs of the science community. Optimized and tailored for your needs, whether you are conducting research, running clinical trials, at the point of care, developing novel digital biomarkers algorithms or leveraging brain related data.",https://www.qmenta.com/data-management-platform-for-medical-imaging-clinical-trials-and-studies,No,Yes - ON FAIRsharing,https://doi.org/10.25504/FAIRsharing.8F5DRF,Yes,Meets 1 criterion only,N/A,Prospective and retrospective,"Data are entered via several mechanisms:
- Via QMENTA's platform directly: https://platform.qmenta.com/covid19_ms_clinician and https://platform.qmenta.com/covid19_ms_patient 
- Existing patient/provider registries and cohorts can also upload a de-identified dataset (mapped to this initiative's data dictionary) to QMENTA's platform: https://msdataalliance.com/wp-content/uploads/2021/04/COVID19-MS-project-plan_for-website_31MAR2021.pdf 
- Existing patient/provider registries and cohorts can also share summary statistics which will be combined with the central platform's statistics by running a python script: https://drive.google.com/file/d/1rNU95rR2j5LYPUiCfreX3RomLUmy8mlW/view ",Health care professionals and patients,No registration required for data entry for directly entering data on QMENTA's platform. Registry/cohort data custodian registration is required to upload dataset(s) to QMENTA's platform,QMENTA,https://msdataalliance.com/wp-content/uploads/2020/04/Data-Dictionary-for-COVID-19-in-people-with-MS.docx,No,Not specified,N/A - no OMICs data collected,N/A - no participant level imaging data collected,No,Yes,Participant-level data will not be shared,Participant-level data will not be shared,N/A,Participant-level data will not be shared,Participant-level data will not be shared,Participant-level data will not be shared,Participant-level data will not be shared,Participant-level data will not be shared,N/A,Participant-level data will not be shared,Participant-level data will not be shared,N/A,Participant-level data will not be shared,Participant-level data will not be shared,N/A,No,Patients can directly enter their data into QMENTA's platform - no registration or consent required ,De-identification,Not specified,N/A,No,Not specified,Mapping of their dataset to the COVID-19 Core Dataset for analysis with other studies: https://msdataalliance.com/wp-content/uploads/2020/04/Data-Dictionary-for-COVID-19-in-people-with-MS.docx ,Not specified,People with MS/patient societies are a part of the MSDA's Advisory Board which governs the COVID-19 initiative as well  ,Not specified ,N/A,
,,No website ,New,No,No,No,No,CORE-THROMBOSIS,COvid-19 REgistry on THROMBOSIS Complications,Registry,Not provided,Yes,"(i) study the rate of cardiovascular events, encompassing venous thromboembolic and arterial events, in consecutive hospitalized patients with coronavirus (Covid19), (ii) investigate the prevalent use of thromboprophylaxis, (iii) describe the use of imaging tests for the detection of cardiovascular events in patients with Covid19. ",Thrombosis,,Blood,,≥18 years,Worldwide,,"Prof. Stavros Konstantinides, MD, University of Zurich","Private, University",Johannes Gutenberg University Mainz,SW,Not specified,Stavros Konstantinides; Mr.  Univ.-Prof. Dr.  Ulrich  Forstermann ,stavros.konstantinides@unimedizin-mainz.de,Not specified,N/A,,,,,,,https://www.drks.de/drks_web/navigate.do?navigationId=trial.HTML&TRIAL_ID=DRKS00022277,Yes,No,N/A - no human OMICs data,N/A - no human OMICs data,N/A - no human OMICs data,No,N/A - no pathogen OMICs data,No,N/A - no imaging data,N/A - no imaging data,N/A - no imaging data,N/A - no imaging data,N/A - no imaging data,,Observational data only,Hospitalized for COVID-19 only,COVID-19 infected or suspected only,Clin-epi,No,,,,,,,,,,,,,,,No,,No DOI assigned,,,,Prospective (e.g. same CRF),,,,,,,,N/A - no OMICs data collected,N/A - no participant level imaging data collected,,,,,,,,,,,,,,,,,,,,,,,,,,,,,,
LM,Updated using website - LM Checked,,New,No,No,Yes,No,COREG,McMaster Multi-Regional Hospital Coronavirus Registry,Registry,https://www.coregontario.ca/,Yes,"provide rapid high-quality evidence to improve the prevention and clinical management of COVID-19 for older adults in Canada, and internationally. The COREG platform will also provide researchers and partners with complete regional level clinical data on COVID-19 cases to inform rapid decision-making and projections, sub-studies, extensions, and linkage for all affected populations.",General,General,Any,hospitalized COVID-19 patients,≥18 years,CAN,Yes,Canadian Institutes of Health Research (CIHR),Government and Industry,McMaster University,CAN,info@coreg.ca,Andrew P Costa; Darly Dash,acosta@mcmaster.ca;  dashd@mcmaster.ca,Not specified,N/A,2020,,Not specified,Not specified,,,"https://doi.org/10.1007/s11739-021-02637-8
https://www.coregontario.ca/projects",Yes,No,N/A - no human OMICs data,N/A - no human OMICs data,N/A - no human OMICs data,No,N/A - no pathogen OMICs data,No,N/A - no imaging data,N/A - no imaging data,N/A - no imaging data,N/A - no imaging data,N/A - no imaging data,Longitudinal,Observational data only,Hospitalized for COVID-19 only,COVID-19 infected or suspected only,Clin-epi,No,"hospitals in Waterloo, Hamilton, and Niagara regions: 
Grand River Hospital (GRH)
Hamilton Health Sciences-Hamilton General Site (HGH)
Hamilton Health Sciences -Juravinski Site (JH)
Niagara Health
St. Joseph’s Hamilton (SJH)
St. Mary’s General Hospital (SMGH)",https://www.coregontario.ca/about,6,Not specified,Not speicified,Not specified,Data Access process availble on website,https://www.coregontario.ca/info-data-access,Yes,No,No,Unsure,"COREG is a platform to collect detailed case data on confirmed COVID-19 hospital inpatients, as well as positive outpatients.  It is the only such platform that can provide McMaster researchers and partners with complete regional level clinical data on COVID-19 cases for informing rapid decision-making and projections, sub-studies, extensions, and linkage. We will also leverage the COREG for the functional recovery sub-study which will determine the trajectory of physical functional recovery post-hospital discharge for survivors of serious-COVID 19 illness to understand their critical rehabilitative care needs.

OBJECTIVES
Our aim is to collect data on the impact and burden of COVID-19 that can inform and support real-time local clinical and policy decisions. Specifically, our objectives are to: 
Create a COVID-19 admission case registry as a local research and quality improvement platform for the COVID-19 pandemic; and 
Collect data that can inform local pandemic decisions and evaluation, including incidence, vulnerability, complications, and clinical course of COVID-19 patients.",https://www.coregontario.ca/about,No,Yes - NOT on FAIRsharing,No DOI assigned,N/A - doesn't have a DOI,Meets 3 of 4 criteria,N/A,Retrospective,Repository CRF data entry screen (e.g. REDCap),Researchers and health care professionals,Individual registration required for data entry,N/A,ISARIC-WHO case report form,Yes (ISARIC/WHO/IDDO eCRF),SDTM (as through ISARIC-WHO eCRF),N/A - no OMICs data collected,N/A - no participant level imaging data collected,Yes,Not specified,apply to REB and submit proof of valid ethics approval and relevant documents to receive any COREG data,Directions available on the website,https://www.coregontario.ca/info-data-access,Yes,Not specified,Yes,Any group whose application is approved,Participant-level data will be shared once platform or repository management has completed their own analyses,N/A,DAC,Information available on the website,https://www.coregontario.ca/info-data-access,Complete the information in the application form and a primary investiagtorrs  group will review if the rojetc is unique for sharing data.,Information available on the website,https://www.coregontario.ca/info-data-access,Not required – platform/registry data deemed non-human subjects research by relevant ERC/IRB,Existing chart data was generated during routine clinical care. A waiver of informed consent is granted.,Not specified,EMR data collected in routine care therefore deemed exempt from IRB or ERC review,N/A,Not required – platform/registry data deemed non-human subjects research by relevant ERC/IRB,Not specified,Must engage at least one representative from all sites that contribute data. Must cite at least one representative from each site that contributes data,Individual studies that upload data,Not specified,Reports available on request,https://www.coregontario.ca/info-data-access,leverage the COREG for the functional recovery sub-study which will determine the trajectory of physical functional recovery post-hospital discharge for survivors of serious-COVID 19 illness to understand their critical rehabilitative care needs.
LM,Updated using website - LM Checked,,New,No,No,Yes,No,COVERED,COVID-19 Vaccine Registry for Pregnant or Lactating Individuals,Registry,https://covered.med.ubc.ca/,Yes,"evaluate obstetric, neonatal, and infant outcomes among women who required at least one in-hospital or ambulatory medication for mild to severe COVID-19 at any time during pregnancy or within 90 days prior to the first day of the last menstrual period.",Pregnancy or lactation,Pregnancy or lactation,Any,Pregnant or lactating individuals,≥19 years,CAN,Yes,Public Health Agency of Canada (PHAC),Government,University of British Columbia,CAN,covered.covid@ubc.ca,Deborah Money,deborah.money@ubc.ca,Not specified,N/A,"March 1, 2020",,Not specified,Not specified,,,doi:10.1001/jama.2022.5906,Yes,No,N/A - no human OMICs data,N/A - no human OMICs data,N/A - no human OMICs data,No,N/A - no pathogen OMICs data,No,N/A- no imaging data,N/A - no imaging data,N/A - no imaging data,N/A - no imaging data,N/A - no imaging data,Longitudinal,Observational data only,Both,Both,Clin-epi,No,"UBC, Women’s Health Research Institute",https://rc.bcchr.ca/redcap/surveys/?s=YJDR9PNCRF,2,Not specified,Not specified,Not specified,"vaccination status, vaccine attitudes, outcomes,  Significant health events resulting in a visit to the emergency department or hospitalization",https://rc.bcchr.ca/redcap/surveys/?s=YJDR9PNCRF,No,No,No,No,"About the Study: Individuals who have been pregnant or lactating during the COVID-19 pandemic are being recruited to take part in the COVERED vaccine study. Participants do not have to have already received a COVID-19 vaccine, nor do they need to intend to receive the vaccine.
Through this registry and survey, we will document the safety of the vaccines for those who are pregnant and lactating. //

WHAT WILL HAPPEN AFTER THE STUDY IS FINISHED?
All study related documents will be maintained at UBC and WHRI, or in an off-site secure storage location for a total of 10 years, after which the documents will be destroyed.","https://covered.med.ubc.ca/ 



https://rc.bcchr.ca/redcap/surveys/?s=YJDR9PNCRF",No,Yes - NOT on FAIRsharing,No DOI assigned,N/A - doesn't have a DOI,None of the criteria are met,N/A,Prospective (e.g. same CRF),Repository CRF data entry screen (e.g. REDCap),Patients,Individual registration required for data entry,REDCap,https://med-fom-ridprogram.sites.olt.ubc.ca/files/2021/01/Canadian-Surveillance-of-COVID-19-in-Pregnancy_REDCap-Codebook_24Dec2020.pdf,No,No clin-epi standard used,N/A - no OMICs data,N/A - no participant-level imaging data,No,Yes,Not specified,Directions not available on the website,N/A,No,N/A,No,Not specified,Not specified,N/A,Platform or registry management team,Information available on the website,https://rc.bcchr.ca/redcap/surveys/?s=YJDR9PNCRF,Results will be shared with the public and participants via website and email without participant information.,Information not available on website,https://rc.bcchr.ca/redcap/surveys/?s=YJDR9PNCRF,Not specified,"You are an adult aged at least 19 years of age at time of the study
You are pregnant or recently pregnant and lactating at the time of the study
Your pregnancy will or has concluded after March 1, 2020.  Consented through online consent form",De-identification,IRB or ERC approval obtained,https://rc.bcchr.ca/redcap/surveys/?s=YJDR9PNCRF,N/A - patient registry,Not specified,Not specified,Not specified,Not specified,Reports (not real-time) available on website,N/A,
,,,Old,Yes,Yes,Yes,Yes,AHA COVID-19 CVD Registry,American Heart Association COVID-19 Cardiovascular Disease Registry,Registry,https://www.heart.org/en/professional/quality-improvement/covid-19-cvd-registry,Yes,"To better understand the clinical treatment patterns and variations, including the
collection of biomarkers, and cardiovascular outcomes in hospitalized COVID-19
patients ",CVD,Cardiovascular diseases,Cardiovascular system,General,≥18 years,USA,Yes,American Heart Association (AHA) and donation funded,"Professional organization, Donation funded",AHA,USA,qualityresearch@heart.org,Not specified,Not specified,Not specified,Not specified,"April 3, 2020",Yes,American Heart Association (AHA),Not specified,N/A,N/A,DOI: 10.1161/CIRCOUTCOMES.120.006967; https://pubmed.ncbi.nlm.nih.gov/33200953/,Yes,No,N/A - no human OMICs data,N/A - no human OMICs data,N/A - no human OMICs data,No,N/A - no pathogen OMICs data,No,N/A - no imaging data,N/A - no imaging data,N/A - no imaging data,N/A - no imaging data,N/A - no imaging data,Cross-sectional,Observational data only,Hospitalized for COVID-19 only,COVID-19 infected or suspected only,Clin-epi,No,"Abbott Northwestern Hospital
Allegheny General Hospital
Allegheny Valley Hospital
Anderson Regional Medical Center
Appling Healthcare System
Ascension St. Joseph Hospital
AU Medical Center
Beth Israel Deaconess Medical Center
Beverly Hospital
Bridgeport Hospital
Brigham and Women's Hospital
BronxCare Health System
Buffalo Hospital
Cambridge Medical Center
Canonsburg Hospital
Carrollton Regional Medical Center
Catholic Health - Mercy Hospital of Buffalo
Cedars-Sinai Marina del Rey Hospital
Cedars-Sinai Medical Center
Community Hospital, Community Healthcare System
Cooper University Health Care
Cox Medical Center Branson
District One Hospital
Emory Johns Creek Hospital
Emory Saint Joseph's Hospital
Emory University Hospital
Emory University Hospital Midtown
Eskenazi Health
Essentia Health
Essentia Health East. St. Mary's Medical Center
Essentia Health-St. Joseph's Medical Center
Essentia Health-St. Mary's Hospital of Superior
Floyd Medical Center
Forbes Hospital
Froedtert Hospital
Good Samaritan Hospital, a member of WMC Health
Greenwich Hospital
Hackensack Meridian Health Jersey Shore University Medical Center
Harborview Medical Center
Holy Cross Hospital
Huntington Hospital
Inova Alexandria Hospital
Inova Fair Oaks Hospital
INOVA Fairfax Hospital
Inova Loudoun Hospital
Inova Mount Vernon Hospital
Jefferson Community Health & Life
Jefferson Hospital
Johnston Health
Kearney Regional Medical Center
Kenmore Mercy Hospital
Lake District Hospital
Lawrence + Memorial Hospital
Maine Medical Center
Memorial Hospital at Gulfport
Memorial Hospital West
Memorial Regional Hospital
Mercy Hospital
Mobile Infirmary
Morrill County Community Hospital
Mount St. Mary's Hospital
Mt. Ascutney Hospital and Health Center
Nash UNC Health Care
Nassau University Medical Center
New Hanover Regional Medical Center
New Ulm Medical Center
NewYork-Presbyterian Brooklyn Methodist Hospital
NewYork-Presbyterian Queens
NewYork-Presbyterian/Columbia University Medical Center
NewYork-Presbyterian/Lower Manhattan Hospital
NewYork-Presbyterian/The Allen Hospital
NewYork-Presbyterian/Weill Cornell Medical Center
Northshore University HealthSystem Evanston Hospital
Northshore University HealthSystem Glenbrook Hospital
Northwestern Memorial Hospital
NYC Health + Hospitals/Metropolitan
OHSU
Onslow Memorial Hospital
Our Lady of the Lake Regional Medical Center
Owatonna Hospital
Pardee UNC Health Care
Parkland Health & Hospital System
ProMedica Bay Park Hospital
ProMedica Charles and Virginia Hickman Hospital
ProMedica Coldwater Regional Hospital
ProMedica Defiance Regional Hospital
ProMedica Flower Hospital
ProMedica Fostoria Community Hospital
ProMedica Memorial Hospital
ProMedica Monroe Regional Hospital
ProMedica Toledo Hospital
Providence Holy Cross Medical Center
Providence Regional Medical Center Everett
Providence Saint John's Health Center
Regina Hospital
River Falls Area Hospital
Ronald Reagan UCLA Medical Center
Rush University Medical Center
Saint Vincent Health System
Santa Monica - UCLA Medical Center and Orthopedic and Hospital
Sisters of Charity Hospital
Southeast Health
Southern New Hampshire Medical Center
South Shore Health 
St. Catherine Hospital Inc.
St. Francis Regional Medical Center
St. Luke's University Hospital
Stanford Healthcare
Sturdy Memorial Hospital
SwedishAmerican Hospital, A Division of UW Health
Temple University Hospital
The Medical Center at Bowling Green
The University of Kansas Health System
The University of Vermont Medical Center
The University of Virginia Health System
Truman Medical Center
UAB Hospital
UC San Diego Health - UC San Diego Medical Center
UChicago Medicine
UI Health
UNC Hospitals
UNC Lenoir Health Care
UNC REX Healthcare
United Hospital
University Hospital
University of California San Francisco (UCSF)
University of Iowa Hospitals and Clinics
University of Maryland Shore Medical Center at Easton
University of Miami Hospital
University of Michigan Health System
University of Missouri Health Care
University of Utah Health Care - Hospital and Clinics
University of Wisconsin Hospital and Clinics
UR Medicine Strong Memorial Hospital
UT Southwestern Medical Center
UW Medicine | Valley Medical Center
UWMC - Northwest Campus
Vidant Medical Center
Virginia Hospital Center
Wayne UNC Health Care
WellStar Atlanta Medical Center
WellStar Atlanta Medical Center South
WellStar Cobb Hospital
WellStar Douglas Hospital
WellStar Kennestone Regional Hospital
WellStar North Fulton Hospital
WellStar Paulding Hospital
WellStar Spalding Regional Hospital
WellStar West Georgia Medical Center
West Penn Allegheny Health System
Westerly Hospital
Yale - New Haven Hospital",https://www.heart.org/en/professional/quality-improvement/covid-19-cvd-registry,152 (26.08.212),"28,000 patient records (25.08.22)","28,000 patient records (25.08.22)",N/A - no pathogen OMICS data,"130,000 lab reports collected (25.08.22)",https://www.heart.org/en/professional/quality-improvement/covid-19-cvd-registry/covid-19-cvd-registry-research-opportunities,Yes,No,Unsure ,No,"About data sharing: the American Heart Association's (AHA) COVID-19 CVD Registry serves as an aggregate data source for potential research on the disease, development of treatment protocols, and identification of risk factors tied to adverse cardiovascular outcomes.",https://www.heart.org/en/professional/quality-improvement/covid-19-cvd-registry,No,Yes - ON FAIRsharing,https://doi.org/10.25504/FAIRsharing.dmgSOV,Yes,Meets 2 of 4 criteria,https://fairshake.cloud/digital_object/812065/assessments/,Prospective and retrospective,Provided CRF and data upload in .csv or .xls formats,Health care professionals,Hospital - Centre - Institution registration required for data entry,Website's IQVIA Registry Platform,"https://www.heart.org/-/media/files/professional/quality-improvement/covid-19-cvd-registry/ahacovidcvdcrf428-fillable-pdf.pdf?la=en  
Form for lab tests: https://www.heart.org/-/media/files/professional/quality-improvement/covid-19-cvd-registry/ahacovidcvdcrf-serial-lab-tracker-429-fillable-pdf-1.pdf?la=en ",No,No clin-epi standard used,N/A - no OMICs data collected,N/A - no participant level imaging data collected,No,Yes,"Regardless of registry participation, researchers may request access to the COVID-19 CVD data by submitting a research proposal, which will be reviewed on a rolling basis by the AHA COVID-19 Research and Publications (R&P) Committee. Each approved project will be assigned a liaison from the R&P Committee to support the project from proposal to publication. Link to the information proposal form: https://www.heart.org/-/media/files/professional/quality-improvement/covid-19-cvd-registry/gwtg-covid-rfp3_research-proposal-form_20201115.pdf?la=en ",Directions available on the website,https://www.heart.org/en/professional/quality-improvement/covid-19-cvd-registry/covid-19-cvd-registry-research-opportunities,Not specified,Not specified,No,Any group whose application is approved,Participant-level data are being shared,N/A,DAC,Information available on the website,https://www.heart.org/en/professional/quality-improvement/covid-19-cvd-registry/covid-19-cvd-registry-research-opportunities,"Proposals will be evaluated on priority, novel contribution to the scientific literature, feasibility with the data collected, and merit",Information available on the website,https://www.heart.org/en/professional/quality-improvement/covid-19-cvd-registry/covid-19-cvd-registry-research-opportunities,No,N/A,De-identification,Represents quality control rather than research therefore deemed exempt from IRB or ERC review,https://www.heart.org/en/professional/quality-improvement/covid-19-cvd-registry/covid-19-cvd-registry-faqs,No,Not specified,Data providers given early access to the registry/platform data and acknowledgement of data providers in registry/platform data-based publications,Individual studies that upload data,A team of dedicated American Heart Association field staff work with hospitals and healthcare providers within the community to review data and understand impact on the patients they serve (information provided through additional contact),"The aggregated, deidentified data set will be available to researchers through the Association’s Institute for Precision Cardiovascular Medicine in the coming months",https://www.heart.org/en/professional/quality-improvement/covid-19-cvd-registry,
,,,Old,Yes,Yes,Yes,No (Gabi said survey will not be filled out),EMBL-EBI EMDB,European Molecular Biology Laboratory-European Bioinformatics Institute Electron Microscopy Data Bank,Platform,https://www.ebi.ac.uk/pdbe/emdb/,No,"The Electron Microscopy Data Bank (EMDB) is a public repository for electron microscopy density maps of macromolecular complexes and subcellular structures. It covers a variety of techniques, including single-particle analysis, electron tomography, and electron (2D) crystallography. ",General,General,Any,General,All ages,Worldwide,No,"European Commission Horizon 2020 Programme, Others",Government,"EMBL-EBI, Wellcome Genome Campus",GBR (UK),https://www.ebi.ac.uk/about/contact,Kim Henrick,henrick@ebi.ac.uk,Not specified,N/A,Not specified,No,Not specified,"EMBL-EBI, PDBE",,,DOI: 10.1107/s2059798317004181,No,No,N/A - no human OMICs data,N/A - no human OMICs data,N/A - no human OMICs data,No,N/A - no pathogen OMICs data,Yes,"Single-particle analysis, electron tomography, and electron (2D) crystallography",No,N/A - no clin-epi data,N/A - no CT data,N/A - no CT data,Cross-sectional,Observational data only,Both,Both,Imaging (unlinked),No,Not specified ,Not specified ,Not specified,1207 released maps (26.08.22),Not specified,Not specified,Not specified,https://www.ebi.ac.uk/pdbe/emdb/statistics_main.html/,Yes,No,Yes,No,About data sharing (platform in general): The Electron Microscopy Data Bank (EMDB) is a public repository for electron cryo-microscopy volume maps and tomograms of macromolecular complexes and subcellular structures. ,https://www.ebi.ac.uk/emdb/about,No,Yes - ON FAIRsharing,https://doi.org/10.25504/FAIRsharing.651n9j,No,Meets 3 of 4 criteria,N/A,Prespecified standard (e.g. DICOM),Prespecified standard (e.g. DICOM),Researchers,Individual registration required for data entry,N/A - no clin-epi data,N/A - no clin-epi data,N/A - no clin-epi data,N/A - no clin-epi data,N/A - no OMICs data collected,"CCP4 map format, MRC map format, PDB, PDBx/mmCIF, CCP4 MF",Yes,Yes,Images can be downloaded from https://www.ebi.ac.uk/pdbe/emdb/browse.html/,Directions available on the website,https://www.ebi.ac.uk/pdbe/emdb/faq,No,Not specified,No,Open access,Participant-level data are being shared,N/A,Open access,Information available on the website,https://www.ebi.ac.uk/pdbe/emdb/policies.html,Open access ,Information available on the website,https://www.ebi.ac.uk/pdbe/emdb/policies.html,No,N/A,Not specified,Not specified,N/A,No,Not specified,Not specified,Not specified,Not specified,Not specified ,N/A,
,,Participant-level data are not harmonized as per the survey response. Data lake approach. Will not be included in the Lancet DH final submission. ,Old,Yes,No,No,Yes,COVID-19 Data Sharing/BR Initiative,COVID-19 Data Sharing/BR Initiative,Data lake or dataverse,https://repositoriodatasharingfapesp.uspdigital.usp.br/,Yes,To publish open data on people Brazil who have undergone COVID-19 testing,General,General,Any,General,All ages,BRA,Not specified ,"Sao Paulo Research Foundation (FAPESP) in cooperation with the University of São Paulo, and initially with the participation of the Fleury Institute, Hospital Sírio-Libanês and Hospital Israelita Albert Einstein","University, NGO",FAPESP,BRA,covid19datasharing@fapesp.br,"Luiz Eugenio Mello, Andrea Suman, Claudia Bauzer Medeiro, Claudio Prado,  EdgarRizzatti, Fatima L. S. Nunes, Gabriela Barnabé, João Eduardo Ferreira, José de Sá, Luiz Fernando Reis, Luiz Vicente Rizzo, Luzia Sarno, Raphael de Lamonica, Rui M. B. Maciel, Roberto Marcondes Cesar Jr, Rodrigo Carvalho",Not specified,Not specified,N/A,"July 1, 2020",,Not specified,Not specified,,,DOI: 10.5281/zenodo.3966427,Yes,No,N/A - no human OMICs data,N/A - no human OMICs data,N/A - no human OMICs data,No,N/A - no pathogen OMICs data,No ,N/A - no imaging data,N/A - no imaging data,N/A - no imaging data,N/A - no imaging data,N/A - no imaging data,Cross-sectional,Observational data only,Both,Both,Clin-epi,No,"Albert Einstein, Hospital Israelita 
Hospital das Clinicas da Faculdade de Medicina da Universidade de Sao Paulo 
Sírio-Libanês, Hospital 
Beneficência Portuguesa de São Paulo 
Grupo Fleury ",https://repositoriodatasharingfapesp.uspdigital.usp.br/,5 (23.06.21),Not specified,Not specified,N/A - no pathogen OMICS data,"17,989 total views of the uploaded datasets (23.06.21)",https://repositoriodatasharingfapesp.uspdigital.usp.br/statistics-home,Yes,Yes,Yes,Yes,"COVID-19 Data Sharing/BR is an initiative of the São Paulo Research Foundation (FAPESP) in collaboration with the University of São Paulo and participation of Fleury Institute, Sírio-Libanês Hospital and Israelita Albert Einstein Hospital. Its goal is to publish open COVID-19 data to contribute to and foster research related to this topic.
All datasets of the repository are available to all requesters to download, at no charge.",https://repositoriodatasharingfapesp.uspdigital.usp.br/,No,,No DOI assigned,N/A,Meets 2 of 4 criteria,N/A,No harmonization is work is done. Data are uploaded with corresponding metadata,Via a platform,Affiliated institution,Hospital - Centre - Institution registration required for data entry,Computational platform of the Open Research Data Repository Network of the State of Sao Paulo,No shared CRF. Each hospital provides their associated metadata along with uploading the data,No,Not specified and could vary between hospitals,N/A - no OMICs data collected,N/A - no participant level imaging data collected,No,Yes,All data in the registry is open and available for download at no cost,Directions available on the website,https://repositoriodatasharingfapesp.uspdigital.usp.br/,Yes (before downloading the data terms of use must be agreed to in a pop up box on the website),CC-BY,Yes,Open access,Participant-level data are being shared,N/A,Open access,Information available on the website,https://repositoriodatasharingfapesp.uspdigital.usp.br/,Open access,Information available on the website,https://repositoriodatasharingfapesp.uspdigital.usp.br/,No,N/A,Anonymization,Not specified ,N/A,No,Not specified,Not specified,Not specified,Not specified,Not specified,N/A,
,,,New,No,No,No,N/A - doesn't meet inclusion criteria,COVID-19 Data Index,COVID-19 Data Index,Data lake,https://www.covid19dataindex.org/,Yes,"COVID-19 Data Index (covid19dataindex.org), which collects and indexes all types of COVID-19 datasets from major data repositories, publications, and individual online sources. Our ultimate goal is to make the COVID-19 Data Index a one-stop shop for researchers who are looking for COVID-19 datasets, thus enabling timely scientific discoveries across disciplines.",General,General,Any,General,All ages,Worldwide,Yes,"The COVID-19 Data Index was supported in part by grant UTHealth CCTS Pilot Project 0015300 and NSF OIA-1937136, ""Open Knowledge Network: Knowledge Open Network Queries For Research (KONQUER)."" It is built on the DataMed platform, which was previously funded by the NIH under the Big Data to Knowledge program.
",Government,School of Biomedical Informatics (SBMI) at The University of Texas Health Science Center at Houston (UTHealth) and the Department of Biomedical Informatics (DBMI) at University of California at San Diego (UCSD) Healt,USA,Not specified,Firat Tiryaki,firat.tiryaki@uth.tmc.edu,Not specified,N/A,Not specified,,Not specified,Not specified,,,Not specified,Yes,Yes,Not specified ,Not specified ,Not specified ,Yes,Not specified ,Yes,Not specified,Not specified,Not specified,Not specified,Not specified,Both,Both clinical trial and observational data,Both,COVID-19 infected or suspected only,Clin-epi - Human OMICs – Pathogen OMICs (unlinked),Yes,https://www.covid19dataindex.org/#,https://www.covid19dataindex.org/#,133 countries (14.07.2021),2971 (14.07.2021),Not specified,Not specified,Total number of data sets: 7873; 11 data types (14.07.2021),https://www.covid19dataindex.org/#,Yes,No,No,No,"Our ultimate goal is to make the COVID-19 Data Index a one-stop shop for researchers who are looking for COVID-19 datasets, thus enabling timely scientific discoveries across disciplines.",https://www.covid19dataindex.org/about,No,,Awaiting DOI assignment (https://fairsharing.org/biodbcore-001800/),N/A,Cannot assess FAIRness,N/A,No harmonization is work is done,Any format,Not specified,Not specified,Not specified,Not provided,No,Not specified,Not specified,Not specified,No,Yes,Not specified,Directions not available on the website,N/A,Not specified,Not specified,No,Not specified,Participant-level data will not be shared,N/A,Not specified,Not specified,N/A,Not specified,Information not available on website,N/A,Not specified,N/A,Not specified,Not specified,N/A,Not specified,Not specified,Not specified,Not specified,Not specified,"Overview of data statistics are displayed on the main page (participating countries, data types, datasets).",https://www.covid19dataindex.org/#,
,,,New,No,No,No,N/A - doesn't meet inclusion criteria,COVID-19 Data Portal Spain,COVID-19 Data Portal Spain,Catalogue of databases,https://www.covid19dataportal.es/,Yes,"The Spanish COVID-19 Data Portal provides information, guidelines, tools and services to support researchers in utilising Spanish and European infrastructures for data sharing, in particular the European COVID-19 Data Portal.",,,,,,Spain/Europe,,,,,, covid19-dataportal@bsc.es,Not specified,N/A,Not specified,N/A,,,,,,,,,,,,,,,,,,,,,,,,,,,,,,,,,,,,No,No,No,"The Spanish COVID-19 Data Portal provides information, guidelines, tools and services to support researchers in utilising Spanish and European infrastructures for data sharing, in particular the European COVID-19 Data Portal. For those interested in ongoing large research projects in Spain, we have compiled a list of projects funded by major funding agencies.

",https://www.covid19dataportal.es,No,,No DOI assigned,,,,,,,,,,,,,,,,,,,,,,,,,,,,,,,,,,,,,,,,,,,
,,,Old,Yes,Yes,Yes,No,COVID-19 Dermatology registry,COVID-19 Dermatology registry,Registry,https://www.aad.org/member/practice/coronavirus/registry,Yes,"To understand dermatologic manifestations of the COVID-19 virus, as well as skin reactions to the COVID-19 vaccine","Patients who develop dermatologic manifestations, including patients with “long COVID”, dermatology patients with an existing condition who then develop COVID-19, or patients who have received the COVID-19 vaccine and developed a skin reaction",Skin conditions,Skin,General,All ages,Worldwide,Yes,American Academy of Dermatology,Professional organization,Massachusetts General Hospital,USA,covidregistry@aad.org,Dr Esther Freeman,efreeman@mgh.harvard.edu,Not specified,N/A,"April, 2020",Yes,"American Academy of Dermatology, International League of Dermatological Societies",Not specified,N/A,N/A,"DOIs:
10.1016/S1473-3099(20)30986-5
10.1016/j.jaad.2020.04.045
10.1016/j.jaad.2020.06.1016
10.1016/j.jaad.2020.06.050
10.1016/j.jaad.2020.09.007",Yes,No,N/A - no human OMICs data,N/A - no human OMICs data,N/A - no human OMICs data,No,N/A - no pathogen OMICs data,No,N/A - no imaging data,N/A - no imaging data,N/A - no imaging data,N/A - no imaging data,N/A - no imaging data,Cross-sectional,Observational data only,Both,COVID-19 infected or suspected only,Clin-epi,No,Not specified ,Not specified ,Not specified ,Not specified ,Not specified,N/A - no pathogen OMICS data,Not specified,N/A,No,No,No,No,All de-identified information will be kept strictly confidential and will only be shared with researchers compiling information.,https://www.aad.org/member/practice/coronavirus/registry,No,Yes - ON FAIRsharing,https://doi.org/10.25504/FAIRsharing.Qyq85j,Yes,Meets 3 of 4 criteria,https://fairshake.cloud/digital_object/812067/assessments/,Prospective (e.g. same CRF),Repository CRF data entry screen (e.g. REDCap),Health care professionals,No registration required for data entry,REDCap,https://redcap.partners.org/redcap/surveys/index.php?s=YJWAJCX7TY,No,No clin-epi standard used,N/A - no OMICs data collected,N/A - no participant level imaging data collected,No,Yes,"All requests to use the data will be reviewed by the COVID-19 Dermatology Registry Data Governance Workgroup prior to approval and are subject to the requester completing ethics and data transfer requirements. The application requires that the research team have a research question, abstract, project outline, statistical analysis plan, and anticipated timeline. The team will also have to indicate which questions/variables they wish to request from the Data Registry. If the request is approved, they will have to abide by the requirements related to abstracts, manuscripts, and authorship laid out in the application. The request form can be accessed here: https://is.gd/covid19dermreg_datarequest",Directions available on the website,https://assets.ctfassets.net/1ny4yoiyrqia/5MXUjwPWTwVUUZQBoH2Nin/7df27062612b4d0ecb55cd19f67ad53f/COVID-19_Registry_Data_Request_Process.pdf,Yes,Not specified,Yes,Any group whose application is approved,Participant-level data are being shared,N/A,DAC,Information available on the website,https://assets.ctfassets.net/1ny4yoiyrqia/5MXUjwPWTwVUUZQBoH2Nin/7df27062612b4d0ecb55cd19f67ad53f/COVID-19_Registry_Data_Request_Process.pdf,"The application requires that the research team have a research question, abstract, project outline, statistical analysis plan, and anticipated timeline for the concept",Information available on the website,https://assets.ctfassets.net/1ny4yoiyrqia/5MXUjwPWTwVUUZQBoH2Nin/7df27062612b4d0ecb55cd19f67ad53f/COVID-19_Registry_Data_Request_Process.pdf,No,N/A,De-identification,Does not constitute human subjects research therefore deemed exempt from IRB or ERC review,https://assets.ctfassets.net/1ny4yoiyrqia/C2nugKUnwxG3ZdafG01wW/42d2bcfd7a3f336c2772d11c4a4b310e/Registry_IRB_Approval_Letter.pdf,No,Not specified,Potential to be included as co-authors on registry/platform data-based publications,Registry or platform,Not specified,Not specified,N/A,
,Updated including survey response,"
",Old,Yes,Yes,Yes,Yes,COVID-19 Global Pediatric Rheumatology Database,COVID-19 Global Pediatric Rheumatology Database,Registry,https://carragroup.org/research-registry/projects/covid-19-global-pediatric-rheumatology-database,Yes,"The COVID-19 Global Rheumatology Alliance is a registry for improving surveillance of SARS-COV-2 and COVID-19 in pediatric patients with rheumatic and related autoimmune diseases. The focus of the registry is to more rapidly ascertain the presentation, natural history, outcomes, and other relevant data regarding serious COVID-19 infections occurring in individuals with pediatric rheumaticand autoimmune diseases.",Rheumatic disease,"Rheumatic disease, 
Pediatric patients","Joints, muscles, bones, organs",Pediatric patients,≤18 years,"Worldwide, except for the countries that are part of EULAR",Yes,Childhood Arthritis and Rheumatology Research Alliance,Foundation funded,"CARRA Data Warehouse
, Registries and Informatics R&D group, 
Computational Health Informatics Program, 
Boston Children's Hospital",USA,prcovid19@ihlchip.atlassian.net,Dr Marc Natter,marc.natter@childrens.harvard.edu,"Leslie Hanrahan, Anne Dennos ","lhanrahan@carragroup.org, anne.dennos@duke.edu","March 30, 2020",Yes,"The COVID-19 Global Rheumatology Alliance, Childhood Arthritis and Rheumatology Research Alliance (CARRA)","EULAR COVID-19 Registry, The COVID-19 Global Rheumatology Alliance Registry",These registries all come under the umbrella of the COVID-19 Global Rhuematology Alliance,https://rheum-covid.org/provider-registry-gate/,"DOI: http://dx.doi.org/10.1136/annrheumdis-2022-222241
        
        ",Yes,No,N/A - no human OMICs data,N/A - no human OMICs data,N/A - no human OMICs data,No,N/A - no pathogen OMICs data,No,N/A - no imaging data,N/A - no imaging data,N/A - no imaging data,N/A - no imaging data,N/A - no imaging data,Cross-sectional,Observational data only,Both,COVID-19 infected or suspected only,Clin-epi,No,Not specified ,Not specified,Not specified ,249 (30.04.21),249 (30.04.21),N/A - no pathogen OMICS data,Not specified,https://carragroup.org/research-registry/projects/covid-19-global-pediatric-rheumatology-database/current-database-enrollment,Yes,No,No,No,The newly formed COVID-19 Global Rheumatology Alliance has started a registry for improving surveillance of SARS-COV-2 and COVID-19 in individuals with rheumatic conditions. ,https://carragroup.org/research-registry/projects/covid-19-global-pediatric-rheumatology-database,No,Yes - ON FAIRsharing,https://doi.org/10.25504/FAIRsharing.EBhGci (same DOI for adult and pediatric registries of the COVID-19 Global Rheumatology Alliance Registry),Yes,Meets 3 of 4 criteria,https://fairshake.cloud/digital_object/812071/assessments/,Prospective (e.g. same CRF),Repository CRF data entry screen (e.g. REDCap),Health care professionals,Individual registration required for data entry,REDCap,"https://carragroup.org/UserFiles/file/PediatricRheumatologyCOVID19_CRF_SubjectEntry.pdf
https://carragroup.org/UserFiles/file/PediatricRheumatologyCOVID19_codebook_4.7.20.pdf",No,No clin-epi standard used,N/A - no OMICs data collected,N/A - no participant level imaging data collected,No,No - resource is closed to new data,"Limited datasets will be released for analyses to any qualified medical researcher who applies to the CARRA Data and Sample Sharing Committee and executes an approved Data Use Agreement. Potentially could also release select, derived de-identified data sets to a wider audience of researchers via an abbreviated process requiring attestation that no attempt would be made to re-identify study subjects and the data would not be further released",Directions available on the website,https://carragroup.org/UserFiles/file/COVID-19ProtocolfromCHeRP.pdf,Yes,Not specified,Yes,Any group whose application is approved,Participant-level data are being shared,N/A,DAC,Information available on the website,https://carragroup.org/UserFiles/file/COVID-19ProtocolfromCHeRP.pdf,Proposals for data access should have a valid scientific purpose ,Information available on the website,https://carragroup.org/UserFiles/file/COVID-19ProtocolfromCHeRP.pdf,No,N/A,De-identification,IRB or ERC approval obtained,https://carragroup.org/UserFiles/file/IRB-P00034912_approval_2020-03-18.pdf,No,Not specified,Acknowledgement of data providers in registry/platform data-based publications,Registry or platform and individual studies that upload data,"The CARRA Director of Partnership and Patient Engagement leads efforts to engage Patient Partners and other stakeholders in all CARRA-relatedefforts, including this project",Summary of database enrollment is available on the website,https://carragroup.org/research-registry/projects/covid-19-global-pediatric-rheumatology-database/current-database-enrollment,
,,"Registry is closed, final report: https://registry.rice.edu/third_party/COVID_19_Registry-Public_Final_Report.pdf",Old,Yes,Yes,Yes,No,COVID-19 Registry,COVID-19 Registry,Registry,https://registry.rice.edu/covid19,Yes,"To provide real-time information on the spread of COVID-19, who is being affected, and how",General,General,Any,General,≥18 years,USA,Yes,Rice University ,University,Rice University ,USA,Covid19Registry@rice.edu,Dr Marie Lynn Miranda,Not specified,"Rashida Callender, Joanna Espinoza",Not specified,"April, 2020",Yes,Environmental Defence Fund (EDF),Not specified,N/A,N/A,Not specified,Yes,No,N/A - no human OMICs data,N/A - no human OMICs data,N/A - no human OMICs data,No,N/A - no pathogen OMICs data,No,N/A - no imaging data,N/A - no imaging data,N/A - no imaging data,N/A - no imaging data,N/A - no imaging data,Longitudinal,Observational data only,Both,Both,Clin-epi,No,N/A - patient survey,N/A - patient survey,Not specified,"9,406 (09.21)","9,406 (09.21)",N/A - no pathogen OMICS data,N/A - no pathogen OMICS data,"https://registry.rice.edu/covid19_dashboard
https://registry.rice.edu/third_party/COVID_19_Registry-Public_Final_Report.pdf",Yes,No,Yes ,Yes,"If researchers wish to use information from the registry, they must receive approval from the registry team at Rice University and their home organization.
Data from the registry will be stored in a highly secure system built by Rice University. We plan to store the information we collect in this study for as long as researchers are interested in using it.","https://registry.rice.edu/covid19_faq#q5
",No,No - not eligible for FAIRsharing,No DOI assigned,N/A - doesn't have a DOI,None of the criteria are met,N/A,Prospective (e.g. same CRF),Repository CRF data entry screen (e.g. REDCap),Patients,Individual registration required for data entry,Website-specific platform,Not provided - registration required,No,No clin-epi standard used,N/A - no OMICs data collected,N/A - no participant level imaging data collected,No,No - resource is closed to new data,Not specified,Directions not available on the website,N/A,Not specified,Not specified,No,Any group whose application is approved,Participant-level data are being shared,N/A,Platform or registry management team,Information available on the website to a limited extent,https://registry.rice.edu/covid19_faq#q14,Not specified,Information not available on website,Not provided,Yes - Patient registry that seeks consent from patients and does not accept data from studies,"Online survey - respondents have to click ""I agree"" on a page that displays information on the registry prior to filling in the survey  ",De-identification,IRB or ERC approval obtained,https://registry.rice.edu/covid19,N/A - patient registry,Not specified,Not specified,Not specified,Not specified,A dashboard of aggregated and analyzed registry Data are available along with regularly updates summary reports ,https://registry.rice.edu/covid19_dashboard,
,,,Old,No,No,No,N/A - doesn't meet inclusion criteria,COVID-19 hg,COVID-19 Host Genetics Initiative,Catalogue of datasets,https://www.covid19hg.org/,Yes,"To bring together the human genetics community to generate, share, and analyze data to learn the genetic determinants of COVID-19 susceptibility, severity, and outcomes",General,General,Any,General,All ages,Worldwide,Yes,Not specified,Not specified,Institute of Molecular Medicine Finland,FIN,hgi-faq@icda.bio,Drs. Andrea Ganna and Mark Daly,andrea.ganna@helsinki.fi,"Vilma Lammi, Hanna M. Ollila, George Davey Smith",Not specified,"March, 2020",,"FIMM, Harvard, MIT","GWAS, EGA, NHGRI AnVIL",,,DOI: 10.1038/s41431-020-0636-6; 10.1101/2021.03.10.21252820,Yes,Yes,"Genomics, Proteomics, Metabolomics, Transcriptomics, Antibody/Immune profiling",Yes,Yes,Yes,Yes,No,N/A - no imaging data ,N/A - no imaging data ,N/A - no imaging data ,N/A - no imaging data ,N/A - no imaging data ,Both,Observational data only,Both,COVID-19 infected or suspected only,Clin-epi - Human OMICs – Pathogen OMICs (linked),Yes,https://www.covid19hg.org/acknowledgements/,https://www.covid19hg.org/acknowledgements/,162 (12.07.2021),"36,590 (11.07.2021)",Not specified,Not specified,Not specified,https://app.covid19hg.org/; https://www.covid19hg.org/partners/,Yes,Unsure,Yes ,Unsure,"The COVID-19 host genetics initiative is a bottom-up collaborative effort that has three main goals:

1. Provide an environment to foster the sharing of resources to facilitate COVID-19 host genetics research (e.g. protocols, questionnaires).
2. Organize analytical activities across studies to identify genetic determinants of COVID-19 susceptibility and severity.
3. Provide a platform to share the results from such activities, as well as the individual-level data where possible, to benefit the broader scientific community.
",https://www.covid19hg.org/about/,No,,No DOI assigned,N/A,Meets 3 of 4 criteria,N/A,Retrospective for individual level data; no harmonization for summary statistics,Data can be uploaded through EGA or NHGRI AnVIL.,Researchers,Hospital - Centre - Institution registration required for data entry,Not specified,https://docs.google.com/spreadsheets/d/1RXrJIzHKkyB8qx5tHLQjcBioiDAOrQ3odAuqMS3pUUI/edit#gid=549383528,No,ICD/CPT,"Open standards and formats: FASTQ, BAM, CRAM, VCF; also raw data in any format is accepted",N/A - no participant level imaging data collected,Yes,Yes,"All researchers can apply for access to the initiative's data deposited on EGA and AnVIL via their respective DAC. For data at the EGA, the DAC is composed by the PIs of the studies that have deposited the data, and will facilitate access to the full data pool. For data on the AnVIL, access will be managed by a DAC at the NIH",Directions available on the website,https://www.covid19hg.org/data-sharing/,Yes,Not specified,Yes,Individual-level data are available to researchers after filing in applications; summarized data are available for everyone,Participant-level data are being shared,N/A,DAC or study PI for individual-level data; summary statistics open access,Information available on the website,https://www.covid19hg.org/data-sharing/,Not specified,Information not available on website,N/A,Yes,N/A,Anonymization,IRB or ERC approval obtained,https://drive.google.com/drive/folders/101UkwCExOS5T-8ZhioCmEwLjDuywZiOl,No,Not specified,Potential to be included as co-authors on registry/platform data-based publications ,Registry or platform and individual studies that upload data,Not specified,"Browser tool reporting results by region, reported SARS-CoV-2 infection vs. population controls",https://app.covid19hg.org/region,
LM,Updated using website - LM Checked,,New,No,No,Yes,No,COVID-19 ICU Registry,COVID-19 Intensive Care Unit Registry,Registry,https://www.massgeneral.org/anesthesia/research/covid-19-icu-registry,Yes,"To deploy a global, secure, user-friendly, adaptive, and reliable registry platform aimed at gathering insight into how critically ill patients due to COVID-19 are currently being treated worldwide",ICU admission,General,Any,ICU patients,All ages,Worldwide,Yes,Massachusettes General Hospital Intensive care unit department,Hospital,Massachusetts General Hospital,USA,Not specified,Riccardo Pinciroli,rpinciroli@mgh.harvard.edu,Not specified,N/A,March 2020,No,Not specified,N/A,,,Could not identify any,Yes,No,N/A - no human OMICs data,N/A - no human OMICs data,N/A - no human OMICs data,No,N/A - no pathogen OMICs data,No,N/A - no imaging data,N/A - no imaging data ,N/A - no imaging data,N/A - no imaging data,N/A - no imaging data,Both,Observational data only,Hospitalized for COVID-19 only,COVID-19 infected or suspected only,Clin-epi,No,"Patients included in this study were all admitted to Niguarda Hospital, Milan, Italy",https://www.medscape.com/viewarticle/952430_3,Two care units were included: a 27-bed standard ICU and a 15-bed temporary unit emergently opened in an operating room setting,"17 patients were included in the AM group, whereas 72 were in the ICU-VENT group","156 critically ill COVID-19 patients have been treated at Niguarda Hospital. Among these, 93 patients were admitted to the two study units. 4 were exlcuded and finally totoal with totoal 89 which participated",Not specified,"impact of pharmacologic therapies or rescue strategies,  assessment of risk factors and biomarkers",https://www.medscape.com/viewarticle/952430_2,Yes,No,(Yes) (It seems that they provide access to de-identified data),unsure,"The purpose of the study database is to track subject enrollment, capture data elements in a series of short, well-designed forms all available on-line via a secure web portal, and facilitate the transfer of data into statistical packages for analysis.
// The research project is set up in Studytrax to ensure exported datasets 
are de-identified as defined in the HIPAA privacy regulation",https://www.massgeneral.org/anesthesia/research/covid-19-icu-registry,No,No,No DOI assigned,N/A - doesn't have a DOI,None of the criteria are met,N/A,Prospective and retrospective,Repository CRF data entry screen (e.g. REDCap),Affiliated institution,Individual registration required for data entry,Studytrax,https://www.massgeneral.org/anesthesia/research/covid-19-icu-registry,Not specified,No clin-epi standard used,N/A - no OMICs data collected,N/A - no participant level imaging data collected,No,Yes,Not specified,Directions not available on the website,N/A,Not specified,Not specified,No,Not specified,Not specified,N/A,Platform or registry management team,Information not available on website,N/A,Not specified,Not specified,Not provided,Yes,This study collects data on patients admitted to the intensive care unit with acute respiratory distress syndrome due to COVID-19,De-identification,IRB or ERC approval obtained,https://www.massgeneral.org/anesthesia/research/covid-19-icu-registry,No,Insights on the impact of COVID-19 from a registry/platform associated patient survey,Not specified,Not specified,Not specified,Not specified,Not specified,"Not clear whether they seek participants' informed consent, not specified on website.  Couldnt' find publication."
,,No website ,New,No,No,No,No,COVID-19 Recovered Volunteer Research Participant Pool Registry,COVID-19 Recovered Volunteer Research Participant Pool Registry,Registry,Not provided,Yes,"prospective observational registry of COVID-19 recovered patients who are no longer symptomatic. This Registry is intended to serve as a pool of individuals that can participate in studies associated with serological testing, characterization of immunity and immune response, vaccine development, and convalescent plasma donors.",General,General,Any,Recovered from COVID-19,≤18 years,Worldwide,,,,Ronald Reagan UCLA Medical Center,USA,Not specified,Arash Naeim,anaeim@mednet.ucla.edu,Not specified,N/A,"April 8, 2020",,,,,,,Yes,No,N/A - no human OMICs data,Yes,N/A - no human OMICs data,No,N/A - no pathogen OMICs data,No,N/A - no imaging data,N/A - no imaging data,N/A - no imaging data,N/A - no imaging data,N/A - no imaging data,,,Both,COVID-19 infected or suspected only,Clin-epi,No,,,,,,,,,,,,,,,No,,No DOI assigned,,,,,,,,,,,,,,,,,,,,,,,,,,,,,,,,,,,,,,,,,,,
LM,LM Updated Oct 2022,,Old,Yes,Yes,Yes,No,COVID-HEP Registry 2.0 (COVID-Hep.net),COVID-Hepatology Registry,Registry,https://www.covid-hep.net/,Yes,To understand the impact of COVID-19 on patients with chronic liver disease and who have received liver transplants. Also to understand how pre-existing liver disease or liver transplantation affects the course of COVID-19,"Liver disease (pre-cirrhotic patients, immunosuppressed liver patients, both compensated and decompensated cirrhotic patients, and those that have already been transplanted)",Liver disease,Liver,General,All ages,"Worldwide (except for The Americas and China, Japan, Koreas, and Mongolia)",Yes,"European Association for the Study of the Liver (EASL), NIH, and North Carolina Translational and Clinical Sciences Institute","Government, University, Professional organization","Translational Gastroenterology Unit (TGU), University of Oxford",GBR (UK),info@covid-hep.net,"Multiple: Dr Thomas Marjot, Dr Gwilym Webb, Dr Tamsin Cargill, Prof Ellie Barnes",Not specified,Not specified,N/A,March 2020,Yes,"United European Gastroenterology (UEG), The International Liver Cancer Association (ILCA), British Society of Gastroenterology (BSG), British Association for the Study of the Liver (BASL), Hepatology Society of The Philippines, Gastroenterological Society of Australia (GESA), The Australia and New Zealand Liver and Intestinal Transplant Registry (ANZLITR), British Liver Trust, European Liver Patients' Association (ELPA), Hellenic Association for the Study of the Liver (EEMH)",SECURE-Liver,Same case report form,"https://www.covid-hep.net/ 
https://redcap.medsci.ox.ac.uk/surveys/?s=M3LYTRWTD4 
https://global.redcap.unc.edu/surveys/?s=LCNTTK3THW","DOIs: 
10.1016/S2468-1253(20)30271-5
10.1016/j.jhep.2020.09.024",Yes,No,N/A - no human OMICs data,N/A - no human OMICs data,N/A - no human OMICs data,No,N/A - no pathogen OMICs data,No,N/A - no imaging data,N/A - no imaging data,N/A - no imaging data,N/A - no imaging data,N/A - no imaging data,Cross-sectional,Observational data only,Both,COVID-19 infected or suspected only,Clin-epi,No,Not specified ,Not specified ,Not specified ,"1,790: 293 deaths; 759 with cirrhosis; 269 liver transplant recipients
(16.05.21) - Data are combined with that of SECURE-Liver","1,790: 293 deaths; 759 with cirrhosis; 269 liver transplant recipients
(16.05.21) - Data are combined with that of SECURE-Liver",N/A - no pathogen OMICS data,Not specified,https://www.covid-hep.net/updates.html,Yes,No,Yes,Unsure,We are committed to data sharing and happy to make our data available for researchers to answer important questions regarding COVID-19 in patients with chronic liver diseases and prior liver transplant,https://www.covid-hep.net/data.html,No,Yes - ON FAIRsharing,https://doi.org/10.25504/FAIRsharing.bsAeqi,Yes,Meets 2 of 4 criteria,https://fairshake.cloud/digital_object/812066/assessments/,Prospective (e.g. same CRF),Repository CRF data entry screen (e.g. REDCap),Health care professionals,No registration required for data entry,REDCap,https://redcap.medsci.ox.ac.uk/surveys/?s=M3LYTRWTD4,No,No clin-epi standard used,N/A - no OMICs data collected,N/A - no participant level imaging data collected,No,Yes,"Data sharing requests must be submitted using the application below. Requests will be evaluated by our Publications Steering Committee based on the following criteria: rigor, risk of bias, feasibility, track record of the researcher/research team, scientific importance, and overlap with previous and/or ongoing projects. Projects with one of the following focuses has a higher likelihood of being funded (other ideas for use of data are also welcome):

Adding to other data sets to enhance the power of a study in liver disease Use of data for validation studies, Use of registry data to compare with other disease cohorts",Directions available on the website,https://www.covid-hep.net/data.html,No,Not specified,No,Any group whose application is approved,Participant-level data are being shared,N/A,DAC,Information available on the website,https://www.covid-hep.net/data.html,"Data sharing requests must be submitted using the application below. Requests will be evaluated by our Publications Steering Committee based on the following criteria: rigor, risk of bias, feasibility, track record of the researcher/research team, scientific importance, and overlap with previous and/or ongoing projects. Projects with one of the following focuses has a higher likelihood of being funded (other ideas for use of data are also welcome):

Adding to other data sets to enhance the power of a study in liver disease Use of data for validation studies, Use of registry data to compare with other disease cohorts",Information available on the website,https://www.covid-hep.net/data.html,Not required – platform/registry data deemed non-human subjects research by relevant ERC/IRB,N/A,De-identification,Does not constitute human subjects research therefore deemed exempt from IRB or ERC review,https://www.covid-hep.net/img/CTRG_COVID-Hep_20200402.pdf,No,Not specified,Potential to be included as co-authors on registry/platform data-based publications and acknowledgement of data providers in registry/platform data-based publications,Registry or platform and individual studies that upload data,Not specified,Regular sharing of aggregated data analysis reports (including data from SECURE-Liver),https://www.covid-hep.net/updates.html,This said wasn't sharing data but it is sharing data and does have criteria (LM Oct 2022)
,,,Old,Yes,Yes,Yes,No,Discovery VIRUS COVID-19 Registry,Discovery Viral Infection and Respiratory Illness Universal Study COVID-19 Registry,Registry,https://www.sccm.org/Research/Research/Discovery-Research-Network/VIRUS-COVID-19-Registry,Yes,To create a real-time COVID-19 registry of current intensive care unit and hospital care patterns to allow evaluation of safety and observational effectiveness of COVID-19 practices and determine practice variations across hospitals,General,General,Any,ICU and hospital patients,All ages,Worldwide,Yes,Gordon and Betty Moore Foundation,NGO,Society of Critical Care Medicine (SCCM),USA,discovery@sccm.org,"PI: Dr Rahul Kashyap
Co-PIs: 
Dr Allan J. Walkey
Dr Juan Pablo Domecq Garces
Dr Vishakha Kumar","kashyap.rahul@mayo.edu
alwalkey@bu.edu 
vkumar@sccm.org ","Multiple: Dr Vishakha Kumar, Neha Deo, Vikas Bansal, Marija Bogojevich","vkumar@sccm.org 
deo.neha@mayo.edu 
bansal.vikas@mayo.edu 
bogojevich.marija@mayo.edu",April 2020,Yes,Society of Critical Care Medicine (SCCM),Not specified,N/A,N/A,"DOIs: 10.1097/CCE.0000000000000113
10.1097/CCM.0000000000004879
10.1002/jmv.26918
https://www.ncbi.nlm.nih.gov/pmc/articles/PMC7188422/",Yes,No,N/A - no human OMICs data,N/A - no human OMICs data,N/A - no human OMICs data,No,N/A - no pathogen OMICs data,No,N/A - no imaging data,N/A - no imaging data,N/A - no imaging data,N/A - no imaging data,N/A - no imaging data,Longitudinal,Observational data only,Hospitalized only,COVID-19 infected or suspected only,Clin-epi,No,"Helwan University
UMAS
Abbott Northwestern Hospital
Abington Hospital- Jefferson Hospital
acibadem university medical faculty pediatric critical care
Advent Health Ocala
Advocate Aurora Health (Multi-hospital system with Aurora Critical Care Service and Advocate Intensivist Partners providing direct patient care and ICU leadership.)
Advocate Children's Hospital
Advocate Christ Medical Center
Advocate Sherman Hospital
Advocate Trinity medical center
Aga Khan Medical Center
Aga Khan University
Aga khan university hospital, Karachi,Pakistan
Ahmed saeed
Al Ain hospital, Al Ain (Abu Dhabi)
Albany Medical Center
Ali-Asghar Hospital
Allegheny General Hospital
Allina Health/Abbott Northwestern Hospital
Almana General Hospital
Alta Bates Summit Medical Center
Alta Bates Sutter Health Center
American Hospital Dubai
American University of Beirut
Aminu Kano Teaching Hospital
AMITA health
Amita Health Saint Francis Hospital
Angeles Acoxpa Hospital
AnMed Health
Apollo Hospitals,
Arab Constructor Medical center (ACMC) , Helwan University hospital
Archbold Memorial Hospital
Aristide Le Dantec
Arrowhead Regional Medical Center
Ascension Genesys
Ascension St Mary's of Michigan
Ascension St. John
Ascension St. Mary's Hospital
Ascension St. Vincent
Ascension St. Vincent's East
ASCENSION STANDISH HOSPITAL
Assuit university
Atlantic health System
Atrium Health
Augusta Health
Augusta University Medical Center
Aultman Hospital
AUNA CLINICA LAS AMERICAS
Aurora St Lukes Medical Center
Auxilio Mutuo
Avera McKennan Hospital and University Health Center
Avera Sacred Heart Hospital
Awal Bros hospital
Banner Desert Medical Center
Banner University Medical Center - Tucson
Baptist Health Medical Center
Baptist Health South Florida
Barnes-Jewish Hospital (Washington University School of Medicine)
BayCare Health System/ Winter Haven Hospital
Baylor College of Medicine Texas Children's Hospital
Baylor Scott & White Health (total 21) system sites
Baylor St. Luke's Medical Center
Baystate Medical Center
Beaumont Children's Hospital
Beaumont Hospital
Ben Taub Hospital
Beth Israel Deaconess Medical Center
Boca Raton Regional Hospital, Florida Atlantic University
Boston Children's Hospital
Boston Medical Center Emergency Medicine Dept
Boston University
Boston University/Boston Medical Center
Bristol Regional Medical Center, Ballad Health
Brookdale hospital and medical center
Brooke Army Medical Center
Brugmann university Hospital
Cardinal Glennon Children's Hospital
Carle Foundation Hospital/University of Illinois Urbana Champaigni
Cedars-Sinai Medical Center
Centenario Hospital Miguel Hidalgo
Center hospital of National Center for Global Health and Medicine
Centre Hospitalier du Nord
CENTRO MEDICO ABC
CH Jolimont
Charles George VA Medical Center
Charleston Area Medical Center
Charlton Memorial Hospital
CHI Memorial Hospital
CHI St. Luke's Health, The Woodlands
Children's Healthcare of Atlanta at Scottish Rite
Children's Hospital at Montefiore
Children's Hospital of Philadelphia
CHildren's Hospital of Richmond at VCU
Children's of Alabama
Children’s Hospital Colorado
Children’s Hospital of Colorado at Colorado Springs
China Hospitals
CHRISTUS Mother Frances Hospital
Christus Santa Rosa Health System
CHRISTUS Spohn Hospital Corpus Christi - Shoreline
CHRISTUS St. Frances Cabrini Hospital
CHRISTUS St. Michael Hospital
Churchill Hospital
CHUSJ
CITY CLINICAL INFECTIOUS HOSPITAL, Minsk
Civil hospital
Cleveland Clinic
Cleveland Clinic Florida
CLINICA CARDIONEUROVASCULAR PABON
Clínica Medical Duarte
Clinical Centar Montenegro, Clinical for Infectious diseases
Clinical Center Kragujevac
Clinical center of Montenegro
Clinical center of Serbia/Pulmonology
Clinical Center University of Nis, Infectious Diseases Clinic
Clinical centre of Vojvodina
Clinical Hospital Center ""Dr Dragiša Mišović-Dedinje""
Clinical Hospital Center Rijeka
Cmc, Vellore
Comanche County Memorial Hospital
Community Children's
Community Hospital Network
Community Memorial Hospital
CONEVID, Universidad Peruana cayetano Heredia
Cooper University Hospital
Corpus Christi medical center
Cox Medical Center South
Crouse Hospital
Crozer-Chester Medical Center
D.Z. Zagubica
Danat alsahra
Dartmouth-Hitchcock Medical Center
Denver Health Medical Center
Department of Emergency and Critical Care Medicine, Hiroshima University
Detar Hospital
Detroit Medical Center
DHAKA MEDICAL COLLEGE HOSPITAL
Dignity Health Chandler Regional Medical Center
Dignity Health Mercy Gilbert Medical Center
Dignity Health, Sequoia Hospital
Dignity St Joseph’s Hospital and Medical Center
Dr Evert Chalmers Hospital
Dr. Fran Mihaljevic University Hospital for Infectious Diseases
Duke University Medical Center
ECMC buffalo Ny
Einstein Medical Center
El Campo Memorial Hospital
Emergency critical care center / Sapporo city general hospital
Emergency hospital #2
Emory
Emory/Children's Healthcare of Atlanta
Englewood Health Medical Center
Exeter Hospital
Falmouth Hospital
FEDERAL MEDICAL CENTER AZARE
Floridian Clinical Research
Franciscan Health Center
Franciscan Health INDnapolis
Fundacion Clinica Shaio
Gandhi Hospital
Ganzouri Specialized Hospital
GBR hospital
General Hospital
General Hospital of Ptolemaida
General Hospital Travnik
George Washington university hospital
GMCH
GOB 8mi Septemvri
Good Samaritan Hospital Corvallis
GOOD SAMARITAN MEDICAL CENTER
Gulhane
Gundersen Health System
Hamad medical corporation
Harbor UCLA Medical Center
Harbor-UCLA Medical Center
Harlem Hospital Medical Center
Hawassa COVID-19 Isolation and Treatment Center
Hawassa University Comprehensive Specialized Hospital
HCGH
Hemet Global Medical Center
Honduras Medical Center
HonorHealth
Hôpital de Nyon - Groupement Hospitalier de l'Ouest Lémanique (GHOL)
Hopitaux universitaires de Strasbourg
Hospital Almanzor Aguinaga
Hospital Ángeles Acoxpa
Hospital BP Mirante
Hospital Clínico San Cecilio
Hospital de Clínicas de Porto Alegre
Hospital Dr. Rafael Angel Calderón Guardia
Hospital General De Accidentes IGSS
Hospital General de Zona 11 IMSS Piedras Negras
Hospital General IESS Santo Domingo
Hospital Genereal La Raza IMSS
Hospital HOME
Hospital Italiano de Buenos Aires
HOSPITAL MEDICA MIA
Hospital Nacional Cayetano Heredia
HOSPITAL NACIONAL EDGARDO REBAGLIATI MARTINS
Hospital Obrero N• 2 - CNS, 2nd center - Clinica ""Los Olivos""
Hospital Regional Rafael Hernandez
Hospital temporal covid-19 Quetzaltenango
Hospital Universitario Austral
HOSPITAL UNIVERSITARIO CLÍNICO SAN CECILIO
Hospital Universitario Dr. José E. Gonzalez
Hospital Universitario La Paz
houston methodist
Houston Methodist Hospital
Houston Methodist Hospital, Texas Medical Center
Howard University Hospital
Icahn School of Medicine at Mount Sinai
IGM Hospital
Imam Reza hospital
Infectious Diseases Clinic,Clinical Centre University of Nis
Institute for Pulmonary Diseases of Vojvodina
Instituto Nacional de Ciencias Médicas y Nutrición Salvador Zubirán
Instituto Nacional de Salud del Niño
Instute of health Care Child and Youth Vojvodina
Intermountain Medical Center
ispat general hospital
Izmir Tepecik Training and Research hospital, Izmir Katip Celebi University, Medical school
Jacobi Medical Center
Jacobs Medical Center UC San Diego Health – La Jolla
Jamaica Hospital Medical Center
Jefferson Health - Northeast
Jefferson Regional Medical Center
Jefferson University
Jefferson Washington Township Hospital
JFK medical center
Jichi Medical University Saitama Medical Center
John H Stroger Hospital of Cook County
Johns Hopkins Hospital
JPS Health Network
JSS HOSPITAL, JSSAHER,
Kaiser Foundation Hospital Richmond
Kaleida Health (Buffalo General Hospital, Millard Fillmore Suburban Hospital and Oishei Children’s Hospital.)
Kariadi hospital
Kartal Dr. Lutfi Kirdar Training and Research Hospital
KBC Osijek
Kettering Health Network
KFHU
KHYBER TEACHING HOSPITAL
King Abdulaziz Medical City - 6 sites in SA
King Abdullah Medical City
King Fahad Armed Forces Hospital
King Faisal Specialist Hospital and Research center
King Khalid Hospital Najran
King Khalid University/Aseer central hospital
King salman specialist hospital
King Saud University
Klinicki centar Sarajevo
KMS
Krasnodar regional hospital #2 affiliated with Kuban Medical University
KSA HGH
Kurmitola General Hospital
KUWAIT BANGLADESH FRIENDSHIP GOVERNMENT HOSPITAL
Kuwait Extracorporeal Life Support program, Al-Amiri and Jaber Al-Ahmed hospitals
Lahey Hospital and Medical Center
Lakeland Regional Medical Center
Larkin Community Hospital
Larkin Community Hospital Palm Springs Campus
Larkin Health System
Legacy Medical System
Lehigh Valley Health Network
liaquat national hospital
Life the Glynnwood Hospital
Lifebridge Health/ Sinai Hospital of Baltimore and Northwest Hospital
Lincoln Medical Center
Lok Nayal Jay Prakash Hosptial, MAMC
Loscobos Medical Center
Loyola University Medical Center
LRG Healthcare
Luminis Health
Mackenzie Health
Macneal Hospital
MacNeal Hospital Loyola Medicine
Magnolia Regional Health Center
Maricopa Medical Center / Valleywise Health
Markham Stouffville hospital
Marshall University
Masih Daneshvari Hospital,NRITLD
Masih Dasneshvari Hospital (NRITLD)
Mass General Brigham Hospitals’
Mayo Clinic
Mayo Clinic Florida
Mayo Clinic Health System - Lacrosse
Mayo Clinic Health System, Mankato
Mayo Clinic, Jacksonville
Mayo Clinic, Rochester
Mayo Clinic, Scottsdale
mcalester regional health center
McLeod Health
Mdm
MDM hospital, Dr SN medical college
Medanta Hospital
Medica Superspecialty Hospital
Medical Center
Medical Center Hospital
Medical center Navicent health
Medical City Dallas
Medical College of Wisconsin
MEDICAL SAS
Medical University of South Carolina
Mediclinic City Hospital, Dubai
Mediclinic Parkview Hospital, Dubai
Medstar Georgetown University Hospital
Medstar Washington Hospital Center
Melwy
Memorial Hermann - Texas Medical Center
Memorial Hermann Southeast
Memorial Hospital
Memorial Sloan Kettering Cancer Center
Mercy Hospital
Mercy Hospital and Medical Center
Mercy Hospital St Louis
Mercy San Juan Medical Center
MercyOne Des Moines
Methodist Charlton Medical Center
Methodist South Hospital
MetroHealth
Midland Memorial Hospital
MidMichigan Medical Center Gratiot
Miriam Hospital
Monash Health
Montefiore Medical Center
Montefiore New Rochelle
Montefiore New Rochelle Hospital
Montfort Hospital
Morristown Medical Center
Morton Plant Hospital, Baycare Health System,
Mount Auburn Hospital
Mount Lebanon Hospital
Mount Sinai Hospital
Mount Sinai Kravis Children's Hospital
Mount Sinai Medical Center
Mount Sinai Morningside/Beth Israel/Roosevelt
Mugda medical college and hospital
Narayana Medical College Hospital
National Guard Health Affairs
National Institute of Medical Sciences and Nutrition Salvador Zubirán
Navicent Health
Nazareth Hospital - Trinity Health Mid-Atlantic
Nemours Orlando
New Hanover Regional Medical Center
NEW NAJRAN GENERAL HOSPITAL
New York Presbyterian Hospital-Weill Cornell Medicine
Nishtar Hospital Multan
Northeast Georgia Medical Center
Northside Hospital
Northwest Medical Center
Norton Children's Hospital
Nuvance Health/ Danbury Hospital. Norwalk Hospital/ Vassar Brothers Medical Center
NYP Queens
NYP Weill Cornell
NYP-Lawrence Hospital
NYU-Langone Medical Center
O'Connor Hospital
OhioHealth Doctors Hospital
OHSU
Oregon Health and Science University
Osaka Medical College Hospital
OSF St Francis Medical Center
Pakistan Institute of Medical Sciences
Parkview Regional Medical Center
Pediatric Clinic, University Clinical Centers Sarajevo
Penn Medicine Princeton Medical Center
Penn State Health Milton S. Hershey Medical Center
PICI
Piedmont Athens Regional
Piedmont Henry Hospital
Plains Regional La Casa
Prince William Medical Center
Prisma Health - Upstate and Midlands Affiliates
Promedica Toledo Hospital
Providence Alaska Medical Center
Providence Holy Cross Medical Center
PSRI HOSPITAL
Rasool akram
Real Hospital Portugues
Regional One Health
Regions Hospital
Remedika private hospital
Rhode Island Hospital
Ridgecrest Regional Hospital
Robert Wood Johnson Hamilton
Roper St Francis Healthcare
RSUP Prof.Dr.R.D. Kandou
Rush Copley Medical Center
Rush University
Rutgers University Hospital
RWJ Somerset
Saint Alphonsus Regional Medical Center
Saint Francis medical center
Saint Joseph Mercy Ann Arbor
Saint Louis University School of Medicine
Saint Luke's Health System
Saint Luke’s Health System
Saint Mary’s Hospital
Saint Peter’s university hospital
Saint Thomas West, Saint Thomas Midtown & Saint Thomas Rutherford
Salmaniya Medical Complex
San Juan City Hospital
Sanfordhealth, Fargo
Santa Barbara Cottage Hospital
Santa Cabrini Hospital
Sarasota Memorial Hospital
Sarvodaya Hospital
SCCU SEVILLA SUR
Scripps Health care system- Scripps Encinitas, Scripps Green, Scripps La Jolla, Scripps Mercy, Scripps Chula Vista
Scripps Mercy Hospital - San Diego
Seattle Children's Hospital
Select Medical Specialty Hospitals
Seoul National University Bundang Hospital
Shahid Beheshti University
Sharda hospital greater noida IND
Shifa International Hospital Ltd.
Siddharth Hospital
Sinai Hospital of Baltimore
Singapore General Hospital
Sir Run Run Hospital Nan Jing Medical University
Sky Ridge Medical Center
SMS Hospital
SMS medical college
South Shore Hospital
South West General Hospital
Southeast Colorado Hospital System
Southeast Georgia Health System
Sparrow hospital
Spectrum Health - Lakeland Medical Center
SRM medical college and Hospital
SSM Health Saint Louis University Hospital
SSM-Madison
St David's North, South, Round Rock
ST JOHNS HOSPITAL
St Joseph Regional Medical Center
St Lucie Medical Center
St Mary's Medical Center
St. Joseph Mercy Ann Arbor
St. Joseph's Candler Health System
St. Mary Medical Center
St. Mary's Medical Center
St.Agnes Hospital
Stamford Hospital
Stanford Childrens Hospital
Stanford Hospital and Clinics
Stony Brook Childrens
SUNY Downstate Medical center
SUNY Upstate Medical University
Sutter Tracy Community Hospital
Swedish Medical Center
Texas A&M University
Texas Health Huguley Ft. Worth South
Texas Health Presbyterian Dallas
Texas Health Resources - 14 hospitals
The Aga Khan University Hospital
The Brooklyn Hospital Center
The Children's Hospital at OU Medical Center
The Children’s Hospital of San Antonio
The Miriam Hospital
The Ohio State University
The Queen's Medical Center
Thomas Jefferson University Hospital
Tift Regional Health Center /Southwell health
Tohoku university hosptal
Tokyo Medical And Dental University
Trinity Health
Trinity Health/St. Mary Mercy Livonia
Trinity Medical Center West
Tripoli central hospital
Truman Medical Centers
Tulane - University Medical Center, and VA
UAB
UAB/Children's of Alabama
UC Irvine Medical Center
UC San Diego Medical Center – Hillcrest
UCLA Health
UConn Health
Uganda
UKC Maribor
Umass
UNC
United Health Group Research and Development
Univ of Arkansas for Medical Sciences
University
University Clinic of Pulmonary Diseases and TB
University Clinic of Pulmonology
University clinical centre of the Republic of Srpska
University clinical centre of the Republic Srpska
University Clinical Hospital
University Hospital
University Hospital - University of Missouri, Columbia
University Hospital of Heraklion
University Hospital of Split
University hospital of the west indies
University Hospitals
University Medical Center of Southern Nevada
University Medical Center Zvezdara
University Medical Center, Tulane University Hospital, Southeast Louisiana Veterans Health Care System
University of Alabama at Birmingham Medical Center
University of Arkansas/Arkansas Children's Hospital
University of California, San Francisco Medical Center
University of Chicago/Comer Children's Hospital
University of Cincinnati Medical Center
University of Colorado
University of Florida
University of Florida Health Jacksonville
University of Iowa Hospitals and Clinics
University of Kansas Medical Center
University of Kentucky
University of Louisville
University of Maryland
University of Maryland Capital Regional Medical Center
University of Maryland Children's Hospital
University of Maryland Medical Center
University of Maryland Midtown Campus
University of Miami Hospital
University of Michigan
University of Minnesota Masonic Children's Hospital.
University of Minnesota, UMMC, Fairview Southdale, Ridges, Bethesda
University of Mississippi Medical Center
University of Nebraska Medical Center
University of North Carolina
University of North Carolina Hospital
University of Pennsylvania
University of Piemonte Orientale (UPO)
University of Rochester Medical Center - Strong Memorial Hospital
University of South Alabama, Children's and Women's Hospital
University of South Florida
University of Southern California
University of Tennessee Medical Center
University of Texas Health, San Antonio
University of Utah
University of Vermont Medical Center
University of Virginia
University of Washington at St Louis
University of Washington Medical Center
University of Wisconsin University Hospital
Universtiy of Chicago Medicine
UPMC Children's Hospital of Pittsburgh/UPMC
Upmc lititz
UT South Western, Clements University Hospital
UT South Western, Parkland Memorial Hospital
Uzsoki Hospital Central Intensive Care Unit
VA Saint Louis Health Care System
Valleywise Health Medical Center
Vanderbilt University and VA-GRECC
VCU Health - VCU Medical Center
Vidant Medical Center/East Carolina University
Wadley Regional Medical Center
Waitemata Dhb hospital,
Wake Forest Baptist Medical Center and Network
WakeMed Health & Hospitals
Washington Hospital Healthcare System
Washington University in Saint Louis
Watauga Medical Center
Wayne County Hospital
Wayne State Medical Center
Wellspan health
Wellstar Kennestone Regional Medical Center
West Penn Hospital
West Virginia University
Wheeling Hospital
William S. Middleton Memorial VA Hospital
Wilson Medical Center
Women's and Children's Hospital
Yale New Haven Health
Yale New Haven Health - Bridgeport Hospital
Yokohama City Minato Red Cross Hospital
Zan Mitrev Clinic
Zuckerberg SAN Francisco General Hospital
Hospital HIMA San Pablo Caguas
Effia-Nkwanta Regional Hospital
University clinical hospital Mostar
North Alabama Medical Center
Putnam Community Medical Center
UHWI
AC Camargo Cancer Center",https://docs.google.com/spreadsheets/d/19e2oof7S6CZViFthOduRXA6R9uzrmQCTIlb-Z03IrTk/edit#gid=734616311,578 (10.2020),"Adults: 86010 hospital admissions and 20867 ICU admissions included 
Pediatric: 2466 hospital admissions and 928 ICU admissions included 
(22.08.22)","Adults: 86010 hospital admissions and 20867 ICU admissions included 
Pediatric: 2466 hospital admissions and 928 ICU admissions included 
(22.08.22)",N/A - no pathogen OMICS data,Not specified,https://sccmcovid19.org/,Yes,No,No,No,"Primary Aims:
Create a real-time COVID-19 registry of current ICU and hospital care patterns to allow evaluation of safety and observational effectiveness of COVID-19 practices
Determine practice variations across hospitals",https://www.sccm.org/Research/Research/Discovery-Research-Network/VIRUS-COVID-19-Registry,No,Yes - ON FAIRsharing,https://doi.org/10.25504/FAIRsharing.ogTCME,Yes,Meets all 4 criteria,https://fairshake.cloud/digital_object/812068/assessments/,Prospective (e.g. same CRF),Repository CRF data entry screen (e.g. REDCap),Health care professionals,Hospital - Centre - Institution registration required for data entry,REDCap,"One has to first register and provide documentation of IRB approval or receipt of a waiver from the IRB, then the study protocol and CRF will be sent via email 
Registration: https://forms.office.com/Pages/ResponsePage.aspx?id=9blcEC18Rk2tC6sR_bUbihfA9kgW78pBs7x-kh6Cg1FUMTVBWDhLVzZTUFFUWTRSUFJROFJRWVVENy4u ",No,C2D2,N/A - no OMICs data collected,N/A - no participant level imaging data collected,Yes,Yes,"For any study done at a participating center using only the center's data, no approval is needed. If access is required to whole registry data, the investigator will be required to submit to the SCCM Discovery Steering Committee (SC) for review and approval. As for institutions who have not submitted data to VIRUS, investigators are still looking for ways to make de-identified data publicly available, they suggest to check up on this issue again in the future",Directions available on the website,https://docs.google.com/document/d/1g9T4uoYCNt3Lb3QYpgfV0VeC43xuF_H6V_kXS3KDT10/edit,Yes,Not specified,Yes,Only groups that contributed data or are otherwise part of the consortium,Participant-level data are being shared,N/A,DAC,Information available on the website,https://docs.google.com/document/d/1g9T4uoYCNt3Lb3QYpgfV0VeC43xuF_H6V_kXS3KDT10/edit,"The Steering Committee will review each proposal for scientific merit (methodological rigor, potential impact), and will consider each proposal in light of other proposals. If two proposals are similar, the SC will encourage collaboration between groups submitting similar proposals",Information available on the website,https://docs.google.com/document/d/1g9T4uoYCNt3Lb3QYpgfV0VeC43xuF_H6V_kXS3KDT10/edit,No,N/A,De-identification,No central IRB or ERC review obtained - up to individual centres,https://docs.google.com/document/d/1g9T4uoYCNt3Lb3QYpgfV0VeC43xuF_H6V_kXS3KDT10/edit,No,Not specified,Potential to be included as co-authors on registry/platform data-based publications,Not specified,Not specified,A real-time dashboard of aggregated and analyzed registry Data are available,https://sccmcovid19.org/,
,,,New,No,No,No,N/A - doesn't meet inclusion criteria,COVID-PR,COVID-19 Information Page of the Health Department of Puerto Rico,Informational website,https://www.salud.gov.pr/CMS/142,N/A,,,,,,,,,,,,,,,,,,,,,,,,,,,,,,,,,,,,,,,,,,,,,,,,,,,,,-,-,-,Server cannot be found ,,No,,No DOI assigned,,,,,,,,,,,,,,,,,,,,,,,,,,,,,,,,,,,,,,,,,,,
,,,Old,Yes,Yes,Yes,No,ENERGY,European Academy of Neurology Neuro-covid Registry,Registry,https://www.ean.org/research/registries-surveys/neuro-covid-registry,Yes,"To provide epidemiological data on neurological manifestations in patients with COVID-19 infection reported by neurologists in outpatient services, emergency rooms, and hospital departments",Neurological conditions (but patients without neurological conditions can also be enrolled),Neurological conditions ,CNS,General,≥18 years,Worldwide,Yes,European Academy of Neurology (EAN),Professional organization,European Academy of Neurology (EAN),AT,covidregistry@ean.org,Not specified (No overall PI - each local centre has its own PI),N/A,Not specified,N/A,Not specified,No,Not specified,Not specified,N/A,N/A,"DOIs: 
10.1111/ene.14652
10.1001/jamanetworkopen.2021.12131",Yes,No,N/A - no human OMICs data,N/A - no human OMICs data,N/A - no human OMICs data,No,N/A - no pathogen OMICs data,No ,N/A - no imaging data,N/A - no imaging data,N/A - no imaging data,N/A - no imaging data,N/A - no imaging data,Longitudinal,Observational data only,Both,COVID-19 infected or suspected only,Clin-epi,No,Not specified,Not specified ,Not specified,Not specified,Not specified,N/A - no pathogen OMICS data,Not specified,N/A,No,Yes,Yes,Yes,"The EAN NEuro-covid ReGistrY Consortium (ENERGY) intends to provide epidemiological data on neurological manifestations in patients with COVID-19 infection reported by neurologists in outpatient services, emergency rooms, and hospital departments.

Through collective participation and collaboration, we will be able to provide a vital resource for neurologists and other clinicians to improve care for COVID-19 patients.",https://www.ean.org/research/registries-surveys/neuro-covid-registry,No,Yes - NOT on FAIRsharing,No DOI assigned,N/A - doesn't have a DOI,Meets 1 criterion only,N/A,Prospective (e.g. same CRF),Repository CRF data entry screen (e.g. REDCap),Health care professionals,Hospital - Centre - Institution registration required for data entry,REDCap,"Baseline and follow-up CRFs available at: https://www.ean.org/research/registries-surveys/registries/join-the-neurocovid-registry 
https://www.ean.org/fileadmin/user_upload/ean/ean/research/Registries___Surveys/ENERGY_CRF_Guide_2020.pdf 
https://www.ean.org/fileadmin/user_upload/ean/ean/research/Registries___Surveys/ENERGY_PROTOCOL_Version_MARCH_2021.pdf ",No,No clin-epi standard used,N/A - no OMICs data collected,N/A - no participant level imaging data collected,No,Yes,"Requests to access data to test scientific hypothesis must be specified in an ad-hoc protocol and be submitted for approval
to the Registry Core Scientific Committee ",Directions available on the website to a limited extent,https://www.ean.org/fileadmin/user_upload/ean/ean/research/Registries___Surveys/ENERGY_PROTOCOL_Version_MARCH_2021.pdf,No,Not specified,No,Only groups that contributed data or are otherwise part of the consortium,Participant-level data are being shared,N/A,Platform or registry management team,Information available on the website to a limited extent,https://www.ean.org/fileadmin/user_upload/ean/ean/research/Registries___Surveys/ENERGY_PROTOCOL_Version_MARCH_2021.pdf,Not specified ,Information not available on website,Not provided,No,N/A,De-identification,IRB or ERC approval obtained,https://www.ean.org/fileadmin/user_upload/ean/ean/research/Registries___Surveys/ENERGY_PROTOCOL_Version_MARCH_2021.pdf,No,Not specified,"Acknowledgement of data providers in registry/platform data-based publications
- Free EAN Congress 2023 Registration for an individual when more than 20 patients are inputted
- Support for local data entry or data transfer if more than 50 patients are inputted.
- Possibility of joining the regular ENERGY Investigators meeting and get in touch with recognized neurologist all over the world",Not specified,Not specified ,Not specified ,N/A,
LM,LM reviewed and updated Oct 2022,,Old,Yes,Yes,Yes,Yes,ELSO Registry (also called EuroELSO),Extracorporeal Life Support Organization Registry,Registry,https://www.elso.org/COVID19.aspx,No,To provide a resource for centres who may be called on to manage COVID-19 patients for possible use of ECMO,Patients receiving ECMO,ECMO,Lungs/Heart,Patients on ECMO machines,≥16 years,Worldwide ,Yes,Robert H. Bartlett Research Fund and donation funded,"Professional organization, Donation funded",ELSO,USA,registrysupport@elso.org,Dr. Matthew Paden,matthew.paden@choa.org,Not specified,N/A,"January 16, 2020",Yes,Extracorporeal Life Support Organization (ELSO),Not specified,N/A,N/A,DOI: 10.1016/S0140-6736(20)32008-0,Yes,No,N/A - no human OMICs data,N/A - no human OMICs data,N/A - no human OMICs data,No,N/A - no pathogen OMICs data,No,N/A - no imaging data,N/A - no imaging data,N/A - no imaging data,N/A - no imaging data,N/A - no imaging data,Longitudinal,Observational data only,Hospitalized only,COVID-19 infected or suspected only,Clin-epi,No,Not specified ,Not specified ,Not specified ,"15,235 suspected or confirmed cases (15,172 confirmed cases) (26.08.22)","15,235 suspected or confirmed cases (15,172 confirmed cases) (26.08.22)",N/A - no pathogen OMICS data,Not specified,https://www.elso.org/Registry/FullCOVID19RegistryDashboard.aspx,Yes,No,No,No,"The Extracorporeal Life Support Organization (ELSO) Registry is the world’s leading source of data on patients receiving extracorporeal membrane oxygenation (ECMO). This comprehensive ECMO registry data supports clinical research, regulatory agencies and individual ELSO centers making decisions on patient care and treatment protocols.",https://elso.org/Registry.aspx,No,Yes - ON FAIRsharing,https://doi.org/10.25504/FAIRsharing.HGB4cF,Yes,Meets all 4 criteria,https://fairshake.cloud/digital_object/812069/assessments/,Prospective (e.g. same CRF),Repository CRF data entry screen (e.g. REDCap),Health care professionals,Hospital - Centre - Institution registration required for data entry,Website-specific platform,https://www.elso.org/Portals/0/Files/PDF/ELSO%20SARS-CoV-2%20Data%20Definitions%2006_25_2020-2.pdf,No,ICD-10 and CPT codes,N/A - no OMICs data collected,N/A - no participant level imaging data collected,Yes,Yes,All data requests must be submitted using the most recent ELSO Registry Data Request Form: https://www.elso.org/Portals/0/ECLS%20Data%20Request%20Form%202020-06-08.docx. Approval of the ELSO Registry Committee is required for all requests ,Directions available on the website,https://www.elso.org/Registry/DataRequest.aspx,Yes,Not specified,Yes,"Only groups that contributed data or are otherwise part of the consortium
ELSO may allow queries to the Registry of de-identified data by regulatory bodies and industry for the purpose of advancing the care and safety of patients requiring Extra-Corporeal Life Support - these requests must also be submitted to the  ELSO Registry Committee",Participant-level data are being shared,N/A,DAC,Information available on the website,https://www.elso.org/Registry/DataRequest.aspx,Data will be provided based on the impact of the intended research ,Information available on the website,https://www.elso.org/Registry/DataRequest.aspx,No,N/A,De-identification,Not specified,N/A,No,Not specified,Not specified,Registry or platform,Not specified,A real-time dashboard of aggregated and analyzed registry Data are available,https://www.elso.org/Registry/FullCOVID19RegistryDashboard.aspx,
PS,Updated including survey response,Their REDCap for data entry is available only (https://redcap.isth.org/surveys/?s=4JPX9W98RH),New,No,No,Yes,Yes,COV-PREG-COAG,Pregnancy and COVID-19 Associated Coagulopathy Registry,Registry,Only website is the link to their REDCap Data Entry form:  https://redcap.isth.org/surveys/?s=4JPX9W98RH,Yes,"The SSC for Women’ s Heath Issues in Thrombosis and Haemostasis developed this registry with the following objectives:
1- To examine coagulopathy and VTE events in COVID-19 affected pregnancies and their potential link to disease severity. To assess effects of COVID-19 related coagulopathy on maternal and fetal/neonatal outcomes
2- To study the hemostatic parameters in women with COVID-19, during each trimester of pregnancy and the postpartum period
3- To evaluate the use/effects of therapies such as LMWH, Steroids for acceleration of fetal lung maturity, antibiotics, and antivirals",Pregnancy,Pregnancy,Any,Pregnant women,> 18 years,Worldwide,Yes,International Society on Thrombosis and Haemostasis (ISTH),Professional organization,International Society on Thrombosis and Haemostasis (ISTH),USA,othman@queensu.ca,"Maha Othman
KInga Ann Malinowski",othman@queensu.ca Ann.Malinowski@sinaihealth.ca,Sajida Kazi,sajida.kazi@doctors.net.uk,Not specified,,Not specified,Not specified,,,Not specified,Yes,No,N/A - no human OMICs data,N/A - no human OMICs data,N/A - no human OMICs data,No,N/A - no pathogen OMICs data,No,N/A - no imaging data,N/A - no imaging data,N/A - no imaging data,N/A - no imaging data,N/A - no imaging data,Cross-sectional,Observational data only,Both,COVID-19 infected or suspected only,Clin-epi,No,Not specified ,Not specified ,Not specified ,Not specified ,Not specified ,Not specified ,Not specified ,Not specified ,,No,No,No,"he SSC for Women’ s Heath Issues in Thrombosis and Haemostasis developed this registry with the following objectives:

1- To examine coagulopathy and VTE events in COVID-19 affected pregnancies and their potential link to disease severity. To assess effects of COVID-19 related coagulopathy on maternal and fetal/neonatal outcomes

2- To study the hemostatic parameters in women with COVID-19, during each trimester of pregnancy and the postpartum period

3- To evaluate the use/effects of therapies such as LMWH, Steroids for acceleration of fetal lung maturity, antibiotics, and antivirals",https://redcap.isth.org/surveys/?s=4JPX9W98RH,No,,No DOI assigned,N/A - doesn't have a DOI,Meets 1 criterion only,N/A,Prospective (e.g. same CRF),Repository CRF data entry screen (e.g. REDCap),Health care professionals,Individual registration required for data entry,REDCap,https://redcap.isth.org/surveys/?s=4JPX9W98RH,No,No clin-epi standard used,N/A - no OMICs data collected,N/A - no participant level imaging data collected,No,Yes,Not specified,Directions not available on the website,N/A,Yes,No,Yes,Only groups that contributed data or are otherwise part of the consortium,Participant-level data will be shared at a later time,N/A,Platform or registry management team,Information not available on website (provided through additional contact),N/A,"Study team has received ethics approval for
proposed analysis",Information not available on website (provided through additional contact),N/A,Yes,N/A,Anonymization,No central IRB or ERC review obtained - up to individual centres,N/A,No,None,Potential to be included as co-authors on registry/platform data-based publications and acknowledgement of data providers in registry/platform data-based publications and provision of funding ,Registry or platform and individual studies that upload data,None,Not specified ,N/A,
,,No website ,New,No,No,No,No,CTC Registry,Registry of CytoSorb Therapy in COVID-19 ICU Patients,Registry,Not provided,Yes,"The CTC Registry collects patient-level clinical data on CytoSorb hemoadsorption provided to COVID-19 ICU patients via integration of the CytoSorb device into ECMO, CRRT, or hemoperfusion extracorporeal circuits. The intent of the registry is to gain understanding on how CytoSorb hemoadsorption provides clinical benefit to COVID-19 ICU patients",CytoSorb therapy for COVID-19,,,"COVID-19 ICU patients receiving CytoSorb hemoadsorption via integration of the CytoSorb device into ECMO, CRRT, or hemoperfusion extracorporeal circuits",≥18 years,,,"CytoSorbents, Inc; CytoSorbents Europe GmbH",Industry,,,Not specified,Peter Nelson,pnelson@cytosorbents.com,Jenni Stokes,jstokes@cytosorbents.com,"August 28, 2020",,,,,,,,,,,,,,,,,,,,,,,,,,,,,,,,,,,,,,,,No,,No DOI assigned,,,,,,,,,,,,,,,,,,,,,,,,,,,,,,,,,,,,,,,,,,,
LM,Updated using both survey and website  - LM updated,,New,No,No,Yes,No,COVID-19 CVD Registry,COVID-19 Cardiovascular Disease Registry,Registry,https://www.heart.org/en/professional/quality-improvement/covid-19-cvd-registry,Yes,Registry of patients who have undergone a diagnostic nasopharyngeal swab for SARS-CoV-2 and determine their long-term cardiovascular outcomes.,General,General,cardiovascular system,hospitalized COVID-19 patients,≥18 years,Worldwide,Yes,Not specified,Not specified,American Heart Association,USA,qualityresearch@heart.org,"Salvatore Brugaletta, Victor Arévalos, Luis Ortega-Paz",sabrugaletta@gmail.com,Heather M. Alger,heather.alger@heart.org,"May 1, 2020",Yes,American Heart Association,No,,,https://doi.org/10.1161/CIRCOUTCOMES.120.006967; https://doi.org/10.1371/journal.pone.0255263,Yes,No,N/A - no human OMICs data,N/A - no human OMICs data,N/A - no human OMICs data,No,N/A - no pathogen OMICs data,No,N/A - no imaging data,N/A - no imaging data,N/A - no imaging data,N/A - no imaging data,N/A - no imaging data,Cross-sectional,Observational data only,Hospitalized for COVID-19 only,COVID-19 infected or suspected only,Clin-epi,No,Any hospital,Any hospital,Not specified,Not specified,Not specified,Not specified,Not specified,N/A,No,No,No ,Unsure,"Researchers, at hospitals participating in the COVID-19 CVD Registry, may request access to the data by submitting a research proposal with specific aims to qualityresearch@heart.org. Proposals are accepted on a rolling basis and reviewed by the COVID-19 Steering Committee. Proposals are blindly scored on the basis of priority, novel contribution to the scientific literature, feasibility with the data collected, and merit. Approved projects will be paired with a COVID-19 Steering Committee mentor for the duration of the study.

Researchers have the option to complete the statistical analysis for their approved proposal on the Precision Medicine Platform (PMP) using the data set available at that time, or have the AHA Data Analysis Team of experts conduct the analysis in full collaboration with researchers.",https://www.heart.org/en/professional/quality-improvement/covid-19-cvd-registry/covid-19-cvd-registry-faqs,No,No,No DOI assigned,N/A - doesn't have a DOI,Meets 1 criterion only,N/A,Prospective and retrospective,Repository CRF data entry screen (e.g. REDCap),Researchers,Hospital - Centre - Institution registration required for data entry,Get With the Guidelines,https://www.heart.org/-/media/Files/Professional/Quality-Improvement/COVID-19-CVD-Registry/AHACOVIDCVDCRF428-Fillable-PDF.pdf,No,No clin-epi standard used,N/A - no OMICs data collected,N/A - no participant level imaging data collected,No,Yes,"Researchers, at hospitals participating in the COVID-19 CVD Registry, may request access to the data by submitting a research proposal with specific aims to qualityresearch@heart.org.",Directions available on the website,https://www.heart.org/en/professional/quality-improvement/covid-19-cvd-registry/covid-19-cvd-registry-faqs,Yes,Not specified,No,Any group whose application is approved,Participant-level data are being shared,N/A,DAC,Information available on the website,https://www.heart.org/en/professional/quality-improvement/covid-19-cvd-registry/covid-19-cvd-registry-faqs,"Proposals are blindly scored on the basis of priority, novel contribution to the scientific literature, feasibility with the data collected, and merit. ",Information available on the website,https://www.heart.org/en/professional/quality-improvement/covid-19-cvd-registry/covid-19-cvd-registry-faqs,Not required – platform/registry data deemed non-human subjects research by relevant ERC/IRB,Participants are not consented.  EHR data is input into the eCRF,De-identification,Does not constitute human subjects research therefore deemed exempt from IRB or ERC review,Most hospitals participating in the other GWTG registries as well as this patient data registry do not require institutional review board (IRB) review. Your hospital IRB will determine whether participation is subject to or exempt from IRB oversight.,Not required – platform/registry data deemed non-human subjects research by relevant ERC/IRB,Insights on the impact of COVID-19 from a registry/platform associated patient survey,Can participate in statistcal analysis.,Not specified,Not specified,Not specified,N/A,
,,Including in the Lancet DGH final submission although not originally included as collects nucleotide sequences that then flow to INSDC,Old,No,Yes,Yes,REDCap survey not sent,DDBJ,DNA Data Bank of Japan,Platform,https://www.ddbj.nig.ac.jp/index-e.html,No,"DDBJ collects nucleotide sequence data as a member of International Nucleotide Sequence Database Collaboration (INSDC) and provides freely available nucleotide sequence data and a supercomputer system, to support research activities in life science",General,General,Any,General,All ages,Worldwide,No,"Japanese Ministry of Education, Culture, Sports, Science and Technology (MEXT)",Government,"Research Organization of Information and Systems, National Institute of Genetics (NIG)",JAP,https://docs.google.com/forms/d/e/1FAIpQLSeNrBMkr9lV6IaWCJCXeGBddDF3tJXcv6SQCQ5lYWETmiuRAg/viewform,Masanori Arita,arita@nig.​ac.jp,AONO Hideo (Data Submission Curator),Not specified,Not specified,No,Not specified,"DDBJ Center internationally contributes as a member of INSDC to collect and to provide nucleotide sequence data with ENA/EBI in Europe and NCBI in USA; JGA, NBDC, DRA, GEA",,,Not specified,No,Yes,"Genomics, nucleotide and amino acid sequences",Not specified,N/A - no clin-epi data,Yes,N/A - no clin-epi data,No,N/A - no imaging data,N/A - no imaging data,N/A - no imaging data,N/A - no imaging data,N/A - no imaging data,Cross-sectional,Observational data only,Both,Both,Human OMICs - pathogen OMICs (unlinked),Yes,Not specified ,Not specified ,Not specified ,Not specified ,Not specified ,Not specified ,Not specified ,N/A,No,Yes,Yes,Yes,Bioinformation and DDBJ Center provides sharing and analysis services for data from life science researches and advances science.,https://www.ddbj.nig.ac.jp/index-e.html,No,Yes - ON FAIRsharing,https://doi.org/10.25504/FAIRsharing.k337f0,No,Meets all 4 criteria,N/A,Prespecified standard (e.g. DICOM),Two systems for data submission: (i) the Nucleotide Sequence Submission System (NSSS) and (ii) the Mass Submission System (MSS). The NSSS is an interactive application facilitating the entry of all items via a web-based form. The MSS is a procedure to directly send large data files.,Researchers,Individual registration required for data entry,N/A - no clin-epi data,N/A - no clin-epi data,N/A - no clin-epi data,N/A - no clin-epi data,"multi-FASTA format, DDBJ/ENA/GenBank FT",N/A - no participant level imaging data collected,Yes,Yes,"Data accessible through the chosen database: GEA, DRA, DDBJ for unrestricted access data (without any restriction to use) and JGA for controlled access data (with restrictions to use).",Directions available on the website,https://www.ddbj.nig.ac.jp/policies-e.html,Yes,Not specified,Yes,Open access,Participant-level data are being shared,N/A,Data generator,Information available on the website,https://www.ddbj.nig.ac.jp/policies-e.html,"Data are open access, unless data generators decide to restrict access",Information available on the website,https://www.ddbj.nig.ac.jp/policies-e.html,Yes,N/A,De-identification,Not specified,N/A,Not specified,Not specified,- Citation of study team by analyses that use data they contributed,Registry or platform and individual studies that upload data,Not specified,Not specified ,N/A,
,,Multicenter cohort study rather than registry. Closed to outside partners. Will not be included in the Lancet DH final submission.,Old,Yes,No,No,No,GCS-NeuroCOVID,Global Consortium to Study Neurological dysfunction in COVID-19 patients ,Multicenter cohort study where sites fixed at beginning and new sites cannot apply for inclusion,https://www.neurocriticalcare.org/research/covid-19-research-opportunities,Yes,To help determine the impact of COVID-19 on neurological conditions - a tiered research program with several prospective cohorts including adult and pediatric cohorts,Neurological conditions,Neurological conditions,CNS,General,All ages,Worldwide,Yes,"Neurocritical Care Society (NCS), the Neurocritical Care Research Network (NCRN), and the Clinical Translational Science Institute from the University of Pittsburgh","Professional organization, University",University of Pittsburgh,USA,info@neurocriticalcare.org,Dr Sherry Chou and Dr Molly McNett,Not specified,Not specified,N/A,"March 27, 2020",,Not specified,ENERGY,,,"DOIs:
10.1007/s12028-020-00995-3
10.1007/s12028-020-01100-4",Yes,No,N/A - no human OMICs data,N/A - no human OMICs data,N/A - no human OMICs data,No,N/A - no pathogen OMICs data,No ,N/A - no imaging data,N/A - no imaging data,N/A - no imaging data,N/A - no imaging data,N/A - no imaging data,Longitudinal,Observational data only,Hospitalized only,COVID-19 infected or suspected only,Clin-epi,No,Not specified,https://www.neurocriticalcare.org/research/covid-19-research-opportunities,Over 200 (26.06.21),Not specified,Not specified,N/A - no pathogen OMICS data,Not specified,N/A,Yes,No,No,Unsure,"Help determine the impact of COVID-19 on neurological conditions by participating in our Global Consortium Study of Neurological Dysfunction in COVID 19 (GCS NeuroCOVID study). A full description of our methods paper is listed here. The study is led by Dr. Sherry Chou, MD, MSc and Dr. Molly McNett, PhD, RN, with the data coordinating center housed at the University of Pittsburgh. There are over 200 sites currently participating in the consortium, with global representation from over 30 countries. The study is supported by the Neurocritical Care Society (NCS), the Neurocritical Care Research Network (NCRN), and the Clinical Translational Science Institute from the University of Pittsburgh. ",https://www.neurocriticalcare.org/research/covid-19-research-opportunities,No,,No DOI assigned,N/A,Meets 1 criterion only,N/A,Prospective (e.g. same CRF),Repository CRF data entry screen (e.g. REDCap),Health care professionals,Hospital - Centre - Institution registration required for data entry,Not specified,Not provided - registration required ,No,No clin-epi standard used,N/A - no OMICs data collected,N/A - no participant level imaging data collected,No,No - resource is closed to new data,"All requests for consortium data will be submitted for review and adjudication through a scientific committee comprised of international adult and pediatric subspecialist members from centers who have contributed data. Once approved by the scientific committee, data will be made available to requesting investigators after establishing a data-sharing agreement. De-identified data will be made publicly available upon the completion of the project and publication of primary manuscripts from this work",Directions not available on the website (mentioned in a publication),https://link.springer.com/article/10.1007%2Fs12028-020-00995-3,Yes,Not specified,Yes,Any group whose application is approved,Participant-level data are being shared,N/A,DAC,Information not available on website (mentioned in a publication),https://link.springer.com/article/10.1007/s12028-020-01100-4#citeas,Not specified ,Information not available on website,Not provided,"Includes three tiers of study designs ranging from IRB-exempt basic clinical data element collection with waiver of consent all the way to advanced translational laboratory, electrophysiologic, and imaging studies to probe into pathophysiology that requires IRB-approval and written informed consent",N/A,De-identification,IRB or ERC approval obtained,https://link.springer.com/article/10.1007/s12028-020-00995-3,"Includes three tiers of study designs ranging from IRB-exempt basic clinical data element collection with waiver of consent all the way to advanced translational laboratory, electrophysiologic, and imaging studies to probe into pathophysiology that requires IRB-approval and written informed consent",Not specified,Not specified,Not specified,Not specified ,De-identified data will be made publicly available upon the completion of the project and publication of primary manuscripts from this work,https://link.springer.com/article/10.1007/s12028-020-00995-3,
,,,Old,No,No,No,N/A - doesn't meet inclusion criteria,ELIXIR,European Life-science Infrastructure for Biological Information,Catalogue of platforms,https://elixir-europe.org/,No,ELIXIR provides a range of services that you can use for studying the SARS-CoV-2 coronavirus and the COVID-19 disease; COVID-19 data can be uploaded to ELIXIR's Deposition Databses or partnering platforms.,General,General,Any,General,All ages,Europe,Not specified,Partially funded by the European Commission within the Research Infrastructures programme of Horizon 2020,Government,"EMBL-EBI, Wellcome Trust Genome Campus",GBR (UK),info@elixir-europe.org,Niklas Blomberg,niklas.blomberg@elixir-europe.org,Katharina Lauer,katharina.lauer@elixir-europe.org,Not specified,,"ESFRI, Euro-BioImaging, BioExcel CoE, Australian BioCommons, GOBLET, RDA, GA4GH","Array Express, BioModels, BioSamples, BioStudies, EGA, EMDB, EVA, IntAct, MetaboLights, PDBe, PRIDE, ENA, EMBL-EBI, GISAID, COVID-19 Data Portal",,,DOIs: 10.1111/bph.15094; 10.1038/s41431-020-0637-5; 10.1093/molbev/msab049,No,Yes,"Genomics, mass-spectrometry based proteomics data",No,N/A - no clin-epi data,Yes,N/A - no clin-epi data,Yes,"electron microscopy density maps of macromolecular complexes and subcellular structures, metabolite structures and their reference spectra, biological macromolecular structures, mass spectra",Yes,N/A - no clin-epi data,N/A - no CT data,N/A - no CT data,Cross-sectional,Observational data only,Both,Both,"Human OMICs (unlinked), pathogen OMICs (unlinked), imaging (unlinked)",Yes,List of partnering databases: https://elixir-europe.org/services/covid-19,List of partnering databases: https://elixir-europe.org/services/covid-19,Not specified,Not specified,Not specified,Not specified,70 signatures of the open letter to making SARS-CoV-2 data freely accessible for everyone to beat the pandemics.,https://dev.covid19dataportal.org/support-data-sharing-covid19,Yes,Yes,Yes,Yes,"
The aim of the COVID-19 Data Portal is to facilitate data sharing and analysis, and to accelerate coronavirus research.
COVID-19 Data Portal, which will bring together and continuously update relevant COVID-19 datasets and tools, will host sequence data sharing and will facilitate access to other SARS-CoV-2 resources.",https://dev.covid19dataportal.org/the-european-covid-19-data-platform,No,,Catalogue of platforms - FAIRness of included platforms is assessed,N/A,Cannot assess FAIRness,N/A,Prespecified standard (e.g. DICOM),Through the Deposition Databases,Researchers,Not specified,N/A - no clin-epi data,N/A - no clin-epi data,N/A - no clin-epi data,N/A - no clin-epi data,"Plain text, FASTA, XML, RDF, Dublin Core, tsv, JSON",N/A - no participant level imaging data collected,Yes,Yes,"Data can be accessed through the Deposition Databases, the specific procedure is individual for every database, however the data is openly available (The ELIXIR Data platform promotes Open Access as a core principle for publicly funded research. ELIXIR Deposition Databases ideally reflect this commitment and have terms of use or a licence that enables the reuse and remixing of data)",Directions available on the website to a limited extent,https://elixir-europe.org/platforms/data,Yes,Not specified,Yes,Open access (however may differ for every Deposition Database),Participant-level data are being shared,N/A,Open access,Information available on the website to a limited extent,https://elixir-europe.org/platforms/data,Open access,Information available on the website,https://elixir-europe.org/platforms/data,Not specified,N/A,Not specified,Not specified,N/A,Not specified,Not specified,The purpose of this Deposition Databases list is to provide guidance to those who formulate policy and working practices about the appropriate repositories for publishing open data in the life sciences,Not specified,"Governments and ministries of countries are members of the ELIXIR consortium, and the scientific community in each member country develops their national Node",Interactive map of what ELIXIR members are doing,https://elixir-europe.org/services/covid-19/what-we-are-doing,
,,,Old,Yes,Yes,Yes,No,HS-COVID,Global Hidradenitis Suppurativa COVID-19 Registry,Registry,https://hscovid.ucsf.edu/,Yes,To monitor and report outcomes of COVID-19 occurring in hidradenitis suppurativa (HS) patients,Hidradenitis suppurativa,Skin conditions,Skin,General,All ages,Worldwide,Yes,Not specified,Not specified,University of California San Francisco,USA,hscovid@ucsf.edu,Dr Haley Naik,haley.naik@ucsf.edu,"Multiple: Raed Alhusayen, John Frew, Sandra Guilbault, John R. Ingram, Michelle Lowes, Angelo Marzano, Christine A. Yannuzzi, and Bente Villumsen",Not specified,"April 5, 2020",Yes,"Hidradenitis Suppurativa Foundation, the Canadian Hidradenitis Suppurativa Foundation, the European Hidradenitis Suppurativa Foundation, the Asia-Pacific Hidradenitis Suppurativa Foundation, Hope for HS and Hidradenitis Suppurativa Warriors",Not specified,N/A,N/A,DOI: 10.1111/bjd.19345,Yes,No,N/A - no human OMICs data,N/A - no human OMICs data,N/A - no human OMICs data,No,N/A - no pathogen OMICs data,No,N/A - no imaging data,N/A - no imaging data,N/A - no imaging data,N/A - no imaging data,N/A - no imaging data,Cross-sectional,Observational data only,Both,COVID-19 infected or suspected only,Clin-epi,No,Not specified,Not specified ,Not specified,448: 374 from the patient survey and 74 from the provider survey (26.01.22),448: 374 from the patient survey and 74 from the provider survey (26.01.22),N/A - no pathogen OMICS data,Not specified,"https://hscovid.ucsf.edu/patient-survey-results-0 
https://hscovid.ucsf.edu/provider-survey-results-0 ",Yes,No,No,No,"This is an international pediatric and adult database to monitor and report outcomes of COVID-19 occurring in hidradenitis suppurativa (HS) patients. We will use these data to better understand risk of infection and clinical course, track outcomes, and inform HS management in the setting of COVID-19.",https://hscovid.ucsf.edu,No,No - not eligible for FAIRsharing,No DOI assigned,N/A - doesn't have a DOI,None of the criteria are met,N/A,Prospective (e.g. same CRF),Repository CRF data entry screen (e.g. REDCap),Health care professionals and patients,No registration required for data entry,REDCap,"Health providers: https://redcap.ucsf.edu/surveys/index.php?s=9NETXR34T4
Patients: https://redcap.ucsf.edu/surveys/index.php?s=3YEJHEKNTN",No,No clin-epi standard used,N/A - no OMICs data collected,N/A - no participant level imaging data collected,No,Yes,Participant-level data will not be shared,Participant-level data will not be shared,N/A,Participant-level data will not be shared,Participant-level data will not be shared,Participant-level data will not be shared,Participant-level data will not be shared,"Participant-level data will not be shared (potential to be shared with contributing organizations in the future to evaluate the relationship between HS, immunomodulatory medications, and health outcomes)",Not specified,Participant-level data will not be shared,Participant-level data will not be shared,N/A,Participant-level data will not be shared,Participant-level data will not be shared,N/A,No (Registry does not require that patients provide informed consent for their data to be uploaded to registry),Patients do not need to give consent - they can openly complete the REDCap CRF,De-identification,Does not constitute human subjects research therefore deemed exempt from IRB or ERC review,https://hscovid.ucsf.edu/sites/g/files/tkssra5311/f/IRB%20Outcome.pdf,No,Not specified,Not specified,Not specified,Patient groups are involved in the management of the registry ,Summary Data are available on the website,https://hscovid.ucsf.edu/provider-survey-results-0,
,,,Old,No,No,No,N/A - doesn't meet inclusion criteria,EMBL-EBI,European Molecular Biology Laboratory-European Bioinformatics Institute,Catalogue of platforms,https://www.ebi.ac.uk/,No,"COVID-19 Data Portal (The COVID-19 Data Portal draws data from a number of databases, listed here: https://www.covid19dataportal.org/submit-data)",General,General,Any,General,All ages,Worldwide,Yes,"European Commission Horizon 2020 Programme, Others",Government,"EMBL-EBI, Wellcome Genome Campus",GBR (UK),https://www.ebi.ac.uk/support/ ,Ewan Birney and Rolf Apweiler,apweiler@ebi.ac.uk; birney@ebi.ac.uk,Not specified,N/A,"April, 2020",,Not specified,Links users to related EMBL-EBI platforms and COVID-19 Data Portal,,,DOIs: 10.1101/2020.04.09.033522; 10.1038/s41597-020-0477-8,No,Yes,"Multiple: Human molecular biology data, proteomics, metabolomics",Yes,N/A - no clin-epi data,Yes,N/A - no clin-epi data,Yes,"Structural biology data, electron microscopy data",Yes,N/A - no clin-epi data,N/A - no CT data,N/A - no CT data,Both,Observational data only,Both,COVID-19 infected or suspected only,"Human OMICs (unlinked), pathogen OMICs (unlinked), imaging (unlinked)",Yes,Not specified ,Not specified ,892 (05.06.2021),"1,854,615 (05.06.2021)",Over 1.4 Mio (05.06.21),"1,831,179 (05.06.2021)","Other statistics, like number of countries/institutions with sequence data or raw sequence data, nucleotide/raw sequence submitted by country, number of sequences/raw sequences by institution.",https://www.covid19dataportal.org/statistics,Yes,,I suppose this is the same portal as the one in row 52,,,,No,,Catalogue of platforms - FAIRness of included platforms is assessed,N/A,Cannot assess FAIRness,N/A,Prespecified standard (e.g. DICOM),Prespecified standard (e.g. DICOM),Researchers,Individual registration required for data entry,N/A - no clin-epi data,N/A - no clin-epi data,N/A - no clin-epi data,N/A - no clin-epi data,Not specified,Not specified,No,Yes,"One can download in bulk from the website. Data and tools are freely available with the exception of potentially identifiable human genetic information, for which access depends on research consent agreements",Directions available on the website,https://www.ebi.ac.uk/services,Yes (only if required by the participating institutions),Not specified,Yes,Open access with the exception of potentially identifiable human genetic information for which there must be a DAC approval,Participant-level data are being shared,N/A,Open access or DAC for potentially identifiable human genetic information,Information available on the website,https://www.ebi.ac.uk/about/terms-of-use/,Not specified,Information not available on website,N/A,Not specified,N/A,Not specified,Not specified,N/A,Not specified,Not specified,Rapid collection and comprehensive data sharing of available research data from different sources for the European and global research communities,Not specified,Not specified,Data statistics from across the COVID-19 Data Portal of which EMBL-EBI is a partner,https://www.covid19dataportal.org/statistics,
,,,Old,No,No,No,N/A - doesn't meet inclusion criteria,EMBL-EBI Bioimage Archive,European Molecular Biology Laboratory-European Bioinformatics Institute Bioimage Archive,Catalogue of platforms,https://www.ebi.ac.uk/bioimage-archive/,No,"The BioImage Archive stores and distributes biological images that are useful to life-science researchers. Its development will provide data archiving services to the broader bioimaging database community. This includes added-value bioimaging data resources such as EMPIAR, Cell-IDR and Tissue-IDR. ",General,General,Any,General,All ages,Worldwide,No,"The UKRI Strategic Priorities Fund and operational costs supported by EMBL member state funding. The BioImage Archive will build on a history of funding from BBSRC, Wellcome Trust, MRC, Global BioImaging, Euro-BioImaging, Horizon 2020, and previous UK Government technical infrastructure investment",Government,"EMBL-EBI, Wellcome Genome Campus",GBR (UK),bioimage-archive@ebi.ac.uk,Rowan McKibbin (BioImaging Project Senior Responsible Owner),rowan.​mckibbin@bbsrc.ac.uk,Johanna McEntyre (BioImaging Project Internal Sponsor),mcentyre@ebi.ac.uk,Project launched 2019/2020,,Not specified,"Elixir, EuroBioImaging, EMPIAR, Cell-IDR, Tissue-IDR",,,Not specified,No,No,N/A - no human OMICs data,N/A - no human OMICs data,N/A - no human OMICs data,No,N/A - no pathogen OMICs data,Yes,"Magnetic resonance imaging, Ultrasound imaging, Super-resolution microscopy, photoacoustic imaging, light-field microscopy, Brillouin microscopy, Atomic Force Microscopy, other",No,N/A - no clin-epi data,N/A - no CT data,N/A - no CT data,Cross-sectional,Observational data only,Both,Both,Imaging (unlinked),No,Not specified ,Not specified ,Not specified ,"20 imaging results for a search ""SARS-CoV-2'' (11.07.2021)",Not specified,N/A - no pathogen OMICS data,Not specified,https://www.ebi.ac.uk/biostudies/BioImages/studies?query=sars-cov-2,Yes,Unsure,Unsure (data can be downloaded),"Yes, but not only COVID-19 specific data..","The BioImage Archive is a free, publicly available online resource which stores and distributes biological images.",https://www.ebi.ac.uk/bioimage-archive/,No,,https://doi.org/10.25504/FAIRsharing.x38D2k,No,Meets 3 of 4 criteria,N/A,Retrospective,There are different platforms to which data can be uploaded in addition to Bioimage Archive depending on the image type (Bioimage Archive lists this out clearly); For Bioimage Archive itself: images can be uploaded in any format; bulk upload of raw data is also possible,Researchers,Individual registration required for data entry,N/A - no clin-epi data,N/A - no clin-epi data,N/A - no clin-epi data,N/A - no clin-epi data,N/A - no OMICs data collected,Any image format,No,Yes,"All publically available data in the BioImage Archive data is available via https://www.ebi.ac.uk/biostudies/BioImages/studies. Data that is not yet public (e.g., with ‘hold until published’ status) can be accessed if you have the correct login credentials
",Directions available on the website,https://www.ebi.ac.uk/bioimage-archive/faq/,No,Not specified,No,Open access,Participant-level data are being shared,N/A,Open access,Information available on the website,"https://www.ebi.ac.uk/biostudies/help
https://www.ebi.ac.uk/bioimage-archive/faq/ ",Open access,Information available on the website,"https://www.ebi.ac.uk/biostudies/help
https://www.ebi.ac.uk/bioimage-archive/faq/ ",No (All data submitted to the BioImage Archive must be consented for a public release and the submitter self certifies that they have the rights to submit such data to a public archive),N/A,Anonymization,Not specified,N/A,No,Not specified,Not specified,Registry or platform,"Working with community experts throughout the development process is paramount to ensure that the BioImage Archive serves the needs of life-science researchers, data scientists, software engineers, funders and the wider public. The guidelines are a result of a series of meetings with representatives from the different bioimaging communities, including light, electron and X-ray microscopy communities. The aim of the proposed guidelines is to provide a framework for discussing imaging data sharing. The hope is to reach community-wide consensus on the level of detail that is optimal.

",Not specified ,N/A,
,,,Old,Yes,Yes,Yes,No (Gabi said survey would not be filled in),EMBL-EBI EMPIAR,European Molecular Biology Laboratory-European Bioinformatics Institute Electron Microscopy Public Image Archive,Platform,https://www.ebi.ac.uk/pdbe/emdb/empiar/,No,"EMPIAR, the Electron Microscopy Public Image Archive, is a public resource for raw, 2D electron microscopy images. Here, you can browse, upload and download the raw images used to build a 3D structure.",General,General,Any,General,All ages,Worldwide,No,"Medical Research Council (MRC), British Biotechnology and Biological Sciences Research Council (BBSRC), Wellcome Trust
",Government,"EMBL-EBI, Wellcome Genome Campus",GBR (UK),empiar-help@ebi.ac.uk,Head of Research: John Marioni,marioni@ebi.ac.uk,Not specified,N/A,Not specified,No,Not specified,"EMBL-EBI, Open Microscopy Environment, BioImage Archive",,,DOI: 10.1093/nar/gkab417; 10.1038/nmeth.3806,No,No,N/A - no human OMICs data,N/A - no human OMICs data,N/A - no human OMICs data,No,N/A - no pathogen OMICs data,Yes,Raw electron microscopy imaging,No,N/A - no clin-epi data,N/A - no CT data,N/A - no CT data,Cross-sectional,Observational data only,Both,Both,Imaging (unlinked),No,Not specified ,Not specified ,Not specified,"25 entries for ""sars-cov-2"" imaging data (26.08.22)",Not specified,N/A - no pathogen OMICS data,Not specified,https://www.ebi.ac.uk/pdbe/emdb/empiar/,Yes,Yes,Yes,Yes,"The purpose of EMPIAR is to provide easy access to state-of-the-art data to facilitate methods development, validation and re-use, e.g., for Machine Learning applications. // EMPIAR (https://empiar.org/ or
        https://www.ebi.ac.uk/empiar),
        the Electron Microscopy Public Image Archive, is a public resource for raw images underpinning 3D cryo-EM
        maps and tomograms (themselves archived in EMDB).",https://www.ebi.ac.uk/empiar/about/,No,Yes - ON FAIRsharing,https://doi.org/10.25504/FAIRsharing.dff3ef,No,Meets all 4 criteria,N/A,Prespecified standard (e.g. DICOM),Prespecified standard (e.g. DICOM),Researchers,Individual registration required for data entry,N/A - no clin-epi data,N/A - no clin-epi data,N/A - no clin-epi data,N/A - no clin-epi data,N/A - no OMICs data collected,"MRC, MRCS, TIFF, DM4, IMAGIC, SPIDER, and others: https://www.ebi.ac.uk/pdbe/emdb/empiar/policies ",Yes,Yes,Data can be downloaded using a web interface or via a command line interface,Directions available on the website,https://www.ebi.ac.uk/empiar/faq,No,CC0,Yes,Open access,Participant-level data are being shared,N/A,Open access,Information available on the website,"https://www.ebi.ac.uk/pdbe/emdb/empiar/policies
https://www.ebi.ac.uk/pdbe/emdb/empiar/faq",Open access,Information available on the website,"https://www.ebi.ac.uk/pdbe/emdb/empiar/policies
https://www.ebi.ac.uk/pdbe/emdb/empiar/faq",No,N/A,Up to individual data providers,Not specified,N/A,No,Not specified,- Citation of study team by analyses that use data they contributed,Registry or platform and individual studies that upload data,Not specified,Not specified ,N/A,
,,,Old,Yes,Yes,Yes,No (Gabi said survey would not be filled in),EMBL-EBI EGA,European Molecular Biology Laboratory-European Bioinformatics Institute European Genome-Phenome Archive,Platform,https://ega-archive.org/,No,The European Genome-phenome Archive (EGA) is a service for permanent archiving and sharing of all types of personally identifiable genetic and phenotypic data resulting from biomedical research projects. ,General,General,Any,General,All ages,Worldwide,No,"European Commission Horizon 2020 Programme, Others",Government,"EMBL-EBI, Wellcome Genome Campus",GBR (UK),helpdesk@ega-archive.org,Thomas Keane,tk2@ebi.ac.uk,Not specified,N/A,Not specified,No,Not specified,Linkages between EMBL-EBI platforms and to INDESC,,,DOI: 10.1093/nar/gkab417; 10.12688/f1000research.10221.1,Yes,Yes,"Processed data from all types of array based technologies, such as genotypes, gene expression, methylations, etc. , phenotype data",Yes,Yes,Yes,Yes,No,N/A - no imaging data,N/A - no imaging data,N/A - no imaging data,N/A - no imaging data,N/A - no imaging data,Cross-sectional,Both clinical trial and observational data,Both,Both,Clin-epi - Human OMICs - Pathogen OMICs – imaging (linked),Yes,Not specified ,Not specified ,1588 (05.06.2021),Not specified,Not specified,Not specified,"6503 datasets, 4444 studies (05.06.2021)",https://ega-archive.org/about/ega-statistics,Yes,Yes,Yes (but not COVID-19 specific),Yes ((but not COVID-19 specific),The EGA provides a service for the permanent archiving and distribution of personally identifiable genetic and phenotypic data resulting from biomedical research projects.,https://ega-archive.org/about,No,Yes - ON FAIRsharing,https://doi.org/10.25504/FAIRsharing.mya1ff,No,Meets all 4 criteria,N/A,Prespecified standard (e.g. DICOM),Prespecified standard (e.g. DICOM),Researchers,Individual registration required for data entry,N/A - no clin-epi data,N/A - no clin-epi data,N/A - no clin-epi data,No clin-epi standard used,"FASTA, FASTQ, BAM, BP, CRAM, DUO, EFO, JSON, MIAMI, MINSEQE, MIxS, OmicsDI XML, Schema.org, VCF



",N/A - no participant level imaging data collected,Yes,Yes,"Each dataset is affiliated with a Data Access Committee (DAC), which is the body responsible for all data access decisions. The DACs of the relevant datasets must be identified and then permission must be gained from them to download the dataset",Directions available on the website,https://ega-archive.org/access/data-access,Yes,Not specified,Yes,Any group whose application is approved,Participant-level data are being shared,N/A,DAC,Information available on the website,https://ega-archive.org/access/data-access,Not specified,Information not available on website,N/A,Not specified,N/A,Metadata provided will be made publicly available to view on the EGA website and other EBI resource/partner websites. It is the submitter responsibility not to submit sensitive metadata,Not specified,N/A,Not specified,Not specified,- Citation of study team by analyses that use data they contributed,Registry or platform and individual studies that upload data,Not specified,Not specified ,N/A,
,,,Old,Yes,Yes,Yes,No (Gabi said survey would not be filled in),EMBL-EBI ENA,European Molecular Biology Laboratory-European Bioinformatics Institute European Nucleotide Archive,Platform,https://www.ebi.ac.uk/ena/browser/,No,COVID-19 data included in platform,General,General,Any,General,All ages,Worldwide,No,"EMBL, European Commission, British Biotechnology and Biological Sciences Research Council, Wellcome Trust",Government,"EMBL-EBI, Wellcome Genome Campus",GBR (UK),https://www.ebi.ac.uk/ena/browser/support ,Dr Guy Cochrane,cochrane@ebi.ac.uk,Not specified,N/A,Not specified,No,Not specified,"Elixir, EMBL-EBI, European COVID-19 Data Platform, Pathogens, FAANG, EUKBANK, EASI Genomics, EBiSC, HiPSCi, Tara Oceans, Ocean Sampling Day",,,DOI: 10.1093/nar/gkab417; 10.1093/nar/gku1129,No,Yes,"Genomics (e.g. sequencing data, transcriptome)",No,N/A - no clin-epi data,Yes,N/A - no clin-epi data,No,N/A - no imaging data,N/A - no imaging data,N/A - no imaging data,N/A - no imaging data,N/A - no imaging data,Cross-sectional,Observational data only,Not specified,Both,Human OMICs - pathogen OMICs (unlinked),Yes,Not specified ,Not specified ,Not specified,"""SARS-CoV-2"" search results: Assembly (4,891), Sequence (5,328,750), Coding (24,554,175), Non-coding (6), Read (1,057,238), Analysis (656,044), Study (1,604), Project (1,825), Taxon (7), Sample (2,845,582), Submission (542), ENA (320) (26.08.22)",Not specified,Not specified,Not specified,https://www.ebi.ac.uk/ena/browser/text-search?query=SARS-cov-2; https://www.ebi.ac.uk/ena/browser/text-search?query=covid-19,Yes,Yes,Yes,Yes,"The European Nucleotide Archive (ENA) is an open, supported platform for the management, sharing, integration, archiving and dissemination of sequence data.

Database of record and platform for data management: ENA comprises both the globally comprehensive data resource that preserves the world’s public-domain output of sequence data (Read more about ENA Content here) and a rich portfolio of tools and services to support the management of sequence data.",https://www.ebi.ac.uk/ena/browser/about,No,Yes - ON FAIRsharing,https://doi.org/10.25504/FAIRsharing.dj8nt8,No,Meets 3 of 4 criteria,N/A,Prespecified standard (e.g. DICOM),"Via Interactive Submissions, Command Line Submissions or Programmatic Submissions. Interactive Submissions are completed by either filling out web forms directly or alternatively downloading spreadsheets that can be completed off-line and uploaded to ENA. Command Line Submissions use bespoke Webin-CLI program. This validates the submissions entirely before it is completed, allowing maximum control of the process. Programmatic Submissions are completed by preparing submissions as XML documents and either sending them to ENA using a program such as cURL or using the Webin Submissions Portal",Researchers,Individual registration required for data entry,N/A - no clin-epi data,N/A - no clin-epi data,N/A - no clin-epi data,N/A - no clin-epi data,"FASTA, multi-FASTA format, DDBJ/ENA/GenBank FT, MIGS, MIMS, MIMARKS, ENA XSD, ENA Seq FFF, INSDSeq, MIASPPE, Micro B3, MIxS, NCBITaxon, Scholix, SRA-XML

The European Nucleotide Archive requires, where appropriate, use of the following reporting standards:
- Feature Table – Description of nucleotide sequence provenance and functional annotation of nucleotide sequence domains.
- Third Party Data – ENA use the INSDC agreed standards for capturing and presenting TPA data
- Missing values - Guidelines for registering metadata which is missing or restricted access
Additionally, Core Genomic Standards Consortium (GSC) standards consisting of checklists for describing genomes (MIGS), metagenomes (MIMS) and marker sequences (MIMARKS) are recommended to be used",N/A - no participant level imaging data collected,Yes,Yes,Sequences and other genomic data can be downloaded from: https://www.ebi.ac.uk/ena/browser/search,Directions available on the website,https://www.ebi.ac.uk/ena/browser/home,No,Not specified,No,Open access,Participant-level data are being shared,N/A,Open access to public data; data made confidential by the data generator is not publically available by any means,Information available on the website,https://www.ebi.ac.uk/ena/browser/about/policies,Open access,Information available on the website,https://ena-docs.readthedocs.io/en/latest/faq/release/data-availability-policy.html,No,N/A,Up to individual data providers,Not specified,N/A,No,Not specified,- Citation of study team by analyses that use data they contributed,Registry or platform and individual studies that upload data,Not specified,Not specified ,N/A,
,,,Old,Yes,Yes,Yes,No,GISAID,Global Initiative on Sharing All Influenza Data,Platform,https://www.gisaid.org/,No,To promote the rapid sharing of data from all influenza viruses and the coronavirus causing COVID-19,All influenza viruses and the coronavirus ,General,Any,General,All ages,Worldwide,No,"Governments of Germany, Singapore and US",Government,Freunde von GISAID e.V.,DEU, https://www.gisaid.org/help/contact/ ,((ASKED NOT TO BE CONTACTED BY US:  Prof. Dr. Thomas Lengauer),(ASKED NOT TO BE CONTACTED BY US: lengauer@mpi-inf.mpg.de),Prof. Dr. Ian Barr (Deputy Director),ian.barr@influenzacentre.org,"January, 2020",No,Not specified,Not specified,,,DOI: 10.7554/eLife.63409,No,No,N/A - no human OMICs data,N/A - no human OMICs data,N/A - no human OMICs data,Yes,N/A - no clin-epi data,No,N/A - no imaging data,N/A - no imaging data,N/A - no imaging data,N/A - no imaging data,N/A - no imaging data,Cross-sectional,Observational data only,Both,COVID-19 infected or suspected only,Pathogen OMICs (unlinked),No,Not specified ,Not specified ,Not specified,Not specified,Not specified,"12,787,456 (26.08.2022)",Preliminary analysis summary (only Chinese version).,https://www.gisaid.org/ ; https://covid19dashboard.regeneron.com/?tab=Home&subTab=Europe,Yes,No,Yes,No,"About data sharing: The GISAID Initiative promotes the rapid sharing of data from all influenza viruses and the coronavirus causing COVID-19. This includes genetic sequence and related clinical and epidemiological data associated with human viruses, and geographical as well as species-specific data associated with avian and other animal viruses, to help researchers understand how viruses evolve and spread during epidemics and pandemics.

GISAID does so by overcoming disincentive hurdles and restrictions, which discourage or prevented sharing of virological data prior to formal publication.

The Initiative ensures that open access to data in GISAID is provided free-of-charge to all individuals that agreed to identify themselves and agreed to uphold the GISAID sharing mechanism governed through its Database Access Agreement.",https://gisaid.org/about-us/mission/,No,Yes - ON FAIRsharing,"https://doi.org/10.25504/FAIRsharing.ba6a09
        
        ",No,Meets all 4 criteria,N/A,Prespecified standard (e.g. DICOM),Repository CRF data entry screen (e.g. REDCap); for bulk upload a pre-made excel sheet,Researchers,Individual registration required for data entry,N/A - no clin-epi data,N/A - no clin-epi data,N/A - no clin-epi data,N/A - no clin-epi data,FASTA,N/A - no participant level imaging data collected,Yes,Yes,"Applicants have to provide basic information to the GISAID database, accept the Database Access Agreement, as well as be accepted by the database management and receive the necessary credentials",Directions available on the website,https://www.gisaid.org/registration/register/,Yes,Not specified,Yes,Any group whose application is approved,Participant-level data are being shared,N/A,Platform or registry management team,Information available on the website,https://www.gisaid.org/registration/terms-of-use/,Not specified,Information not available on website,N/A,No,N/A,N/A - only pathogen OMICs data collected ,Not specified,N/A,No,Not specified,"- Analysis tools for researchers to use
- Citation of study team by analyses that use data they contributed",Registry or platform and individual studies that upload data,Not specified,Regeneron COVID-19 Dashboard,https://covid19dashboard.regeneron.com/?tab=Home&subTab=Europe,
,,,Old,No,No,No,N/A - doesn't meet inclusion criteria,EMBL-EBI European COVID-19 Data Portal (Federated EGA),European Molecular Biology Laboratory-European Bioinformatics Institute European COVID-19 Data Portal,Catalogue of platforms,https://www.covid19dataportal.org/submit-data,Yes,To enable the rapid collection and comprehensive data sharing of available research data from different sources for the European and global research communities.,General,General,Any,General,All ages,Europe,Varies,European Comission Horizon 2020 Programme,Government,"EMBL-EBI, Elixir","ENG, DEU",virus-dataflow@ebi.ac.uk,Not specified,Not specified,Not specified,Not specified,April 2020,,Not specified,"Linkages to all other EMBL-EBI resources, INSDC, ReCoDID",,,10.1093/nar/gkab417,Yes,Yes,"WGS, proteomics, structural biology, others",Yes,Yes,Yes,Yes,Yes,"Structural biology data, electron microscopy data",No,No,N/A - no CT data,N/A - no CT data,Both,Both clinical trial and observational data,Both,Both,Varies by platform included in the catalogue,Yes,"COVID-19 Genomics UK Consortium
Robert Koch Institute
Swiss Pathogen Surveillance Platform (SPSP)
CZ Biohub, UCSF
Broad Institute Genomic Center for Infectious Diseases
Minnesota Department of Health
Texas Department of State Health Services-SARS-CoV-2 submission group
The Peter Doherty Institute for Infection and Immunity
DECODE GENETICS
Utah Public Health Laboratory
Sanger Institute
Wales Specialist Virology Centre
Respiratory Virus Unit, Microbiology Services Colindale, Public Health England
Quadram Institute Bioscience
NVRL
Liverpool Clinical Laboratories
Northumbria University / South Tees Hospitals NHS Foundation Trust / North Cumbria Integrated Care NHS Foundation Trust / North Tees and Hartlepool NHS Foundation Trust / Newcastle Hospitals NHS Foundation Trust
IBV-CSIC
Public Health England (Colindale)
Oxford Viromics, NDM, University of Oxford ",https://www.covid19dataportal.org/statistics,28 (12.07.21),Not specified,Not specified,716K+ nucleotide sequences (12.07.21),"98 countries, 28 institutions with sequence data (12.07.21)",https://www.covid19dataportal.org/statistics,Yes,,This again might be the same portal as the one in row 52,This again might be the same portal as the one in row 52,,,No,,Awaiting DOI assignment (https://fairsharing.org/biodbcore-001437/),No,Meets all 4 criteria,N/A,Prospective and retrospective,There are different platforms to which data can be uploaded,Researchers,"Varies, some platforms Open Access, some are controlled access",No,N/A,No,Not specified,Not specified,Not specified,No,Yes,Data access varies by platform,Directions available on the website,https://www.covid19dataportal.org/submit-data,"Yes, varies by platform",Not specified,Yes,Varies by platform/data type,Participant-level data are being shared,N/A,"Varies by platform/data type, some platforms are open access, others have a DAC for controlled access",Information available on the website,Varies by platform/data type,Varies by platform/data type,Varies by platform/data type,Varies by platform/data type,Not specified,N/A,Not specified,Not specified,N/A,No,Not specified,Not specified,Not specified,Not specified,Not specified ,NA,
,,,Old,Yes,Yes,Yes,No,Global Registry of COVID-19 in Pediatric Cancer,Global Registry of COVID-19 in Pediatric Cancer,Registry,https://global.stjude.org/en-us/global-covid-19-observatory-and-resource-center-for-childhood-cancer/registry.html,Yes,To learn more about the impact of COVID-19 on pediatric patients with cancer and be better prepared to meet future such challenges,Cancer,"Cancer
Pediatric patients",Multiple systems that are affected by cancer,Pediatric patients,≤18 years,Worldwide,No,St. Jude Children’s Research Hospital and the International Society of Paediatric Oncology (SIOP) ,"University, Professional organization",St. Jude Children’s Research Hospital,USA,covid19childhoodcancer@stjude.org,Not specified,N/A,Not specified,N/A,"April 15, 2020",Yes,International Society of Paediatric Oncology (SIOP),Not specified,N/A,N/A,DOI: 10.1002/pbc.28962,Yes,No,N/A - no human OMICs data,N/A - no human OMICs data,N/A - no human OMICs data,No,N/A - no pathogen OMICs data,No,N/A - no imaging data,N/A - no imaging data,N/A - no imaging data,N/A - no imaging data,N/A - no imaging data,Longitudinal,Observational data only,Both,COVID-19 infected or suspected only,Clin-epi,No,Not specified ,Not specified ,Not specified ,"1,814 (26.08.22)","1,814 (26.08.22)",N/A - no pathogen OMICS data,51 countries reporting (26.08.22),https://app.powerbi.com/view?r=eyJrIjoiNGQ3NDAwZDItYjRjNi00MjNhLWE2NTMtNmFjNmU1YTgzZDMwIiwidCI6IjIyMzQwZmE4LTkyMjYtNDg3MS1iNjc3LWQzYjNlMzc3YWY3MiIsImMiOjN9,Yes,No,No,No,"Using the aggregate information from these reported cases, we aim to provide updates to the global pediatric cancer community and leverage the data to support community-initiated online case discussions. ",https://global.stjude.org/en-us/global-covid-19-observatory-and-resource-center-for-childhood-cancer/registry.html,No,Yes - ON FAIRsharing,https://fairsharing.org/FAIRsharing.9c72d7,No,Meets 1 criterion only,N/A,Prospective (e.g. same CRF),Repository CRF data entry screen (e.g. REDCap),Health care professionals,No registration required for data entry,REDCap,"https://redcap.stjude.org/surveys/?s=NLYA3ADFNH
https://global.stjude.org/content/dam/global/en-us/documents/Global-COVID-19-in-Pediatric-Oncology.pdf",No,No clin-epi standard used,N/A - no OMICs data collected,N/A - no participant level imaging data collected,No,Yes,Participant-level data will not be shared,Participant-level data will not be shared,N/A,Participant-level data will not be shared,Participant-level data will not be shared,Participant-level data will not be shared,Participant-level data will not be shared,Participant-level data will not be shared,Not specified,Participant-level data will not be shared,Participant-level data will not be shared,N/A,Participant-level data will not be shared,Participant-level data will not be shared,N/A,No,N/A,De-identification,Does not constitute human subjects research therefore deemed exempt from IRB or ERC review,https://global.stjude.org/en-us/global-covid-19-observatory-and-resource-center-for-childhood-cancer/registry.html,No,Not specified,Not specified,Not specified,Not specified,"A data dashboard with summary information about reported cases, including numbers of cases by country, number of cases by treatment, is available so the entire childhood cancer community has access to these data",https://app.powerbi.com/view?r=eyJrIjoiNGQ3NDAwZDItYjRjNi00MjNhLWE2NTMtNmFjNmU1YTgzZDMwIiwidCI6IjIyMzQwZmE4LTkyMjYtNDg3MS1iNjc3LWQzYjNlMzc3YWY3MiIsImMiOjN9,
,,,Old,No,No,No,N/A - doesn't meet inclusion criteria,EOSC-Life,EOSC-Life,Data lake,https://www.eosc-life.eu/,No,"EOSC-Life brings together 13 Life Science research infrastructures to create an open, digital and collaborative space for biological and medical research. The project will publish ‘FAIR’ data and a catalogue of services provided by participating research infrastructures for the management, storage and reuse of data in the European Open Science Cloud (EOSC). Under WP13 is the extension of the COVID-19 Data Portal and under WP14 is the development of a repository for individual participant data from COVID-19 trials",General,General,Any,General,All ages,Europe,Not specified,European Commission Horizon 2020 Programme,Government,"Multiple (ELIXIR, ECRIN, EBML-EBI, etc.)",GBR (UK),contact@eosc-life.eu,Niklas Blomberg (Project Coordinator),niklas.blomberg@elixir-europe.org,"Michael Raess 
Anton Ussi 
Caitlin Ahern
Jacques Demotes",michael.raess@infrafrontier.eu; antonussi@eatris.eu; caitlin.ahern@bbmri-eric.eu; jacques.demotes@ecrin.org,Not yet launched,,Not specified,"Includes link to COVID-19 Data Portal and to ECRIN COVID-19 IPD Registry. Datasets and other data objects (protocols, papers, analysis plans etc) will be stored and provided in their original form by the data object depositors",,,Not specified,Yes,Yes,Not specified ,Yes,Yes,Yes,Yes,Yes,Not specified,Yes,Yes,Not specified ,Not specified ,Longitudinal,Clinical trial data only,Both,Both,"Clin-epi, human OMICs (linked), pathogen OMICs (linked), imaging (linked)",Yes,Not specified ,Not specified ,Not specified ,Not specified ,Not specified ,Not specified ,Bioactivity data sets covering compound repurposing screening of 5600 known drugs and bioactives against SARS-COV-2 ,https://www.eosc-life.eu/achievements/,No,,"With regard to COVID-19 specificity, isn't this the same portal as the one in row 52?! (https://www.eosc-life.eu/covid-19/)","With regard to COVID-19 specificity, isn't this the same portal as the one in row 52?! (https://www.eosc-life.eu/covid-19/)",,,No,,Catalogue of platforms - FAIRness of included platforms is assessed,N/A,Cannot assess FAIRness,N/A,Retrospective,Any format,Not specified,Not specified,Not specified,Not provided,No,CDISC (ECRIN will use this for the collection of COVID-19-related clinical trial IPD),Not specified,Not specified,Yes,No - resource is not yet accepting data,The platform governance is under development. Participant-level data are not available.,Not specified,Not provided,Not specified,Not specified,No,No data yet available,Platform or repository does not yet host participant-level data,N/A,Participant-level data are not being shared but may be at a later time,Information not available on website,N/A,Not specified,Not specified,N/A,Not specified,N/A,Not specified,Not specified,N/A,Not specified,Not specified,Not specified,Registry or platform,Not specified,Not specified ,N/A,
,,,Old,Yes,Yes,Yes,No,CoviDIAB,Global Registry of COVID-19-related Diabetes,Registry,https://covidiab.e-dendrite.com/,Yes,"To establish the extent and characteristics of new-onset, COVID-19-related diabetes, and to investigate its pathogenesis, management and outcomes","New onset, COVID-19-related diabetes and severe metaboloic disturbance in pre-existing diabetes",Diabetes,Multiple (those affected by diabetes),General,All ages,Worldwide,Yes,"King's College London, Monash University, Technische Universität Dresden, The Meydan Group, Somnio Global",University,"King's College London
Monash University",ENG/AU,covidiab@kcl.ac.uk,Prof. Francesco Rubino and Prof. Paul Zimmet,Not specified,Not specified,N/A,"September 1, 2020",No,Not specified,Not specified,N/A,N/A,DOI: 10.1056/NEJMc2018688,Yes,No,N/A - no human OMICs data,N/A - no human OMICs data,N/A - no human OMICs data,No,N/A - no pathogen OMICs data,No ,N/A - no imaging data,N/A - no imaging data,N/A - no imaging data,N/A - no imaging data,N/A - no imaging data,Longitudinal,Observational data only,Both,COVID-19 infected or suspected only,Clin-epi,No,Not specified,Not specified ,Not specified,895 (26.08.22),895 (26.08.22),N/A - no pathogen OMICS data,Not specified,https://rs3.e-dendrite.com/csp/covidiab/intellect/login.csp,Yes,No,No,No,"This registry is specifically designed to establish the extent and characteristics of new-onset, COVID-19-related diabetes, and to investigate its pathogenesis, management and outcomes. ",https://covidiab.e-dendrite.com,No,No - not eligible for FAIRsharing,No DOI assigned,N/A - doesn't have a DOI,None of the criteria are met,N/A,Prospective (e.g. same CRF),Repository CRF data entry screen (e.g. REDCap),Health care professionals,Individual registration required for data entry,Dendrite Clinical Systems,Not provided - registration required ,No,No clin-epi standard used,N/A - no OMICs data collected,N/A - no participant level imaging data collected,No,Yes,Participant-level data will not be shared,Participant-level data will not be shared,N/A,Participant-level data will not be shared,Participant-level data will not be shared,Participant-level data will not be shared,Participant-level data will not be shared,Participant-level data will not be shared,Not specified,Participant-level data will not be shared,Participant-level data will not be shared,N/A,Participant-level data will not be shared,Participant-level data will not be shared,N/A,Not specified,N/A,Anonymization,Not specified,N/A,Not specified,Not specified,"Potential for major contributors to be included as co-authors on registry/platform data-based publications, acknowledgement of data providers in registry/platform data-based publications and linkage of the main registry paper to the name of each data provider in PubMed",Individual studies that upload data,Not specified ,"Website only mentions that analyses will be appropriately scheduled to ensure timely reports of outcomes to inform clinical practice. Subset analyses will be performed to explore associations between symptoms, features and outcomes of newly diagnosed diabetes and patients demographics as well as for characterization of pathophysiology",N/A,
PS,Updated using both survey and website,,New,No,No,Yes,Yes (partial),ESMO-CoCARE Registry,European Society for Medical Oncology COVID-19 Care Registry,Registry,https://www.esmo.org/covid-19-and-cancer/registries-studies-and-surveys/esmo-cocare-registry,Yes,"This is a longitudinal, multi-centre survey to finally have a registry of cancer patients (any age, sex, histology, stage, undergoing active treatment as well as in clinical follow-up, including cancer survivors free of disease for at least 5 years, who experience/have experienced COVID-19). Data on clinical features, clinical course, management and outcomes will be collected for both tumour characteristics and COVID-19 diagnosis. The collected data will be extracted from medical records of consecutive patients, who were diagnosed with COVID19 from 1 January 2020 until the end of the pandemic as declared by the WHO, or the end of endemic situation in each region, with subsequent follow-up as needed.",Cancer,Cancer,Any,Cancer patients and survivors,All ages,"Europe, Asia, Africa ",Not specified,European Society for Medical Oncology ,Professional organization,Institut Curie,FRA,esmococare@esmo.org,Emanuela Romano,https://institut-curie.org/personne/emanuela-romano,"Dirk Arnold, University Hamburg, Asklepios Tumorzentrum, AK Altona, Hamburg, Germany
Luis Castelo-Branco, Algarve University Hospital, Portugal
Kevin J. Harrington, The Institute of Cancer Research, London, UK
Olivier Michielin, Lausanne University Hospital, Switzerland
George Pentheroudakis, ESMO, Switzerland
Solange Peters, Lausanne University Hospital, Switzerland (ESMO President)
Jennifer Whisenant Gray*, Vanderbilt University, Nashville, TN, USA
Toni Choueiri*, Dana-Farber Cancer Institute, Boston, MA, USA",Solange.peters@chuv.ch,Not specified,,European Society for Medical Oncology,CCC19,,,Not specified,Yes,No,N/A - no human OMICs data,N/A - no human OMICs data,N/A - no human OMICs data,No,N/A - no pathogen OMICs data,Yes,"Chest CT/CAT scan, Chest X-ray, Head MRI, Head CT/CAT scan",Yes,No,Yes,Both,Longitudinal,Observational data only,Both,COVID-19 infected or suspected only,"Clin-epi, imaging (linked)",Yes,Not specified ,Not specified,Not specified,Not specified,Not specified,N/A - no pathogen OMICS data,Not specified,N/A,,No,No,Unsure,"ESMO has launched an international collaborative project, the ESMO-CoCARE Registry, to quickly gather data and information from healthcare professionals about treatment approaches specifically focusing on the impact of SARS-CoV-2 on cancer patients who are suspected or confirmed to have the novel coronavirus disease (COVID19). 

Pooling real-world data will make it possible to rapidly accumulate knowledge, which will allow  to disseminate information and guidance for  patients. Ultimately the project aims to propose approaches to mitigate the risks related to COVID-19 in cancer patients.

The survey is comprised of several parts, including patient demographics, COVID-19 and cancer diagnosis and treatment, and the evolution of both diseases.",https://www.esmo.org/covid-19-and-cancer/registries-studies-and-surveys/esmo-cocare-registry,No,,No DOI assigned,N/A - doesn't have a DOI,Meets 1 criterion only,N/A,Prospective (e.g. same CRF),Repository CRF data entry screen (e.g. REDCap),Health care professionals,Hospital - Centre - Institution registration required for data entry,Not specified,Not provided,No,No clin-epi standard used,N/A - no OMICs data collected,No imaging standard used ,No,Yes,Access to data is conditioned to project approval by Steering committee and legal agreement,Directions not available on the website (provided through additional contact),N/A,Yes,Not specfiied,Yes,Not specified,Participant-level data are being shared,N/A,Not specified,Information not available on website,N/A,Not specified,Information not available on website,N/A,Not specified,N/A,Pseudonymization,Not specified,N/A,Not specified,Not specified,Not specified ,Not specified,Not specified ,Not specified ,N/A,
,,"Old website not working, no other website can be found. ",Old,Yes,Yes,Yes,No,HOPE-2 (Continuation of the previous HOPE Registry),Health Outcome Predictive Evaluation for COVID 19- 2,Registry,https://hopeprojectmd.com/en/,Yes,"To carefully characterize the clinical profile of individuals with lasting sequelae after a COVID-19 admission - this is a continuation of the HOPE project that ended May 31, 2020 (NCT04334291)",General,General,Any,"Patients discharged (deceased or alive) from any hospital center until 30 September, 2020
The registry strongly recommends consecutive inclusion and the completion of patients previously included in the HOPE registry",All ages,Worldwide ,Yes,Not specified,Not specified,St Carlos Hospital,ES,(EMAIL DOESNT WORK support@hopeprojectmd.com),"Dr. Iván J.
Núñez Gil",ibnsky@yahoo.es,Not specified,Not specified,"March, 2021",Yes,"Cardiovascular Excellence S.L.,  Fundación Interhospitalaria para la Investigación Cardiovascular",Not specified,N/A,N/A,10.1097/CCM.0000000000005010,Yes,No,N/A - no human OMICs data,N/A - no human OMICs data,N/A - no human OMICs data,No,N/A - no pathogen OMICs data,No,N/A - no imaging data,N/A - no imaging data,N/A - no imaging data,N/A - no imaging data,N/A - no imaging data,Longitudinal,Observational data only,Hospitalized only,COVID-19 infected or suspected only,Clin-epi,No,"A.O.U. MAGGIORE DELLAQ CARITÀ, NOVARA
AO PAPARDO, MESSINA, ITALY
ASL BAT
ATALANTA SCIENCE AND TECHNOLOGY
ATALANTA SCIENCE AND TECHNOLOGY SAS
AZIENDA OSPEDALIERO-UNIVERSITARIA CONSORZIALE POLICLINICO DI BARI
CENTRO CARDIOLOGICO MONZINO, IRCCS
CLÍNICA CARDIO VID
CLINICO
COMPLEJO HOSPITALARIO DE TOLEDO
COMPLEJO HOSPITALARIO UNIVERSITARIO DE SANTIAGO DE COMPOSTELA
DEPARTMENT OF MEDICAL AND SURGERY SCIENCES, POLICLINICO RIUNITI HOSPITAL, UNIVERSITY OF FOGGIA, ITAL
FASDF
FONDAZIONE POLICLINICO UNIVERSITARIO A GEMELLI IRCCS
HOSPITAL CLINICO DE SANTIAGO
HOSPITAL CLÍNICO DE SANTIAGO DE COMPOSTELA
HOSPITAL CLINICO SAN CARLOS
HOSPITAL CLINICO UNIVERSITARIO DE VALLADOLID
HOSPITAL CLÍNICO UNIVERSITARIO VIRGEN DE LA ARRIXACA
HOSPITAL CLINICO UNIVERSITARIO VIRGEN DE LA VICTORIA
HOSPITAL DE ESPECIALIDADES CARLOS ANDRADE MARÍN
HOSPITAL DE ESPECIALIDADES DE LAS FUERZAS ARMADAS N1
HOSPITAL DE MANISES
HOSPITAL DE QUILPUE
HOSPITAL GENERAL DE ALBACETE
HOSPITAL GENERAL DE FUERTEVENTURA VIRGEN DE LA PEÑA
HOSPITAL GENERAL DEL NORTE DE GUAYAQUIL IESS LOS CEIBOS
HOSPITAL IMED VALENCIA
HOSPITAL PABLO ARTURO SUÁREZ
HOSPITAL PUERTA DE HIERRO DE MAJADAHONDA
HOSPITAL UNIVERSITARIO DE BURGOS
HOSPITAL UNIVERSITARIO DE SALAMANCA
HOSPITAL UNIVERSITARIO GETAFE
HOSPITAL UNIVERSITARIO GUADALAJARA
HOSPITAL UNIVERSITARIO INFANTA SOFIA. SAN SEBASTIAN DE LOS REYES.MADRID
HOSPITAL UNIVERSITARIO JUAN RAMÓN JIMÉNEZ
HOSPITAL UNIVERSITARIO LA PAZ. INSTITUTO DE INVESTIGACIÓN HOSPITAL UNIVERSITARIO LA PAZ (IDIPAZ).
HOSPITAL UNIVERSITARIO PRÍNCIPE DE ASTURIAS, MADRID, SPAIN.
HOSPITAL UNIVERSITARIO SEVERO OCHOA
HOSPITAL VIRGEN DEL MAR
INSTITUTE OF CARDIOLOGY AND CARDIOVASCULAR SURGERY
INSTITUTE OF CARDIOVASCULAR DISEASES VOJVODINA
JOAN XXIII
KERCKHOFF HEART AND THORAX CENTER
LONDON HEALTH SCIENCES CENTRE
MARTINI HOSPITAL,VIA TOFANE, 71 – TORINO
NN
NUESTRA SEÑORA DE AMERICA
OSPEDALI RIUNITI
OSPEDALI RIUNITI ""UMBERTO I - LANCISI - SALESI""
POLICLINICO SAN MARCO
POLICLINICO SAN PIETRO
POLICLINICO UMBERTO I
POLICLINICO UNIVERSITARIO AGOSTINO GEMELLI IRCSS
SAN CARLO CLINIC
SAN GIOVANNI BATTISTA
SAN GIOVANNI BOSCO, ASL CITTÀ DI TORINO, TURIN, ITALY
SAN LUIGI GONZAGA UNIVERSITY HOSPITAL, ORBASSANO AND RIVOLI INFERMI HOSPITAL, RIVOLI (TURIN), ITALY
SANT'ANDREA HOSPITAL
THE SECOND AFFILIATED HOSPITAL OF SOUTHERN UNIVERSITY OF SCIENCE AND TECHNOLOGY
UNIVERSITY HOSPITAL ÁLVARO CUNQUEIRO
UNIVERSITY HOSPITAL OF OURENSE
UNIVERSITY MEDICAL CENTER MANNHEIM
UNIVERSITY OF ARKANSAS FOR MEDICAL SCIENCES
VANNINI HOSPITAL",https://hopeprojectmd.com/en/project/hospitals,65 (01.06.21),Not specified ,Not specified ,N/A - no pathogen OMICS data,Not specified,N/A,Yes,No,No,No,Website no longer available,N/A,No,No - not eligible for FAIRsharing,No DOI assigned,N/A - doesn't have a DOI,Meets 1 criterion only,N/A,Prospective (e.g. same CRF),Repository CRF data entry screen (e.g. REDCap),Health care professionals,Hospital - Centre - Institution registration required for data entry,Website-specific platform,https://hopeprojectmd.com/files/hope2_HOPE%202%20REGISTRY%20ENGv2.2%20PROTOCOL%20APPENDIX.pdf,No,No clin-epi standard used,N/A - no OMICs data collected,N/A - no participant level imaging data collected,No,No - resource is closed to new data,"The database will be made available to participating researchers who wish to carry out
sub-analyzes of their interest, upon reasonable request",Directions available on the website to a limited extent,https://hopeprojectmd.com/files/20210325_HOPE%202%20REGISTRY%20ENGv2.pdf,Not specified,Not specified,No,Only groups that contributed data or are otherwise part of the consortium,Participant-level data are being shared,N/A,Not specified,Information available on the website to a limited extent,https://hopeprojectmd.com/files/20210325_HOPE%202%20REGISTRY%20ENGv2.pdf,Not specified,Information not available on website,Not provided,No,N/A,Anonymization,IRB or ERC approval obtained,https://hopeprojectmd.com/files/20210325_HOPE%202%20REGISTRY%20ENGv2.pdf,No,Not specified,Acknowledgement of data providers in registry/platform data-based publications and use of a COVID-19 mortality risk score calculator,Not specified,Not specified,Not specified,N/A,
,,No website ,New,No,No,No,No,French SOT COVID,French Solid Organ Transplant COVID Registry (French nationwide Registry of Solid Organ Transplant Recipients with COVID-19; IMPORTANT        IMPact of the COVID-19 epidemic on the moRTAlity of kidney transplant recipients and candidates in a French Nationwide registry sTudy ),Registry,Not provided,Yes,The aim of this registry-based observational study was to explore characteristics and clinical outcomes of recipients of kidney transplants included in the French nationwide Registry of Solid Organ Transplant Recipients with Covid-19.,Kidney transplant (patients with additional liver/heart transplants also elligible),Kidney disease,Kidneys,Recipients of a kidney transplant, >18 years,FRA,,,,Strasbourg University Hospital,FRA,Not specified,Sophie Caillard; Olivier Thaunat,sophie.caillard@chru-strasbourg.fr; olivier.thaunat@chu-lyon.fr,Not specified,N/A,,,,,,,https://pubmed.ncbi.nlm.nih.gov/33137341/,Yes,No,N/A - no human OMICs data,N/A - no human OMICs data,N/A - no human OMICs data,No,N/A - no pathogen OMICs data,No,N/A - no imaging data,N/A - no imaging data,N/A - no imaging data,N/A - no imaging data,N/A - no imaging data,Longitudinal,Observational data only,Both,COVID-19 infected or suspected only,Clin-epi,No,,,,,,,,,,,,,,,No,,No DOI assigned,,,,,,,,,,,,,,,,,,,,,,,,,,,,,,,,,,,,,,,,,,,
PS,Updated using both survey and website,,Old,Yes,Yes,Yes,Yes,COVI-PREG,International COVID-19 and Pregnancy Registry,Registry,https://www.chuv.ch/fr/dfme/dfme-home/recherche/femme-mere/materno-fetal-and-obstetrics-research-unit-prof-baud/covi-preg/,Yes,To launch a prospective structured data collection to allow future research projects leading to a better characterization of the risks associated to SARS-CoV-2 infection in pregnancy,General,Pregnant women,Any,Pregnant women,Those not considered as minors in respective jurisdictions,Worldwide,Not specified,University Hospital of Lausanne,University,CHUV,CHE,Not specified,Prof David Baud and Dr Alice Panchaud,"david.baud@chuv.ch
alice.panchaud@chuv.ch",Not specified,N/A,2020 (specific date not given),No,Not specified,Not specified,N/A,N/A,DOI: doi.org/10.1016/S0140-6736(20)30981-8,Yes,No,N/A - no human OMICs data,N/A - no human OMICs data,N/A - no human OMICs data,No,N/A - no pathogen OMICs data,No,N/A - no imaging data,N/A - no imaging data,N/A - no imaging data,N/A - no imaging data,N/A - no imaging data,Longitudinal,Observational data only,Both,COVID-19 infected or suspected only,Clin-epi,No,Not specified ,Not specified,Not specified,Not specified,Not specified,N/A - no pathogen OMICS data,Not specified,N/A,No,No,Unsure,No,"The purpose of COVI-PREG is:

to launch a prospective structured data collection to allow future research projects leading to a better characterization of the risks associated to SARS-CoV-2 infection in pregnancy.
to create a responsive data collection system through a health care facilities network to ensure a rapid assessment of the risks linked to future emergent pathogens.",https://www.chuv.ch/fr/dfme/dfme-home/recherche/femme-mere/materno-fetal-and-obstetrics-research-unit/covi-preg,No,Yes - NOT on FAIRsharing,No DOI assigned,N/A - doesn't have a DOI,Meets 1 criterion only,N/A,Prospective (e.g. same CRF),Repository CRF data entry screen (e.g. REDCap),Health care professionals,Individual registration required for data entry,Not provided,Not provided,No,No clin-epi standard used,N/A - no OMICs data collected,N/A - no participant level imaging data collected,No,Yes,"Data can be accessed through a research request that must obtain the approval of the
management of the registry as well as of their research ethics committee before starting",Directions available on the website to a limited extent,https://www.chuv.ch/fr/dfme/dfme-home/recherche/femme-mere/materno-fetal-and-obstetrics-research-unit-prof-baud/covi-preg,Not specified,Not specified,No,Any group whose application is approved,Participant-level data are being shared,N/A,Platform or registry management team,Information available on the website to a limited extent,https://www.chuv.ch/fileadmin/sites/dfme/documents/DFME-Covid_informconsent_English_24032020.pdf,"Data access requests will be evaluated based on having a clear, non-redundant research question, biomedical research ethics committee approval and the research team's ability to protect the privacy of the research participants",Information available on the website,"https://www.chuv.ch/fr/dfme/dfme-home/recherche/femme-mere/materno-fetal-and-obstetrics-research-unit-prof-baud/covi-preg/
https://www.chuv.ch/fileadmin/sites/dfme/documents/DFME-Covid_informconsent_English_24032020.pdf",No,N/A,Not specified,Not specified,N/A,Yes,Not specified,Acknowledgement of data providers in registry/platform data-based publications,Not specified,Not specified,Not specified,N/A,
,,,Old,Yes,Yes,Yes,Yes,LEOSS,Lean European Open Survey for SARS-CoV-2 Infected Patients,Registry,https://leoss.net/,Yes,To better understand the implications of COVID-19 on patients by systematically documenting patient data,General,General,Any,General,All ages,Worldwide ,No,Willy Robert Pitzer Foundation and the German Center for Infection Research (DZIF),Professional organization,University Hospital of Cologne and Goethe University Frankfurt,DEU,info@leoss.net,Dr Jörg Janne Vehreschild, joerg.vehreschild@uk-koeln.de,"Lisa Pilgram, Carolin Jakob, Melanie Stecher, Angelina Menke, Sandra Fuhrmann",Not specified,"March, 2020",Yes,"German Society for Hematology and Medical Oncology, German AIDS Society, Data Against COVID-19, Deutsche Gesellschaft für Infektologie, Deutsche Gesellschaft für Palliativmedizin, European Group - International Society for Apheresis (E-ISFA), Competence Network Multiple Sclerosis, Deutsches Zentrum für Herz-Kreislaufforschung, Das Deutsche Zentrum für Diabetesforschung (DZD), Deutschen Konsortium für Translationale Krebsforschung, Deutsches Zentrum für Neurodegenerative Erkrankungen (DZNE), Deutsche Gesellschaft für pädiatrische Infektiologie (DGPI), Deutsche Gesellschaft für Neurologie (DGN), Paul-Ehrlich-Gesellschaft für Chemotherapie (PEG), Deutschen Gesellschaft für Parkinson und Bewegungsstörungen (DPG), Deutsche Zentrum für Lungenforschung (DZL), Ärzteverband deutscher Allergologen (AeDA), Deutsche Gesellschaft für Kardiologie – Herz- und Kreislaufforschung (DGK), Deutsche Gesellschaft für Rheumatologie (DGRh), Deutschen Zentren der Gesundheitsforschung (DZG), Robert Koch-Institut, ESCMID Emerging Infections Task Force (EITaF)",Not specified,N/A,N/A,"DOIs: 
10.1007/s15010-021-01597-7
10.1002/mds.28554
10.1111/tri.13795
10.1038/s41597-020-00773-y
10.1007/s00392-020-01769-9
10.1111/tri.13704
10.1007/s00277-020-04328-4
10.1007/s15010-020-01499-0
10.1007/s42451-020-00198-2",Yes,No,N/A - no human OMICs data,N/A - no human OMICs data,N/A - no human OMICs data,No,N/A - no pathogen OMICs data,No,N/A - no imaging data,N/A - no imaging data,N/A - no imaging data,N/A - no imaging data,N/A - no imaging data,Cross-sectional,Observational data only,Both,COVID-19 infected or suspected only,Clin-epi,No,"AustriaGrazMedizinische Universität GrazJuergen PrattesBelgiumMelsbroekNational MS Center, Melsbroek, BelgiumMarie D’HoogheBosnia and HerzegovinaMostarClinic for Infectious Diseases University Clinical Hospital MostarSinisa SkocibusicGermanyAugsburgUniversitätsklinikum AugsburgChristoph RoemmeleGermanyBautzenOberlausitz Kliniken, Krankenhaus BautzenMaximilian WormGermanyBerlinHämatologie, Onkologie und Tumorimmunologie, CharitéIl-Kang NaGermanyBerlinKlinik für Nephrologie und internistische Intensivmedizin, CharitéKlemens BuddeGermanyBerlinMVZ Infektiologie Ärzteforum SeestrasseLuca SteinGermanyBerlinRobert-Koch-InstitutThomas KratzGermanyBerlinZentrum fuer Infektiologie Berlin Prenzlauer BergStephan GrunwaldGermanyBochumSt. Josef-Hospital – Katholisches Klinikum BochumKerstin HellwigGermanyBonnUniversitätsklinikum BonnJacob NattermannGermanyBottropSchwerpunktpraxis Onkologie und Hämatologie BottropCarla HannigGermanyBraunschweigKlinikum BraunschweigJan KielsteinGermanyBremenKlinikum Bremen-MitteChristiane PiepelGermanyBremerhavenKlinikum BremerhavenMohamed DouedariGermanyChemnitzZeisigwaldkliniken Bethanien ChemnitzOndrej SglundaGermanyCottbusCarl-Thiem-Klinikum CottbusMartin Schmidt-HieberGermanyDattelnSt . Vincenz Hospital DattelnBelal AfifiGermanyDortmundKlinikum Dortmund gGmbHMartin HowerGermanyDresdenKrankenhaus St. Joseph-Stift DresdenLorenz WalterGermanyDresdenUniversitätsklinikum Carl Gustav Carus DresdenKatja de WithGermanyDuesseldorfMarienhospital DüsseldorfKalyani Bondre-KempenGermanyDuesseldorfUniversitätsklinikum DüsseldorfBjörn-Erik JensenGermanyErlangenUniversitätsklinikum ErlangenRichard StraußGermanyEssenElisabeth-Krankenhaus EssenIngo VoigtGermanyEssenUniversitätsklinikum EssenSebastian DolffGermanyFilderstadtARCIM Institute (in cooperation with Filderklinik)Jan VagedesGermanyFlensburgMalteser Krankenhaus St. Franziskus-HospitalMilena MilovanovicGermanyFrankfurt/MainUniversitätsklinikum FrankfurtMaria VehreschildGermanyFreiburgRKK Klinikum FreiburgBenjamin SeutheGermanyFreiburgUniversitätsherzzentrum Freiburg Bad KrozingenBerit Amelie BretthauerGermanyFreiburgUniversitätsklinikum FreiburgSiegbert RiegGermanyFuldaKlinikum FuldaPhilipp MarkartGermanyGeraSrh Wald-Klinikum GeraSarah Elisa AvemargGermanyGiessenUniversitätsklinikum Gießen und MarburgJanina TrauthGermanyGoettingenUniversitätsklinikum GöttingenTim SeidlerGermanyHalleUniversitätsklinikum HalleDaniel SeddingGermanyHamburgBethesda Krankenhaus BergedorfMarc BotaGermanyHamburgICH study Center HamburgMichael SabranskiGermanyHamburgUniversitätsklinikum Hamburg-EppendorfSabine JordanGermanyHannoverMedizinische Hochschule HannoverGernot BeutelGermanyHannoverOnkologische Praxis Rundestraße HannoverEyck von der HeydeGermanyHannoverSophienklinik GmbH HannoverCarlo BrauerGermanyHeidelbergThorax-Klinik Heidelberg (DZL Standort)Felix HerthGermanyHeidelbergUniversitätsklinikum HeidelbergUta MerleGermanyHerneEvangelisches Krankenhaus HerneChristian GiesaGermanyHerneMarien Hospital HerneTimm WesthoffGermanyHomburgUniversitätsklinikum des Saarlandes Robert BalsGermanyIngolstadtKlinikum IngolstadtStefan BorgmannGermanyJenaUniversitätsklinikum JenaMaria Madeleine RuethrichGermanyKarlsruheStädtisches Klinikum KarlsruheChristian DegenhardtGermanyKempenHospital zum Heiligen GeistLars WojteckiGermanyKielUniversitätsklinikum Schleswig-Holstein, KielAnette FriedrichsGermanyKoblenzBundeswehrkrankenhaus KoblenzDominic RauschningGermanyKoelnKliniken der Stadt Köln gGmbHAna HarthGermanyKoelnKrankenhaus der AugustinerinnenStefani RoeselerGermanyKoelnGemeinschaftspraxis GotenringKatja RoemerGermanyKoelnPraxis am EbertplatzChristoph WyenGermanyKoelnSt. Hildegardis KrankenhausCaroline KannGermanyKoelnUniversitätsklinikum KölnNorma JungGermanyKuenzelsauGemeinschaftspraxis für Allgemeinmedizin Dres. E. Schrödter & G. Müller-JörgerGabriele Mueller-JoergerGermanyLeverkusenKlinikum LeverkusenLukas EberweinGermanyLimburg/LahnSt. Vincenz KrankenhausStephan SteinerGermanyLuebeckUniversitätsklinikum Schleswig-Holstein, LübeckNadja KaedingGermanyMagdeburgOtto-von-Guericke-Universität MagdeburgWilfried ObstGermanyMainzUniversitätsmedizin der Johannes-Gutenberg-Universität MainzThomas SchwanzGermanyMendenSankt Vincenz Krankenhaus MendenRuslan BaghirovGermanyMindenJohannes Wesling Klinikum MindenKai WilleGermanyMoenchengladbachKliniken Maria Hilf GmbHJuergen vom DahlGermanyMuenchenDeutsches Herzzentrum MünchenMarkus FreissmuthGermanyMuenchenLMU Klinikum MünchenMichael von Bergwelt-BaildonGermanyMuenchenMax-Planck-Institut für PsychiatrieSandra NischwitzGermanyMuenchenKlinik MünchenWolfgang GuggemosGermanyMuenchenTechnische Universität München (TUM)Christoph SpinnerGermanyMuenchenTUM Kinder- und JugendmedizinUta BehrendsGermanyMuensterUniversitätsklinikum MünsterJohannes OehmGermanyNuernbergKlinikum Nürnberg NordFelix AurnhammerGermanyOldenburgUniversitätsmedizin OldenburgClaus-Henning KoehneGermanyOsnabrueckKlinikum OsnabrückAnnika RitterGermanyPassauKlinikum PassauJulia LanznasterGermanyPirnaHelios Klinikum PirnaChristian RiedelGermanyPotsdamKlinikum Ernst von BergmannLukas TomettenGermanyPreetzKlinik PreetzHelga PeetzGermanyRegensburgUniversitätsklinikum RegensburgFrank HansesGermanyReutlingenPraxis Dr. BöbelMarkus BoebelGermanyRiesaElblandklinikum RiesaJoerg SchubertGermanyRostockUniversitätsmedizin RostockMicha LoebermannGermanyRotenburgAgaplesion Diakonieklinikum RotenburgDavid HeigenerGermanySaarbrueckenEvangelisches Stadtkrankenhaus SaarbrückenMark NeufangGermanySimmernKreuznacher Diakonie HunsrückWolfgang RimiliGermanySingenHegau-Bodensee-Klinikum SingenMarc KollumGermanyStuttgartKlinikum StuttgartGregor PaulGermanyStuttgartRobert-Bosch-Krankenhaus Katja RothfussGermanySulzbach/SaarKlinik SulzbachThomas RehmGermanyTraunsteinOnkologie Gemeinschaftspraxis U. Kronawitter & C. JungUrsula KronawitterGermanyTrierKlinikum Mutterhaus der BorromäerinnenPhilipp WeberGermanyTrostbergKreisklinik Trostberg, Kliniken SüdostbayernThomas GlueckGermanyTuebingenTropenklinik Paul-Lechler KrankenhausClaudia RaichleGermanyTuebingenUniversitätsklinikum TübingenSilvio NadalinGermanyUlmUniversitätsklinikum UlmBeate GruenerGermanyVillingen-SchwenningenNephrologisches Zentrum Villingen-SchwenningenBernd HohensteinGermanyVoelklingenSHG Kliniken Voelklingen Lungenzentrum Harald SchaeferGermanyWeimarSophien- und Hufeland Klinikum WeimarJessica RueddelGermanyWennigsenPraxis Dr. StammerGabriela StammerGermanyWiesbadenSt. Josefs-Hospital WiesbadenMichael DollGermanyWittenMarienhospital WittenDavid ScholtenGermanyWuppertalPetrus Krankenhaus WuppertalSven StieglitzGermanyWuerzburgUniversitätsklinikum WürzburgNora IsbernerItalyRomeSant Andrea Hospital University of RomeCarlo PozzilliLatviaRigaP. Stradins University HospitalIeva VoitaSpainGironaUniversity hospital Joseo TruetaGary Alvarez BravoSpainLleidaHospital Universitari Arnau de VilanovaJuan Antonio Schoenenberger-ArnaizSpainNavarraComplejo Hospitalario de NavarraIrati Ormazabal VelezSwitzerlandBaselUniversitätsspital BaselAnne-Katrin ProebstelSwitzerlandBernDepartment of Neurology, Inselspital, Bern University HospitalRobert HoepnerSwitzerlandGenevaCentre médical de la ChapelleTido von Schoen-AngererSwitzerlandLuganoEnte Ospedaliero CantoleChiara ZeccaSwitzerlandLuzernLuzerner KantonsspitalChristian KammSwitzerlandSt. GallenKantonsspital St. GallenStefanie MuellerTurkeyAnkaraHacettepe UniversityMurat AkovaTurkeyDenizliPamukkale Üniversitesi Tip FakültesiSecil Oeztuerk Deniz TurkeyIstanbulUniversity of Health Sciences IstanbulOzlem Altuntas AydinUnited KingdomLondonRichmond Research InstituteJorg Taubel",https://leoss.net/enrolled-sites-ethic-votes/,136 (26.08.22),"12,313 (26.08.22)","12,313 (26.08.22)",N/A - no pathogen OMICS data,"993 people involved in the registry (study coordinators, support staff etc.) (26.08.22)",https://leoss.net/,Yes,No,Yes,No,"About data sharing: Our goal is to establish a quick and simple register that allows anonymous documentation of patients. The study will allow retrospective inclusion of patients treated before the initiation of the study. 

The obtained data can be used to identify independent predictors of outcome in patients with diagnosed infection by SARS-CoV‑2. The Data Use and Access Policy developed within the LEOSS community allows a dynamic and fast scientific use of the data while maintaining high scientific quality as well as responsible public communication

",https://leoss.net,No,Yes - NOT on FAIRsharing,https://medical-data-models.org/42476?form-id=6,No,Meets all 4 criteria,N/A,Prospective (e.g. same CRF),Repository CRF data entry screen (e.g. REDCap),Health care professionals,Individual registration required for data entry,ClinicalSurveys.net,"Not provided - registration required
Some information provided here: https://web-staging.leoss.net/documentation-changelog/ ",No,UMLS CUI,N/A - no OMICs data collected,N/A - no participant level imaging data collected,Yes,Yes,"There are four variations of the LEOSS data-set:
- Public (Public Use File, PUF): Openly available condensed data-set including limited variables on all cases entered into LEOSS as defined by the study’s protocol
- Scientific (Scientific Use File, SUF): Extensive data-set for research purposes with a vast variable set as defined by the study’s protocol. Anonymization processes developed with experts will ensure patient anonymity by aggregating variables or dropping cases
- Local: the data-set of a specific study site that includes all records created by this specific site in the LEOSS database
- Secure: full data set, not for scientific use, waiting for second anonymization
PUF: Can be downloaded directly from here: https://web-staging.leoss.net/data/#unlock and it's analysis can be viewed here: https://web-staging.leoss.net/customs/public_data_set_analysis.html 
SUF: To request access to the SUF, a group/individual must register on LEOSS' website and then submit a projct proposal form. The request will be checked for formal issues by the LEOSS Project Coordinators (PCos) within three workdays. After this, the request will be reviewed by certain boards that are approriate. The LEOSS PCos will inform the requesting investigator about the decision via email. In case the request was accepted, the requesting investigator will receive details to get in contact with the LEOSS data management
Local: Each study site has the full rights to its own data-set. It can be requested any time by the study site coordinator from the LEOSS study group. The LEOSS study group will provide access to the full data-set of the respective study site within 5 working-days via an enrypted file transfer service. The survey provider QuestBack is working on a solution allowing direct download of all documented patients",Directions available on the website,https://leoss.net/wp-content/uploads/2020/04/Appendix-C_Data-Use-and-Access-Policy-V2.1.pdf,Yes,CC BY-NC 4.0 (for the publicly available dataset and eCRF forms),Yes,Any group whose application is approved,Participant-level data are being shared,N/A,DAC and platform or registry management team,Information available on the website,https://leoss.net/wp-content/uploads/2020/04/Appendix-C_Data-Use-and-Access-Policy-V2.1.pdf,"The initial check by the LEOSS Project Coordinators will be done according to:
a) Verification of the accreditation of the requesting researcher (track record in public health,
epidemiology, infectious diseases or related clinical care)*
b) Check whether requesting researcher is a cooperating partner in the LEOSS study*
c) Check if goal of requested research aim is in alignment with the LEOSS protocol
d) Check for overlap with ongoing or previously requested research aims (submitted within the last 12 months)
e) Check whether primary or other key endpoints lie within the scope of one of the participating
societies / specialties
*Criteria marked with an asterisk serve prioritization, but will not cause formal exclusion
The subsequent check by the appropriate registry boards will be done according to:
- Feasibility of research aim based on LEOSS data elements requested
- Research goal in alignment with LEOSS protocol
- Methods of statistical analyses being used
- Presence of potential conflicts of interest",Information available on the website,https://leoss.net/wp-content/uploads/2020/04/Appendix-C_Data-Use-and-Access-Policy-V2.1.pdf,No,N/A,Anonymization,No central IRB or ERC review obtained - up to individual centres,https://web-staging.leoss.net/get-started/,No,Not specified,Involvement in the registry/platform governance and processes and acknowledgement of data providers in registry/platform data-based publications,Registry or platform,Not specified,A dashboard containing analysis of the anonymized cohort of the LEOSS Public Dataset is available,https://dashboard.leoss.net/,
,,,Old,No,No,No,N/A - doesn't meet inclusion criteria,HDRUK,Health Data Research UK,Federation of interoperable datasets and platforms,https://www.healthdatagateway.org/,No,"Gateway for discoverable, interoperable health data research metadata and controlled access participant-level health-related data from NHS, academic research studies, including 6 national COVID-19 core studies, surveillance data and others. Provides catalogue of metadata, pathway to access participant-level data, tools to analyze data",General,General,Any,General,All ages,GBR,Yes,"UK Research and Innovation, the Department of Health and Social Care in England and equivalents in Northern Ireland, Wales and Scotland, leading medical research charities","Government, NGO",Health Data Research UK and collaborating institutions,GBR (UK),gateway@hdruk.ac.uk.,Not applicable,Not applicable,Not specified,N/A,"February, 2020",,Not specified,"Refers to ICODA, function of linkage not clear",,,Not specified,Yes,Yes,Multiple,Yes,Yes,Yes,Yes,Yes,Multiple,Yes,Yes,Not specified ,Not specified ,Both,Both clinical trial and observational data,Both,Both,"Clin-epi, human OMICs (linked), pathogen OMICs (linked), imaging (linked)",Yes,Not specified ,Not specified ,Not specified ,123 datasets (07.07.21),Not specified,Not specified,"COVID-19 searched 26 times, and has 123 datasets, 16 tools, 199 projects, 0 courses, 242 papers ","https://web.www.healthdatagateway.org/search?search=COVID-19%20GWAS&tab=Datasets (COVID-19 specific), https://www.healthdatagateway.org/ (platform)
https://web.www.healthdatagateway.org/dashboard ",Yes,No,No,No,"The Gateway does not hold or store any datasets or patient or health 
data but rather acts as a portal to allow discovery of datasets and to 
request access to them for health research.",https://www.healthdatagateway.org/about/our-mission-and-purpose?_gl=1*1xsvu2v*_ga*MTc2MTM3NTE1NC4xNjY5Mzg4ODky*_ga_GJ2NS0NB4W*MTY2OTM4ODg5Mi4xLjEuMTY2OTM4OTMxOS4wLjAuMA..,No,,https://doi.org/10.25504/FAIRsharing.nh1DmP,No,Meets all 4 criteria,N/A,Retrospective,Any format; bulk upload possible,Researchers - health care professionals - and public health authorities,Individual registration required for data entry,No,N/A - no central CRF,N/A - no central CRF,"Harmonized datasets mapped to SNOMED/LOINC, OMOP. Multiple standards applied within individual datasets","Multiple standards applied within individual datasets (e.g., GA4GH, ClinPhe, Phenopackets, CCR)",Multiple standards applied within datasets,Yes,Yes,Harmonized approach to accessing data through a single online form. Requirements for accessing data vary by data type and requestor,Directions available on the website,https://discourse.healthdatagateway.org/t/how-to-request-access-to-a-dataset/456,Yes,Varies by dataset (https://web.www.healthdatagateway.org/search?search=&tab=Datasets),Yes,"Federated approach to data sharing where data custodian, data type, and requestor status (e.g. academic vs commercial entity) lead to differences in how data access requests are considered and who can access the data",Participant-level data are being shared,N/A,Data generator,Information available on the website,https://discourse.healthdatagateway.org/t/about-the-data-access-requests-applicants-category/925,"Varies by data custodian, data type, requestor (e.g. academic vs. commercial entity)",Information available on the website,https://discourse.healthdatagateway.org/t/about-the-data-access-requests-applicants-category/925,Not specified,N/A,"Applies 5 Safes Framework to included datasets.  Data are anonymized where possible to prevent re-identification. Where not possible, data are provided in a secure environment such that data cannot be downloaded, only analyzed in that environment.",Not specified,N/A,Not specified,Not specified,Analysis tools for data providers to use,"Registry or platform, individual studies decide if they want their data cited",Includes community engagement forum: https://www.healthdatagateway.org/about/patients-and-the-public,Not specified ,N/A,
PS,Updated using both survey and website,,Old,Yes,Yes,Yes,Yes (partially),PIDTRAN,Pediatric COVID-19 Case Registry,Registry,https://www.pedscovid19registry.com/contact.html,Yes,"To describe the epidemiology, clinical presentation, management, and outcomes associated with COVID-19 ​among pediatric patients across the US",General,Pediatric patients,Any,Pediatric patients,<21 years,USA,Yes,None,No funding,St. Jude Children’s Research Hospital,USA,pidtrancoordinators@stjude.org,Dr Gabriela Maron,gabriela.maron@stjude.org,"Hailey Skonhovd, ​Jose Ferrolino, Ronald Dallas ",Not specified,"April 1, 2020",Yes,"Pediatric Infectious Diseases Transplant Network (PIDTRAN), Pediatric Infectious Diseases Society (PIDS), International Maternal Pediatric Adolescent AIDS Clinical Trials Network (IMPAACT)",Not specified,N/A,N/A,DOI: 10.1016/j.jpeds.2022.02.048,Yes,No,N/A - no human OMICs data,N/A - no human OMICs data,N/A - no human OMICs data,No,N/A - no pathogen OMICs data,No,N/A - no imaging data,N/A - no imaging data,N/A - no imaging data,N/A - no imaging data,N/A - no imaging data,Longitudinal,Observational data only,Both,COVID-19 infected or suspected only,Clin-epi,No,"Adventist Health White Memorial Hospital
Advocate Children's Hospital
Allina Coon Rapids Clinic
Anderson Hills Pediatrics 
Ann & Robert H. Lurie Children's Hospital of Chicago 
Baptist Health System South Florida
Baylor Scott & White McLane Children's
Blank Children's Hospital
Boston Children's Hospital
Bowling Green Internal Medicine and Pediatrics
Bronx Care
CentraCare
CHI St. Alexius Health 
Children's Hospital at Montefiore
Children's Health/Children's Medical Center of Dallas
Children's Hospital Colorado
​Children's Hospital Los Angeles
Children's Hospital of Illinois, OSF St Francis Peoria
Children's Hospital of Michigan
Children's Hospital of Philadelphia
Children's Hospital of Pittsburgh of UPMC
Children's Hospital of Savannah
Children's Hospital of The King's Daughters
Children's Mercy 
Children's Minnesota
Children's Missouri
Children's of Alabama
Children's Wisconsin
Cincinnati Children's Hospital Medical Center
Coastal Family Health Center
Columbia University Medical Center
Connecticut Children's
Cook Children's Medical Center
Duke Children's Hospital and Medical Center
Emory University
Fairview Clinics -Andover
Fairview Clinics -Apple Valley
Fairview Clinics -Bethesda
Fairview Clinics -Bierman Athletic Medicine
Fairview Clinics -Blaine
Fairview Clinics - Bloomington Oxboro 
Fairview Clinics - Brooklyn Park
​Fairview Clinics - Burnsville
Fairview Clinics - Chisago City
​Fairview Clinics - Columbia Heights
​Fairview Clinics - Como Family Practice
Fairview Clinics- Discovery Clinic
Fairview Clinics- Eagan 
Fairview Clinics- Eden Prairie
Fairview Clinics- Edina Clinic
Fairview Clinics- Elk River
Fairview Clinics- Emergency Department UMMCH
Fairview Clinics - Fridley
Fairview Clinics - Grand Itasca
​Fairview Clinics - Highland Park
​Fairview Clinics - Hugo Clinic
​Fairview Clinics - Journey
​Fairview Clinics - Lakeville
​Fairview Clinics - Lake Regional Medical Center
Fairview Clinics - Maple Grove
Fairview Clinics - New Brighton
Fairview Clinics - North Branch
Fairview Clinics - Northlands
Fairview Clinics - Phalen Village
​Fairview Clinics - Pine City
Fairview Clinics - Princeton
Fairview Clinics - Prior Lake
Fairview Clinics - Range Hibbing
Fairview Clinics - Range Mount Iron
Fairview Clinics - Ridges Hospital
Fairview Clinics - Riverside Campus
Fairview Clinics - Rogers
Fairview Clinics - Rosemount
Fairview Clinics - Smiley's
Fairview Clinics - Southdale
Fairview Clinics - Surgery Center
Fairview Clinics - Trenton Community Clinic
Fairview Clinics - Uptown
Fairview Clinics - Woodbury Woodwinds Clinic
Fairview Clinics - Wyoming
Fairview Mesaba Clinics - Hibbing
Golisano Children's Hospital at Strong
Golisano Children's Hospital of Southwest Florida
Good Samaritan Hospital Center
Goryeb Children's Hospital
Hackensack University Medical Center
Helen DeVos Children's Hospital
Hennepin Healthcare Hospital
Hurley Hospital 
Inova Fairfax Children's Hospital
Johns Hopkins All Children's Hospital
Johns Hopkins Hospital
Kaiser Permanente San Francisco
Le Bonheur Children's Hospital
Lehigh Valley Reilly Children's Hospital
Levine Children's Hospital
Loyola University Medical Center
Maimonides Hospital
Maine Medical Center. The Barbara Bush Children's Hospital. 
Mary Bridge Children's Hospital
Masonic Children's Hospital
Mayo Clinic-Minnesota
Mayo Clinic-Wisconsin
Medical Center of Central Georgia Navicent Health
Medical City (HCA)- Dallas
Medical University of South Carolina
Memorial Health
Mercy Health Javon Bea
Mercy One Medical Center
Metropolitan Hospital Center
Moncure Community Health Center
Monroe Carell Jr Children's Hospital at Vanderbilt
Mount Sinai Kravis Children's Hospital
Nationwide Children's Hospital
Nemours/Alfred I. DuPont Hospital for Children
Northeast Pediatrics and Adolescent Medicine
Norton Children's Hospital
​Norton Children's Hospital - Brownsboro
Novant Health Presbyterian Medical Center- St. Jude Affiliate Clinic
Oishei Children's Hospital
Our Lady of the Lake Children's Hospital
Parkview Hospital
Phoenix Children's Hospital
Piedmont Health Services, inc
Presbyterian Hospital
Prisma Health Children's Hospital - Midlands
​PVG Pediatrics PA
Rady Children's Hospital San Diego
Rainbow Babies & Children's Hospital
Randall Children's Hospital at Legacy Emanuel
Renown Children's Hospital
Riley Hospital for Children
Rush University Medical Center
Saint Peter's University Hospital
Sanford Health and Affiliates
Seattle Children's Hospital
Self owned outpt clinic
Southern Illinois University Medicine
Sparrow Hospital - Lansing
Sparrow Medical Group Potterville
St. Jude Affiliate clinic Novant Health Charlotte
St. Jude Children's Research Hospital
St. Louis Children's Hospital
Stanford Children's Health
Stony Brook Children's Hospital
Studer family Children's Hospital at Ascension Sacred Heart
SUNY Downstate Medical Center
SUNY Upstate Medical University Hospital 
Texas Children's Hospital
UCLA Mattel's Children's Hospital
UCSF Benioff Children's Hospital Oakland
UCSF Benioff Children's Hospital San Francisco
Unity Point Health/Allen Hospital
University of Iowa/ Stead Family Children's Hospital
University of Kentucky Children's Hospital
University of Maryland
University of Michigan/CS Mott Children's Hospital
University of Mississippi Medical Center
University of North Carolina Hospitals
University of South Alabama Children's and Women's Hospital
​University of South Florida
University of Texas Health Science Center
University of Wisconsin-Madison
Unterberg Children's Hospital at Monmouth Medical Center
VNA Healthcare
Wake Forest
West Virginia University
Wheatfield Pediatrics",https://www.pedscovid19registry.com/reporting-centers.html,168 (26.08.22),"12,917 (30.04.21)","12,917 (30.04.21)",N/A - no pathogen OMICS data,"11,120 28-day follow up surveys completed (30.04.21)",https://www.pedscovid19registry.com/current-data.html,Yes,No,No,Unsure,"As the novel coronavirus (Covid-19) pandemic continues,
understanding the epidemiology of the new virus will be crucial
for developing effective prevention and treatment strategies.
The COVID-19 clinical presentation is poorly defined in pediatric populations, as most of the reported known cases are adults. We aim to describe the epidemiology, clinical presentation, management, and outcomes associated with COVID-19 ​among pediatric patients across
​the United States of America. //
How are the data from this registry going to be shared/disbursed? De-identified data summaries will be available via this website. The summaries are updated multiple 
times a week. Eventually, summarized data will also be shared via peer reviewed journal publications. ",https://www.pedscovid19registry.com/,No,Yes - ON FAIRsharing,https://fairsharing.org/FAIRsharing.eb03f0,No,Meets 2 of 4 criteria,N/A,Prospective (e.g. same CRF),Repository CRF data entry screen (e.g. REDCap),Health care professionals,No registration required for data entry,REDCap,"https://www.pedscovid19registry.com/uploads/1/2/6/5/126547334/peds_covid_initial_survey_08142020.pdf 
https://www.pedscovid19registry.com/uploads/1/2/6/5/126547334/peds_covid_follow_up__survey_08142020.pdf 
",No,No clin-epi standard used,N/A - no OMICs data collected,N/A - no participant level imaging data collected,No,Yes,"Requests for use of Pediatric COVID-19 U.S. Pediatric Registry data for the purposes of research must be submitted using the Research Proposal Form by the principal investigator of the project or their designee: https://app.smartsheet.com/b/form/538080201c354adcb16ba7727aaa13d3. The proposal will then be reviewed by the Registry Coordinating Center (RCC) team and Registry Leadership Committee (RLC). After the RLC has reviewed the proposal, the RCC staff will contact the proposal requestor with results of the review",Directions available on the website,https://www.pedscovid19registry.com/policies.html,No,Not specified,No,Any group whose application is approved,Participant-level data are being shared,N/A,DAC and platform or registry management team,Information available on the website,https://www.pedscovid19registry.com/policies.html,"The Registry Leadership Committee (RLC) will review proposals based on the following criteria:
- The request is feasible given the data available in the registry
- The study design, scientific merit and rigor are in accordance with the registry intent
- The research proposal is not too similar to the planned/published registry manuscripts as well as previously under review or approved proposals. If two proposals are similar, the RLC will encourage collaboration between groups submitting similar proposals",Information available on the website,https://www.pedscovid19registry.com/policies.html,No,N/A,De-identification,Does not constitute human subjects research therefore deemed exempt from IRB or ERC review,https://www.pedscovid19registry.com/study-summary.html,No,Not specified,Potential to be included as co-authors on registry/platform data-based publications and acknowledgement of data providers in registry/platform data-based publications,Not specified,Not specified,A data dashboard presenting the aggregated survey data has also been created. Aggregate de-identified data will be summarized and reported to pediatric centers routinely via the study website and email. Data summaries are are updated multiple times a week. ,https://www.pedscovid19registry.com/current-data.html,
,,,Old,Yes,Yes,Yes,No,PRIORITY,Pregnancy CoRonavIrus Outcomes RegIsTrY,Registry,https://priority.ucsf.edu/,Yes,"To better understand how pregnant/postpartum women are effected by COVID-19 including what their symptoms are, how long they last, and how COVID-19 may impact their pregnancy and/or delivery",General,Pregnant women,Any,Pregnant or recently pregnant women,≥13 years,USA,Yes,"UCSF, Donations","University, Private donations",UCSF Women’s Health Clinical Research Center (WHCRC) ,USA,prioritycovid19@ucsf.edu,"Multiple: Dr Vanessa Jacoby, Dr Stephanie Gaw, Dr Valerie Flaherman, Dr Yalda Afshar",vanessa.jacoby@ucsf.edu,"Ann Chang, Lisa Abinanti, Vanessa Monzon, Ruth Gebrezghi",Not specified,"March 20, 2020",Yes,"CDC Foundation, COVID-19 Response Fund, Yellow Chair Foundation",Not specified,N/A,N/A,DOI: 10.1093/cid/ciaa1411,Yes,No,N/A - no human OMICs data,N/A - no human OMICs data,N/A - no human OMICs data,No,N/A - no pathogen OMICs data,No,N/A - no imaging data,N/A - no imaging data,N/A - no imaging data,N/A - no imaging data,N/A - no imaging data,Longitudinal,Observational data only,Both,COVID-19 infected or suspected only,Clin-epi,No,Not specified ,Not specified ,Not specified ,"1,333 (26.08.2022)","1,333 (26.08.2022)",N/A - no pathogen OMICS data,Not specified,https://priority.ucsf.edu/dashboard,Yes,No,No,No,"The goal of the study is to better understand how pregnant women are affected by COVID-19 including what their symptoms are, how long they last, and how COVID-19 may impact their pregnancy and/or delivery.

",https://priority.ucsf.edu,No,Yes - ON FAIRsharing,https://doi.org/10.25504/FAIRsharing.uXrXUe,Yes,Meets 1 criterion only,https://fairshake.cloud/digital_object/812070/assessments/,Prospective (e.g. same CRF),Provided CRF,"Patients and Registry or platform management (healthcare providers provide consenting patient contact information to the registry. The registry then contacts the patients and obtains their consent. The patients then complete the surveys online (via e-mail or SMS text message link), by phone, or mail. The registry team will then  adjudicate the survey data with review of the medical records)",Individual registration required for data entry,Not specified,https://priority.ucsf.edu/researchers,No,No clin-epi standard used,N/A - no OMICs data collected,N/A - no participant level imaging data collected,No,No - resource is closed to new data,Participant-level data will not be shared,Participant-level data will not be shared,N/A,Participant-level data will not be shared,Participant-level data will not be shared,Participant-level data will not be shared,Participant-level data will not be shared,Participant-level data will not be shared,Not specified,Participant-level data will not be shared,Participant-level data will not be shared,N/A,Participant-level data will not be shared,Participant-level data will not be shared,N/A,Yes - Patient registry that seeks consent from patients and does not accept data from studies,"Participants were asked by their physician if they were willing to be contacted by UCSF about PRIORITY and, if they agreed, their contact information was given to the study coordinator at UCSF. The referring physician had the option to place a note in the patient's medical record stating that the patient has given permission for their contact information to be sent to UCSF. The participant was then contacted by the registry and asked to verbally or electronically consent to participate in the study, along with signing a HIPAA form and release of medical records form","Registry collects sensitive data, including medical records, given patient's authorization for such collection",IRB or ERC approval obtained,https://priority.ucsf.edu/healthcare-providers#Do-I-need-IRB-approval-to-refer-a-patient,N/A - patient registry,"Registry launched Reproductive Health Equity and Birth Justice Core to understand how racism and other factors impact pregnant people with COVID-19; to work with Black, Indigenous, People of Color (BIPOC) communities to identify priority issues for their communities.",Not specified,Not specified,"Registry launched Reproductive Health Equity and Birth Justice Core to understand how racism and other factors impact pregnant people with COVID-19; to work with Black, Indigenous, People of Color (BIPOC) communities to identify priority issues for their communities.",A real-time dashboard of aggregated and analyzed registry Data are available,https://priority.ucsf.edu/dashboard,
PS,Updated including survey response,Registry reported that they do not include participant-level data in REDCap survey. Will not be included in the final Lancet DH submission. ,Old,Yes,No,No,Yes,IDR,Image Data Resource,Platform,https://idr.openmicroscopy.org/about/,No,"A public repository of reference image datasets from published scientific studies. IDR enables access, search and analysis of these highly annotated datasets",General,General,Any,General,All ages,Not specified,Not specified,"BBSRC (Ref: BB/M018423/1) as a collaboration between the OME Consortium at Dundee and EMBL-EBI. The IDR is part of several projects that have received funding from the European Union's Horizon 2020 research and innovation programme under grant agreements 688945 (Euro-BioImaging Prep Phase II), 653493 (Global BioImaging Project) and 654248 (CORBEL). For 2018-2022, dataset submission and publication is funded by the Wellcome Trust (Ref: 212962/Z/18/Z) and integration with EMBL-EBI's BioStudies and other resources is funded by the BBSRC (Ref: BB/R015384/1)",Government,University of Dundee & Open Microscopy Environment,GBR (UK),idr@openmicroscopy.org,"Jason Swedlow (Dundee), Alvis Brazma (EMBL-EBI) and Rafael Carazo Salas",j.r.swedlow@dundee.ac.uk; brazma@ebi.ac.uk; rafael.carazosalas@bristol.ac.uk,Not specified,N/A,Not specified,,Not specified,Not specified,,,Not specified,No,No,N/A - no human OMICs data,N/A - no human OMICs data,N/A - no human OMICs data,No,N/A - no pathogen OMICs data,Yes,"High content screens, time-lapse imaging, whole slide histopathology, and super-resolution microscopy",No,N/A - no clin-epi data,N/A - no CT data,N/A - no CT data,Cross-sectional,Not specified,Unsure,Both,Imaging (unlinked),No,Not specified ,Not specified ,Not specified,"2 Cell-IDR results for ""sarscov2"" and 1 Tissue-IDR result (10.07.21)",Not specified,N/A - no pathogen OMICS data,Not specified,https://idr.openmicroscopy.org/tissue/search/?query=Name:sarscov2; https://idr.openmicroscopy.org/cell/search/?query=Name:sarscov2,Yes,No,public data can be downloaded (so yes?!),Yes,"(FAQ) Does the repository have a long-term data preservation plan? IDR is currently funded by BBSRC and Wellcome
 as a collaboration between the OME Consortium and EMBL-EBI. It is a central component of EMBL-EBI’s open data mission in the domain of biological images (see https://www.nature.com/articles/s41592-018-0195-8 and https://www.ebi.ac.uk/bioimage-archive/our-roadmap/ for more information).

                    
                
            
        
        
        
      ",https://idr.openmicroscopy.org/about/faq/,No,,https://doi.org/10.25504/FAIRsharing.6wf1zw,No,Meets all 4 criteria,N/A,Prespecified standard (e.g. DICOM),Prespecified standard (e.g. DICOM),Researchers,Individual registration required for data entry,N/A - no clin-epi data,N/A - no clin-epi data,N/A - no clin-epi data,N/A - no clin-epi data,N/A - no OMICs data collected,https://docs.openmicroscopy.org/bio-formats/6.6.1/supported-formats.html,Yes,Yes,Open access,Directions available on the website,https://idr.openmicroscopy.org/about/download.html,No,CC0 or CC BY 4.0.,Yes,Open access,Participant-level data are being shared,N/A,Open access,Information available on the website,https://idr.openmicroscopy.org/about/download.html,Data are open access,Information available on the website,https://idr.openmicroscopy.org/about/download.html,Not specified,N/A,Anonymization,Not specified,N/A,Not specified,Not specified,Not specified,Registry or platform and individual studies that upload data,Not specified,Not specified,N/A,
,,,Old,Yes,Yes,Yes,No,IDDO,Infectious Diseases Data Observatory,Platform,https://www.iddo.org/,No,"The Infectious Diseases Data Observatory (IDDO) assembles clinical, laboratory and epidemiological data on a collaborative platform to be shared with the research and humanitarian communities. The data are analysed to generate reliable evidence and innovative resources that enable research-driven responses to the major challenges of emerging and neglected infections.",General,General,Any,General,All ages,Worldwide,No,Wellcome Trust,Government,Oxford University,GBR (UK),info@iddo.org ,Philippe Guérin,philippe.guerin@iddo.org,Gemma Buck (Data Manager),gemma.buck@iddo.org,2020,No,Not specified,Not specified,,,"DOIs: 
10.1136/bmj.m3339
10.1016/S0140-6736(20)30798-4
10.1016/S2214-109X(20)30136-4
10.1136/bmj.m1985
10.12688/wellcomeopenres.15933.1
10.1016/j.drudis.2020.06.025
10.1016/S1473-3099(20)30440-0
10.1016/s1473-3099(20)30483-7; 10.1136/bmj.m3249",Yes,No,N/A - no human OMICs data,N/A - no human OMICs data,N/A - no human OMICs data,No,N/A - no pathogen OMICs data,No,N/A - no imaging data,N/A - no imaging data,N/A - no imaging data,N/A - no imaging data,N/A - no imaging data,Longitudinal,Both clinical trial and observational data,Both,COVID-19 infected or suspected only,Clin-epi,No,Not specified ,Not specified ,"160 countries with study-level data on trial registry records, 41 countries with individual data on COVID-19 patients (26.08.2022)","43,654,172 observations (26.08.2022)","477,712 patients (26.08.2022)",N/A - no pathogen OMICS data,"13,482 studies with study-level data on trial registry records (26.08.2022)",https://iddo.cognitive.city/cognitive/welcome,Yes,No,Yes,No,"IDDO and ISARIC are partners in this global collaboration that collates, harmonises and shares COVID-19 clinical data. By contributing and accessing data on the platform, you can promote research that informs clinical practice and the public health response.",https://www.iddo.org/covid-19,No,Yes - ON FAIRsharing,https://doi.org/10.25504/FAIRsharing.cF5x1V,Yes,Meets all 4 criteria,N/A,Prospective and retrospective,Repository CRF data entry screen (e.g. REDCap) (ISARIC) and any format for IDDO,Researchers - health care professionals - and public health authorities,Individual registration required for data entry,REDCap or IDDO platform data entry (refer to: https://isaric.org/research/covid-19-clinical-research-resources/covid-19-data-management-hosting/) ,https://isaric.org/document/covid-19-crf/ ,Yes (ISARIC/WHO/IDDO eCRF),"CDISC SDTM
A CDISC mapping of the ISARIC-WHO CRF is available at https://wiki.cdisc.org/display/COVID19/Annotated+WHO+CRF+and+Mapping+Spreadsheet?desktop=true&macroName=view-file ",N/A - no OMICs data collected,N/A - no participant level imaging data collected,Yes,Yes,"A Data Access Application Form must be completed and emailed to covid19@iddo.org. Once a data access application has been submitted , the COVID-19 Data Access Committee (DAC) manages and oversees all data access applications for re-use of COVID-19 data. The DAC aims to review applications and respond to requests as soon as possible, and within one month of submission. The DAC makes decisions based on the Data Access Guidelines. Links: https://www.iddo.org/sites/default/files/publication/2020-10/COVID-19%20Data%20Platform%20Data%20Access%20Guidelines%201OCT20.pdf; https://www.iddo.org/document/covid-19-data-access-application-form  ",Directions available on the website,https://www.iddo.org/document/iddo-data-access-journey,Yes,Not specified,Yes,Any group whose application is approved,Participant-level data are being shared,N/A,DAC,Information available on the website,https://www.iddo.org/covid19/data-sharing/accessing-data,"Applications will be evaluated according to the following criteria:
- Scientific Value
- Scientific Validity
- Qualifications of the researchers 
- Ethical requirements are met 
- No conflicta of interest 
- Good collaboration and knowledge sharing aspects to the proposal",Information available on the website,https://www.iddo.org/sites/default/files/publication/2020-10/COVID-19%20Data%20Platform%20Data%20Access%20Guidelines%201OCT20.pdf,No,N/A,De-identification,Not specified,N/A,No,Not specified,Involvement in registry/platform data analysis and acknowledgement of data providers in registry/platform data-based publications,Registry or platform,"Large portfolio of training, capacity building and results dissemination activities with participating LMIC research communities. Activities of some platforms (Ebola) include patient community engagement",COVID-19 Clinical Trials Interactive Tool,https://iddo.cognitive.city/public/overview,
PS,Updated using both survey and website,It is actually dataverse ,Old,Yes,Yes,No (it is a dataverse),Yes,ICODA,International COVID-19 Data Alliance,Platform,https://icoda-research.org/,Yes,"ICODA is an open and inclusive global collaboration of leading life science, philanthropic and research organisations that have come together to harness the power of health data to respond to the COVID-19 pandemic",General,General,Any,General,All ages,Worldwide,No,"Bill & Melinda Gates Foundation, Chan Zuckerberg Initiative, Mastercard, Minderoo Foundation, Wellcome, Microsoft AI for Health","NGO, Industry, Private foundation",Health Data Research UK,GBR (UK),icoda@hdruk.ac.uk,"Neil Postlethwaite
Anne Wozencraft",Not specified,Andrew Morris (Director of Health Data Research UK),andrew.morris@ed.ac.uk,July 2020,Yes,"African Academy of Sciences, HDRUK, Collective and Augmented Intelligence Against COVID-19 (CAIAC), Certara, Cytel, DNAstack, Generation Scotland, Genomics England, The Global Alliance for Genomics and Health (GA4GH), Global Partnership for Sustainable Development Data, Health Data Research Network Canada, IDDO, ISARIC, MMS (CRO), National Institute for Health and Care Excellence, PA Consulting, Preva Group, Secure eResearch Platform (SeRP)","SAIL Databank
Aridhia FAIR",,,https://icoda-research.org/research/publications/,Yes,No,N/A - no human OMICs data,N/A - no human OMICs data,N/A - no human OMICs data,No,N/A - no pathogen OMICs data,No,N/A - no imaging data,N/A - no imaging data,N/A - no imaging data,N/A - no imaging data,N/A - no imaging data,Both,Both clinical trial and observational data,Both,Both,Clin-epi,No,Not specified ,Not specified ,Not specified,177 datasets (27.09.22),Not specified,N/A - no pathogen OMICS data,A full spreadsheet with details of the data-related initiatives ICODA has identified.,"https://web.icodagateway.icoda-research.org/search?search=&tab=Datasets
https://icoda-research.org/data-sharing-for-covid-19/",Yes,Yes,Yes,Yes,"By uniting data, we aimed to enable discoveries that help treat and prevent COVID-19, as well as co-ordinate an effective global health data response to health challenges of the future.

ICODA convened and sought to accelerate the work already being undertaken globally, ensuring that health data was accessible in a trusted research environment, the ICODA Workbench.

The ICODA programme ran from July 2020 until October 2022 and together with our partners and researchers, we sought to develop a trustworthy approach to overcome the challenges of accessing and harnessing the power of data.  You can see some of the fantastic results of the programme in our driver projects and publications pages.

Building on the ICODA programme, HDR UK has now convened the HDR Global programme which seeks to assist with data science skills and enable trustworthy data access, re-use and analysis in regions, communities and disease areas, where evidence to tackle threats to public health is lacking",https://icoda-research.org,No,Yes - ON FAIRsharing,Awaiting DOI assignment (https://fairsharing.org/4070),N/A,Meets 2 of 4 criteria,N/A,"Each project has different data types, some standardised to dictionaries, others did not ",Depends on the project,Researchers - health care professionals - patients and members of the population,Individual registration required for data entry,No,https://icoda-research.org/wp-content/uploads/2020/11/Data-Harmonization_pdf.pdf,No,No clin-epi standard used,N/A - no OMICs data collected,N/A - no participant level imaging data collected,No,No - resource is closed to new data,"The “Workbench” – a new data platform, provided by an alliance partner Aridhia Informatics allows researchers to discover, access and analyse global multi-dimensional datasets while respecting confidentiality and privacy. Access to the Workbench is provided free of charge to researchers affiliated with ICODA Driver Projects once they have been accredited and project proposals approved.  ",Directions available on the website,"https://portal.covid-19.aridhia.io/
https://icoda-research.org/research/our-research/#howtojoinus ",Yes,Yes (different for each dataset),Yes,Only groups that contributed data or are otherwise part of the consortium,Participant-level data are being shared,"
N/A",Platform or registry management team or DAC that does or does not include data contributors - depends on the dataset and the nature fo the request,Information available on the website,https://icoda-research.org/wp-content/uploads/2021/05/ICODA-review-processes-policy-May-2021.pdf,"The review will be based on the following criteria:
• Does the research question have scientific merit?
• Could it have patient and/or public benefit?
• Is the statistical analysis plan appropriate to answer research question/s?
• Would data access facilitate high quality research?
• Is the relevant data available? Can it answer the question proposed?
• Will participant privacy be protected?",Information available on the website,https://icoda-research.org/wp-content/uploads/2021/05/ICODA-review-processes-policy-May-2021.pdf,Yes,N/A,Up to the individual data providers to do this - different for each dataset,No central IRB or ERC review obtained - up to individual centres,N/A,Yes,Not specified,"- Citation of study team by analyses that use data they contributed
- Provision of funding
- Analysis tools for data providers to use
- Participation in research projects such as the Driver Projects, priority given to global south led 
projects",Registry or platform and individual studies that upload data,"- Public and Patient Voices Expert Group, with lay representatives from around the world to provide advice from the patient perspective
- All projects must have stakeholder and public and patient engagement plan many of which have focused on the communities served with provision ofdashboards or other public health benefits",Other,https://web.icodagateway.icoda-research.org/search?search=&tab=Datasets,
,Need email,,Old,Yes,Yes,Yes,REDCap survey not sent,NCBI - GenBank,National Center for Biotechnology Information - GenBank,Platform,https://www.ncbi.nlm.nih.gov/genbank/,No,"GenBank is the NIH genetic sequence database, an annotated collection of all publicly available DNA sequences (Nucleic Acids Research, 2013 Jan;41(D1):D36-42). GenBank is part of the International Nucleotide Sequence Database Collaboration, which comprises the DNA DataBank of Japan (DDBJ), the European Nucleotide Archive (ENA), and GenBank at NCBI. These three organizations exchange data on a daily basis.",General,General,Any,General,All ages,Worldwide,No,NCBI,Government,"National Center for Biotechnology Information, U.S. National Library of Medicine",USA,Not specified,Not specified,N/A,Not specified,N/A,Not specified,No,Not specified,"GenBank is part of the International Nucleotide Sequence Database Collaboration (INSDC), which comprises the DNA DataBank of Japan (DDBJ), the European Nucleotide Archive (ENA), and GenBank at NCBI; SRA, NCBI SARS-CoV-2 Resources",,,Not specified,No,Yes,Genomics (e.g. sequencing data),Not specified,N/A - no clin-epi data,Yes,N/A - no clin-epi data,No,N/A - no imaging data,N/A - no imaging data,N/A - no imaging data,N/A - no imaging data,N/A - no imaging data,Cross-sectional,Both clinical trial and observational data,Both,Both,"Human OMICs (unlinked), pathogen OMICs (unlinked)",Yes,Not specified ,Not specified ,Not specified,"5,471,892 SRA runs, 6,131,594 nucleotide records (26.08.2022)",Not specified,Not specified,"8,174 ClinicalTrials.gov, 289,050 PubMed, 392,055 PMC records (26.08.2022)",https://www.ncbi.nlm.nih.gov/sars-cov-2/,Yes,No,Yes,No,"he GenBank database is designed to provide and encourage access within the scientific community to the most up-to-date and comprehensive DNA sequence information. Therefore, NCBI places no restrictions on the use or distribution of the GenBank data.",https://www.ncbi.nlm.nih.gov/genbank/,No,Yes - ON FAIRsharing,https://doi.org/10.25504/FAIRsharing.9kahy4,No,Meets 3 of 4 criteria,N/A,Prespecified standard (e.g. DICOM),Web-based submission tools that are automatically submitted to GenBank or submission preparation tools which require uploading via the Submission Portal or email to gb-sub@ncbi.nlm.nih.gov when relevant,Researchers,Study registration required for data entry,N/A - no clin-epi data,N/A - no clin-epi data,N/A - no clin-epi data,N/A - no clin-epi data,"FASTA, FASTQ, GenBank SF, INSDSeq, MIxS, NCBITaxon, ABCDDNA, AGP, CMECBD, DDBJ/ENA/GenBank FT, SRA-XML



.

",N/A - no participant level imaging data collected,Yes,Yes,"There are several ways to search and retrieve data from GenBank:
- Search GenBank for sequence identifiers and annotations with Entrez Nucleotide.
- Search and align GenBank sequences to a query sequence using BLAST (Basic Local Alignment Search Tool)
- Search, link, and download sequences programatically using NCBI e-utilities.
- The ASN.1 and flatfile formats are available at NCBI's anonymous FTP server: ftp://ftp.ncbi.nlm.nih.gov/ncbi-asn1 and ftp://ftp.ncbi.nlm.nih.gov/genbank ",Directions available on the website,https://www.ncbi.nlm.nih.gov/genbank/,No,Not specified,No,Open access,Participant-level data are being shared,N/A,Open access,Information available on the website,https://www.ncbi.nlm.nih.gov/genbank/,Open access,Information available on the website,https://www.ncbi.nlm.nih.gov/genbank/,No (GenBank assumes that the submitter has received any necessary informed consent authorizations required prior to submitting sequences),N/A,De-identification,Not specified,N/A,No,Not specified,Not specified,Registry or platform,Not specified,Not specified ,N/A,
,,,Old,No,No,No,N/A - doesn't meet inclusion criteria,INSDC,International Nucleotide Sequence Database Collaboration,Catalogue of platforms,http://www.insdc.org/,No,"The International Nucleotide Sequence Database Collaboration (INSDC) is a long-standing foundational initiative that operates between DDBJ, EMBL-EBI and NCBI. INSDC covers the spectrum of data raw reads, through alignments and assemblies to functional annotation, enriched with contextual information relating to samples and experimental configurations",General,General,Any,General,All ages,Worldwide,Not specified,"ENA, DDBJ, NCBI",Not specified,"EMBL-EBI, Wellcome Genome Campus",GBR (UK),Not provided,"Guy Cochrane (EMBL-EBI), Ilene Karsch-Mizrachi (NCBI-NLM-NIH) and Masanori Arita (DDBJ)",gcochrane@usgs.gov; mizrachi@ncbi.nlm.nih.gov; arita@nig.​ac.jp,Not specified,N/A,Not specified,,Not specified,"Links users to EMBL-EBI, NCBI and DDBJ platforms",,,DOI: 10.1038/533179a,No,Yes,Nucleotide sequences,No,N/A - no clin-epi data,Yes,N/A - no clin-epi data,No,N/A - no imaging data,N/A - no imaging data,N/A - no imaging data,N/A - no imaging data,N/A - no imaging data,Cross-sectional,Observational data only,Both,Both,"Human OMICs (unlinked), pathogen OMICs (unlinked)",Yes,Not specified ,Not specified ,Not specified ,Not specified ,Not specified ,Not specified ,Not specified ,N/A,No,Yes,Yes,Yes,"The INSD has a uniform policy of free and unrestricted access to all of the data records their databases contain. Scientists worldwide can access these records to plan experiments or publish any analysis or critique. Appropriate credit is given by citing the original submission, following the practices of scientists utilizing published scientific literature.

All database records submitted to the INSD will remain permanently accessible as part of the scientific record. Corrections of errors and update of the records by authors are welcome and erroneous records may be removed from the next database release, but all will remain permanently accessible by accession number.",https://www.insdc.org/policy/,No,,https://doi.org/10.25504/FAIRsharing.tn873z,No,Meets 3 of 4 criteria,N/A,Prespecified standard (e.g. DICOM),Prespecified standard (e.g. DICOM),Researchers,Individual registration required for data entry,N/A - no clin-epi data,N/A - no clin-epi data,N/A - no clin-epi data,N/A - no clin-epi data,"BAM, AGP files",N/A - no participant level imaging data collected,Yes,Yes,Participant-level data can be accessed through the partnering platforms only,Directions available on the website to a limited extent,http://www.insdc.org/,Not specified,Not specified,No,Participant-level data can be accessed through the partnering platforms only,Participant-level data can be accessed through the partnering platforms only,N/A,Participant-level data can be accessed through the partnering platforms only,Participant-level data can be accessed through the partnering platforms only,N/A,Participant-level data can be accessed through the partnering platforms only,Participant-level data can be accessed through the partnering platforms only,N/A,Individual for every participating platform,N/A,Up to individual data providers,Not specified,N/A,Not specified,Not specified,Involvement in the registry/platform governance and processes,Not specified,Not specified,Not specified ,N/A,
,,No website ,New,No,No,No,No,INTENSIVE,InterNaTional rEgistry oN Sars-cov-2posItiVe nEuroendocrine Neoplasm Patients,Registry,Not provided,Yes,International database to describe and monitor NEN patients with SARS-CoV-2 infection.,"Neuroendocrine Tumors, Neuroepithelioma",Cancer,Any,Oncology patients, >18 years,Worldwide,Yes,European Institute of Oncology,,"European Institute of Oncology, IEO, IRCCS",ITA,Not specified,Nicola Fazio,nicola.fazio@ieo.it,Darina Tamayo,darina.tamayo@ieo.it,"June 15, 2020",,,,,,https://ascopubs.org/doi/abs/10.1200/JCO.2021.39.15_suppl.e16205,Yes,No,N/A - no human OMICs data,N/A - no human OMICs data,N/A - no human OMICs data,No,N/A - no pathogen OMICs data,No,N/A - no imaging data,N/A - no imaging data,N/A - no imaging data,N/A - no imaging data,N/A - no imaging data,Cross-sectional,Observational data only,Both,COVID-19 infected or suspected only,Clin-epi,No,,,,,,,,,,,,,,,No,,No DOI assigned,,,,Prospective (e.g. same CRF),Repository CRF data entry screen (e.g. REDCap),Health care professionals,Registration by invitation,REDCap,,,,N/A - no OMICs data collected,N/A - no participant level imaging data collected,,,,,,,,,,,,,,,,,,,,,,,,,,,,,,
LM,Updated using website - LM checked,,New,No,No,Yes,No,IRCEP,International Registry of Coronavirus Exposure in Pregnancy,Registry,https://corona.pregistry.com/,Yes,data on the risk of major adverse obstetric and neonatal outcomes among women with varying degrees of severity and timing of coronavirus disease 2019 (COVID-19) during pregnancy,General,General,Any,Pregnant women,≥18 years,Worldwide,Yes,"Johnson & Johnson, Regeneron",Industry,Harvard School of Public Health,USA,ircep@pregistry.com,"Diego Wyszynski
Sonia Hernandez-Diaz","diegow@pregistry.com
Not specified",Not specified,N/A,"March 1, 2020",No,Not specified,N/A,,,https://pregistry.com/publications/,Yes,No,N/A - no human OMICs data,N/A - no human OMICs data,Yes,No,N/A - no pathogen OMICs data,No,N/A - no imaging data,N/A - no imaging data,N/A - no imaging data,N/A - no CT data,N/A - no CT data,Longitudinal,Observational data only,Both,COVID-19 infected or suspected only,Clin-epi,No,Not specified ,Not specified ,Not specified,17318,17318,Not specified,Not specified,N/A,No,No,Unsure (Sharing with health professionals),Unsure,"The IRCEP tries to increase retention and data completeness by fostering an online community where participants not only share data but also receive relevant information. //

These are our goals: To give healthcare providers access to high-quality data to make evidence-based prescriptions.  ",https://www.pregistry.com/join-a-study/,No,Yes - NOT on FAIRsharing,No DOI assigned,N/A - doesn't have a DOI,None of the criteria are met,N/A,Prospective (e.g. same CRF),Repository CRF data entry screen (e.g. REDCap),Patients,Individual registration required for data entry,Not specified,Not provided,Not specified,Not specified,N/A - no OMICs data collected,N/A - no participant level imaging data collected,No,No - resource is closed to new data,Not specified,Directions not available on the website,N/A,No,No,No,Not specified,Not specified,N/A,Platform or registry management team,Information not available on website,Not specified,Not specified,Not specified,Not provided,Not specified,Adult pregnant women with clinical confirmation of COVID-19 or tested for SARS-CoV-2 at any time during their pregnancy.,Not specified,IRB or ERC approval obtained,Not provided,Not specified,Insights on the impact of COVID-19 from a registry/platform associated patient survey,Not specified,Not specified,Not specified,Not specified,N/A,
,,,Old,Yes,Yes,Yes,No,PsoProtect,"Psoriasis Patient Registry for Outcomes, Therapy and Epidemiology of COVID-19 Infection",Registry,https://psoprotect.org/,Yes,To report outcomes of COVID-19 in individuals with psoriasis,Psoriasis,Skin conditions,Skin,General,All ages,Worldwide ,Yes,Department of Health via the National Institute for Health Research Biomedical Research Centre based at Guy's and St Thomas' NHS Foundation Trust and King's College London; The Psoriasis Association; NIHR Manchester Biomedical Research Centre,"Professional organization, University",Guy’s and St Thomas’ hospital,GBR (UK),psoprotect@kcl.ac.uk,Prof. Lars Iversen ,lars.iversen@clin.au.dk,"Study team:
Dr Francesca Capon
Dr Nick Dand
Dr Paola Di Meglio
Prof Sinead Langan
Dr Kayleigh Mason
Ms Freya Meynell
Dr Teresa Tsakok
Prof Richard Warren
Dr Zenas Yiu",Not specified,"March 27, 2020",Yes,"Psoriasis Association, European Society for Dermatological Research (ESDR), Global Psoriasis Atlas (GPA), International Federation of Psoriasis Associations (IFPA), American Academy of Dermatology (AAD), International League of Dermatological Societies (ILDS), European Dermatology Forum, International Psoriasis Council (IPC), National Psoriasis Foundation, Skin Inflammation & Psoriasis International Network (SPIN), British Association of Dermatologists (BAD), Irish Skin Foundation, Psoriasis and Psoriatic Arthritis Alliance (PAPAA), European Academy of Dermatology and Venereology (EADV), European Umbrella Organisation for Psoriasis Movements (EUROPSO), The European Rare and Severe Psoriasis Expert Network (ERASPEN), British Society for Investigative Dermatology (BSID), British Dermatological Nursing Group (BDNG), Canadian Psoriasis Network, Canadian Association of Psoriasis Patients (CAPP), British Skin Foundation, Groupe de Recherche sur le psoriasis (GRPSO), King's College London, The University of Manchester, London School of Hygiene & Tropical Medicine ",Not specified,N/A,N/A,"DOIs: 
10.1016/j.jaci.2020.10.007
10.1111/bjd.19161",Yes,No,N/A - no human OMICs data,N/A - no human OMICs data,N/A - no human OMICs data,No,N/A - no pathogen OMICs data,No,N/A - no imaging data,N/A - no imaging data,N/A - no imaging data,N/A - no imaging data,N/A - no imaging data,Cross-sectional,Observational data only,Both,COVID-19 infected or suspected only,Clin-epi,No,Not specified ,Not specified ,Not specified ,"1,652 (26.08.2022)","1,652 (26.08.2022)",N/A - no pathogen OMICS data,Not specified,https://psoprotect.org/current-data/,Yes,No,,Unsure,"PsoProtect is an international registry for health care providers to report outcomes of COVID-19 in individuals with psoriasis. We will provide regular, open access summaries of all reported cases in PsoProtect, for the benefit of the international psoriasis community.
We are committed to sharing data and are delighted to provide open access to summary data of the cases in PsoProtect.",https://psoprotect.org,No,Yes - ON FAIRsharing,https://fairsharing.org/FAIRsharing.09e6e9,No,Meets 2 of 4 criteria,N/A,Prospective (e.g. same CRF),Repository CRF data entry screen (e.g. REDCap),Health care professionals,No registration required for data entry,REDCap,https://www.redcap01.medstats.org.uk/redcap/surveys/?s=M8L7LAW88M,No,No clin-epi standard used,N/A - no OMICs data collected,N/A - no participant level imaging data collected,No,Yes,An unbiased Access Committee will review applications to access the de-identified data stored in the PsoProtect database. Specific permission to access and process datasets held within the PsoProtect database can be granted by the Access Committee. Datasets with de-identified data can be sent via secure email or password encrypted files - registry must be contacted for further details ,Directions available on the website to a limited extent,https://psoprotect.org/faqs/,Not specified,Not specified,No,Any group whose application is approved (except for commercial organizations),Participant-level data are being shared,N/A,DAC,Information available on the website,https://psoprotect.org/faqs/,Not specified,Information not available on website,Not provided,No,N/A,De-identification,IRB or ERC approval obtained,https://psoprotect.org/faqs/,No,doi:  10.1111/bjd.19755,Not specified,Not specified,"Patients and patient organizations have been deeply integrated in the design and set-up of PsoProtect. PsoProtect has partnered with the major psoriasis patient and public involvement (PPI) organisations globally including the NPF (National Psoriasis Foundation), PAPAA (Psoriasis and Psoriatic Arthritis Alliance) and PA (Psoriasis Association)",A dashboard of aggregated and analyzed registry Data are available,https://psoprotect.org/current-data/,
PS,Updated using website,"Found this in a publication (LM, Jan 2023)",New - April 2022,No,No,Yes,No,PsoProtectMe,"Psoriasis Patient Registry for Outcomes, Therapy and Epidemiology of COVID-19 Infection",Registry,https://psoprotectme.org/,Yes,To find out how COVID-19 affects people with psoriasis and whether the treatments used for psoriasis increase (or decrease) the risk of severe infection.,Psoriasis,Skin conditions,Skin,General,≥18 years,Worldwide,Yes,Department of Health via the National Institute for Health Research Biomedical Research Centre based at Guy's and St Thomas' NHS Foundation Trust and King's College London; The Psoriasis Association; NIHR Manchester Biomedical Research Centre,"Professional organization, University",Guy’s and St Thomas’ hospital,GBR ,psoprotect@kcl.ac.uk,"Executive Committee:
Dr. Satveer Mahil
Prof. Chris Griffiths
Prof. Jonathan Barker
Prof. Catherine Smith",N/A,Not specified,psoprotect@kcl.ac.uk,May 4 2020,Yes,https://psoprotectme.org/who-we-are/,Yes,"PsoProtectMe is a survey that is completed by people with psoriasis. PsoProtect is completed by healthcare professionals only. The two initiatives are complementary to each other.


PsoProtectMe is working together with case reporting registries of COVID-19 in other diseases, in order to better understand the impact of the pandemic. We are also working closely with existing psoriasis registries that monitor the long term safety of treatments, to support the timely and detailed reporting of cases of COVID-19: 
SECURE-AD
BADBIR
Global Rheumatology Alliance registry 
Australian Psoriasis Registry","https://psoprotectme.org/who-we-are/

https://psoprotectme.org/faqs/",https://conferences.medicom-publishers.com/proceedings/33585/,Yes,No,N/A - no human OMICs data,N/A - no human OMICs data,N/A - no human OMICs data,No,N/A - no pathogen OMICs data,No,N/A - no imaging data,N/A - no imaging data,N/A - no imaging data,N/A - no imaging data,N/A - no imaging data,Cross-sectional,Observational data only,Both,Both,Clin-epi,No,N/A,N/A,N/A,"5,479",5479,N/A - no pathogen OMICS data,Not specified,https://psoprotectme.org/current-data/,Yes,No,No,No,N/A,N/A,No,Yes - NOT on FAIRsharing,No DOI assigned,N/A - doesn't have a DOI,None of the criteria are met,N/A,Prospective (e.g. same CRF),Repository CRF data entry screen (e.g. REDCap),Patients,No registration required for data entry,REDCap,https://drive.google.com/file/d/19YegQ06g00xZguks-MbIIiXCPIq6xJZv/view,No,No clin-epi standard used,N/A - no OMICs data collected,N/A - no participant level imaging data collected,No,Yes,Not specified,Directions not available on the website,N/A,Not specified,Not specified,No,Not specified (only says data will be used for the purposes of scientific and medical research in the public interest. Sharing information with researchers will always be under relevant data protection and information governance regulations. Your information will not be used for commercial purposes.),Not specified,N/A,Not specified,Information not available on website,N/A,N/A,Information not available on website,N/A,No,Patients are consented prior to filling out the survey via the survey link,Pseudonymization,IRB or ERC approval obtained,https://psoprotectme.org/faqs/,N/A - patient registry,Not specified,N/A,Not specified,Not specified,Real-time data dashboard,https://psoprotectme.org/current-data/,
PS,Updated using both survey and website,,New,No,No,Yes,Yes,LLS National Patient Registry,Leukemia & Lymphoma Society National Patient Registry,Registry,https://www.ciitizen.com/lls/?utm_source=LLS&utm_medium=Partner%20Marketing&utm_campaign=Referral&utm_content=Landing%20Page&utm_channel=LLS&utm_vehicle=Referral,No,"The Leukemia and Lymphoma Society (LLS) has built a National Research Registry to evaluate real world experiences and medical outcomes for people with blood cancer, before, during, and after blood cancer treatments. The LLS National Research Registry is a real-world experiences and outcomes research registry; a collection of patient profile information and medical records data, over time, about people who have a particular disease or condition, or who receive a particular treatment. ","Blood cancer, including all forms of leukemia, lymphoma and myeloma; CAR-T patients and bone marrow transplant patients",Blood cancer,Circulatory system,"People with current or past diagnosis of blood cancer tested positive for the virus, vaccinated or planning to", >18 years,USA,Yes,Leukemia & Lymphoma Society ,Professional organization,Leukemia & Lymphoma Society,USA,Pact@LLS.org,"Larry Saltzman, MD - executive Research Director,
Gwen Nichols, MD - Chief Medical Officer, Lee
Greenberger, PhD - Chief Science Officer","larry.saltzman@lls.org
Others not specified",Brian J Chadwick,"
chadwickbj@gmail.com        ",Not specified,,"Leukemia & Lymphoma Society, Ciitizen ",Not specified,,,Not specified,Yes,No,N/A - no human OMICs data,N/A - no human OMICs data,N/A - no human OMICs data,No,N/A - no pathogen OMICs data,Yes,"Chest CT/CAT scan, Chest X-ray, Head MRI functional MRI (fMRI), Head CT/CAT scan, Positron emission tomography (PET), Electroencephalography (EEG), Magneticencephalography (MEG), Near infrared spectroscopy (NIRS), Cardiac MRI",Yes,Yes,Unsure (as communicated via the survey),Both,Longitudinal,Observational data only,Both,COVID-19 infected or suspected only,"Clin-epi, imaging (linked)",Yes,Not specified ,Not specified ,Not specified,Not specified,Not specified,Not specified,Not specified,N/A,,No,No,Unsure,"What is the goal of the LLS National Patient Registry?
The LLS National Patient Registry collects information from patients with blood cancers (past or present) to learn more about their “real world” experiences and outcomes. This gives health care professionals more information that they can use to tailor how they treat individual patients.
The Registry is currently focused on answering important questions about blood cancer patients and COVID. Everyone with blood cancer is eligible and encouraged to join the Registry regardless of whether or not they have tested positive for COVID-19, and whether or not they plan to be vaccinated against COVID-19.",https://www.ciitizen.com/wp-content/uploads/2021/02/LLS-National-Patient-Registry-External-FAQ_.pdf,No,,No DOI assigned,N/A - doesn't have a DOI,Meets 1 criterion only,N/A,Retrospective,Any format,Health care professionals and patients,Individual registration required for data entry,"LLS has contracted with Ciitizen (www.Ciitizen.com/LLS), a provider of secure regulatory grade data management services. Ciitizen will be the proxy to collect medical records directly from healthcare providers or patients can upload their records directly",Not provided,No,No clin-epi standard used,N/A - no OMICs data collected,N/A - no participant level imaging data collected,No,Yes,Proposal to access data must be submitted and approved by the platform/registry management team,Directions not available on the website (provided through additional contact),N/A,Yes,To be determined (according to the survey),Yes,Any group whose application is approved,Participant-level data will be shared once platform or repository management has completed their own analyses,N/A,Platform or registry management team,Information not available on website (provided through additional contact),N/A,"Study team offers capacity building opportunities
to data contributor",Information not available on website (provided through additional contact),N/A,Yes (individuals have to agree to future uses of the data when signing up),"When signing up to participate in the registry, patients have to agree to terms and conditions, and sign an informed consent form",De-identification,IRB or ERC approval obtained,Not provided,Yes,"Ciitizen will assemble all of the medical records patients provide into one digital file for their personal use, access to a personalized disease summary with key health information",Short term capacity building investment (e.g. short course),Registry or platform,None,Not specified,N/A,
,,,Old,Yes,Yes,Yes,No,NCBI - GEO,National Center for Biotechnology Information - Gene Expression Omnibus,Platform,https://www.ncbi.nlm.nih.gov/geo/,No,GEO is a public functional genomics data repository supporting MIAME-compliant data submissions. Array- and sequence-based data are accepted. Tools are provided to help users query and download experiments and curated gene expression profiles,General,General,Any,General,All ages,Worldwide,No,NCBI,Government,"National Center for Biotechnology Information, U.S. National Library of Medicine",USA,"geo@ncbi.nlm.nih.gov
barrett@ncbi.nlm.nih.gov",Not specified,N/A,Tanya Barrett,barrett@ncbi.nlm.nih.gov,Not specified,No,Not specified,"NCBI, NLM, NIH",,,Not specified,No,Yes,Genomics (e.g. sequencing data),Not specified,N/A - no clin-epi data,Yes,N/A - no clin-epi data,No,N/A - no imaging data,N/A - no imaging data,N/A - no imaging data,N/A - no imaging data,N/A - no imaging data,Cross-sectional,Both clinical trial and observational data,Both,Both,"Human OMICs (unlinked), pathogen OMICs (unlinked)",Yes,Not specified ,Not specified ,Not specified,Not specified,Not specified,"130 RNA samples, 472 SRA samples, result from search ""sars-cov-2""(26.08.22)",Not specified,https://www.ncbi.nlm.nih.gov/geo/summary/,Yes,Yes,Yes,Yes,"GEO is an international public repository that archives and freely distributes microarray, next-generation sequencing, and other forms of high-throughput functional genomics data submitted by the research community.

The three main goals of GEO are to:

Provide a robust, versatile database in which to efficiently store high-throughput functional genomic data (see Data organization)
Offer simple submission procedures and formats that support complete and well-annotated data deposits from the research community (see Submission guide)
Provide user-friendly mechanisms that allow users to query, locate, review and download studies and gene expression profiles of interest (see Query and analysis)",,No,Yes - ON FAIRsharing,https://doi.org/10.25504/FAIRsharing.5hc8vt,No,Meets 3 of 4 criteria,N/A,Prespecified standard (e.g. DICOM),Prespecified standard (e.g. DICOM),Researchers,Individual registration required for data entry,N/A - no clin-epi data,N/A - no clin-epi data,N/A - no clin-epi data,N/A - no clin-epi data,"MIAME, MINISEQE",N/A - no participant level imaging data collected,Yes,Yes,One can download the data from the website in several formats via several tools,Directions available on the website,https://www.ncbi.nlm.nih.gov/geo/info/download.html,No,Not specified,No,Open access,Participant-level data are being shared,N/A,Open access,Information available on the website,https://www.ncbi.nlm.nih.gov/geo/info/download.html,Open access,Information available on the website,https://www.ncbi.nlm.nih.gov/geo/info/download.html,No (Up to individual data providers to check that all consent and IRB-related requirements are met),N/A,De-identification,No central IRB or ERC review obtained - up to individual centres,https://www.ncbi.nlm.nih.gov/geo/info/faq.html,No,Not specified,"- Analysis tools for researchers to use
- Citation of study team by analyses that use data they contributed",Registry or platform and individual studies that upload data,Not specified,Public holdings where one can search for COVID-19 related data,https://www.ncbi.nlm.nih.gov/geo/summary/?type=series,
,,No website ,New,No,No,No,No,NACMI,North American COVID-19 ST-Segment-Elevation Myocardial Infarction Registry,Registry,Not provided,Yes,"The registry will utilize observational methods to assess and compare the characteristics, treatment, and follow-up of confirmed COVID-19 patients presenting with ST elevation on ECG.",Accompanying clinical correlate of myocardial ischemia,Cardiovascular disease,Cardiovascular system,Patients with cardiovasvular risk factors or diseases, ≥18 years,USA,Yes,,Professional organization,Minneapolis Heart Institute Foundation,USA,Not specified,Timothy Henry,Tim.henry@thechristhospital.com,Timothy D. Henry,Tim.henry@thechristhospital.com,Jan 2020,,"Society for Cardiac Angiography and Interventions, Canadian Association of Interventional Cardiology, American College of Cardiology Interventional Council",,,,https://pubmed.ncbi.nlm.nih.gov/32425198/; https://pubmed.ncbi.nlm.nih.gov/33888249/,Yes,No,N/A - no human OMICs data,N/A - no human OMICs data,N/A - no human OMICs data,No,N/A - no pathogen OMICs data,No,N/A - no imaging data,N/A - no imaging data,N/A - no imaging data,N/A - no imaging data,N/A - no imaging data,Longitudinal,Observational data only,Hospitalized only,Both COVID-19 infected and not infected,Clin-epi,No,,,,,,,,,,,,,,,No,,No DOI assigned,,,,Prospective (e.g. same CRF),Repository CRF data entry screen (e.g. REDCap),Health care professionals,Hospital - Centre - Institution registration required for data entry,,,,,,,,Yes,,,,,,,,,,,,,,,,,,,,,,,,,,,,
PS,Updated using both survey and website,,New,No,No,Yes,Yes (partial),NAPKON,National Pandemic Cohort Network,Platform,https://napkon.de/,Yes,"The intersectoral platform is part of the National Pandemic Cohort Network (NAPKON) and will be used to provide a comprehensive and harmonized collection of data and biomaterial for researchers from national consortia, pharmaceutical companies and for participation in international research collaborations for the purpose of studying COVID-19 disease and future pandemics.",General,General,Any,General,All ages,DEU,Not specified ,The German Federal Ministry of Education and Research,Government,Universitätsklinikum Frankfurt,DEU,"info@napkon.de
suep@napkon.de
pop@napkon.de
napkon-hap@charite.de
suep-paediatrie@napkon.de",Jörg-Janne Vehreschild,Janne.Vehreschild@kgu.de        ,Peter Heuschmann,peter.heuschmann@uni-wuerzburg.de,July 2020,,Not specified,German Corona Consensus (GECCO) data,,,DOI: 10.1007/s15010-021-01707-5,Yes,Yes,"Genomics (e.g. sequencing data), Epigenomics",Yes,No,No,N/A - no pathogen OMICs data,Yes,"Chest CT/CAT scan, Chest X-ray, Head MRI, Head CT/CAT scan, Positron emission tomography (PET), Electroencephalography (EEG), Cardiac MRI, ECG, US",Yes,No,Yes,Both,Both,Observational data only,Both,Both,"Clin-epi, human OMICs (unlinked), imaging (unlinked)",Yes,https://napkon.de/standorte/,https://napkon.de/standorte/,32 (23.05.22),Not specified,Not specified ,N/A - no pathogen OMICS data,Not specified ,Not specified,,Yes,Yes,Yes,"Zur Unterstützung der Bekämpfung der SARS-CoV-2-Pandemie sowie zukünftiger Pandemien bedarf es einer sicheren, erweiterbaren und interoperablen Plattform zur Bereitstellung von Forschungsdaten zu Covid-19. NAPKON ist  in  Verbindung mit  der  CoDEX-Datenplattform (einschließlich  der  vom  DZHK bereitgestellten  Übergangslösung) in  der  Lage,  die  standardisierte  Datenerhebung, -haltung  und -bereitstellung   auf   dem   für   methodisch   anspruchsvolle   Studien   und   Register   notwendigen Qualitätsniveau zu organisieren  und dabei  alle  Anforderungen der  Ethik  und des  Datenschutzes zu erfüllen.  Dies umfasst auch die Dokumentation und Bereitstellung von Bilddaten und Bioproben. Die CoDEX-Plattform soll  zudem  erweiterbar  sein,  um  neben  weiteren  Kliniken  und  Versorgern,  auch Patient*innen bzw. Bürger*innen, sowie staatliche Einrichtungen wie z.B. das Robert-Koch-Institut und weitere Wissenschaftseinrichtungen einzubeziehen",https://cloud.napkon.de/s/XNy4EBQTnX3KrGX,No,,No DOI assigned,N/A - doesn't have a DOI,Meets 3 of 4 criteria,N/A,Prospective (e.g. same CRF),Repository CRF data entry screen (e.g. REDCap),Health care professionals,Hospital - Centre - Institution registration required for data entry,research platform of the German Center for Cardiovascular Research (DZHK),Not provided,No,"International Classification of Diseases (ICD)-9, 10, or 11",Not specified,Not specified,Yes,Yes,Application and relevant documents filled out and sent to the DAC for a decision ,Directions available on the website,https://proskive.napkon.de/,Yes,Not specified,Yes,Any group whose application is approved,Participant-level data are being shared,N/A,DAC,Information not available on website (provided through additional contact),N/A,"- Clinical or public health-related importance
- Study team has received ethics approval for
proposed analysis
- case number calculation
- industry participation
- genome examinations
- precise research question",Information not available on website (provided through additional contact),N/A,Not specified,N/A,Pseudonymization,Not specified,N/A,Yes,Not specified,Reimbursements for the costs of patient visits,Not specified,Not specified ,Not specified ,N/A,
PS,Updated using both survey and website,,New,No,No,Yes,Yes,National COVID-19 Survivors Registry/National COVID-19 Convalescent Registry,National COVID-19 Survivors Registry/National COVID-19 Convalescent Registry,Registry,https://www.tuftsctsi.org/research-services/covid-19-information-and-resources/national-covid-19-survivors-registry/,Yes,The National COVID-19 Survivors Registry is a database that helps researchers study how people recover from COVID-19,General,General,Any,People recovered from COVID-19,≥18 years ,USA,Not specified ,Tufts Clinical and Translational Science Institute,Professional organization,Tufts Clinical and Translational Science Institute,USA,covidregistry@tuftsmedicalcenter.org,Andreas Klein,aklein2@tuftsmedicalcenter.org,Not specified,N/A,Not specified,,Not specified,Not specified,,,Not specified,Yes,No,N/A - no human OMICs data,N/A - no human OMICs data,N/A - no human OMICs data,No,N/A - no pathogen OMICs data,No,N/A - no imaging data,N/A - no imaging data,N/A - no imaging data,N/A - no imaging data,N/A - no imaging data,Cross-sectional,Observational data only,Both,COVID-19 infected or suspected only (and recovered),Clin-epi,No,Not specified ,Not specified ,Not specified ,Not specified,Not specified ,N/A - no pathogen OMICS data,Not specified ,Not specified,,No,No,Unsure,"Qualified researchers will apply to the registry to be matched to volunteers, but only the registry staff will have access to the database itself. The registry staff will identify volunteers who match requirements for the research and contact the volunteers to ask their interest in taking part in a particular research project and giving them the opportunity themselves to contact the researchers or not.",https://collaborate.tuftsctsi.org/redcap/surveys/?s=QsJvFnrQVE,No,,No DOI assigned,N/A - doesn't have a DOI,None of the criteria are met,N/A,Prospective (e.g. same CRF),Repository CRF data entry screen (e.g. REDCap),Patients,Individual registration required for data entry,REDCap,Not provided,No,Not specified,N/A - no OMICs data collected,N/A - no participant level imaging data collected,No,Yes,Participant-level data will not be shared,Participant-level data will not be shared,N/A,Participant-level data will not be shared,Participant-level data will not be shared,No,Participant-level data will not be shared,Participant-level data will not be shared,"We only inform our registrants about research they may wish to participate in and give them the contact information to pursue if they want. We do not allow researchers to solicit
registrants directly.",Participant-level data will not be shared,Participant-level data will not be shared,N/A,Participant-level data will not be shared,Participant-level data will not be shared,N/A,Yes - Patient registry that seeks consent from patients and does not accept data from studies,"Online survey - respondents have to click ""I agree"" on a page that displays information on the registry prior to filling in the survey  ",Participant-level data will not be shared,Not specified,N/A,No,Not specified,N/A,N/A - Registry only connects participants to other registries,Registry informs participants about other potential registries/studies they can join,N/A - Registry only connects participants to other registries,N/A,
,,,Old,Yes,Yes,Yes,No,N3C,National Institute of Health - National COVID Cohort Collaborative,Platform,https://covid.cd2h.org/,Yes,"The N3C Data Enclave is a secure platform through which the harmonized clinical data provided by our contributing members is stored. The data itself can only be accessed through a secure cloud portal hosted by NCATS and cannot be downloaded or removed. N3C invites you to begin your journey with the Enclave and join the collaborative efforts of our partners to better understand and address the most pressing COVID-19 clinical questions. Additional information on SARS 1, MERS, and H1N1 infections is included for comparative studies.",General,General,Any,General,All ages,USA,Yes,National Institutes of Health (NIH): Grant U24TR002306 and NCATS,Government,National Center for Data to Health (CD2H) by National Center for Advancing Translational Sciences (CTSA) hub sites,USA,ncats_n3c@nih.gov,James M. Ostell,Not specified,Not specified,N/A,"May 26, 2020",No,Not specified,Not specified,,,Not specified,Yes,Yes,Genomics (Phenotype),Yes,Yes,Yes,Yes,Yes,Radiological imaging,Yes,Yes,N/A - no CT data,N/A - no CT data,Longitudinal,Observational data only,Both,Both,"Clin-epi, human OMICs (linked), pathogen OMICs (linked), imaging (linked)",Yes,https://covid.cd2h.org/dashboard/admin/table,https://covid.cd2h.org/dashboard/admin/table,75 (26.08.22),Not specified ,15.2 million (26.08.22),Not specified,"Enclave statistics: 75 sites, 15.2 milion persons, 5,968,822 COVID-cases, 17.9  billion rows, 1.6 billion clinical observations, 8.5 billion lab results, 2.7 billion  medical records, 834.4 million procedures, 891.2 million visits (26.08.22)",https://covid.cd2h.org/dashboard/,Yes,No,Yes,Data archived,The N3C Data Enclave is a secure platform through which the harmonized clinical data provided by our contributing members is stored. The data itself can only be accessed through a secure cloud portal hosted by NCATS and cannot be downloaded or removed. ,https://covid.cd2h.org,No,Yes - ON FAIRsharing,"10.25504/FAIRsharing.bbbffe
        
        
        
        ",No,Meets all 4 criteria,N/A,Prospective (e.g. same CRF),Provided CRF,Affiliated institutions,Hospital - Centre - Institution registration required for data entry,Via SFTP,https://ncats.nih.gov/files/OMOP_CDM_v5_COVID_042720.pdf,No,"LOINC, SNOMED-CT, OMOP",FASTA,DICOM,Yes,Yes,"First an N3C Data Enclave account has to be created (DUA has to be created, a NIH Information Security and Informational Management Training has to be completed and documentation of completion of Human Subjects Research Protection training has to be provided beforehand). Then N3C data can be accessed after receiving approval via a Data Use Request. For sensitive data an IRB has to be obtained by the institution. Data cannot be downloaded and can be analyzed only within the enclave.",Directions available on the website,https://covid.cd2h.org/enclave-checklist,Yes,Not specified,Yes,Any group whose application is approved,Participant-level data are being shared,N/A,DAC,Information available on the website,https://covid.cd2h.org/enclave-checklist,Data Usage Agreement has to exist between N3C and the institution interested in using data and a required training has to be completed,Information available on the website,https://ncats.nih.gov/n3c/about/applying-for-access,Not specified,N/A,"A Certificate of Confidentiality will protect the privacy of individuals and their data by prohibiting disclosure of identifiable, sensitive research information to anyone not connected to the research except when consent is obtained, or in a few other specific situations",IRB or ERC approval obtained,https://zenodo.org/record/4010824#.YOrvXSaxWUl,Not specified,Not specified,Involvement in registry/platform data analysis ,Registry or platform,Not specified,N3C Enclave Statistics Dashboard,https://covid.cd2h.org/dashboard/,
,,,Old,Yes,Yes,Yes,No,NIH - GeneWeaver,NIH - GeneWeaver,Platform,https://www.geneweaver.org/,No,A system for the integration and analysis of heterogeneous functional genomics data,General,General,Any,General,All ages,Worldwide,No,"NIAAA Integrative Neuroscience Initiative on Alcoholism (U01AA13499, U24AA13513), supported by NIH R01 AA18776 jointly funded by NIAAA and NIDA, and JAX Center for Precision Genetics NIH U54 OD 020351",Government,"The Jackson laboratory, Baylor University, The University of Tennessee",USA,erich_baker@baylor.edu; elissa.chesler@jax.org,Elissa J. Chesler,elissa.chesler@jax.org,Erich Baker,erich_baker@baylor.edu,Not specified,No,Not specified,NIH,,,DOI: 10.1038/s41386-020-00795-5,No,Yes,Genomics (e.g. sequencing data),No,N/A - no clin-epi data,No,N/A - no pathogen OMICs data,No,N/A - no imaging data,N/A - no imaging data,N/A - no imaging data,N/A - no imaging data,N/A - no imaging data,Both,Both clinical trial and observational data,Both,Both,Human OMICs (unlinked),No,Not specified ,Not specified ,Not specified,"61 gene sets for query ""sars-cov-2"" and 97 for ""covid-19"" (26.08.22)",Not specified,N/A - no pathogen OMICS data,Not specified,https://www.geneweaver.org/search/?searchbar=&pagination_page=1&searchGenesets=yes&searchGenes=yes&searchAbstracts=yes&searchOntologies=yes,Yes,No,No,No,Very brief description: GeneWeaver strives to keep its data resources as up-to-date as possible. We have compiled a complete dynamicically-created list of data and participating data sources.,https://www.geneweaver.org/about,No,Yes - ON FAIRsharing,https://doi.org/10.25504/FAIRsharing.1y79y9,No,Meets 3 of 4 criteria,N/A,Prespecified standard (e.g. DICOM),Registered users can log in and upload single gene sets or make use of the Batch Gene Set Upload process,Researchers,Individual registration required for data entry,N/A - no clin-epi data,N/A - no clin-epi data,N/A - no clin-epi data,N/A - no clin-epi data,"FASTA, GO, MA, MeSH, MP",N/A - no participant level imaging data collected,Yes,Yes,"GeneWeaver allows users to download genesets that they have permission to access (public data available for everyone, private data only to data generator and their groups). GeneSet intersection data can be downloaded as a csv file for subsequent analyses. Searches and analyses can be also conducted within the website.",Directions available on the website,https://www.geneweaver.org/help/,No,Not specified,No,"Data can be private, public, or accessible only to selected groups. Public data is openly accessible for registered users",Participant-level data are being shared,N/A,Open access to public data; data generator can make data private,Information available on the website,https://www.geneweaver.org/datasharing,"Data can be private, public, or accessible only to selected groups, no criteria specified",Information available on the website,https://www.geneweaver.org/datasharing,Not specified,N/A,Not specified,Not specified,N/A,Not specified,Not specified,Analysis tools for researchers to use ,Registry or platform,Not specified,Not specified ,N/A,
,,,Old,No,No,No,N/A - doesn't meet inclusion criteria,neatid - COVID-19 Hepatitis Co-Infection Data Dashboard,COVID-19 HCV Co-Infection Data Dashboard,Dashboard,https://www.neat-id.org/,N/A,To monitor the progress of COVID-19 in patients with hepatitis across Europe in real time,"HCV, HBV",Hepatitis,Liver,General,Not specified ,EU,Not specified ,"The European treatment network of HIV, hepatitis and global infectious diseases (NEAT ID) Foundation",Professional organization,NEAT ID Foundation,ENG/BE,neat-id@neat-id.org,Prof. Jürgen Rockstroh,juergen.rockstroh@ukbonn.de,Not specified,N/A,"May, 2020",,Not specified,COVID-HIV Registry,,,Not specified,Yes  ,No,N/A - no human OMICs data,N/A - no human OMICs data,N/A - no human OMICs data,No,N/A - no pathogen OMICs data,No,N/A - no imaging data,N/A - no imaging data,N/A - no imaging data,N/A - no imaging data,N/A - no imaging data,Cross-sectional,Observational data only,Both,COVID-19 infected or suspected only,Clin-epi,No,Not specified ,Not specified ,Not specified ,Not specified,Not specified,N/A - no pathogen OMICS data,Not specified,N/A,No,,,,,,No,,No DOI assigned,N/A,None of the criteria are met,https://fairshake.cloud/digital_object/812075/assessments/,Prospective (e.g. same CRF),Repository CRF data entry screen (e.g. REDCap),Health care professionals,Hospital - Centre - Institution registration required for data entry,Knack,Not provided,No,No clin-epi standard used,N/A - no OMICs data collected,N/A - no participant level imaging data collected,No,Yes,Participant-level data will not be shared,Participant-level data will not be shared,N/A,Participant-level data will not be shared,Participant-level data will not be shared,Participant-level data will not be shared,Participant-level data will not be shared,Participant-level data will not be shared,N/A,Participant-level data will not be shared,Participant-level data will not be shared,N/A,Participant-level data will not be shared,Participant-level data will not be shared,N/A,Not specified,N/A,Participant-level data will not be shared,Not specified,N/A,Not specified,Not specified,Not specified,Not specified,Not specified,A dashboard summarizing the Hepatitis information will be available in the future,https://www.neat-id.org/,
,,,Old,No,No,No,N/A - doesn't meet inclusion criteria,neatid - COVID-19 HIV Co-Infection Data Dashboard,COVID-19 HIV Co-Infection Data Dashboard,Dashboard,https://www.neat-id.org/,COVID-19 only dashboard,To monitor the progress of COVID-19 in patients with HIV across Europe and the globe in real time,HIV,HIV,Any,General,Not specified ,Worldwide,Not specified ,"The European treatment network of HIV, hepatitis and global infectious diseases (NEAT ID) Foundation",Professional organization,NEAT ID Foundation,ENG/BE,neat-id@neat-id.org,Prof. Anton Pozniak,anton.pozniak@chelwest.nhs.uk,Not specified,N/A,"March 27, 2020",,Not specified,COVID-Hep Registry,,,Not specified,Yes  ,No,N/A - no human OMICs data,N/A - no human OMICs data,N/A - no human OMICs data,No,N/A - no pathogen OMICs data,No,N/A - no imaging data,N/A - no imaging data,N/A - no imaging data,N/A - no imaging data,N/A - no imaging data,Cross-sectional,Observational data only,Both,COVID-19 infected or suspected only,Clin-epi,No,Not specified ,Not specified ,Not specified ,"1,645 (01.05.21)","1,645 (01.05.21)",N/A - no pathogen OMICS data,Not specified,https://neat-id.knack.com/neat-id-covid-19#home/,Yes,,,,,,No,,https://doi.org/10.25504/FAIRsharing.rOCqic,Yes,Meets 1 criterion only,https://fairshake.cloud/digital_object/812075/assessments/,Prospective (e.g. same CRF),Repository CRF data entry screen (e.g. REDCap),Health care professionals,Hospital - Centre - Institution registration required for data entry,Knack,Not provided,No,No clin-epi standard used,N/A - no OMICs data collected,N/A - no participant level imaging data collected,No,Yes,Participant-level data will not be shared,Participant-level data will not be shared,N/A,Participant-level data will not be shared,Participant-level data will not be shared,Participant-level data will not be shared,Participant-level data will not be shared,Participant-level data will not be shared,N/A,Participant-level data will not be shared,Participant-level data will not be shared,N/A,Participant-level data will not be shared,Participant-level data will not be shared,N/A,Not specified,N/A,Participant-level data will not be shared,Not specified,N/A,Not specified,Not specified,Not specified,Not specified,Not specified,A real-time dashboard of aggregated and analyzed HIV Data are available,https://neat-id.knack.com/neat-id-covid-19#home/,
PS,Updated using both survey and website,,Old,Yes,Yes,Yes,Yes (partially),QMENTA imaging database ,QMENTA imaging database,Platform,https://www.qmenta.com/conquercovid,No,"To serve as the world’s repository for COVID-19 chest CTs, X-rays, and even ultrasound images - ConquerCovid initiative includes medical imaging data",Patients with imaging exams,General,Any,General,All ages,Worldwide,No,QMENTA,Industry,QMENTA,US/ES,"info@qmenta.com
support@qmenta.com",Paulo Rodrigues,Not specified,"Landon McKenna (President and Chief Business Officer, Co-Founder), Vesna Prchkovska (Chief Executive Officer, Co-Founder)","landon@qmenta.com, vesna@qmenta.com",April 2020,No,Not specified,Not specified,,,Not specified,Yes,No,N/A - no human OMICs data,N/A - no human OMICs data,N/A - no human OMICs data,No,N/A - no pathogen OMICs data,Yes,"Multiple: Chest CTs, X-rays, and ultrasound images",Yes - age and gender only,Yes,Not specified,Not specified,Cross-sectional,Observational data only,Both,Both,Clin-epi - imaging (linked),Yes,Not specified ,Not specified ,Not specified,"4,673 (26.08.22)","4,673 (26.08.22)",N/A - no pathogen OMICS data,"492 X-Ray scans, 4181 CT scans (26.08.22)",https://www.qmenta.com/conquercovid,Yes,Yes,Yes,"Yes (stated to archive data, see text)","To defeat the COVID-19 pandemic, there is an urgent need to gather, analyze, and share medical data from around the world to not only optimize care for afflicted patients right now, but also to accelerate the identification of better treatments and, hopefully, preventative vaccines in the near future.
QMENTA’s core technology is a key weapon that can help everyone… patients, doctors, hospitals, drug developers, researchers... engaged in the fight.
QMENTA’s cloud-based medical image archiving, curation, and sharing solution is ready at this very moment to serve as the world’s repository for COVID-19 chest CTs, X-rays, and even ultrasound images. ",https://www.qmenta.com/conquercovid,No,Yes - NOT on FAIRsharing,No DOI assigned,N/A - doesn't have a DOI,Meets 3 of 4 criteria,N/A,"Any format (DICOM, .jpg, etc.)  ","Prespecified standard (DICOM, .jpg, etc.)  ",Researchers and health care professionals,Individual registration required for data entry,N/A - no clin-epi data,N/A - no clin-epi data,N/A - no clin-epi data,No clin-epi standard used,N/A - no OMICs data collected,"DICOM, Brain Imaging Data Structure (BIDS) standard",Yes,Yes,Registered users who upload their images to the platform can share the images with others who also have to be registered ,Directions available on the website,Must be registered to view the sharing instructions,Yes,Not specified,Yes,Registered users (they must be invited to access the images by the image uploaders),Participant-level data are being shared,N/A,Data generator,Information available on the website,Must be registered to view the access instructions,No specifications other than being invited by the image uploader,Information not available on website,N/A,No,N/A,De-identification (responsibility of the image uploaders and is done automatically when uploading to the platform),Does not constitute human subjects research therefore deemed exempt from IRB or ERC review,Not provided,No,Not specified,"- Analysis tools for image uploaders and the ability to safely share images with collaborators 
- Citation of study team by analyses that use data they contributed",Registry or platform and individual studies that upload data,Not specified,Summary numbers of currently available COVID-19 datasets,https://www.qmenta.com/conquercovid,
,,,Old,No,No,No,N/A - doesn't meet inclusion criteria,NIH - NCBI,National Institute of Health - National Center for Biotechnology Information,Catalogue of platforms,https://www.ncbi.nlm.nih.gov/,Data sharing platform with COVID-19 data embedded in the platform under SARS-CoV-2,The National Center for Biotechnology Information advances science and health by providing access to biomedical and genomic information,General,General,Any,General,All ages,Worldwide,Yes,"National Library of Medicine (NLM), NCBI",Government,"National Center for Biotechnology Information, U.S. National Library of Medicine",USA,Not specified,Ilene Karsch-Mizrachi,mizrachi@ncbi.nlm.nih.gov,Not specified,N/A,Not specified,,Not specified,"GenBank, SRA, NLM, HHS, NCBI",,,Not specified,No,Yes,"Genomics, Proteomics",Yes,N/A - no clin-epi data,Yes,N/A - no clin-epi data,No,N/A - no imaging data,N/A - no imaging data,N/A - no imaging data,N/A - no imaging data,N/A - no imaging data,Cross-sectional,Observational data only,Both,Both,"Human OMICs (unlinked), pathogen OMICs (unlinked)",Yes,Not specified ,Not specified ,Not specified,"781,396 SRA runs, 903,286 nucleotide records (10.07.2021)",Not specified,Not specified,"6,217 ClinicalTrials.gov, 159,152 PubMed, 178,897 PMC records (23.07.2021)",https://www.ncbi.nlm.nih.gov/sars-cov-2/,Yes,No,possible to download data (so yes?!),No,"The National Center for Biotechnology Information advances science and health by providing access to biomedical and genomic information. // 
NCBI's mission is to develop new information technologies to aid in the understanding of fundamental molecular and genetic processes that control health and disease. More specifically, the NCBI has been charged with creating automated systems for storing and analyzing knowledge about molecular biology, biochemistry, and genetics; facilitating the use of such databases and software by the research and medical community; coordinating efforts to gather biotechnology information both nationally and internationally; and performing research into advanced methods of computer-based information processing for analyzing the structure and function of biologically important molecules.",https://www.ncbi.nlm.nih.gov/,No,,Catalogue of platforms - FAIRness of included platforms is assessed,N/A,Cannot assess FAIRness,N/A,Prespecified standard (e.g. DICOM),"Submit assembled reads of SARS-CoV-2 with FASTA files and source metadata to GenBank. Submit unassembled reads of SARS-CoV-2 with BioProject, BioSample, metadata and NGS files to SRA. ",Researchers,Individual registration required for data entry,N/A - no clin-epi data,N/A - no clin-epi data,N/A - no clin-epi data,N/A - no clin-epi data,"FASTA; there could be more standards, depending on which platform the data is submitted to",N/A - no participant level imaging data collected,Yes,Yes,"One can download sequences from the website via FTP, Aspera or other download tools",Directions available on the website,https://www.ncbi.nlm.nih.gov/home/download/,No,Not specified,No,Open access,Participant-level data are being shared,N/A,Open access,Information available on the website,https://www.ncbi.nlm.nih.gov/home/download/,Open access,Information available on the website,https://www.ncbi.nlm.nih.gov/home/about/policies/#copyright,Not specified,N/A,Not specified,Not specified,N/A,Not specified,Not specified,Analysis tools for researchers to use ,Registry or platform,Not specified,Not specified ,N/A,
,,Not included as collapsed with EGA. ReCoDID does not qualify as a platform. Data are harmonized but stored by EMBL-EBI. Will not be included in the Lancet DH final submission. ,Old,Yes,No,No (Collapsed with EGA),REDCap survey not sent,ReCoDID,Reconciliation of Cohort data in Infectious Diseases,Platform,https://recodid.eu/,Data sharing platform for clin-epi data that links to the EMBL-EBI COVID-19 Data Portal through connnection with EMBL-EBI EGA Platform,The ReCoDID platform will retrospectively harmonize COVID-19 clin-epi data across related cohorts in concert with EMBL-EBI EGA COVID-19 Data Hubs to support linkages between clin-epi data and high dimensional data host OMICs or imaging data,"Infectious diseases (focus on emerging infectious diseases, including: ZIKV, DENV, COVID-19)",General,Any,General,All ages,Worldwide,Yes,"European Commission Horizon 2020 Programme, Canadian Institutes for Health Research - Institute of Genetics",Government,Heidelberg University Hospital ,DEU,https://recodid.eu/contact-us/,Not specified,N/A,"UKHD, Dr Thomas Jaenisch",frank.tobian@uni-heidelberg.de; thomas.jaenisch@urz.uni-heidelberg.de,"September, 2020",,Not specified,Works on retrospective harmonization of participant-level COVID-19 clin-epi data which is then linked to human and/or pathogen OMICs data through a collaboration with EMBL-EBI''s EGA as part of SARS-CoV-2 Data Hubs (https://www.covid19dataportal.org/data-hubs) part of European COVID-19 Data Portal,,,Not specified,Yes,Yes,"Multiple: Human molecular biology data, proteomics, metabolomics",Not specified,Not specified,No,N/A - no pathogen OMICs data,No,N/A - no imaging data,N/A - no imaging data,N/A - no imaging data,N/A - no imaging data,N/A - no imaging data,Longitudinal,Observational data only,Both,COVID-19 infected or suspected only,"Clin-epi, human OMICs (linked)",Yes,Not specified ,Not specified ,Not specified ,Not specified ,Not specified ,N/A - no pathogen OMICS data,Not specified,N/A,No,,,,,,No,,No DOI assigned,N/A,None of the criteria are met,N/A,Prospective and retrospective,Any format,Researchers,Hospital - Centre - Institution registration required for data entry,Not specified,Not provided,No,Not specified,Not specified,N/A - no participant level imaging data collected,No,No - resource is not yet accepting data,The platform governance is under development. Participant-level data are not yet available.,Directions not available on the website (provided through additional contact),Information provided by the repository contacts,Not specified,Not specified,No,No data yet available,Platform or repository does not yet host participant-level data,N/A,DAC,Information not available on website (provided through additional contact),N/A,Participant-level data are not being shared but will be at a later time,Participant-level data are not being shared but will be at a later time,N/A,Not specified,N/A,Not specified,Not specified,N/A,Not specified,Not specified,Analysis tools for data providers to use (under development),Registry or platform,Not specified,Not specified ,N/A,
,,No website ,New,No,No,No,No,Obs Covid Spain,Spanish Covid-19 pregnancy registry ,Registry,Not provided,,,,,,,,,,,,,,Not specified,Óscar Martínez Pérez,Not specified,María Begoña Encinas Pardilla,beenpar@yahoo.es,,,,,,,,,,,,,,,,,,,,,,,,,,,,,,,,,,,,,,,,,No,,No DOI assigned,,,,,,,,,,,,,,,,,,,,,,,,,,,,,,,,,,,,,,,,,,,
PS,Updated using website,,New,No,No,Yes,REDCap survey not sent,ObsCOVID,ObsCOVID,Registry,https://covid.knack.com/obscovid#encounters/,Yes,"International registry for maternity health workers to log encounters with patients with confirmed or suspected COVID-19, with follow up for symptoms in staff.",General,General,Any,Maternity healthcare workers,All ages,GBR,Yes,Not specified,Not specified,Not specified,UK,Not specified,Not specified,N/A,Not specified,N/A,Not specified,,"Obstetric Anaesthetists' Association, Royal College of Anaesthetists, Royal College of Obstetricians and Gynaecologists, Royal College of Midwives",Not specified,,,Not specified,Yes,No,N/A - no human OMICs data,N/A - no human OMICs data,N/A - no human OMICs data,No,N/A - no pathogen OMICs data,No,N/A - no imaging data,N/A - no imaging data,N/A - no imaging data,N/A - no imaging data,N/A - no imaging data,Longitudinal,Observational data only,Both,Both,Clin-epi,No,Not specified ,Not specified ,Not specified ,Not specified,Not specified ,N/A - no pathogen OMICS data,Not specified ,Not specified,,No,,,N/A,N/A,No,No - not eligible for FAIRsharing,No DOI assigned,N/A - doesn't have a DOI,None of the criteria are met,N/A,Prospective (e.g. same CRF),Repository CRF data entry screen (e.g. REDCap),Health care professionals,Individual registration required for data entry,Knack (https://www.knack.com/),Registration required to access: https://covid.knack.com/obscovid#encounters/,No,No clin-epi standard used,N/A - no OMICs data collected,N/A - no participant level imaging data collected,No,Yes,Not specified,Directions not available on the website,N/A,Not specified,Not specified,No,Not specified,Not specified,N/A,Not specified,Information not available on website,N/A,Not specified,Information not available on website,N/A,No,N/A,Not specified,Not specified,N/A,No,Not specified,Not specified,Not specified,Not specified,Not specified,N/A,
,,,New - April 2022,No,No,No,N/A - doesn't meet inclusion criteria,openICPSR COVID-19 Data Repository,Inter-university Consortium for Political and Social Research COVID-19 Data Repository,Data lake,https://www.openicpsr.org/openicpsr/covid19,No,"Repository for data examining the social, behavioral, public health, and economic impact of the novel coronavirus global pandemic.",,,,,,,,,,University of Michigan,USA,ICPSR-help@umich.edu,N/A,,,,,,,,,,,,,,,,,,,,,,,,,,,,,,,,,,,,,,,Yes,Yes,Yes,"The COVID-19 Data Repository is a repository for data examining the social, behavioral, public health, and economic impact of the novel coronavirus global pandemic. This is a free self-publishing option for any researcher who wants to share data related to COVID-19. Deposits should include all data, annotated program code, command files, and documentation necessary to understand the data collection and/or replicate research findings.",https://www.openicpsr.org/openicpsr/covid19,No,,No DOI assigned,,,,,,,,,,,,,,,,,,,,,,,,,,,,,,,,,,,,,,,,,,,
,,No website ,New,No,No,No,No,PACCOVRA,Pediatric Acute and Critical Care COVID-19 Registry of Asia,Registry,Not provided,COVID-19 only registry,"This study aims to determine the prevalence and outcomes of PARDS in the Pediatric Acute and Critical Care Medicine Asian Network (PACCMAN). This study will also determine the use of pulmonary (mechanical ventilation, steroids, neuromuscular blockade, surfactant, pulmonary vasodilators, prone positioning) and non-pulmonary (nutrition, sedation, fluid management, transfusion) PARDS therapies. ",Acute Respiratory Distress Syndrome,,Lungs,All children presenting to acute care hospitals within the PACCMAN collaborative sites,up to 21 years,Asia,,KK Women's and Children's Hospital,,KK Women's and Children's Hospital,SGP,Not specified,"Judith Wong
Dr Lee Jan Hau","judith.wong.jm@singhealth.com.sg
leejanhau@gmail.com",Not specified,N/A,,,,,,,,,,,,,,,,,,,,,,,,,,,,,,,,,,,,,,,,,No,,No DOI assigned,,,,,,,,,,,,,,,,,,,,,,,,,,,,,,,,,,,,,,,,,,,
LM,Updated using website,,New,No,No,Yes,No,PAN-COVID,Pregnancy And Neonatal outcomes for women with COVID-19,Registry,https://pan-covid.org/,Yes,Torapidly collect clinical experience of COVID in pregnancy and the neonates to inform the global community about the natural history of the disease and guide improvements in clinical care and public health. ,Pregnancy,Pregnancy,Any,Pregnant women and neonatal,WRA (women of reproductive age),Worldwide,Yes,UK Medical Research Council ,Government,Cardiff University,GBR,"pan-covid@imperial.ac.uk
pan-covid@cardiff.ac.uk",Christoph Lees; Edward Mullins,c.lees@imperial.ac.uk; Edward.mullins@imperial.ac.uk ,Nigel Kirby; Kim Munnery,kirbyN@cardiff.ac.uk; MunneryK1@cardiff.ac.uk  ,"Jan 1, 2020",Yes,International Federation of Gynecology and Obstetrics (FIGO),https://www.imperial.ac.uk/,,,10.1002/uog.23619; https://doi.org/10.1136/bmjopen-2020-041247,Yes,No,N/A - no human OMICs data,N/A - no human OMICs data,N/A - no human OMICs data,No,N/A - no pathogen OMICs data,No,N/A,N/A - no imaging data,N/A - no imaging data,N/A - no imaging data,N/A - no imaging data,Longitudinal,Observational data only,Both,COVID-19 infected or suspected only,Clin-epi,No,Imperial College ,https://www.imperial.ac.uk/,1,Not specified,Not specified,N/A - no pathogen OMICS data,Not specified,N/A,No,No,,,"The COVID-19 outbreak will affect thousands of pregnant women globally and evidence is currently limited on its impact on pregnancy and neonates.
There is a need to rapidly collect clinical experience of COVID in pregnancy and the neonates to inform the global community about the natural history of the disease and guide improvements in clinical care and public health. The registry is centre-based and aims to offer a continuously updated collection of clinical case reports from around the world.
Our research questions are to explore the experience of COVID-19 and:
Miscarriage
Fetal Growth Restriction and Stillbirth
Pre-term Delivery
Transmission from Mother to Baby
Modelling and opinion on the extent and peak of the outbreak suggests a broad time period over which the virus may impact on global populations. Our proposed registry will provide fortnightly feedback of data to the clinical community and will allow them to adapt their response based on the most the current information available.",https://pan-covid.org/,No,Yes - NOT on FAIRsharing,No DOI assigned,N/A - doesn't have a DOI,Meets 2 of 4 criteria,N/A,Prospective (e.g. same CRF),Provided CRF,Patients,Individual registration required for data entry,Elsevier Macro Database,https://pan-covid.org/resources/PAN-COVID%20Data%20Collection%20Form_v3.0_FINAL_05JUN2020.pdf,No,No clin-epi standard used,N/A - no OMICs data collected,N/A - no participant level imaging data collected,No,No - resource is closed to new data,"study websites, in medical journals and medical conferences",Directions available on the website,https://pan-covid.org/Information-for-Participants.php,Yes,Yes,Yes,Open access,Participant-level data will not be shared,N/A,Data generator,Information available on the website,https://pan-covid.org/Information-for-Participants.php,Not specified,Information available on the website to a limited extent,N/A,Yes - Patient registry that seeks consent from patients and does not accept data from studies,Study centers identify woem with pregnany loss or delivery. Informed consent obtained. If women is not in situaion for consent either family/relatives asked for their opnions.,Anonymization,IRB or ERC approval obtained,https://pan-covid.org/Information-for-Participants.php,Yes,Research on the impact of COVID-19 on minority and vulnerable groups,Imperial College,Registry or platform and individual studies that upload data,Not specified,Reports (not real-time) available on website,https://pan-covid.org/resources/Study%20Bulletin%2016%20WEB.pdf,
,,,Old,Yes,Yes,Yes,No,SCMR COVID-19 Registry,Society for Cardiovascular Magnetic Resonance COVID-19 Registry,Registry,https://scmr.org/page/Registry,Yes,To characterize the spectrum of cardiovascular magnetic resonance (CMR) findings in COVID-19 patients and provide a forum for clinicians and investigators to share data and collaborate,Patients with CMR imaging data,General,Cardiovascular system,Patients who undergo CMR,All ages,Worldwide,Yes,Not specified,Not specified,SCMR,USA,covid19@scmr.org,Dr. James Carr (President of SCMR),hq@scmr.org,Not specified,N/A,Not specified,Yes,"European Society of Cardiology (ESC), Society for Cardiovascular Magnetic Resonance (SCMR); European Association of Cardiovascular Imaging (EACVI)",Not specified,N/A,N/A,"https://doi.org/10.1093/ehjci/jeaa329

https://doi.org/10.1093/eurheartj/ehx819",Yes,No,N/A - no human OMICs data,N/A - no human OMICs data,N/A - no human OMICs data,No,N/A - no pathogen OMICs data,Yes,CMR scan,Yes,Yes,N/A - no CT data,N/A - no CT data,Longitudinal,Observational data only,Both,COVID-19 infected or suspected only,"Clin-epi, imaging (linked)",Yes,"Elisabeth-Krankenhaus, Essen, Germany
German Heart Institute Berlin and Charite University Medicine Berlin, Berlin, Germany
Leeds Institute of Cardiovascular and Metabolic Medicine, Advanced Imaging Centre
University of Medical Sciences in Poznan, Poznan, Poland
University of Oxford, Oxford, United Kingdom
University of Pennsylvania, Philadelphia, PA, USA",https://scmr.org/page/Registry,6 (26.08.22),Not specified,Not specified,N/A - no pathogen OMICS data,Not specified,N/A,Yes,No,Unsure (mission is to share data to CMR community),No,"The SCMR Registry is designed to support the mission of the SCMR, “To improve cardiovascular health by advancing the field of CMR”, by:

Promoting evidence-based utilization of CMR through a collaborative global effort.
Providing a web mechanism for CMR centers to upload de-identified patient data, CMR indications, and images that incorporates state-of-the-art data security and privacy standards.
Providing a mechanism of tracking patient outcomes (death, events).
Supporting global access to make registry data available to the wider CMR research community.",https://scmr.org/page/Registry,No,Yes - NOT on FAIRsharing,No DOI assigned,N/A - doesn't have a DOI,Meets 2 of 4 criteria,N/A,Prospective (e.g. same CRF),Repository CRF data entry screen (e.g. REDCap),Health care professionals,Hospital - Centre - Institution registration required for data entry,SurveyMonkey,https://www.surveymonkey.com/r/3CGHJNC    ,No,No clin-epi standard used,N/A - no OMICs data collected,DICOM,Yes,Yes,"SCMR Members who are active contributors of data to the Registry are permitted to view and search the Registry database at any time through the Registry portal. SCMR Members who are not active contributors of data to the Registry are unable to directly view or search the Registry database. However, any SCMR member may submit a search request to the SCMR Registry Committee. The Registry Committee will review the request and work with the submitting member(s) to run the search, or a modified search, as appropriate. An effective search will result in a tally of the number of cases meeting the specific search criteria, a list of which sites contributed these data, and the number of cases contributed by each site. This information (number of cases and contributing sites) will be incorporated into an application for access to these data and submitted to the Registry Committee for approval. If approved, the SCMR Registry Committee will contact the Contributors of data required for the project, present the research proposal, and request data access. Each individual Contributor reserves the right to decide whether their data may be used in the proposed study. Once a research project is approved, and contributing sites have agreed to participate the relevant data from the participating sites will be aggregated into an SCMR Registry folder",Directions available on the website,"https://cdn.ymaws.com/scmr.org/resource/resmgr/committees/registry/highlights_-_scmr_registry_d.pdf
https://cdn.ymaws.com/scmr.org/resource/resmgr/committees/registry/Data_Access_Policy_SCMR_Regi.pdf
https://www.surveymonkey.com/r/WYH3WR7
https://www.surveymonkey.com/r/VVVL277",No,Not specified,No,Any group whose application is approved,Participant-level data are being shared,N/A,Data generator and DAC,Information available on the website,https://cdn.ymaws.com/scmr.org/resource/resmgr/committees/registry/Data_Access_Policy_SCMR_Regi.pdf,"1. Alignment with SCMR Mission: To improve cardiovascular health by advancing the field of CMR. OR alignment with a specific RFA.
2. Potential impact on the field and utilization of CMR.
3. Feasibility of the project based on Registry data available, work required by contributing centers, and resources available to complete the project.
4. Investigators: the team possesses the skills, expertise, and resources to accomplish the project.",Information available on the website,https://www.surveymonkey.com/r/WYH3WR7,No,N/A,De-identification,No central IRB or ERC review obtained - up to individual centres,https://scmr.org/page/COVID-19Registry,No,Not specified,Potential to be included as co-authors on registry/platform data-based publications and acknowledgement of data providers in registry/platform data-based publications,Not specified,Not specified,Not specified,N/A,
LM,Updated using website,,New,No,No,Yes,No,PregCovid,National Registry of Pregnant Women with Covid-19 in India,Registry,https://pregcovid.com/ ,Yes,N/A - COVID-specific resource,Pregnancy,Pregnancy & postpartum period,Any,Pregnant & postpartum women & neonatal,WRA,IND,Yes,No Funding,N/A - no funding received,ICMR-National Institute for Research in Reproductive and Child Health (NIRRCH) ,IND,contact@pregcovid.com,Smita Mahale; Rahul Gajbhiye; ,smitamahale@hotmail.com; gajbhiyer@nirrh.res.in; rakeshbw0326@gmail.com; nirajdr@hotmail.com ,Not specified,N/A,"March 1, 2000",,Not specified,Not specified,,,http://dx.doi.org/10.1136/bmjopen-2021-050039,Yes,No,N/A - no human OMICs data,N/A - no human OMICs data,N/A - no human OMICs data,No,N/A - no pathogen OMICs data,No,N/A - no imaging data,N/A - no imaging data,N/A - no imaging data,N/A - no imaging data,N/A - no imaging data,Longitudinal,Observational data only,Hospitalized for COVID-19 only,COVID-19 infected or suspected only,Clin-epi,No,,,,,,,,,,No,,,"Goals
To study socio-demographic, clinical presentations and the reproductive characteristics of pregnant and post-partum women diagnosed with SARS- CoV-2 infection
To determine the pregnancy and fetal outcomes in women with SARS-CoV-2 infection and study the effects of treatment on pregnancy outcomes
To evaluate proportion of maternal to fetal transmission of SARS-CoV-2 infection in pregnancy",https://pregcovid.com/about/,No,Yes - NOT on FAIRsharing,No DOI assigned,N/A - doesn't have a DOI,None of the criteria are met,N/A,Prospective (e.g. same CRF),Repository CRF data entry screen (e.g. REDCap),Health care professionals,Hospital - Centre - Institution registration required for data entry,Proprietary EDC,Not available,Not specified,No clin-epi standard used,N/A - no OMICs data collected,N/A - no participant level imaging data collected,No,Yes,Not provided on website,Directions not available on the website,N/A,No,Not specified,No,Not specified,Participant-level data will not be shared,,Platform or registry management team,Information not available on website,N/A,Not available on website,Information not available on website,N/A,Not required – platform/registry data deemed non-human subjects research by relevant ERC/IRB,Participants not consented,Not specified,Does not constitute human subjects research therefore deemed exempt from IRB or ERC review,,Not required – platform/registry data deemed non-human subjects research by relevant ERC/IRB,Not specified,Not specified,Not specified,Not specified,Real-time data dashboard,https://pregcovid.com/#about,Study of pregnant women & women in post-partum period with SARS-CoV-2 infection.  Reviewed 4 publications and website looking for info.
,,No website ,New,No,No,No,No,Pregnant during COVID-19,Pregnant during COVID-19,Registry,Not provided,COVID-19 only registry,"To collect information about women's health, pregnancy, and  experience during the COVID-19 outbreak",Pregnancy,Pregnancy,,,≥18 years ,,,,,,,research@womans.org,Not specified,N/A,Ericka Seidemann,Not specified,,,,,,,,,,,,,,,,,,,,,,,,,,,,,,,,,,,,,,,,,No,,No DOI assigned,,,,,,,,,,,,,,,,,,,,,,,,,,,,,,,,,,,,,,,,,,,
,,,Old,Yes,Yes,Yes,No,SVIN COVID-19 Registry,Society of Vascular and Interventional Neurology COVID-19 Registry,Registry,https://www.svin.org/i4a/pages/index.cfm?pageid=3483,Yes,"To better understand the epidemiology and mechanisms of stroke and cerebrovascular disease in patients with COVID19, and to evaluate the impact this pandemic has on systems of care",Cerebrovascular complications,Stroke,Cerebrovascular system,General,≥18 years ,"US, ES, EG, RO",Yes,SVIN,Professional organization,Cooper University Hospital,USA,Not specified,Dr James E. Siegler,siegler-james@cooperhealth.edu,Not specified,N/A,"February, 2020",Yes,Society of Vascular and Interventional Neurology,Not specified,N/A,N/A,"DOIs:
10.1186/s12883-021-02075-1
10.1177/1747493020959216",Yes,No,N/A - no human OMICs data,N/A - no human OMICs data,N/A - no human OMICs data,No,N/A - no pathogen OMICs data,No ,N/A - no imaging data,N/A - no imaging data,N/A - no imaging data,N/A - no imaging data,N/A - no imaging data,Longitudinal,Observational data only,Hospitalized only,COVID-19 infected or suspected only,Clin-epi,No,"Institute of Biomedical Research of Salamanca, Department of Neurology, Hospital Universitario de Salamanca, Salamanca, Spain.
Department of Neurology, Hospital Clínico Universitario de Valladolid, Valladolid, Spain.
Cooper Neurologic Institute, Cooper University Hospital, Camden, New Jersey, USA.
Stroke Unit, Department of Neurology, Vall d'Hebron Research Institute, Barcelona, Spain.
Departament de Medicina, Universitat Autónoma de Barcelona, Barcelona, Spain. 24
Department of Neurology, Hospital Universitari, Bellvitge, Barcelona, Spain.
Department of Neurology, Hospital Clínic, Barcelona, Spain.
Department of Neurology, Department of Radiology, Department of Neurosurgery, Boston Medical Center, Boston University School of Medicine, MA, USA.
Department of Neurology, Emory University School of Medicine, Atlanta, USA.
Department of Neurology, Grady Memorial Hospital, Atlanta, GA, USA.
Stroke Unit, Neuroscience Department, Hospital Universitari Germans Trias i Pujol, Badalona, Barcelona, Spain.
Neurology Department, Stroke and neurointervention unit, Alexandria University, Egypt.
Critical care Department, Alexandria University, Egypt
Neurosurgery Department, Stroke and Neurointervention unit, Alexandria University, Egypt.
Department of Neurology, Ronald Reagan UCLA Medical Center, Los Angeles, USA
Department of Clinical Neuroscience Research, Valley Baptist Medical Center, Harlingen TX, USA.
Department of Neurology, University of Texas Rio Grande Valley, Harlingen, TX, USA.
Neuroscience Institute, Bon Secours Mercy Health St. Vincent Hospital, Toledo, OH, USA.
New Jersey Medical School, Newark, NJ, 07103, USA
Department of Neurology, McGovern Medical School, University of Texas Health Science Center, Houston, TX, 77030, USA
University of Pittsburgh Medical Center Mercy Hospital, Pittsburgh, PA, 15219, USA
University of Pittsburgh Medical Center Presbyterian Medical Center, Pittsburgh, PA 15213, USA
Department of Neurology, University of Iowa Hospitals and Clinics, Iowa City, IA, 52242, USA
Department of Neurology, Robert Wood Johnson University Hospital, New Brunswick, NJ, 08901, USA
Department of Neurosurgery, Robert Wood Johnson University Hospital, New Brunswick, NJ, 08901, USA
Division of Neurointerventional Surgery, Department of Neurology, Lutheran Health, Fort Wayne, IN, 46804, USA
Department of Interventional Neuroradiology and Endovascular Neurosurgery, Baptist Health South Florida, Coral Gables, FL, 33146, USA
Department of Neurology, University Emergency Hospital Bucharest, Bucharest, Romania
OhioHealth Neuroscience Center, Riverside Methodist Hospital, Columbus, OH, 43214, USA
Center for Outcomes Research, Baptist Health South Florida, Coral Gables, Florida 33146, USA
Carol Davila"" University of Medicine and Pharmacy, Bucharest, Romania",https://www.ncbi.nlm.nih.gov/pmc/articles/PMC7846488/#CR7,31 (26.08.22),Not specified,Not specified,N/A - no pathogen OMICS data,Not specified,N/A,Yes,No,,,"Our primary objective of this investigation is to better understand the epidemiology and mechanisms of stroke and cerebrovascular disease in patients with COVID19, and to evaluate the impact this pandemic has on systems of care.",https://www.svin.org/i4a/pages/index.cfm?pageid=3483,No,No - not eligible for FAIRsharing,No DOI assigned,N/A - doesn't have a DOI,None of the criteria are met,N/A,Prospective (e.g. same CRF),Repository CRF data entry screen (e.g. REDCap),Health care professionals,Hospital - Centre - Institution registration required for data entry,REDCap,Not provided - registration required ,N/A - no central CRF,No clin-epi standard used,N/A - no OMICs data collected,N/A - no participant level imaging data collected,No,Yes,"Publications on the registry mention ""Fully de-identified data can be made available upon reasonable request of the corresponding author""",Directions not available on the website (mentioned in a publication),"https://www.ncbi.nlm.nih.gov/pmc/articles/PMC7846488/#CR7 
https://www.ncbi.nlm.nih.gov/pmc/articles/PMC7533468/ ",Not specified,Not specified,No,Any group whose application is approved,Participant-level data are being shared,N/A,Platform or registry management team,Information not available on website (mentioned in a publication),"https://www.ncbi.nlm.nih.gov/pmc/articles/PMC7846488/#CR7 
https://www.ncbi.nlm.nih.gov/pmc/articles/PMC7533468/ ",Not specified ,Information not available on website,Not provided,Yes - Includes only data from centres where informed consent has been waived by the local IRB,N/A,De-identification,IRB or ERC approval obtained,https://www.ncbi.nlm.nih.gov/pmc/articles/PMC7846488/#CR7,No,Not specified,Acknowledgement of data providers in registry/platform data-based publications,Not specified,Not specified ,Not specified ,N/A,
,,,Old,Yes,Yes,Yes,No,SECURE-Alopecia,"Surveillance Epidemiology of Coronavirus Under Research Exclusion-Alopecia
(also part of the SECURE-DERM: https://www.secure-derm.com/)",Registry,https://securealopecia.covidderm.org/login/?next=/insight/,Yes,To understand how COVID-19 will impact patients with alopecia (including alopecia areata and other alopecias) who are treated with systemic immunomodulating medication,Alopecia,Alopecia,"Skin, Hair",General,All ages,Worldwide,Yes,"National & International Skin Registry Solutions CLG, Dublin Ireland",NGO,National & International Skin Registry Solutions CLG,IE,covid.alopecia@nisrsolutions.com,Not specified,N/A,"Dmitri Wall, Nekma Meah, Katherine York, Alan Irvine, Rod Sinclair, Gang Chen, Andrew Messenger, Sinead Langan, Desmond Tobin",dmitri.wall@gmail.com,"April 8, 2020",Yes,"British Association of Dermatologists (BAD), Alopecia UK, American Hair Research Society, The Australia Alopecia Areata Foundation (AAAF), The International Society of Hair Restoration Surgery (ISHRS), Skin Inflammation & Psoriasis International Network (SPIN), National Alopecia Areata Foundation, British Hair & Nail Society (BHNS), Australasian College of Dermatologists, The International League of Dermatological Societies (ILDS)",Not specified,N/A,N/A,DOI: 10.1016/j.det.2021.05.013 ,Yes,No,N/A - no human OMICs data,N/A - no human OMICs data,N/A - no human OMICs data,No,N/A - no pathogen OMICs data,No,N/A - no imaging data,N/A - no imaging data,N/A - no imaging data,N/A - no imaging data,N/A - no imaging data,Cross-sectional,Observational data only,Both,COVID-19 infected or suspected only,Clin-epi,No,Not specified ,Not specified ,Not specified,496 (26.08.22),496 (26.08.22),N/A - no pathogen OMICS data,Not specified,Only available upon registration for now ,Yes,No,,,"With the collaboration of the international alopecia community, we will rapidly be able to define the impact of COVID-19 on patients with alopecia who are treated with systemic immunomodulating medication and how factors such as age, comorbidities, and systemic immunomodulating treatments impact COVID outcomes.",https://securealopecia.covidderm.org/login/?next=/insight/,No,Yes - ON FAIRsharing,https://doi.org/10.25504/FAIRsharing.clSFul (same DOI for SECURE-AD and Alopecia),Yes,Meets 1 criterion only,https://fairshake.cloud/digital_object/812079/assessments/,Prospective (e.g. same CRF),Repository CRF data entry screen (e.g. REDCap),Health care professionals,Individual registration required for data entry,OpenApp,Not provided - registration required ,No,No clin-epi standard used,N/A - no OMICs data collected,N/A - no participant level imaging data collected,No,Yes,Participant-level data will not be shared,Participant-level data will not be shared,N/A,Participant-level data will not be shared,Participant-level data will not be shared,Participant-level data will not be shared,Participant-level data will not be shared,Participant-level data will not be shared,Not specified,Participant-level data will not be shared,Participant-level data will not be shared,N/A,Participant-level data will not be shared,Participant-level data will not be shared,N/A,No,N/A,De-identification,Not specified,N/A,No,Not specified,Not specified,Not specified,Not specified,"Regularly updated summary information about reported cases, including numbers of cases by country, number of cases by treatment, and others, will be available soon",https://www.secure-derm.com/current-data-secure-aa-physician-registry/,
,Need email,,Old,Yes,Yes,Yes,REDCap survey not sent,NIH - NCBI - dbGAP,The database of Genotypes and Phenotypes,Platform,https://www.ncbi.nlm.nih.gov/gap/,No,The database of Genotypes and Phenotypes (dbGaP) was developed to archive and distribute the data and results from studies that have investigated the interaction of genotype and phenotype in Humans,General,General,Any,General,All ages,Worldwide,Yes,National Institute of Health,Government,"National Center for Biotechnology Information, U.S. National Library of Medicine",USA,"https://support.nlm.nih.gov/?from=https://www.ncbi.nlm.nih.gov/home/about/contact/
dbgap-sp-help@ncbi.nlm.nih.gov ",Not specified,N/A,Not specified,N/A,N/A,No,Not specified,"NCBI, NIH",,,Not specified,Yes,Yes,"phenotype data, association (GWAS) data, summary level analysis data, SRA (Short Read Archive) data, reference alignment (BAM) data, VCF (Variant Call Format) data, expression data, imputed genotype data",Yes,Yes,Yes,Yes,No,N/A - no imaging data,N/A - no imaging data,N/A - no imaging data,N/A - no imaging data,N/A - no imaging data,Both,Not specified,Both,Both,"Clin-epi, human OMICs (linked), pathogen OMICs (linked)",Yes,Not specified ,Not specified ,Not specified,"For COVID-19: 9 studies, 21 phenotype datasets, 28 variables, 2 molecular datasets (26.08.22)",Not specified,Not specified,Not specified,https://www.ncbi.nlm.nih.gov/gap/advanced_search/?OBJ=study&COND=%7B%22study_main_disease%22:%5B%22COVID-19%22%5D%7D,Yes,Yes,Yes (dbGaP distributes data),Yes (dbGaP archives data),"The dbGaP archives and distributes the results of studies that have investigated the interaction of genotype and phenotype. Such studies include genome-wide association studies, medical sequencing, molecular diagnostic assays, as well as association between genotype and non-clinical traits. The individual level data hosted at the dbGaP is distributed through a controlled access system. ",,No,Yes - ON FAIRsharing,https://doi.org/10.25504/FAIRsharing.88v2k0,No,Meets all 4 criteria,N/A,Prespecified standard (e.g. DICOM),"Phenotype and metadata are uploaded using Submission Guide and Templates, molecular data using Submission Guide.",Researchers,Study registration,Site-specific platform,https://www.ncbi.nlm.nih.gov/gap/docs/submissionguide/#asc,No,Not specified,"BAM, CRAM, FASTQ, Matrix format, PLINK, VCF",N/A - no participant level imaging data collected,Yes,Yes,"For controlled access data, the PI has to apply for authorization which is granted first by SO and then by DAC. The individual level data hosted at the dbGaP is distributed through a controlled access system. The principal investigator (PI) of the project or downloaders designated by the PI can download the data as soon as the data access request is approved. ",Directions available on the website,https://www.ncbi.nlm.nih.gov/books/NBK570242/#DAreq_ControlledAcc.Overview,Yes,Not specified,Yes,Any group whose application is approved,Participant-level data are being shared,N/A,DAC,Information available on the website,https://www.ncbi.nlm.nih.gov/books/NBK5294/,"Eligible  intramural scientists are tenure-track investigators, senior investigators, senior scientists, senior clinicians, or staf f scientists. IC extramural scientific staff are eligible if  they: have administrative responsibility f or the data; have substantial research involvement in the award that generated the data; or need access to carry out research unrelated to their portfolio management responsibilities",Information available on the website,https://osp.od.nih.gov/wp-content/uploads/NIH_Intramural_Request_Form_Permission_Access_GDS_Data.pdf,Yes (informed consent for genomic research),N/A,De-identification,No central IRB or ERC review obtained - up to individual centres,https://www.ncbi.nlm.nih.gov/projects/gap/cgi-bin/GetPdf.cgi?document_name=HowToSubmit.pdf,No,Not specified,"- Analysis tools for researchers to use
- Citation of study team by analyses that use data they contributed",Registry or platform and individual studies that upload data,Not specified,Not specified,N/A,
,,No website ,New,No,No,No,No,RANZCOG: National Registry for Australian women infected with SARS-COV2 in pregnancy,The Royal Australian and New Zealand College of Obstetricians and Gynaecologists: National Registry for Australian women infected with SARS-COV2 in pregnancy,Registry,Not provided,COVID-19 only registry,"To collect contemporary data on all women infected with SARS-COV2 during pregnancy in Australia, to improve understanding of the disease and its impacts on the health outcomes of these women and their babies",Pregnancy,Pregnancy,,,WRA,,,,,,,Not specified,Clare Whitehead,clarew@unimelb.edu.au,Miranda Davies-Tuck,miranda.davies@hudson.org.au,,,,,,,,,,,,,,,,,,,,,,,,,,,,,,,,,,,,,,,,,No,,No DOI assigned,,,,,,,,,,,,,,,,,,,,,,,,,,,,,,,,,,,,,,,,,,,
,,,Old,Yes,Yes,Yes,No,NIH - NIAID - ImmPort,The Immunology Database and Analysis Portal,Platform,https://www.immport.org/home,No,"ImmPort is funded by the NIH, NIAID and DAIT in support of the NIH mission to share data with the public. Data shared through ImmPort has been provided by NIH-funded programs, other research organizations and individual scientists ensuring these discoveries will be the foundation of future research",General,General,Any,General,All ages,Worldwide,Yes,"National Institute of Allergy and Infectious Diseases (NIAID), National Institutes of Health (NIH), Health and Human Services (HHS)",Government,"UCSF, Stanford University, the University of Buffalo, the Technion - Israel Institute of Technology, and Northrop Grumman",US/IL,immport_helpdesk@immport.org; abutte@stanford.edu,Not specified,N/A,Patrick Dunn (Team member),patrick.dunn@nih.gov,Not specified,No,Not specified,Not specified,,,doi:10.1038/sdata.2018.15,Yes,Yes,"Multiple: Metabolomics, proteomics, genomics",Yes,Yes,Yes,Yes,No,N/A - no imaging data,N/A - no imaging data,N/A - no imaging data,N/A - no imaging data,N/A - no imaging data,Both,Both clinical trial and observational data,Both,Both,Clin-epi - Human OMICs – Pathogen OMICs (linked),Yes,Not specified ,Not specified ,Not specified,"58 results listed under ""COVID-19 studies"" (26.08.22)","5837 participants listed under ""COVID-19"" (26.08.22)",Not specified,Not specified,https://www.immport.org/shared/search?filters=study_2_condition_or_disease.condition_preferred:COVID-19%20-%20DOID:0080600&utm_source=COVID-19&utm_medium=banner&utm_campaign=COVID-19,Yes,No,Unsure (mission is to share data with the public - sounds more like to share results with the public not the collected data itself),No,"ImmPort is funded by the NIH, NIAID and DAIT in support of the NIH mission to share data with the public. Data shared through ImmPort has been provided by NIH-funded programs, other research organizations and individual scientists ensuring these discoveries will be the foundation of future research.",https://www.immport.org/home,Yes,Yes - ON FAIRsharing,https://doi.org/10.25504/FAIRsharing.bpkzqp,No,Meets all 4 criteria,N/A,Data has to be uploaded in specific formats,"Data upload templates available, data is deposited in private workspaces and access control is specified by the data providers",Researchers,Individual registration required for data entry,Not used - data uploaded in Excel template,https://docs.immport.org/datasubmission/general/,No,CDISC CT,"CL
OBI
GO
MIAME
MIFlowCyt",N/A - no participant level imaging data collected,Yes,Yes,"Only registered users can download data, however, data summaries are available for every visitor to see online",Directions available on the website,https://www.immport.org/resources/tutorials (must register to access download tutorial),Yes,Not specified,Yes,Any group whose application is approved,Participant-level data are being shared,N/A,Data generator can decide if their data is controlled access or not,Information available on the website,https://www.immport.org/resources/dataTemplates,Not specified,Information not available on website,N/A,Not specified,N/A,De-identification,Not specified,N/A,Not specified,Not specified,"- Involvement in registry/platform data analysis
- Citation of study team by analyses that use data they contributed""",Registry or platform and individual studies that upload data,Not specified,ImmPort blog,https://blog.immport.org/,Article says that ImmPort uses CDISC CT data model:  https://www.nature.com/articles/sdata201815
PS,Updated using both survey and website,,New,No,No,Yes,Yes,RECOGEST,The National Registry for the study of COVID-19 in pregnancy in Colombia,Registry,https://www.clinicauniversitariabolivariana.org.co/clinica/es/recogest,Yes,"To create a multicenter registry in Colombia of pregnant women with a prenatal diagnosis of COVID-19, to know their clinical characteristics, the evolution of the disease, and if this infection has any effect on the newborn.",Pregnancy,Pregnancy,Any,Pregnant or recently pregnant women within the previous 12 weeks ,≥16 years,COL,Not specified,Ferring Pharmaceuticals,Industry,Clínica Universitaria Bolivariana,COL,"registronacionalcovidyembarazo@gmail.com 
recogest@recogest.page",José Enrique Sanín Blair,jose.sanin@upb.edu.co,"Nataly Velasquez Muñoz
Korge E. Tolosa
Jose Antonio Rojas Suarez
Nelson Rafael Alvis Guzmán
Walter Anichiarico Lopez
Jose Andres Santacruz
Viviana Marcela Mesa Ramírez
Nazareth Campo Campo
Catalina Valencia
Yudy Aguila",Not specified,"April 1, 2020",,Not specified,Not specified,,,Not specified,Yes,No,N/A - no human OMICs data,N/A - no human OMICs data,N/A - no human OMICs data,No,N/A - no pathogen OMICs data,Yes,"Chest CT/CAT scan, Chest X-ray",Yes - age and gender only,Yes,No,Non-contrast enhanced CTs,Cross-sectional,Observational data only,Both,Both,"Clin-epi, imaging (linked)",Yes,"Bolivarian University Clinic
Rafael Calvo-Cartagena Maternity
Hospital San Ignacio-Bogotá
Valle de Lili-Cali Clinic
Hospital San José-Bogotá
Colsubsidio Clinic-Bogotá
Santa Fe-Bogotá Foundation
Hospital of the North-Barranquilla
General Hospital of Medellin-University CES
Hospital Kennedy-Bogotá
Chia-Chia Clinic
Apart Hospital, PROMEDCO
Clinic Del Prado-Medellín
SOMER Clinic -Rionegro
Fetal Medicine SAS-Medellín
University Hospital of the Valley-University of the Valley
University Hospital San Vicente de Paul-University of Antioquia",https://www.clinicauniversitariabolivariana.org.co/clinica/es/recogest,17 (26.04.22),Not specified,Not specified,Not specified,Not specified,N/S,,,,,,,No,,No DOI assigned,N/A - doesn't have a DOI,None of the criteria are met,N/A,Prospective (e.g. same CRF),Provided CRF,Health care professionals,Hospital - Centre - Institution registration required for data entry,N/A - provided CRF,https://www.clinicauniversitariabolivariana.org.co/clinica/es/recogest,No,No clin-epi standard used,N/A - no OMICs data collected ,No imaging standard used ,No,Yes,Participant-level data will not be shared,Participant-level data will not be shared,N/A,Participant-level data will not be shared,Participant-level data will not be shared,Participant-level data will not be shared,Participant-level data will not be shared,Participant-level data will not be shared,N/A,Participant-level data will not be shared,Participant-level data will not be shared,N/A,Participant-level data will not be shared,Participant-level data will not be shared,N/A,Yes,N/A,De-identification,No central IRB or ERC review obtained - up to individual centres,N/A,Yes,Not specified,Potential to be included as co-authors on registry/platform data-based publications and acknowledgement of data providers in registry/platform data-based publications,Registry or platform and individual studies that upload data,Not specified,Not specified,N/A,
,,No website ,New,No,No,No,No,RECOVER,Registry of suspected COVID-19 in emergency care,Registry,Not provided,COVID-19 only registry,,,,,ED patients,Not specified,USA,,Department of Emergency Medicine at INDna University School of Medicine (Unrestricted internal funds),Internal,,,Not specified,Jeffrey A. Kline,jefkline@iu.edu,Not specified,N/A,,,,,,,,,,,,,,,,,,,,,,,,,,,,,,,,,,,,,,,,,No,,No DOI assigned,,,,,,,,,,,,,,,,,,,,,,,,,,,,,,,,,,,,,,,,,,,
LM,Updated using website,Website doesn't provide much information...,New,No,No,Yes,No,SEMI,Registro Sociedad Española de Medicina Interna (SEMI),Registry,https://www.fesemi.org/investigacion/proyectos/registro-semi-covid-19,Yes," Includes an extensive number of epidemiological, clinical, treatment, laboratory and radiographic parameters, which will be obtained from the electronic medical records of hospitalized patients with SARS- Laboratory-confirmed CoV-2 from Spanish hospitals.",General,General,Any,Hospitalized patients with COVID 19 infection,All ages,ESP,Not specified,Authoriued by Provincial CEI of Malaga,,Spanish Hospitals,ESP,covid-gestion@reginus.es,Not specified,N/A,Not specified,N/A,Not provided,,The Spanish Society of Internal Medicine,https://covid.reginus.es/,,,https://www.fesemi.org/investigacion/proyectos/registro-semi-covid-19,Yes,No,N/A - no human OMICs data,N/A - no human OMICs data,N/A - no human OMICs data,No,N/A - no pathogen OMICs data,No,N/A - no imaging data,N/A - no imaging data,N/A - no imaging data,N/A - no imaging data,N/A - no imaging data,Longitudinal,Observational data only,Hospitalized for COVID-19 only,COVID-19 infected or suspected only,Clin-epi,No,Spanish Hopsitals,Not provided,1,Not provided,25000,Not specified,Not specified,Not specified,No,Unsure,,,Not provided,Unsure,No,Yes - NOT on FAIRsharing,No DOI assigned,N/A - doesn't have a DOI,None of the criteria are met,N/A,Prospective (e.g. same CRF),Repository CRF data entry screen (e.g. REDCap),Not specified,Not specified,https://covid.reginus.es,https://covid.reginus.es,Not specified,No clin-epi standard used,No OMICs standard used,No imaging standard used,No,Yes,Not specified,Not specified,Not specified,Not specified,Not specified,Yes,Not specified,Not specified,Not specified,Not specified,,,,,,,,,,,,,,Not specified,Not specified,,,
LM,Updated using website,,New,No,No,Yes,No,RISC-19-ICU,Risk stratification in COVID-19 patients in the ICU,Registry,https://www.risc-19-icu.net/,Yes,Collect an anonymized dataset to characterize patients that develop life-threatening critical illness due to COVID-19 and make it accessible to collaborative analysis,ICU treatment for COVID-19,General,Any,ICU Patients,"Child, Adult, Older Adult",Worldwide,Yes,Swiss Society of Intervisve Care Unit,Professional,Unuiversity of Zurich,CH (Switzerland),Not specified,M. P. Hilty,matthias.hilty@usz.ch,Dorothea Heuberger,dorotheamonika.heuberger@usz.ch,"March 13, 2020",,Univerity of Zurich,Not specified,,,DOI: 10.4414/smw.2021.20553,Yes,No,N/A - no human OMICs data,N/A - no human OMICs data,N/A - no human OMICs data,No,N/A - no pathogen OMICs data,No,N/A - no imaging data,N/A - no imaging data,N/A - no imaging data,N/A - no imaging data,N/A - no imaging data,Longitudinal,Observational data only,Hospitalized for COVID-19 only,COVID-19 infected or suspected only,Clin-epi,No,"University Hospital of Zurich ICU
",https://www.risc-19-icu.net/main-page/participating-centers,97 centers and more,Not provided,Not specidied,Not specified,Not specified,Not specified,No,Yes,,,"Each collaborator’s data is directly available for their own un-restricted use. Findings may be jointly published in a scientific journal. All collaborating centers may designate up to two co-authors in addition to the board who, provided they have contributed to the publication, are co-authors as well. The collaborating center responsible for the sub-analysis (submitting the proposal) may propose the first and senior author of the publication.",https://www.risc-19-icu.net/main-page/faq,No,Yes - NOT on FAIRsharing,No DOI assigned,N/A - doesn't have a DOI,None of the criteria are met,N/A,Prospective (e.g. same CRF),Repository CRF data entry screen (e.g. REDCap),Health care professionals,Individual registration required for data entry,REDCap,https://www.risc-19-icu.net/main-page/redcap-introduction,Not specified,"Ethical principles enunciated in the current version of the Declaration of Helsinki, the Guidelines on Good Clinical Practice (GCP-Directive) issued by the European Medicines Agency as well as the Swiss law and Swiss regulatory authorithies requirements",Not specified,Not specified,No,Not specified,Not specified,Directions not available on the website,Not specified,Not specified,Not specified,No,Only groups that contributed data or are otherwise part of the consortium,Not specified,Not specified,Not clear,Not specified,N/A,Not specified,Not specified,Not specified,Not specified,Not specified,Anonymization,IRB or ERC approval obtained,https://www.risc-19-icu.net/main-page/how-to-participate,Not specified,Insights on the impact of COVID-19 from a registry/platform associated patient survey,"Findings may be jointly published in a scientific journal. All collaborating centers may designate up to two co-authors in addition to the board who, provided they have contributed to the publication, are co-authors as well. The collaborating center responsible for the sub-analysis (submitting the proposal) may propose the first and senior author of the publication.",Not specified,Each collaborator’s data is directly available for their own un-restricted use,Not specified,Not specified,
LM,Updated using website,,New,No,No,Yes,No,ROI COVID-19 Study,The Republic of Ireland Covid-19 registry ,Registry,https://www.ucc.ie/en/npec/roicovid-19study/,Yes,Register of all pregnant women and newborns before 29 days of age who have been tested for the COVID-19 virus. ,Pregnancy,Pregnancy,Any,Pregnant women and newborns before 29 days of age,Women aged 15-44 years and newborns before 29 days of age,IRL,Yes,Not specified,Not specified,"Maternity units ,  Epidemiology of COVID-19 in Ireland ",IE (Ireland),npec@ucc.ie,Not specified,N/A,Not specified,N/A,March 2020 & April 2020,,The National Perinatal Epidemiology Centre is in collabration with National Women and Infants Health Programme (NWIHP) and the National Clinical Programme for Paediatrics and Neonatology (NCPPN) ,https://www.ucc.ie/en/npec/roicovid-19study/,,,https://www.ucc.ie/en/npec/publications/scientificpapers/,Yes,No,N/A - no human OMICs data,N/A - no human OMICs data,N/A - no human OMICs data,No,N/A - no pathogen OMICs data,No,N/A - no imaging data,N/A - no imaging data,N/A - no imaging data,Not specified,No,Longitudinal,Observational data only,Both,COVID-19 infected or suspected only,Clin-epi,No,Data is gathered drom 16 units/hopsitals and Epidemiology of COVID-19 in Ireland Report prepared by the Health Protection Surveillance,https://www.ucc.ie/en/media/research/nationalperinatalepidemiologycentre/ROICOVID-19Update2.pdf,16 units/hopitals,Not provided,"40,500 pregnant women was 173 per 100,000 women.

",Not specified,Not specified,Not specified,No,Yes,,,"It is the NPEC's policy that all requests for data for research purposes be considered by a committee, termed the ""Data Access Committee"".",Yes,No,,No DOI assigned,N/A - doesn't have a DOI,Meets 2 of 4 criteria,N/A,Retrospective,Not specified,Researchers and health care professionals,Individual registration required for data entry,Not specified,https://www.ucc.ie/en/npec/roicovid-19study/,Not specified,No clin-epi standard used,N/A - no OMICs data collected,N/A - no participant level imaging data collected,No,Not specified,"To submit a data access request please download, complete and digitally sign the form",Directions available on the website,https://www.ucc.ie/en/npec/dataaccesscommittee/dataaccesscommittee/,Yes,Not specified,Yes,Only groups that contributed data or are otherwise part of the consortium,Participant-level data are being shared with collaborators who have submitted data,Not specified,DAC,Information available on the website,https://www.ucc.ie/en/npec/dataaccesscommittee/dataaccesscommittee/,A meeting or consultation with the requester may be required if there are any questions or reservations about the release of data,Information available on the website,https://www.ucc.ie/en/npec/dataaccesscommittee/dataaccesscommittee/,Not specified,"Data on covid 19 is submmited by 16 units/hopsital, Epidemiology in Ireland Health and report prepared by Health Protection Surveillance Centre on 2 May 2020. ",Not specified,Not specified,N/A,Not specified,Insights on the impact of COVID-19 from a registry/platform associated patient survey,Not specified,Not specified,Not specified,Not specified,Not specified,
PS,,No information on the website,New,No,No,No,No,Russian Cardiovascular Registry of COVID-19,Russian Cardiovascular Registry of COVID-19,Registry,https://scardio.ru/en/proekty/registry/registr_po_covid19/,Yes,Assess the mid-term and long-term prognosis in patients recovered from COVID-19 with the involvement of the cardiovascular system or with baseline severe cardiovascular diseases.,Cardiovascular diseases,,Cardiovascular system,Patients with cardiovascular diseases,Not specified,RUS,,Russian Ministry of Health,Government,Russian Society of Cardiology,RUS,registry@scardio.ru,Not specified,N/A,Not specified,N/A,,,https://scardio.ru/en/partners/international_organizations/,,,,https://scardio.ru/en/publication/,,,,,,,,,,,,,,,,,,,,,,,,,,,,,,,,,,No,,No DOI assigned,,,N/A,,,,,,,,,,,,,,,,,,,,,,,,,,,,,,,,,,,,,,,,All important information seems to be in russian. The website says it is made specifically for health care professionals.
PS,Updated using both survey and website,,New,No,No,Yes,Yes,SAR-COVID,Sociedad Argentina de Reumatología-COVID,Registry,https://www.unisar.reumatologia.org.ar/registros_sarcovid.php,Yes,"National, multicenter, prospective, observational longitudinal registry of consecutive patients with diagnosis of rheumatic diseases treated or not with immunomodulatory and/or immunosuppressive drugs and SARS-CoV-2 infection (asymptomatic or COVID-19)",Rheumatic diseases,Rheumatic diseases,"Joints, muscles, bones, organs","Patients with diagnosis of rheumatic diseases (treated or not with
immunomodulatory and/or immunosuppressive drugs)",≥18 years,ARG,Yes,"Argentine Society of Rheumatology, ILAR,
Unresticted grants: Pfizer, Abbvie, Elea Phoenix","Professional organization, Industry",Research Unit Argentine Society of Rheumatology,ARG,sar-covid@reumatologia.org.ar,Guillermo Pons-Estel,Not specified,"Carolina Isnardi, Enrique R. Soriano, María Celina de la Vega, Bernardo A. Pons-Estel, Karen Roberts and Rosana Quintana.","carolina.isnardi@reumatologia.org.ar
Not specified","August 18, 2020",,Not specified,COVID-19 Global Rheumatology Alliance COVID Registry,,,https://www.reumatologia.org.ar/_recursos/registros/archivos/2021053107490653898.pdf,Yes,No,N/A - no human OMICs data,N/A - no human OMICs data,N/A - no human OMICs data,No,N/A - no pathogen OMICs data,No,N/A - no imaging data,N/A - no imaging data,N/A - no imaging data,N/A - no imaging data,N/A - no imaging data,Longitudinal,Observational data only,Both,COVID-19 infected or suspected only,Clin-epi,No,Not specified,Not specified ,143 investigators (18.01.22),2694 (18.01.22),2694 (18.01.22),N/A - no pathogen OMICS data,Not specified,https://www.unisar.reumatologia.org.ar/datos_registro_sarcovid.php,Yes,No,No,Unsure,"¿Por qué formar parte del Registro SAR-COVID? El registro SAR-COVID es uno de los proyectos estratégicos de la SAR, cuya misión es conocer nuestra realidad sobre el impacto del SARS-CoV-2 en pacientes con enfermedades reumáticas. Simultáneamente habrá una participación internacional, ya que nuestros datos serán incorporados en el registro COVID-19 Global Rheumatology Alliance, aunando esfuerzos con los 
reumatólogos de todo el mundo. Los participantes además, tendrán la posibilidad de proponer y desarrollar proyectos de investigación sobre el registro conjuntamente con la UNISAR. // 


Translation: Why join the SAR-COVID Registry?

The SAR-COVID registry is one of SAR's strategic projects, whose mission is to know our reality about the impact of SARS-CoV-2 in patients with rheumatic diseases.Simultaneously, there will be international participation, since our data will be incorporated into the COVID-19 Global Rheumatology Alliance registry, joining forces with rheumatologists from all over the world.
Participants will also have the opportunity to propose and develop research projects on the registry together with UNISAR.",,No,,No DOI assigned,N/A - doesn't have a DOI,Meets 1 criterion only,N/A,Prospective (e.g. same CRF),Repository CRF data entry screen (e.g. REDCap),Health care professionals who are members of the Argentine Society of Rheumatology,Individual healthcare professional registration required for data entry,ARTHROS Web,https://www.reumatologia.org.ar/_recursos/registros/archivos/2020081302301066306.pdf ,No,No clin-epi standard used,N/A - no OMICs data collected,N/A - no participant level imaging data collected,No,Yes,"Data is available to researchers who contribute data to the registry. For other researchers, the intended study protocol must be sent and then approved by the registry management team to access the data ",Directions not available on the website (provided through additional contact),N/A,Yes,No,Yes,Any group whose application is approved,Participant-level data are being shared,N/A,Platform or registry management team,Information not available on website (provided through additional contact),N/A,Clinical or public health-related importance,Information not available on website (provided through additional contact),N/A,Yes,Physicians are responsible for making eligible subjects sign informed consent forms ,Anonymization,IRB or ERC approval obtained,https://www.reumatologia.org.ar/_recursos/registros/archivos/2020081302310658612.pdf,Yes,None,Acknowledgement of data providers in registry/platform data-based publications,Registry or platform and individual studies that upload data,None,Summary statistics posted on the website ,https://www.unisar.reumatologia.org.ar/datos_registro_sarcovid.php,
,,,Old,Yes,Yes,Yes,Yes,SECURE-AD,Surveillance Epidemiology of Coronavirus Under Research Exclusion-Atopic Dermatitis (part of SECURE-DERM: https://www.secure-derm.com/),Registry,https://www.covidderm.org/login/?next=/insight/,Yes,"To define the impact of COVID-19 on patients with AD who are treated with systemic immunomodulating medication and how factors such as age, comorbidities, and AD systemic immunomodulating treatments impact COVID outcomes",Atopic dermatitis,Skin conditions,Skin,General,All ages,Worldwide,Yes,"National & International Skin Registry Solutions CLG, Dublin Ireland",NGO,National & International Skin Registry Solutions CLG,IE,"For physicians: covid.ad@nisrsolutions.com 
For patients: secureadpatients@gmail.com","Multiple: Alan Irvine, Carsten Flohr, Phyllis Spuls",Not specified,"Angela Bosma MD
Conor Broderick MD
Ching-Chi Chi MD DPhil
Aaron Drucker, MD, ScM
Kenji Kabashima MD PhD
Annelie Musters MD
David Prieto-Merino PhD
Dmitri Wall MD
Bernd Arents (Patient Representative)
Tim Burton (Patient Representative)",Not specified,"April 1, 2020",Yes,"Psoriasis Association, European Society for Dermatological Research (ESDR), Global Psoriasis Atlas (GPA), International Federation of Psoriasis Associations (IFPA), American Academy of Dermatology (AAD), International League of Dermatological Socities (ILDS), European Dermatology Forum, International Psoriasis Council (IPC), National Psoriasis Foundation, Skin Inflamation & Psoriasis International Network (SPIN), British Association of Dermatologists (BAD), Irish Skin Foundation, Psoriasis and Psoriatic Arthritis Alliance (PAPAA), European Academy of Dermatology and Venereology (EADV), European Umbrella Organisation for Psoriasis Movements (EUROPSO), The European Rare and Severe Psoriasis Expert Network (ERASPEN), British Society for Investigative Dermatology (BSID), British Dermatological Nursing Group (BDNG), Canadian Psoriasis Network, Canadian Association of Psoriasis Patients (CAPP), British Skin Foundation, Groupe de Recherche sur le psoriasis (GRPSO), King's College London, The University of Manchester, London School of Hygiene & Tropical Medicine ",Not specified,N/A,N/A,"DOIs: 
10.1111/bjd.19161
10.1016/j.det.2021.05.013 ",Yes,No,N/A - no human OMICs data,N/A - no human OMICs data,N/A - no human OMICs data,No,N/A - no pathogen OMICs data,No,N/A - no imaging data,N/A - no imaging data,N/A - no imaging data,N/A - no imaging data,N/A - no imaging data,Cross-sectional,Observational data only,Both,Both,Clin-epi,No,Not specified ,Not specified ,Not specified,227 (26.08.22),227 (26.08.22),N/A - no pathogen OMICS data,Not specified,https://www.secure-derm.com/current-data-registry/,Yes,No,No,No,"With the collaboration of the international AD community, we will rapidly be able to define the impact of COVID-19 on patients with AD who are treated with systemic immunomodulating medication and how factors such as age, comorbidities, and AD systemic immunomodulating treatments impact COVID outcomes. We will provide the AD community with regularly updated summary information about reported cases, including numbers of cases by country, number of cases by treatment, etc. so the entire AD community has access to these data",https://www.covidderm.org/login/?next=/insight/,No,Yes - ON FAIRsharing,https://doi.org/10.25504/FAIRsharing.clSFul (same DOI for SECURE-AD and Alopecia),Yes,Meets 1 criterion only,https://fairshake.cloud/digital_object/812079/assessments/,Prospective (e.g. same CRF),Repository CRF data entry screen (e.g. REDCap),Health care professionals and patients,Individual registration required for data entry,REDCap (patient survey); OpenApp (physician survey),Not provided - registration required ,No,No clin-epi standard used,N/A - no OMICs data collected,N/A - no participant level imaging data collected,No,Yes,Participant-level data will not be shared,Participant-level data will not be shared,N/A,Participant-level data will not be shared,Participant-level data will not be shared,Participant-level data will not be shared,Participant-level data will not be shared,Participant-level data will not be shared,Not specified,Participant-level data will not be shared,Participant-level data will not be shared,N/A,Participant-level data will not be shared,Participant-level data will not be shared,N/A,No,Participants can be asked by their physician to fill out the patient survey. No informed consent stated in patient survey,De-identification and patients can provide permission to link de-identified survey responses to their NHS record,IRB or ERC approval obtained,https://www.secure-derm.com/secure-pad-faq/,No,Patient survey to determine the impact of COVID-19 infection and vaccination on patients with atopic dermatitis,Not specified,Registry or platform,Patients representatives are on the steering committee,"Regularly updated summary information about reported cases, including numbers of cases by country, number of cases by treatment, and others, are available",https://www.secure-derm.com/current-data-registry/,
,,Registry closed to new entries. Only data dashboard available. ,Old,Yes,Yes,Yes,Yes,SECURE-Celiac,Surveillance Epidemiology of Coronavirus Under Research Exclusion-Celiac,Registry,https://covidceliac.org/,Yes,To monitor and report on outcomes of COVID-19 occurring in patients with celiac disease,Celiac disease,Celiac disease,Digestive system,General,All ages,Worldwide,Yes,"Same as SECURE-IBD: Abbvie, Arenapharm, Boehringer Ingelheim, Bristol Myers Squibb, Celltrion, Genentech, a member of the Roche Group, Janssen, Lilly, Pfizer, Takeda, Tillotts ",Industry,Columbia University,USA,Not specified,"Multiple: Dr Benjamin Lebwohl, Dr Peter Green, Dr Eugenia Uche-Anya, and Dr Steffen Husby", bl114@cumc.columbia.edu,Not specified,N/A,"March 31, 2020",Yes,"Society for the Study of Celiac Disease (SSCD), World Gastroenterology Organisation (WGO), Beyond Celiac, Celiac Disease Foundation",Not specified,N/A,N/A,DOI: 10.1016/j.cgh.2021.06.016,Yes,No,N/A - no human OMICs data,N/A - no human OMICs data,N/A - no human OMICs data,No,N/A - no pathogen OMICs data,No,N/A - no imaging data,N/A - no imaging data,N/A - no imaging data,N/A - no imaging data,N/A - no imaging data,Cross-sectional,Observational data only,Both,COVID-19 infected or suspected only,Clin-epi,No,Not specified ,Not specified ,Not specified,164 (01.01.22),164 (01.01.22),N/A - no pathogen OMICS data,Not specified,"https://covidceliac.org/data 
https://ucalgary.maps.arcgis.com/apps/dashboards/ab039cfba96246d2aacd9d926a9e4100 ",Yes,No,No,No,"The goals of the registry is to rapidly define the impact of COVID-19 on patients with celiac disease and how factors such as age, comorbidities, and treatments for celiac disease impact COVID outcomes.",https://covidceliac.org/faq,No,Yes - ON FAIRsharing,https://doi.org/10.25504/FAIRsharing.dtSZ38,Yes,Meets 1 criterion only,https://fairshake.cloud/digital_object/812076/assessments/,Prospective (e.g. same CRF),Repository CRF data entry screen (e.g. REDCap),Health care professionals,No registration required for data entry,Qualtrics,https://static1.squarespace.com/static/5e82753e7fec9d4262763233/t/5e8bdde28381940352cc6ac3/1586224610163/casereportform.pdf,No,No clin-epi standard used,N/A - no OMICs data collected,N/A - no participant level imaging data collected,No,No - resource is closed to new data,Participant-level data will not be shared,Participant-level data will not be shared,N/A,Participant-level data will not be shared,Participant-level data will not be shared,Participant-level data will not be shared,Participant-level data will not be shared,Participant-level data will not be shared,"Due to privacy reasons, only aggregate data are available for both data contributors and those that did not contribute",Participant-level data will not be shared,Participant-level data will not be shared,N/A,Participant-level data will not be shared,Participant-level data will not be shared,N/A,No,N/A,De-identification,IRB or ERC approval obtained,https://covidceliac.org/home,No,Not specified,Not specified,Registry or platform,Not specified,A data dashboard and map that provides aggregated analyzed data from the registry is available ,https://ucalgary.maps.arcgis.com/apps/dashboards/ab039cfba96246d2aacd9d926a9e4100,
,,Website not working.,Old,Yes,Yes,Yes,Yes,SECURE-EoE/EGID,Surveillance Epidemiology of Coronavirus Under Research Exclusion-Eosinophilic Esophagitis (EoE) and Eosinophilic Gastrointestinal Diseases (EGID),Registry,http://covideoeegid.org/,Yes,To collect information on patients previously diagnosed with Eosinophilic Esophagitis (EoE) and Eosinophilic Gastrointestinal Diseases (EGID) who are under high suspicion or confirmed with a diagnosis of COVID-19,EoE and EGID,Eosinophilic Esophagitis and Eosinophilic Gastrointestinal Diseases,Digestive system,General,All ages,Worldwide,Yes,Not specified,Not specified,Schneider Children's Medical Center in Israel,ISR,nzevit@gmail.com,"Multiple: Dr Noam Zevit, Dr Evan Dellon, and Dr Mirna Chehade",nzevit@gmail.com,Not specified,N/A,"March 28, 2020",Yes,"EGID working group of the European Society for Pediatric Gastroenterology Hepatology and Nutrition (ESPGHAN), United European Gastroenterology (UEG), the Consortium for Eosinophilic Gastrointestinal Disease Researchers (CEGIR), the European Society of Eosinophilic Oesophagitis (EUREOS), and the North American Society for Pediatric Gastroenterology Hepatology and Nutrition (NASPGHAN), American College of Gastroenterology (ACG), Academy of Allergy, Asthma & Immunology (AAAAI), Israeli Society for Pediatric Gastroenterology, Hepatology, and Nutrition (ISPGHAN), Latin American Society for Pediatric Gastroenterology, Hepatology, and Nutrition (LASPGHAN), British Society of Gastroenterology (BSG), British Society for Pediatric Gastroenterology, Hepatology, and Nutrition (BSPGHAN), Belgian Society for Pediatric Gastroenterology, Hepatology, and Nutrition (BeSPGHAN), EosNetwork, American Partnership for Eosinophilic Disorders (APFED), Campaign Urging Research for Eosinophilic Disease (CURED), the Eosinophilic Family Coalition (EFC), and the Israeli Eosinophilic Esophagitis Patient Advocacy Group (Lehedva)",Not specified,N/A,N/A,https://www.ncbi.nlm.nih.gov/pmc/articles/PMC8530774/,Yes,No,N/A - no human OMICs data,N/A - no human OMICs data,N/A - no human OMICs data,No,N/A - no pathogen OMICs data,No,N/A - no imaging data,N/A - no imaging data,N/A - no imaging data,N/A - no imaging data,N/A - no imaging data,Cross-sectional,Observational data only,Both,COVID-19 infected or suspected only,Clin-epi,No,Not specified (only a list of the individual data contributors: http://covideoeegid.org/) ,Not specified (only a list of the individual data contributors: http://covideoeegid.org/) ,Not specified (only a list of the individual data contributors: http://covideoeegid.org/) ,25 (06.10.20),25 (06.10.20),N/A - no pathogen OMICS data,Not specified,http://covideoeegid.org/,Yes,No,No,No,Website no longer available,,No,No - not eligible for FAIRsharing,No DOI assigned,N/A - doesn't have a DOI,None of the criteria are met,N/A,Prospective (e.g. same CRF),Repository CRF data entry screen (e.g. REDCap),Health care professionals,No registration required for data entry,REDCap,"https://redcap.clalit.co.il/redcap/surveys/?s=PHLW7EC8WD
http://covideoeegid.org/assets/file/COVID19AndEOEEGID_COVID19AndEO.pdf ",No,No clin-epi standard used,N/A - no OMICs data collected,N/A - no participant level imaging data collected,No,No - resource is closed to new data,Any group with an approved proposal will be able to access participant-level data for additional analyses,Directions not available on the website (provided through additional contact),N/A,Not specified,Not specified,No,Any group whose application is approved,Participant-level data are being shared,N/A,Not specified,Information not available on website,N/A,Not specified,Information not available on website,Not provided,No,N/A,De-identification,IRB or ERC approval obtained,http://covideoeegid.org/assets/file/English%20IRB%20approval%20-%20Covid19%20EoE-EGID.pdf,No,Not specified,Acknowledgement of data providers in registry/platform data-based publications and on the registry/platform website,Not specified,The registry has received support and input from several patient advocacy groups,"The website is periodically updated with reports including number of cases (and COVID outcomes) by country, number of cases by treatment, and others",http://covideoeegid.org/,
,,Registry closed to new entries. Requests to data access can be submitted.,Old,Yes,Yes,Yes,Yes,SECURE-IBD,Surveillance Epidemiology of Coronavirus Under Research Exclusion-Inflammatory Bowel Disease ,Registry,https://covidibd.org/,Yes,"To define the impact of COVID-19 on patients with IBD and how factors such as age, comorbidities, and IBD treatments impact COVID outcomes",Inflammatory bowel disease,Inflammatory bowel disease,Digestive system,General,All ages,Worldwide,Yes,"Abbvie, Arenapharm, Boehringer Ingelheim, Bristol Myers Squibb, Celltrion, Genentech, a member of the Roche Group, Janssen, Lilly, Pfizer, Takeda, Tillotts",Industry,University of North Carolina at Chapel Hill,USA,covid.ibd@unc.edu,"Multiple: Dr Michael D. Kappelman, Dr Erica J. Brenner, Dr Jean-Frederic Colombel, Dr Ryan Ungaro",michael_kappelman@med.unc.edu,"International Advisory Committee Members: 
Asia: Dr Siew Ng 
Australia/New Zealand: Dr Richard Gearry
Europe: Dr Walter Reinisch, Dr Jean-Francois Rahier
North America: Dr James Lewis, Dr Gilaad Kaplan
South America: Dr Flavio Steinwurz
Nursing and Advanced Practitioners: Michele Kissous-Hunt
Industry: Dr Irene Modesto (Pfizer)
IOIBD: Marishka Konings (Secretariat IOIBD)

",Not specified,"March 13, 2020",Yes,"Crohn's and Colitis Foundation
North American Society for Pediatric Gastroenterology, Hepatology and Nutrition (NASPGHAN)
The International Organization for the Study of Inflammatory Bowel Diseases (IOIBD)
European Crohn's and Colitis Organisation (ECCO)
Asian Organization for Crohn's & Colitis (AOCC)
Pan-American Crohn's and Colitis Organisation
The European Federation of Crohn's & Ulcerative Colitis Associations (EFCCA) 
Agrupación Chilena de Trabajo en Enfermedad de Crohn y Colitis Ulcerosa (ACTECCU)
American College of Gastroenterology (ACG)
American Gastroenterological Association (AGA)
Asia-Pacific Association of Gastroenterology (APAGE)
BRICS IBD Consortium
Canadian Association of Gastroenterology
Consultant360 Specialty Network
Crohn’s and Colitis Australia (CCA)
Crohn’s and Colitis Canada (CCC)
Crohn’s and Colitis IND (CCI)
Crohn’s and Colitis New Zealand (CCNZ)
Crohn’s & Colitis UK
Grupo Argentino de Estudio de Enfermedad de Crohn y Colitis Ulcerosa
Grupo de Estudio de Crohn y Colitis Colombiano
Grupo de Estudos de Doenca Inflamatória Intestinal do Brasil (GEDIIB)
Grupo uruguayo de trabajo en enfermedad inflamatoria intestinal (GUTEII)
Grupo Venezolano de Trabajo en Enfermedad Inflamatoria Intestinal
Hong Kong IBD Society (HKIBS)
ImproveCareNow
INDn Society of Gastroenterology
Japanese IBD Society
Korean Society for the Study of Intestinal Diseases
Malaysia Society of Gastroenterology
National Taiwan GI society
Pan American Crohn’s and Colitis Organization (PANCCO)
Pediatric Inflammatory Bowel Disease Network (PIBD-NET)
Taiwan IBD society
The Gastroenterological Society of Australia (GESA)
The Gastroenterology & Hepatology Advanced Practice Providers (GHAPP)
The New Zealand Society of Gastroenterology (NZSG)
United European Gastroenterology (UEG)",Not specified,N/A,N/A,"DOIs: 
10.1016/S0140-6736(20)30858-8
10.1093/crocol/otaa026
10.6061/clinics/2020/e1909
10.1136/flgastro-2020-101477
10.1053/j.gastro.2020.04.012
10.1016/S2468-1253(20)30271-5
10.1053/j.gastro.2020.05.032
10.1159/000510502
10.14309/ajg.0000000000000953
10.1093/ecco-jcc/jjaa243
10.1136/gutjnl-2020-322539
10.1016/j.cgh.2020.10.010
10.1093/ecco-jcc/jjab071
10.1053/j.gastro.2021.01.216",Yes,No,N/A - no human OMICs data,N/A - no human OMICs data,N/A - no human OMICs data,No,N/A - no pathogen OMICs data,No,N/A - no imaging data,N/A - no imaging data,N/A - no imaging data,N/A - no imaging data,N/A - no imaging data,Cross-sectional,Observational data only,Both,COVID-19 infected or suspected only,Clin-epi,No,Not specified (only a list of the individual data contributors: http://covideoeegid.org/) ,Not specified (only a list of the individual data contributors: https://covidibd.org/reporter-acknowledgment/)  ,Not specified (only a list of the individual data contributors: https://covidibd.org/reporter-acknowledgment/)  ,"7,038 (26.08.22)","7,038 (26.08.22)",N/A - no pathogen OMICS data,Not specified,https://covidibd.org/current-data/   https://ucalgary.maps.arcgis.com/apps/dashboards/7f596bdbf4654e19a3a3cf13b6e597de ,Yes,No,Yes (now registry closed?!),(registry closed?!),"We are committed to data sharing and happy to make SECURE-IBD data available for researchers to answer vital questions for the international gastroenterology community.//
At this juncture, we believe it is time to close-down reporting to the SECURE-IBD database. SECURE-IBD served a valuable purpose at a time when our IBD community needed fast answers to pressing questions. We are proud of SECURE-IBD’s contributions and incredibly grateful for your help. We look forward to future opportunities for collaboration.","https://covidibd.org/sharing-secure-ibd-data/ 

https://covidibd.org/",No,Yes - ON FAIRsharing,https://fairsharing.org/10.25504/FAIRsharing.88637f,No,Meets 3 of 4 criteria,N/A,Prospective (e.g. same CRF),Repository CRF data entry screen (e.g. REDCap),Health care professionals,No registration required for data entry,REDCap,"https://global.redcap.unc.edu/surveys/?s=8LL398494N
https://covidibd.org/wp-content/uploads/sites/22487/2020/05/SECUREIBD_casereportform_5_19_2020.pdf",No,No clin-epi standard used,N/A - no OMICs data collected,N/A - no participant level imaging data collected,No,No - resource is closed to new data,"A data sharing application has to be filled out and emailed to the registry after which the registry team and the International Advisory Committee will review the request. Following acceptance of the data sharing request, the registry team will work  to establish a set of expectations and agreements regarding data use, timelines, progress reports, citation of SECURE-IBD data, and authorship, followed by sharing of relevant data",Directions available on the website,https://covidibd.org/sharing-secure-ibd-data/,Yes,Not specified,Yes,Any group whose application is approved,Participant-level data are being shared,N/A,DAC and platform or registry management team,Information available on the website,https://covidibd.org/sharing-secure-ibd-data/,"Requests will be evaluated based on rigor, risk of bias, feasibility, track record of the researcher/research team, scientific importance, and overlap with previous and/or ongoing projects",Information available on the website,https://covidibd.org/sharing-secure-ibd-data/,No,N/A,De-identification,Does not constitute human subjects research therefore deemed exempt from IRB or ERC review,https://covidibd.org/wp-content/uploads/sites/22487/2020/04/IRB-Non-Human-Subjects-Research-Designation-for-SECURE_IBD.pdf,No,Not specified,Acknowledgement of data providers in registry/platform data-based publications and on the registry/platform website,Registry or platform,Not specified,"A data dashboard and map that provides aggregated analyzed data from the registry is available 
COVID-19 risk calculator has also been developed for use by physicians caring for patients with IBD to calculate the risk of hospitalization, intensive care unit (ICU) admission, mechanical ventilation, or death in IBD patients with COVID-19",https://ucalgary.maps.arcgis.com/apps/dashboards/7f596bdbf4654e19a3a3cf13b6e597de,
,,,Old,Yes,Yes,Yes,No,SECURE-Liver (formerly SECURE-cirrhosis),Surveillance Epidemiology of Coronavirus Under Research Exclusion-Liver,Registry,https://covidcirrhosis.web.unc.edu/,Yes,To assess the outcomes of COVID-19 in patients with chronic liver disease and prior liver transplant,Chronic liver disease and post-liver transplant,"Liver disease, Liver transplants",Liver,General,All ages,"North and South America, China, Japan, Korea (to enter data from any other countries, data contributors are referred to: https://covid-hep.net/)",Yes,American Association for the Study of Liver Diseases (AASLD),Professional organization,University of North Carolina at Chapel Hill,USA,secure.liver@unc.edu,"Multiple: Dr Andrew Moon, Dr A. Sidney Barritt IV",andrew.moon@unchealth.unc.edu,Not specified,N/A,"March 20, 2020",Yes,"Hypertension Diagnosis and Monitoring Study Group (CHESS), International Liver Cancer Association (ILCA)",COVID-HEP Registry 2.0 (these registries use the same eCRF.  See citation:  https://www.thelancet.com/journals/langas/article/PIIS2468-1253(20)30271-5/fulltext),Same case report form,"https://www.covid-hep.net/ 
https://redcap.medsci.ox.ac.uk/surveys/?s=M3LYTRWTD4 
https://global.redcap.unc.edu/surveys/?s=LCNTTK3THW","DOIs:
10.1016/j.jhep.2020.09.024
10.1016/S2468-1253(20)30271-5
10.1016/j.jhep.2021.01.021",Yes,No,N/A - no human OMICs data,N/A - no human OMICs data,N/A - no human OMICs data,No,N/A - no pathogen OMICs data,No,N/A - no imaging data,N/A - no imaging data,N/A - no imaging data,N/A - no imaging data,N/A - no imaging data,Cross-sectional,Observational data only,Both,COVID-19 infected or suspected only,Clin-epi,No,Not specified (only a list of the individual data contributors and partner organizations: https://covidcirrhosis.web.unc.edu/acknowledgements/; https://covidcirrhosis.web.unc.edu/partnering-organizations/) ,Not specified (only a list of the individual data contributors and partner organizations: https://covidcirrhosis.web.unc.edu/acknowledgements/; https://covidcirrhosis.web.unc.edu/partnering-organizations/) ,Not specified (only a list of the individual data contributors: https://covidcirrhosis.web.unc.edu/acknowledgements/) ,"1,790: 293 deaths; 759 with cirrhosis; 269 liver transplant recipients
(16.05.21) - Data are combined with that of COVID-Hep","1,790: 293 deaths; 759 with cirrhosis; 269 liver transplant recipients
(16.05.21) - Data are combined with that of COVID-Hep",N/A - no pathogen OMICS data,Not specified,https://www.covid-hep.net/updates.html,Yes,No,No,No,"we aim to assess outcomes of COVID-19 in patients with chronic liver disease and prior liver transplant including updated questions on the role of living conditions and employment, alcohol use, thromboembolic complications, novel COVID-19 therapies, emerging SARS-CoV-2 variants and post-vaccination infections.",https://covidcirrhosis.web.unc.edu,No,Yes - ON FAIRsharing,https://doi.org/10.25504/FAIRsharing.YlASKr,Yes,Meets 1 criterion only,https://fairshake.cloud/digital_object/812072/assessments/,Prospective (e.g. same CRF),Repository CRF data entry screen (e.g. REDCap),Health care professionals,No registration required for data entry,REDCap,"https://covidcirrhosis.web.unc.edu/files/2020/03/SECURE-CIRRHOSIS_Case-Report-Form_3-24-20.pdf
https://global.redcap.unc.edu/surveys/?s=LCNTTK3THW ",No,No clin-epi standard used,N/A - no OMICs data collected,N/A - no participant level imaging data collected,No,Yes,Participant-level data will not be shared,Participant-level data will not be shared,N/A,Participant-level data will not be shared,Participant-level data will not be shared,Participant-level data will not be shared,Participant-level data will not be shared,Participant-level data will not be shared,"Data not shared by decision of the publications committee, but they can consider requests for access when the data collection is complete",Participant-level data will not be shared,Participant-level data will not be shared,N/A,Participant-level data will not be shared,Participant-level data will not be shared,N/A,No,N/A,De-identification,Does not constitute human subjects research therefore deemed exempt from IRB or ERC review,https://covidcirrhosis.web.unc.edu/wp-content/uploads/sites/22503/2020/04/UNC_IRB_Secure-Cirrhosis_3-24-2020.pdf,No,Not specified,Potential for major contributors to be included as co-authors on registry/platform data-based publications and acknowledgement of data providers in registry/platform data-based publications and on the registry/platform website,Not specified,Not specified,Regular sharing of aggregated data analysis reports (including data from COVID-Hep),https://www.covid-hep.net/updates.html,
,,,Old,Yes,Yes,Yes,No,SECURE-Psoriasis,Surveillance Epidemiology of Coronavirus Under Research Exclusion-Psoriasis,Registry,https://school.wakehealth.edu/Departments/Dermatology/SECURE-Psoriasis,Yes,To monitor and report on outcomes of COVID-19 occurring in psoriasis patients,Psoriasis,Skin conditions,Skin,General,All ages,Worldwide,Yes,Not specified,Not specified,Wake Forest School of Medicine,USA,covid_pso@wakehealth.edu ,Dr Steven R. Feldman and Dr William W. Huang ,"sfeldman@wakehealth.edu
whuang@wakehealth.edu",Not specified,N/A,"April 1, 2020",Yes,"National Psoriasis Foundation
International Psoriasis Council ",Not specified,N/A,N/A,"DOIs: 
10.1080/09546634.2020.1753996
10.1016/j.jaci.2020.10.007",Yes,No,N/A - no human OMICs data,N/A - no human OMICs data,N/A - no human OMICs data,No,N/A - no pathogen OMICs data,No,N/A - no imaging data,N/A - no imaging data,N/A - no imaging data,N/A - no imaging data,N/A - no imaging data,Cross-sectional,Observational data only,Both,COVID-19 infected or suspected only,Clin-epi,No,Not specified ,Not specified ,Not specified ,19 (19.10.20),19 (19.10.20),N/A - no pathogen OMICS data,Not specified,https://school.wakehealth.edu/Departments/Dermatology/SECURE-Psoriasis/Updates-and-Data,Yes,No,No,No,"Surveillance Epidemiology of Coronavirus Under Research Exclusion (SECURE-Psoriasis) is an international, pediatric and adult registry to monitor and report on outcomes of COVID-19 occurring in psoriasis patients. //

(FAQ):How is the data from this registry going to be shared/disbursed?
The data will be shared: 
Directly on the website covidpso.org 
Through listservs and social media
Via scholarly publications. 
We plan to update the website frequently, with reports including number of cases (and COVID outcomes) by country, number of cases by treatment, etc.",https://school.wakehealth.edu/departments/dermatology/secure-psoriasis,No,Yes - ON FAIRsharing,https://doi.org/10.25504/FAIRsharing.dc0WgQ,Yes,Meets 1 criterion only,https://fairshake.cloud/digital_object/812077/assessments/,Prospective (e.g. same CRF),Repository CRF data entry screen (e.g. REDCap),Health care professionals,No registration required for data entry,REDCap,"https://covidcirrhosis.web.unc.edu/files/2020/03/SECURE-CIRRHOSIS_Case-Report-Form_3-24-20.pdf
https://global.redcap.unc.edu/surveys/?s=LCNTTK3THW ",No,No clin-epi standard used,N/A - no OMICs data collected,N/A - no participant level imaging data collected,No,Yes,Participant-level data will not be shared,Participant-level data will not be shared,N/A,Participant-level data will not be shared,Participant-level data will not be shared,Participant-level data will not be shared,Participant-level data will not be shared,Participant-level data will not be shared,Not specified,Participant-level data will not be shared,Participant-level data will not be shared,N/A,Participant-level data will not be shared,Participant-level data will not be shared,N/A,No,N/A,De-identification,Does not constitute human subjects research therefore deemed exempt from IRB or ERC review,https://school.wakehealth.edu/Departments/Dermatology/SECURE-Psoriasis (Letter itself not provided),No,Not specified,Not specified,Registry or platform,Not specified,"The website is periodically updated with reports including number of cases (and COVID outcomes) by country, number of cases by treatment, and others",https://school.wakehealth.edu/Departments/Dermatology/SECURE-Psoriasis/Updates-and-Data,
,,,Old,Yes,Yes,Yes,Yes,SECURE-SCD,Surveillance Epidemiology of Coronavirus Under Research Exclusion-Sickle Cell Disease,Registry,https://covidsicklecell.org/,Yes,To capture pediatric and adult COVID-19 cases that are occurring across the world in patients living with sickle cell disease,Sickle cell disease,Sickle cell disease,Circulatory system,General,All ages,Worldwide,Yes,Not specified,Not specified,Medical College of Wisconsin,USA,covid.sicklecell@mcw.edu,"Multiple: Dr Julie Panepinto, Dr Amanda Brandow, Dr Ashima Singh and Dr Lana Mucalo",ashimasingh@mcw.edu,Not specified,N/A,"March 20, 2020",No,Not specified,Not specified,N/A,N/A,DOI: 10.3201/eid2610.202792,Yes,No,N/A - no human OMICs data,N/A - no human OMICs data,N/A - no human OMICs data,No,N/A - no pathogen OMICs data,No,N/A - no imaging data,N/A - no imaging data,N/A - no imaging data,N/A - no imaging data,N/A - no imaging data,Cross-sectional,Observational data only,Both,COVID-19 infected or suspected only,Clin-epi,No,"Ahepa University Hospital
Akron Children’s Hospital
American University of Beirut Medical Center
Andrée Rosemon Hospital
Arkansas Children’s Hospital
Augusta University Health
Aurora Health Care
Barnes Jewish/Washington University
Bethesda Medical Center
Boston Children’s Hospital 
Boston Medical Center
Brigham and Women’s Hospital
Brookdale Hospital Medical Center
Buffalo General Medical Center
Capio S:t Görans sjukhus
CEDIMAT
Center for Blood Disorders at Augusta University
Centre Hospitalier de l’université de Montréal
Children’s Hospital of Wisconsin
Children’s Minnesota
Children’s Healthcare of Atlanta
CHU Sainte-Justine
CHEO
Cliniques Universitaires Saint-Luc
CMJAH
Cohen Children’s Medical Center
Columbia University Medical Center
Community Cancer Institute Fresno
Compassion Center Congo
Connecticut Children’s Medical Center
Cook Children’s Medical Center
Dell Children’s Medical Center
Detroit Medical Center
Duke University Medical Center
Emory University
Escola Paulista de Medicina/UNIFESP
Foothills Medical Centre/University of Calgary
Franciscan Alliance
Froedtert Hospital Sickle Cell Program
General Hospital Dutse
General Hospital Saint Martin
Hamdala Medical Centre
Hasbro Children Hospital Rhode Island 
Hôpital Erasme
Hôpital Universitaire de Genève
Hôpital Tenon
Hospital Infantil João Paulo II
Hospital of Basse-Terre
Hospital of the University of Pennsylvania
Hospital São Rafael
HU-UNIVASF
Indiana Hemophilia and Thrombosis Center
Johns Hopkins Hospital
Lausanne University Hospital
Lifespan Cancer Institute/Rhode Island Hospital
Loma Linda Children’s Hospital
Long Island Jewish Medical Center
Lurie Children’s Hospital
Mary Bridge Children’s Hospital
McKenzie-Willamette Medical Center
McMaster University Medical Centre
Mercy Medical Center
Methodist Comprehensive Sickle Cell Center
Miller Children’s and Women’s Hospital
Montefiore Medical Center
Mount Sinai Hospital 
Nationwide Children’s Hospital
Nemours AI duPont Hospital for Children
Nemours Children’s Specialty Care
New York Presbyterian Brooklyn Methodist Hospital
New York University
Newark Beth Israel Medical Center
NIH
Nizwa Regional Hospital
NYC Health + Hospitals/Queens
NYU Winthrop hospital
Ohio State University Wexner Medical Center
Oishei Children’s Hospital/Roswell Park
Oregon Health and Sciences University
OSF HealthCare Children’s Hospital of Illinois
Our Lady of the Lake Adult Sickle Cell Clinic
Pediatric Specialists of Virginia
PRISMA Health – Upstate
Rady Children’s Hospital San Diego
Rainbow Babies & Children’s Hospital
Riley Hospital for Children/Indiana University
Rush University Children’s Hospital
Seattle Children’s Hospital
Southern Alberta Rare Blood and Bleeding Disorders Comprehensive Care Program
St. Joseph’s University Medical Center
St. Jude Children’s Research Hospital
Sultan Qaboos University Hospital 
Texas Children’s Hospital
Tova Community Health
Tufts Medical Center
Tulane Medical Center
UBMD Internal Medicine
UCSF Benioff Children’s Hospital Oakland
UNC Medical Center
University Hospital of Guadeloupe
University of Alabama at Birmingham
University of Colorado
University of Illinois Chicago
University of Maryland Children’s Hospital
University of Maryland Medical Center
University of Miami/Jackson Memorial
University of North Carolina at Chapel Hill
University of Pittsburg Medical Center
University of Rochester
University of South Alabama
University of South Florida
University of Toledo Medical Center
University of Washington/Seattle Cancer Care Alliance
UT Health San Antonio
Vanderbilt University Medical Center
Virginia Commonwealth University
Wake Forest Baptist Health
Washington University in St. Louis
Weill Cornell School of Medicine
Yale",https://covidsicklecell.org/about/,121 (26.08.22),1045 (26.08.22),1045 (26.08.22),N/A - no pathogen OMICS data,Not specified,https://covidsicklecell.org/updates-data/ ,Yes,No,No,Unsure (rather no),"The goal of the registry is to report on outcomes of cases of COVID-19 in this population of patients. // 
How will the data from this registry be shared?

The data will be shared directly on the website covidsicklecell.org, through social media (follow us on @SickleCellWI) and via scholarly publications. The website will be updated at least weekly and include the number of cases and COVID outcomes, demographics, medical history, COVID disease severity and symptoms and locations. ","https://covidsicklecell.org // 


https://covidsicklecell.org/faq/",No,Yes - ON FAIRsharing,https://doi.org/10.25504/FAIRsharing.SUv0eF,Yes,Meets 1 criterion only,https://fairshake.cloud/digital_object/812078/,Prospective (e.g. same CRF),Repository CRF data entry screen (e.g. REDCap),Health care professionals,No registration required for data entry,REDCap,"https://covidsicklecell.org/wp-content/uploads/2020/04/SecureCOVID19SCD_CovidSickleCe-1.pdf
https://redcap.mcw.edu/surveys/?s=JYNCNPPNJX ",No,No clin-epi standard used,N/A - no OMICs data collected,N/A - no participant level imaging data collected,No,Yes,Participant-level data will not be shared,Participant-level data will not be shared,N/A,Participant-level data will not be shared,Participant-level data will not be shared,Participant-level data will not be shared,Participant-level data will not be shared,Participant-level data will not be shared,Not specified,Participant-level data will not be shared,Participant-level data will not be shared,N/A,Participant-level data will not be shared,Participant-level data will not be shared,N/A,No,N/A,De-identification,Does not constitute human subjects research therefore deemed exempt from IRB or ERC review,https://covidsicklecell.org/faq/,No,Not specified,Not specified,Not specified,Not specified,"The website is periodically updated with reports including number of cases (and COVID outcomes) by country, number of cases by treatment, and others",https://covidsicklecell.org/updates-data/,
,,,Old,Yes,Yes,Yes,No,SECURE-VA,Surveillance Epidemiology of Coronavirus Under Research Exclusion-vascular anomalies,Registry,https://www.research.chop.edu/secure-va,Yes,"To capture important information about pediatric and adult COVID-19 cases that are occurring across the world in patients living with vascular anomalies, including vascular tumors and vascular malformations",Vascular anomalies,Vascular anomalies,Circulatory system,General,All ages,Worldwide,Yes,Not specified,Not specified,Children's Hospital of Philadelphia,USA,covid.va@email.chop.edu,Dr Denise Adams and Dr Kristen Snyder,Not specified,Bede Nriagu,Not specified,Not specified ,Yes,"International Society for the Study of Vascular Anomalies (ISSVA)
Consortium for the investigation of Vascular Anomalies (CaNVAS)
European Reference Network for Rare Vascular Diseases (VASCERN) Vascular Anomalies working group (VASCA)
VAS-European Independent Foundation in Angiology/ Vascular Medicine",Not specified,N/A,N/A,Not specified,Yes,No,N/A - no human OMICs data,N/A - no human OMICs data,N/A - no human OMICs data,No,N/A - no pathogen OMICs data,No,N/A - no imaging data,N/A - no imaging data,N/A - no imaging data,N/A - no imaging data,N/A - no imaging data,Cross-sectional,Observational data only,Both,COVID-19 infected or suspected only,Clin-epi,No,Not specified,Not specified ,Not specified,55 (26.08.22),55 (26.08.22),N/A - no pathogen OMICS data,Not specified,https://www.research.chop.edu/secure-va/updates-and-data,Yes,No,No,Unsure,"The SECURE-VA registry is an international effort that requires robust participation and collaboration to understand the impact of COVID-19 on the health of patients living with vascular anomalies.
This website will provide the vascular anomaly community with regularly updated summary information in the Updates and Data. //
The goal of the SECURE-VA registry is to report on outcomes of cases of COVID-19 in patients living with vascular anomalies. The data will be shared directly on this website, through social media, and via scholarly publications. ","https://www.research.chop.edu/secure-va 


https://www.research.chop.edu/secure-va/resources",No,No - not eligible for FAIRsharing,No DOI assigned,N/A - doesn't have a DOI,None of the criteria are met,N/A,Prospective (e.g. same CRF),Repository CRF data entry screen (e.g. REDCap),Health care professionals,No registration required for data entry,REDCap,"https://redcap.chop.edu/surveys/?s=XHYHH44LJC 
https://www.research.chop.edu/sites/default/files/web/sites/default/files/pdfs/SecureCOVID19VA_5_5_20.pdf ",No,No clin-epi standard used,N/A - no OMICs data collected,N/A - no participant level imaging data collected,No,Yes,Participant-level data will not be shared,Participant-level data will not be shared,N/A,Participant-level data will not be shared,Participant-level data will not be shared,Participant-level data will not be shared,Participant-level data will not be shared,Participant-level data will not be shared,Not specified,Participant-level data will not be shared,Participant-level data will not be shared,N/A,Participant-level data will not be shared,Participant-level data will not be shared,N/A,No,N/A,De-identification,Does not constitute human subjects research therefore deemed exempt from IRB or ERC review,https://www.research.chop.edu/secure-va/resources,No,Not specified,Not specified,Not specified,Several patient advocacy groups serve are partners of registry: https://www.research.chop.edu/secure-va/partners,"Summary registry data will be shared on the website, through social media, and via scholarly publications. The website will be updated at least weekly and include the number of COVID-19 cases and outcomes in this population of patients, demographics, medical history, COVID-19 disease severity, symptoms, and locations",https://www.research.chop.edu/secure-va/updates-and-data,
,LM updated Oct 2022,,Old,Yes,Yes,Yes,No,T1D surveillance registry (also called: T1D Exchange Clinic Registry; also called: Surveillance of COVID-19 in Patients with T1D),T1D Exchange Quality Improvement Collaborative (T1Dx-QI) Type 1 Diabetes COVID-19 multi-site surveillance registry,Registry,https://t1dexchange.org/covid19-faq/,Yes,To build a body of information that can support the management of people with type 1 diabetes who have confirmed suspected COVID-19 illness,Type 1 diabetes,Type 1 diabetes,Multiple (those affected by type 1 diabetes),General,All ages,USA,Yes,Abbott Diabetes; Dexcom; Eli Lilly and Company; Insulet Corporation; JDRF; Leona M. and Harry B. Helmsley Charitable Trust; Medtronic; Tandem Diabetes Care,"Professional organization, NGO, Industry",T1D Exchange,USA,qi@t1dexchange.org,"Multiple: Dr Osagie Ebekozien, G. Todd Alonso and Mary Pat Gallagher",oebekozien@t1dexchange.org,Not specified,N/A,April 2020,Yes,Juvenile Diabetes Research Foundation (JDRF),Not specified,N/A,N/A,"DOIs:
10.1111/1753-0407.13184
10.2337/dc20-1088
10.1210/clinem/dgaa825
10.1111/1753-0407.13141
10.1210/clinem/dgaa920",Yes,No,N/A - no human OMICs data,N/A - no human OMICs data,N/A - no human OMICs data,No,N/A - no pathogen OMICs data,No ,N/A - no imaging data,N/A - no imaging data,N/A - no imaging data,N/A - no imaging data,N/A - no imaging data,Longitudinal,Observational data only,Both,COVID-19 infected or suspected only,Clin-epi,No,Not specified,https://t1dexchange.org/covid19/,64 (28.06.22),Not specified,Not specified,N/A - no pathogen OMICS data,Not specified,N/A,Yes,No,,,"T1D Exchange aims to achieve three key objectives through the proposed study. We will conduct a population health surveillance of individuals with T1D who are suspected or confirmed to have contracted COVID-19. Through the aggregate survey and EMR data entered into REDCap we will estimate the rate of COVID-19 infection among individuals with T1D. Additionally, we will estimate the rates of adverse outcomes, such as DKA, among COVID-19 positive, presumed positive, or suspected cases in the T1D population. These critical insights will allow clinicians to make informed decisions in how to best manage these co-occurring conditions, and potentially, prevent related severe complications or death.",https://t1dexchange.org/covid19/,No,No - not eligible for FAIRsharing,No DOI assigned,N/A - doesn't have a DOI,None of the criteria are met,N/A,Prospective (e.g. same CRF),Repository CRF data entry screen (e.g. REDCap),Health care professionals,No registration required for data entry,Qualtrics,https://t1d.iad1.qualtrics.com/jfe/form/SV_e3ct7asPxHcJFDn,No,No clin-epi standard used,N/A - no OMICs data collected,N/A - no participant level imaging data collected,No,No - resource is closed to new data,Participant-level data will not be shared,Participant-level data will not be shared,N/A,Participant-level data will not be shared,Participant-level data will not be shared,Participant-level data will not be shared,Participant-level data will not be shared,Participant-level data will not be shared,Not specified,Participant-level data will not be shared,Participant-level data will not be shared,N/A,Participant-level data will not be shared,Participant-level data will not be shared,N/A,No,N/A - deemed non human subjects,De-identification,Does not constitute human subjects research therefore deemed exempt from IRB or ERC review,https://t1dexchange.org/covid19-faq/,No,Not specified,Not specified,Not specified,Not specified ,"FAQs state that insights and aggregate data will be shared regularly to inform immediate improvement and care, but does not mention specifically how/when",N/A,"A few errors here.  No longer accepting data.  Marked as wordlwide, but has US focus."
,LM Updated Oct 2022,,Old,Yes,Yes,Yes,No,CCC19,The COVID-19 and Cancer Consortium,Registry,https://ccc19.org/,Yes,"To collect and disseminate prospective, granular, uniformly organized information on people with cancer who are diagnosed with COVID-19 – at scale and as rapidly as possible",Current or historical invasive solid or hematologic malignancy,Cancer,Multiple systems that are affected by cancer,General,≥18 years,"USA, EU, ARG, CAN, GBR, MEX",Yes,Not specified,Not specified,Vanderbilt University Medical Center,USA,contact@ccc19.org,Dr Jeremy L. Warner,jeremy.warner@vanderbilt.edu (no longer works for CCC19) - must use jwarner@alumt.mit.edu,Dr Sanjay Mishra,sanjay.mishra@Vanderbilt.Edu,"March 17, 2020",Yes,"HemOnc.org, Hematology/Oncology Pharmacy Association, Oncology Nursing Society, Reboot Rx, Patient Empowerment Network (PEN), Stupid Cancer, Ovarian Cancer Research Alliance (OCRA)",ESMOCoCARE Registry,"A partnership between ESMOCoCARE and the CCC19 has been established with CCC19 sharing its common data dictionary, aiming at a final pooled analysis",https://www.ncbi.nlm.nih.gov/pmc/articles/PMC8805603/,"DOIs:
10.1016/j.annonc.2021.02.024
10.1016/j.ccell.2020.04.018
10.1016/S0140-6736(20)31187-9
10.1158/2159-8290.CD-20-0941
10.1101/2021.02.05.21250953",Yes,No,N/A - no human OMICs data,N/A - no human OMICs data,N/A - no human OMICs data,No,N/A - no pathogen OMICs data,No,N/A - no imaging data,N/A - no imaging data,N/A - no imaging data,N/A - no imaging data,N/A - no imaging data,Longitudinal,Observational data only,Both,COVID-19 infected or suspected only,Clin-epi,No,"List of Participating Institutions
(*) NCI-designated Comprehensive Cancer Center
(**) NCI-designated Cancer Center
Founding Institutions
Advocate Aurora Health
Dana-Farber Cancer Institute (DF/HCC) (*)
Fred Hutchinson Cancer Research Center/University of Washington/Seattle Cancer Care Alliance (*)
Sylvester Comprehensive Cancer Center at the University of Miami (**)
Vanderbilt-Ingram Cancer Center at Vanderbilt University Medical Center (*)
Additional Institutions
Albert Einstein Cancer Center at Albert Einstein College of Medicine (**)
Alvin J. Siteman Cancer Center at Washington University School of Medicine and Barnes-Jewish Hospital  (*)
Banner MD Anderson Cancer Center 
Baptist Cancer Center
Baptist Healthcare System
The Barbara Ann Karmanos Cancer Institute at Wayne State University School of Medicine (*)
Barrow Neurological Institute
BC Cancer
Beth Israel Deaconess Medical Center (DF/HCC) (*)
Boston Medical Center
Brown University and Lifespan Cancer Institute
Cancer Treatment Centers of America
Carl & Dorothy Bennett Cancer Center at Stamford Hospital
Centre Hospitalier de l'Université de Montréal
Centro Médico ABC            
City of Hope Comprehensive Cancer Center (*)
Cleveland Clinic (Case Comprehensive Cancer Center) (*)
Cook County Health, John H. Stroger, Jr. Hospital of Cook County
Dan L Duncan Comprehensive Cancer Center at Baylor College of Medicine (*)
Duke Cancer Institute at Duke University Medical Center (*)
Einstein Healthcare Network
Fred and Pamela Buffett Cancer Center at Nebraska Medicine and the University of Nebraska Cancer Center (**)
Geisinger Health System
Georgetown Lombardi Comprehensive Cancer Center at Georgetown University (*)
George Washington University
Gundersen Health System
Hamilton Health Sciences
Harold C. Simmons Comprehensive Cancer Center at the University of Texas Southwestern Medical Center (*)
Hartford HealthCare Cancer Institute
Henry Ford Cancer Institute, Henry Ford Hospital
Herbert Irving Comprehensive Cancer Center at Columbia University (*) 
Hollings Cancer Center at the Medical University of South Carolina (**)
Hospital General de México
Hospital Regional de Alta Especialidad de Ixtalapuca
Houston Methodist Cancer Center
Huntsman Cancer Institute at the University of Utah (*)
Inova Schar Cancer Institute
Instituto Nacional de Cancerología
Intermountain Health Care   
Kaiser Permanente Northwest    
Knight Cancer Institute at Oregon Health & Sciences University (*)
Laura and Isaac Perlmutter Cancer Center at NYU Langone Health (*)
Lewis Cancer & Research Pavilion @ St. Joseph's/Candler
Loma Linda University Cancer Center
University of Louisville James Graham Brown Cancer Center
Loyola University Medical Center
Lurie Cancer Center at Northwestern University (*)
Markey Cancer Center at the University of Kentucky (**)
Masonic Cancer Center at the University of Minnesota (*)
Massachusetts General Hospital Cancer Center (DF/HCC) (*)
Mayo Clinic (*)
Mays Cancer Center at UT Health San Antonio MD Anderson Cancer Center (**)
McGill University Health Centre
MD Anderson Cancer Center at Cooper
Meharry Medical College
Memorial Sloan-Kettering Cancer Center (*)
Meyer Cancer Center at Weill Cornell Medicine
Michigan Center of Medical Research
University of Mississippi Medical Center
Missouri Baptist Cancer Center        
Moffitt Cancer Center (*)
Moores Cancer Center at the University of California San Diego (*)
Mount Auburn Hospital
Mount Carmel Health System
Northwell Health Cancer Institute, Zucker School of Medicine and Feinstein Institutes
Northwest Medical Specialties
The Ohio State University Comprehensive Cancer Center (*)
O'Neal Comprehensive Cancer Center at University of Alabama
Parkview Research Center
Penn State Health/Penn State Cancer Institute/St. Joseph Cancer Center
Providence Cancer Institute 
Roger Williams Medical Center 
Roswell Park Comprehensive Cancer Center (*)
Rush University Medical Center
Rutgers Cancer Institute of New Jersey at Rutgers Biomedical and Health Sciences (*)
Segal Cancer Centre, Jewish General Hospital, McGill University
Sharp HealthCare
Sidney Kimmel Cancer Center at Thomas Jefferson University (**)
Sidney Kimmel Comprehensive Cancer Center at Johns Hopkins University (*)
SSM Health Cancer Care
Stanford Cancer Institute at Stanford University (*) 
Stanley S. Scott Cancer Center at LSU Health Sciences Center
St. Elizabeth Healthcare
Sutter Health
Tallahassee Memorial Healthcare
ThedaCare Cancer Center
Thompson Cancer Survival Center
Tisch Cancer Institute at the Icahn School of Medicine at Mount Sinai (**)
Tripler Army Medical Center
Tufts Medical Center Cancer Center
UC Davis Comprehensive Cancer Center at the University of California at Davis (*)  
UCLA Jonsson Comprehensive Cancer Center (*)
UCSF Helen Diller Family Comprehensive Cancer Center at the University of California at San Francisco (*)
UNC Lineberger Comprehensive Cancer Center (*)
Case Comprehensive Cancer Center at Case Western Reserve University/University Hospitals (*)
The University of Chicago Comprehensive Cancer Center (*)
University of Cincinnati Cancer Center    
University of Colorado Cancer Center (*)
University of Connecticut
University of Florida Health Cancer Center    
University of Hawai'i Cancer Center (**)
University of  Illinois at Chicago 
University of Iowa Holden Comprehensive Cancer Center (*)      
The University of Kansas Cancer Center (**)
University of Maryland Marlene and Stewart Greenebaum Comprehensive Cancer Center (*)
University of Michigan Rogel Cancer Center (*)
University of Rochester Medical Center
The University of Texas MD Anderson Cancer Center (*)
University of Wisconsin Carbone Cancer Center (*)
UPMC Western Maryland
Vidant Medical Center at East Carolina University
Virginia Mason Cancer Institute
Virtua Health
Wake Forest Baptist Comprehensive Cancer Center (*)
WellSpan Health
Wentworth-Douglass Hospital
Willis-Knighton Cancer Center    
Winship Cancer Institute of Emory University (*)   
Yale Cancer Center at Yale University School of Medicine (*)",https://ccc19.org/,126 (28.06.22),"2,186 (28.06.22)","2,186 (28.06.22)",N/A - no pathogen OMICS data,Not specified,"https://ccc19.org/data.html
https://www.cell.com/cancer-cell/fulltext/S1535-6108(20)30553-5",Yes,No,Unsure (disseminate information?),No,"The driving goal of the CCC19 consortium is to collect and disseminate prospective, granular, uniformly organized information on people with cancer who are diagnosed with COVID-19 – at scale and as rapidly as possible.",https://ccc19.org/,No,Yes - ON FAIRsharing,https://fairsharing.org/FAIRsharing.00f4c6,No,Meets 2 of 4 criteria,N/A,Prospective (e.g. same CRF),Repository CRF data entry screen (e.g. REDCap),Health care professionals,Individual registration required for data entry and the individual must be a member of a CC19 participating consortium,REDCap,https://ccc19.org/faqs,No,"SNOMED-CT,  ATC Classification, RxNorm. The HemOnc ontology was used to describe cancer-specific concepts such as context of systemic anti-cancer therapy. Vocabularies were deliberately chosen that have been identified as being standard terminologies by the Observational Health Data Sciences and Informatics (OHDSI) consortium",N/A - no OMICs data collected,N/A - no participant level imaging data collected,Yes,Yes,Participant-level data will not be shared,Participant-level data will not be shared,N/A,Participant-level data will not be shared,Participant-level data will not be shared,Participant-level data will not be shared,Participant-level data will not be shared,Participant-level data will not be shared,N/A,Participant-level data will not be shared,Participant-level data will not be shared,N/A,Participant-level data will not be shared,Participant-level data will not be shared,N/A,No,N/A,De-identification,Does not constitute human subjects research therefore deemed exempt from IRB or ERC review,https://www.medrxiv.org/content/10.1101/2021.02.05.21250953v1; https://doi.org/10.1016/j.ccell.2020.10.022,No,Not specified,Potential to be included as co-authors on registry/platform data-based publications,Registry or platform,Not specified,A data dashboard summarizing the demographic and cancer information of the enrolled patients is available,https://ccc19.app.vumc.org/,
LM,Updated using website,https://www.sciencedirect.com/science/article/pii/S0211699520300400?via%3Dihub,New,No,No,Yes,No,SEN COVID-19 Registry,Spanish Society of Nephrology COVID-19 Registry,Registry,https://www.sen.es/covid-19,Yes,To recieve information about possible neurological manifestations and complications associated with COVID-19 infection,Neurological conditions,Neurological conditions,Brain,General,All ages,ESP,Not specified,,,Sociedad Española de Neurología,ESP,secre@sen.org.es,Not specified,N/A,José Miguel Láinez Andrés (President),presidencia@sen.org.es,"March, 2020",,la Sociedad Española de Neurología,No,,,https://www.sciencedirect.com/science/article/pii/S0213485321000013?via%3Dihub,Yes,No,N/A - no human OMICs data,N/A - no human OMICs data,N/A - no human OMICs data,No,N/A - no pathogen OMICs data,No,N/A - no imaging data,N/A - no imaging data,N/A - no imaging data,N/A - no imaging data,N/A - no imaging data,Unsure,Unsure,Unsure,Unsure,Clin-epi,No,Not specified,N/A,Not specified,https://www.sen.es/index.php?option=com_content&view=article&id=2659&catid=91,https://www.sen.es/index.php?option=com_content&view=article&id=2659&catid=91,Not specified,Not specified,N/A,No,Unsure,,,,Unsure,No,,No DOI assigned,N/A - doesn't have a DOI,None of the criteria are met,N/A,Not specified,Repository CRF data entry screen (e.g. REDCap),Researchers,Not specified,REDCap,Not specified,No,Not specified,N/A - no OMICs data collected,N/A - no participant level imaging data collected,No,Not specified,Not specified,Directions not available on the website,N/A,Not specified,Not specified,No,Any group whose application is approved,Not specified,N/A,Not clear,Information available on the website to a limited extent,,Not specified,Not specified,Not provided,No,https://www.sen.es/component/content/article/91-articulos/2656-registro-de-manifestaciones-complicaciones-neurologicas-en-pacientes-con-infeccion-por-el-virus-covid-19-de-la-sen?Itemid=437,Not specified,Not specified,,Not specified,Insights on the impact of COVID-19 from a registry/platform associated patient survey,information will serve the clinical neurologist to suspect the possibility of a COVID-19 infection in debut scenarios that are less common than respiratory and more typical of our field.,Not specified,Not Specified,Not specified,N/A,
LM,Updated using both survey and website,,New,No,No,Yes,No,AAP-SONPM,Society of Neonatal & Perinatal Medicine National Registry for Surveillance and Epidemiology of Perinatal COVID-19 Infection,Registry,https://www.aap.org/en/community/aap-sections/sonpm/in-the-spotlight/,Yes,"To provide population data on dyads of mothers who deliver who test positive for COVID-19 infection between 14 days before through 3 days after delivery, and their infants",Pregnancy,Pregnancy,Any,Pregnant women and their infants,All ages,USA,Yes,"SONPM
Strategic Grants, SONPM District Educational Grants",University,"American Academy of Pediatrics
Section on Neonatal-Perinatal Medicine, the Vermont-Oxford Network (VON), and MedNAX",USA,Not specified,Mark L. Hudak ,mark.hudak@jax.ufl.edu,"Amanda Herndon 
Kimberly Barnette (Study Coordinator)",Not specified,Not specified,Yes,"American Academy of Pediatrics, Vermont-Oxford Network (VON), and MedNAX organization of private neonatologists",Not specified,,,10.1002/uog.23619,Yes,No,N/A - no human OMICs data,N/A - no human OMICs data,N/A - no human OMICs data,No,N/A - no pathogen OMICs data,No,N/A - no imaging data,N/A - no imaging data,N/A - no imaging data,N/A - no imaging data,N/A - no imaging data,Longitudinal,Observational data only,Hospitalized for COVID-19 only,COVID-19 infected or suspected only,Clin-epi,No,"American Academy of
Pediatrics SONPM, the Vermont-Oxford Network (VON), and MedNAX",https://www.aap.org/globalassets/sonpm/sonpmprotocoldescription.pdf,n=127 as of 5/8/2020) and future (likely n > 50),Not specified,Not specified,Not specified,Not specified,N/A,No,Yes,,,"Data will be stored on a server at the University of Florida and
protected by internal procedures. ",Yes,No,,No DOI assigned,N/A - doesn't have a DOI,Meets 2 of 4 criteria,N/A,Prospective (e.g. same CRF),Repository CRF data entry screen (e.g. REDCap),Health care professionals,Not specified,REDCap,https://www.aap.org/globalassets/sonpm/sonpmresolvedcaseredcapdataentryform.pdf,Yes (Other - then specify),Not specified,N/A - no OMICs data collected,N/A - no participant level imaging data collected,No,Yes,"Data for mother/infant dyads eligible in the protocol
addendum will be stored in a separate secure REDCap database. Local investigators will have “write-only” access to the
databank. Cumulative descriptive data summaries will be provided to participating hospitals on
a weekly basis",Directions available on the website,https://www.aap.org/globalassets/sonpm/sonpmprotocoladdendum.pdf,Yes,Not specified,No,Only groups that contributed data or are otherwise part of the consortium,Participant-level data will not be shared,To maintain the confidentiality of donors,Data generator,Information available on the website,https://www.aap.org/en/community/aap-sections/sonpm/in-the-spotlight/,"Local investigators will have “write-only” access to the
databank",Information available on the website,https://www.aap.org/globalassets/sonpm/sonpmprotocoladdendum.pdf,Yes,Informed consent is obtained,De-identification,IRB or ERC approval obtained,https://www.aap.org/globalassets/sonpm/sonpmirbapprovalletter.pdf,Yes,Insights on the impact of COVID-19 from a registry/platform associated patient survey,"We disseminate the findings of this registry on a weekly basis to the
neonatal care community. These findings are informing the community about the likelihood of
perinatal transmission and the severity of disease in the newborn.",Not specified,Not specified,"Cumulative descriptive data summaries will be provided to participating hospitals on
a weekly basis",https://www.aap.org/en/community/aap-sections/sonpm/in-the-spotlight/,
LM,Updated using both survey and website - LM checked,,Old,Yes,Yes,Yes,Yes,COVID-19 GRA Registry,The COVID-19 Global Rheumatology Alliance Registry,Registry,https://rheum-covid.org/,Yes,"To collect, analyze and disseminate information about COVID-19 and rheumatology to patients, physicians and other relevant groups to improve the care of patients with rheumatic disease",Rheumatic disease,Rheumatic disease,"Joints, muscles, bones, organs",General,>18 years,"Worldwide, except for the countries that are part of EULAR",Yes,"AMGEN, Gilead, Novartis, UCB, Janssen, Johnson-Johnson, Abbvie, GlaxoSmithKline, Bristol Myers Squibb, Pfizer ",Industry,University of California San Francisco (UCSF),USA,rheumcovidregistry@ucsf.edu,Dr. Jinoos Yazdany MD and co-PI Dr. Patricia P Katz ,Jinoos.Yazdany@ucsf.edu,COVID–19 Global Rheumatology Alliance Steering Committee (https://rheum-covid.org/about/),Not specified,"March 24, 2020",Yes,"American College of Rheumatology (ACR)
European League Against Rheumatism (EULAR)
International League of Associations for Rheumatology (ILAR)
British Society for Rheumatology
Canadian Rheumatology Association (CRA)
The Pan American League of Associations of Rheumatology (PANLAR)
APLAR
Sociedade Brasileira de Reumatologia (SBR)
Canadian Arthritis Patient Alliance
New Zealand Rheumatology Association (NZRA)
CreakyJoints & The Global Healthy Living Foundation (GHLF)
South African Rheumatism & Arthritis Association (SARAA)
Mexican College of Rheumatology
Lupus Research Alliance
Irish Society of Rheumatology (ISR)
Autoinflammatory Alliance
Vasculitis Foundation
Lupus Foundation of America
Association of Women in Rheumatology
Sociedad Paraguaya de Reumatología
Chronic Recurrent Multifocal Osteomyelitis (CRMO) Foundation
System Juvenile Idiopathic Arthritis (SJIA) foundation
Systemic Juvenile Idiopathic Arthritis (SJIA) Parents Network
Arthritis Kids South Africa
Nature Reviews Rheumatology
Philippine Rheumatology Association
Sjögren Europe
Arthritis & Rheumatology
Arthritis Care & Research
ACR Open Rheumatology
Rare Autoinflammatory Conditions Community - UK (RACC-UK)
Healio Rheumatology
The Lancet Rheumatology
Autoinflammatory UK
Arthritis Foundation
United Rheumatology
NLRP12
The Journal of Rheumatology
International Foundation for Autoimmune & Autoinflammatory Arthritis
National Rheumatoid Arthritis Society (NRAS)
FORWARD: The National Databank for Rheumatic Diseases
The Nebraska Rheumatology Society
The Australian Rheumatology Association (ARA)
AGORA
Spondylitis Association of America
Canadian Rheumatology Association
Irish Children's Arthritis Network (iCAN)
European Network for Children with Arthritis and Auto-inflammatory diseases (ENCA)
Turkish Society for Rheumatology
Netherlands Component to European Network for Children with Arthritis and Auto-inflammatory diseases (KAISZ)
Arthritis Consumer Experts
Childhood Arthritis and Rheumatology Research Alliance (CARRA)
National Organization of Rheumatology Managers (NORM)
French Society of Rheumatology (SFR)
Juvenile Arthritis Research
Childrens Chronic Arthritis Association (CCAA)
Australasian Society of Clinical Immunology and Allergy (ASCIA)
The Myositis Association
Arthritis Consumer Experts
The Hibbs Lupus Trust
Italian Society for Rheumatology (SIR)
Czech Society of Rheumatology
Seminars in Arthritis and Rheumatism
Deutsche Gesellschaft für Rheumatologie e.V
Lupus Foundation of America
Scottish Network for Arthritis in Children (SNAC)
Women with Rheumatoid Disease
Lupus UK
Odense University Hospital
Saudi Society of Rheumatology
Charitable Association for Rheumatic Diseases
Loma Linda University
Wynn Medical Center
Rheumazentrum Lübeck
Westboro Rheumatology Clinic
Elim Rheumatic Centre
Coast Joint Care
Toho University School of Medicine
Royal Children’s Hospital Melborne
Rheumatoid Patient Foundation
Northwestern Feinberg School of Medicine
Club Rhumatismes et Inflammations (CRI)
Arthritis Life
Rheumatology In Advance
Articularis Healthcare
University of British Columbia
HealthPartners Rheumatology
Aga Khan University Hospital Karachi Pakistan
University of TORONTO - UHN
HighRiskCovid19
Arab Adult Arthritis Awareness Group (AAAA)
Honduran Society of Rheumatology
Canadian Early Arthritis Cohort (CATCH)
Lupus Foundation of Bangladesh
Dept of Rheumatology, Karolinska University Hospital, Stockholm, Sweden
Russian Rheumatology Association ""Nadegda""
West Suburban Center for Arthritis
Rheumatology Journal Club on Twitter (#RheumJC)
Coalition of State Rheumatology Organizations
Osteoarthritis Action Alliance
Multiple Autoimmune Syndrome Group
Axial Spondyloarthritis International Federation (ASIF)
Sociedad Venezolanade Reumatología
Actionrecovery
Eric’s Journey Foundation
Emirates Society for Rheumatology
UNC Thurston Arthritis Research Center
Arthritis and Rheumatology Associates of Palm Beach
Collegio Reumatologi Italiani (CReI)
Greek Rheumatology Society
Lupus and Allied Diseases Association, Inc.
American Autoimmune Related Disease Association
Scleroderma Clinical Trials Consortium
Institute for Rheumatic & Autoimmune Diseases/Atlantic Health System
Cleveland Clinic Department of Rheumatology
Boice Willis Clinic
Hospital Clínico Viedma
LA Lupus Lady
Satanatorio Modelo de Morón
Annals of the Rheumatic Diseases (ARD).
American Association for Pediatric Ophthalmology and Strabismus (AAPOS)
University Hospital Waterford
Systemic Lupus International Collaborating Clinics (SLICC)
MedStar Washington Hospital canter
Cyprus Rheumatology Association
University of Oklahoma HSC
Paediatric Global MSK Task Force
KAISZ
GIR-INIBIC
EMG-Health
Rheumatology Unit, ASST-Fatebenefratelli L. Sacco University Hospital, University of Milan, Italy
Beyond Rheumatology (Journal)
Mumbai Arthritis Clinic
Sjögren’s Foundation
Austrian Society for Rheumatology and Rehabilitation
Norwegian Society for Rheumatology
Medicine Matters Rheumatology
Qatar Rheumatology Association
Lupus Foundation New England
LupusChat
Wisconsin Rheumatology Association
Looms For Lupus
ArthritisPower
Latvia Adult Society of Rheumatology
American Behcet’s Disease Association (ABDA)
Nigeria Rheumatology Society
Centro de Reumatología de El Salvador
Kuwait Association of Rheumatology (KAR)
Lebanese Society of Rheumatology
Rheumatology Alliance of Louisiana
Division of Allergy, Immunology, and Rheumatology, Bhumibol Adulyadej Hospital
Chronic Eileen
Arthritis Ireland
RheumNow
FUNDARVI
RA Guy Foundation
Jordanian Society of Rheumatology
Arab League of Associations for Rheumatology
University of Colorado
Kartal Dr. Lutfi Kirdar Training Research Hospital
Rheumatology Consultant
Asociacion Guatemalteca de Reumatologia
Tokyo Medical and Dental University
Caribbean Association for Rheumatology
Rheumatology Nurses Society
American Uveitis Society
Spanish Society of Rheumatology
Society for Osteoarthritis Research (SOAR)
Albanian Society of Rheumatic Diseases
Laikon General Hospital, Athens, Greece
CEADE
Association des Rhumatologues Algériens Privés (ARAP)
Associazione Nazionale Persone con Malattie Reumatologiche e Rare - APMARR APS
AEEF Asoc. de Enfermos de Espondilitis de Fuenlabrada
Metropolitan Atlanta Rheumatology Society
FMF & AID Global Association
Johns Hopkins Rheumatology
The Pioneer Valley Lupus Support Group
INDn Rheumatology Association
National Axial Spondyloarthritis Society (NASS)
Coordinadora Nacional de Artritis
Georgia Society of Rheumatology
Association of Rheumatic Patients for Targeted Therapy
Parents and Caregivers Association of Children with Chronic Rheumatic Diseases
UCLA Division of Rheumatology
Institut Ferran de Reumatologia
Hospital Sanitas CIMA, Barcelona, Spain
Sociedad Chilena de Reumatología (SOCHIRE)
Rheumatologie im Struenseehaus
Health Sciences University of Mongolia
Orthopaedic Associates
Clinical Rheumatology: Journal of the International League of Associations for Rheumatology
Arthritis Research & Therapy
Vasculitis UK
Mongolia-Japan Teaching Hospital
The Gout, Hyperuricemia and Crystal-Associated Disease Network
International Foundation for Autoimmune and Autoinflammatory Arthritis
Sakthi Rheumatology Centre
Egyptian Society of Rheumatic diseases
Egyptian Rheumatologist
Croatian Society for Rheumatology
Myositis Support And Understanding Association
Corporación Ayuda al niño con Artritis Juvenil Chile - ANACROJ
Reumatologia
Sociedad Ecuatoriana de Reumatologia
Medstar Georgetown University Hospital
INDn Journal of Rheumatology
Oman Society of Rheumatology (OSR)
Spondylitis Association of Norway (Spondyloartrittforbundet Norge)
Moroccan Society of Rheumatology (SMR)
Fundación Espondilitis Chile
Clinica de Investigacion en Reumatologia y Obesidad
Canadian Spondylitis Association
Ontario Rheumatology Association
Pediatric Rheumatology European Society - PReS
Rheumatology International
Versus Arthritis
Behçet’s UK
Department of Paediatrics, Bangabandhu Sheihk Mujib Medical University
Arthritis Society
Lupus Lights New England
Fundación Me Muevo
Relapsing Polychondritis Foundation
Israeli Society of Rheumatology
Grupo Latino-Americano de Estudio del Lupus (GLADEL)
Lupus y Aij Caminando juntos AC
Lupus Potosino A.C.
Asociación Lupus Argentina - ALUA
Asociación Civil Artritis en Argentina (ACAEA)
Asociación Costarricense Artríticos (ACA)
Artritis Alianza Federal
Vasculitis Awarness Ireland
Asociación de Fiebre Mediterránea Familiar de Argentina (Pacientes y Familia)
Grupo EncontrAR - Grupar Brasil
Reumatologia y Enfermedades Oseas
Fundación yanye y still venezuela
Seguro Social Almenara
MCTD Foundation
Asociación Colombiana de Reumatología
Fundación Artritis Idiopática Juvenil Argentina
EscleroSalud Asociación Civil de Esclerodermia y Raynaud (en trámite)
Coalition of State Rheumatology Organizations
Alianza Federal
Grupo Amar La Plata
Lupus Society of Illinois
Canna-Patient Resource Connection
Osteoarthritis and Cartilage Journal
Galician Rheumatological League
Fundación LICAR Liga del Caribe contra la Artritis y el Reumatismo
Scleroderma Society of Ontario
Purple Playas Foundation
Agrupación Lupus Chile
APPARA - Asociación Paraguaya de Personas con Artritis Reumatoidea y Afines
Egyptian College of Rheumatology (ECR)
Henoch Schonlein Purpura Support
Norwegian Rheumatism Association
Zoe's Angels Inc.
Asociación Colombiana de Reumatología
Santa Catalina Rheumatology Argentina
Florida Society of Rheumatology
APS Foundation of America, Inc
AMAR San Juan, dependiente de Alianza Federal
Sociedade Portuguesa de Reumatologia
Polish Society for Rheumatology
Santa Catalina Reumatología
CLAIR, asbl
Preferred Orthopedics
Sarasota Arthritis Center
Amar Caba asociacion civil en Argentina
University of Cyprus Medical School
Integral Rheumatology & Immunology Specialists
Fondation ARTHRITIS
Arthritis & Osteoporosis treatment center PA
Centre for Rheumatic Diseases Pune IND
Mission Arthritis IND
American Behcet’s Disease Association (ABDA)
Association Remisija
La maison des polypotes
Bangladesh Rheumatology Society
TheLupusRainbow
Asociación Española Síndrome Antifosfolipídico
Swedish Society of Rheumatology
Asociación Costarricense de Personas con Enfermedades Reumatologicas
Centre for Arthritis & Rheumatic Disease, Ireland
Arthritis Center
Psoriasis and Psoriatic Arthritis Alliance
Fundacion Lupus Cordoba
Rheumatology and Autoimmune Center
Rheumatology Department, Hospital Clinic, Barcelona
Invisible International
AFGS (Association Française du Gougerot-Sjögren)
Swati Polyclinics
Middle East Rheumatoid Arthritis Consortium (MERAC)
Steffens Scleroderma Foundation
Mifrakim Tz'eirim - Israel
Sociedad Argentina de Reumatología (SAR)
The Broken Traveller Autoimmune Health & Chronic Illness Travel
Mayo Clinic Health System
Hospital Universitari i Politècnic La Fe
Advanced Academic Rheumatology Review Course - Dubai
Lewisham & Greenwich NHS Trust, London U.K
Sjogren's Society of Canada
Sticky Blood
Asociación Lupus Perú y Enfermedades Asociadas
The Annual Rheumatology Orthopedic Meeting (AROM) Egypt Registry
Lupus Foundation of Northern California
Sociedad de Reumatología de la Comunidad de Madrid
Romanian Society of Rheumatology
Your Autoimmunity Connection
Bulgarian Rheumatology Society
Korean College of Rheumatology (KCR)
RheumaTalk: The RHEUMATOLOGY group
Croatian League Against Rheumatism
Sarasota Arthritis Center
Golestan Rheumatology Research Center
Pakistan society for Rheumatology (PSR)
Sanatorio San Carlos (Bariloche)
BioReg (Association for the Austrian registry for Biologicals, Biosimilars and tsDMARDS in the treatment of inflammatory rheumatic diseases (BioReg)
Asociación Una sonrisa al dolor
Scleroderma Society of the Philippines
sclerodermie.ch/
The More Than Lupus Foundation
The M.D. Strazhesko Institute of Cardiology National Academy of Medical Sciences of Ukraine
Carolina Arthritis Associates
NYU Langone Health - Division of Rheumatology
Fundación Colombiana de Apoyo al Reumático
Instituto de Reumatología, Hematología y Dermatología (IRHED)
Multifield Medical centre,Odessa Medical University
The Labalaba Foundation
Artritis Alianza Federal
AMAR-Posadas
Association Physicians of Osteoporosis of the Republic of Kazakhstan
Pakistan Society for Rheumatology(PSR)
Sociedad Bolivana de Reumatología
Everyday Health
Oyemam Autoimmune Foundation
Community Care Rheumatology
Pakistan society for Rheumatology (PSR)
Hong Kong Society of Rheumatology
Lupus Foundation of South Africa
Healing Touch City Clinic - IND
Una Sonrisa al Dolor AC
Spanish Society of Rheumatology
Cape Fear Arthritis Care
Association of Rheumatic Patients for Targeted Therapy
Carolina East
Aarskog Foundation
Spanish Association for Antiphospholipid Syndrome (SAF España)
Lupus Canada
Ankylosing Spondylitis - Malaysia
Foundation for Sarcoidosis Research
Mindful Rheumatix and Medical Research Group
Fundacion Puertorriqueña de Enfermedades Ruematicas (Fundacion FER)
Foundation for Sarcoidosis Research
Lupus Europe
Liga Portuguesa Contra as Doenças Reumáticas
Scleroderma IND
Scleroderma Manitoba
French RA Patients Association (AFPric)
Scleroderma Research Foundation
INBAR - Israeli RA founadation
Canadian Arthritis Patient Alliance
Myositis Association - Australia Inc
Unidade de Reumatologia do Hospital Central de Maputo
Mansoura University","EULAR COVID-19 Registry, COVID-19 Global Pediatric Rheumatology Database ",These registries all come under the umbrella of the COVID-19 Global Rhuematology Alliance,https://rheum-covid.org/provider-registry-gate/,"DOIs: 
10.1136/annrheumdis-2020-219498
10.1097/BOR.0000000000000783
10.1016/j.berh.2020.101657
10.1002/art.41567
10.46856/grp.10.e003 
10.1002/art.41469
10.1093/rheumatology/keaa483
10.1097/BOR.0000000000000725
10.1136/annrheumdis-2020-217871
10.1002/acr.24257
10.1136/annrheumdis-2020-217690
10.1093/rheumatology/keaa191
10.1016/S2665-9913(20)30125-9
10.1016/S2665-9913(20)30095-3
10.1038/s41584-020-0418-0",Yes,No,N/A - no human OMICs data,N/A - no human OMICs data,N/A - no human OMICs data,No,N/A - no pathogen OMICs data,No,N/A - no imaging data,N/A - no imaging data,N/A - no imaging data,N/A - no imaging data,N/A - no imaging data,Cross-sectional,Observational data only,Both,COVID-19 infected or suspected only,Clin-epi,No,Not specified ,Not specified ,Not specified ,"10,117 (26.08.22)","10,117 (26.08.22)",N/A - no pathogen OMICS data,Not specified,https://rheum-covid.org/updates/combined-data.html,Yes,No,Yes,No,"These registries are an international effort to collect information pertinent to COVID-19 infection in patients with rheumatologic disease.
The de-identified information collected in these registries will be shared for analysis, with results shared with the public.",https://rheum-covid.org,No,Yes - ON FAIRsharing,https://doi.org/10.25504/FAIRsharing.EBhGci (same DOI for adult and pediatric registries of the COVID-19 Global Rheumatology Alliance Registry),Yes,Meets 1 criterion only (as instructions on how to access data are on the EULAR website),https://fairshake.cloud/digital_object/812071/assessments/,Prospective (e.g. same CRF),Repository CRF data entry screen (e.g. REDCap),Health care professionals,No registration required for data entry,REDCap,https://redcap.ucsf.edu/surveys/?s=W7CMFDXPJD,No,No clin-epi standard used,N/A - no OMICs data collected,N/A - no participant level imaging data collected,No,Yes,"Calls are put out for projects utilizing both the EULAR COVID-19 Registry and COVID-19 Global Rheumatology Alliance registry data together. 
Individual institutions/countries that submitted their data via the national registries are entitled to receive their data. Proposals in response to the call must be submitted via the following form: https://www.eular.org/myUploadData/files/covid_19_global_rheumatology_alliance_eular_covid_19_application_form_v2_28_jun_2020_(updated).docx. Applications will be reviewed and scored by a joint sub-committee of the global and EULAR registry steering committees, who will make the final approval decisions. The global steering committee will contribute four members (not including the EULAR designate), and the EULAR committee will contribute four members. Decisions will be by consensus where at all possible. Contributing national societies will always have access to their own country's data as and when requested. Any other groups wanting to access data must make an application when a call is put out",Directions available on the website (of the EULAR Registry),https://www.eular.org/myUploadData/files/covid_19_global_rheumatology_alliance_eular_covid_19_policy_document_v3_11july2020_(updated).pdf,No,Not specified,No,Only groups that contributed data or are otherwise part of the consortium,Participant-level data are being shared,N/A,DAC and platform or registry management team,Information available on the website (of the EULAR Registry),https://www.eular.org/myUploadData/files/covid_19_global_rheumatology_alliance_eular_covid_19_policy_document_v3_11july2020_(updated).pdf,"The projects should address a specific disease, or a group of diseases (e.g. RA vs SLE), or a specific variable or groups of variables (e.g. lab results, certain comorbidities, certain countries or specific sub-populations). There are also specifications related to the composition of the project teams",Information available on the website,https://www.eular.org/myUploadData/files/covid_19_global_rheumatology_alliance_eular_covid_19_policy_document_v3_11july2020_(updated).pdf,No,N/A,De-identification,Does not constitute human subjects research therefore deemed exempt from IRB or ERC review,https://rheum-covid.org/downloads/Outcome_Letter.pdf,No,Patient survey to determine impact of COVID-19 on quality of life for rheumatology patients. Survey results used to improve provider communication around COVID-19 risks and treatment and quality of care,"Involvement in registry/platform data analysis, potential to be included as co-authors on registry/platform data-based publications and acknowledgement of data providers in registry/platform data-based publications",Not specified,"Has a Patient Board that looks to amplify the patient’s perspective by sharing ideas, initiatives, and feedback with the Alliance's Steering Committee",Reports (not real-time) available on website,"https://rheum-covid.org/plain-language-summaries/ 
https://rheum-covid.org/updates/combined-data.html",
,,Registry is closed.,Old,Yes,Yes,Yes,Yes,EULAR COVID-19 Registry,The European Alliance of Associations for Rheumatology COVID-19 Registry,Registry,https://www.eular.org/eular_covid_19_registry.cfm,Yes,"To understand outcomes of patients who acquire SARS-CoV‐2 infection and are receiving steroids, synthetic or biologic disease-modifying anti-rheumatic drugs (DMARDs) and non-steroidal anti-inflammatory drugs (NSAIDs). This will help guide rheumatologists and other clinicians such as specialist nurses in advising and caring for their patients",Rheumatic disease,Rheumatic disease,"Joints, muscles, bones, organs",General,All ages,"Europe (EULAR members only, other countries should submit their cases to the global website: https://rheum-covid.org/; also France, Germany, Greece, Italy, Portugal and Sweden have their own databases, which can be accessed through links on the main page)",Yes,EULAR and Pediatric Rheumatology European Society (PReS),Professional organization,EULAR,CHE,eularcovid19@eular.org,"Multiple: Dr Pedro Machado, Elsa Mateus, Dr Laure Gossec, Dr Kimme Hyrich, Dr Anja Strangfeld, Dr Loreto Carmona (steering committee)",Not specified,Not specified,N/A,"March 27, 2020",Yes,The COVID-19 Global Rheumatology Alliance,"COVID-19 Global Rheumatology Alliance Registry, COVID-19 Global Pediatric Rheumatology Database and to national databases: 
France: https://covid19-fai2r.sanoia.com/ 
Germany: https://www.covid19-rheuma.de/     
Greece: https://ere.gr/1169/newsid1170/566 
Italy: https://redcap.reumatologia.it/surveys/?s=YLDERDE88W/     
Sweden: http://srq.nu/en/welcome/   
Portugal: http://reuma.pt/pt_PT/Default.aspx ",These registries all come under the umbrella of the COVID-19 Global Rhuematology Alliance and data is merged with the national registries as well ,https://www.eular.org/faq_covid_19_registry.cfm,DOI: 10.1136/annrheumdis-2020-217871,Yes,No,N/A - no human OMICs data,N/A - no human OMICs data,N/A - no human OMICs data,No,N/A - no pathogen OMICs data,No,N/A - no imaging data,N/A - no imaging data,N/A - no imaging data,N/A - no imaging data,N/A - no imaging data,Cross-sectional,Observational data only,Both,COVID-19 infected or suspected only,Clin-epi,No,Not specified ,Not specified ,Not specified ,"10,855 (26.08.22)","10,855 (26.08.22)",N/A - no pathogen OMICS data,Not specified,https://www.eular.org/myUploadData/files/eular_covid_19_registry_report_20210601.pdf,Yes,No,Registry closed,Registry closed,"Registry closed: The registry helped to understand outcomes of patients who acquired “severe acute respiratory syndrome coronavirus 2” (SARS-CoV‐2) infection and who received steroids, synthetic or biologic disease-modifying anti-rheumatic drugs (DMARDs) and non-steroidal anti-inflammatory drugs (NSAIDs). The data collected will continue to guide rheumatologists and other clinicians such as specialist nurses in advising and caring for their patients.",,No,Yes - NOT on FAIRsharing,No DOI assigned,N/A - doesn't have a DOI,Meets 1 criterion only,N/A,Prospective (e.g. same CRF),Repository CRF data entry screen (e.g. REDCap),Health care professionals,No registration required for data entry,REDCap,"https://www.redcap.rss.mhs.man.ac.uk/surveys/?s=NEXNJFWX38
https://www.eular.org/myUploadData/files/eular_covid_19_survey_checklist.pdf ",No,No clin-epi standard used,N/A - no OMICs data collected,N/A - no participant level imaging data collected,No,No - resource is closed to new data,"Calls are put out for projects utilizing both the EULAR COVID-19 Registry and COVID-19 Global Rheumatology Alliance registry data together. 
Individual institutions/countries that submitted their data via the national registries are entitled to receive their data. Proposals in response to the call must be submitted via the following form: https://www.eular.org/myUploadData/files/covid_19_global_rheumatology_alliance_eular_covid_19_application_form_v2_28_jun_2020_(updated).docx. Applications will be reviewed and scored by a joint sub-committee of the global and EULAR registry steering committees, who will make the final approval decisions. The global steering committee will contribute four members (not including the EULAR designate), and the EULAR committee will contribute four members. Decisions will be by consensus where at all possible. Contributing national societies will always have access to their own country's data as and when requested. Any other groups wanting to access data must make an application when a call is put out",Directions available on the website,https://www.eular.org/myUploadData/files/covid_19_global_rheumatology_alliance_eular_covid_19_policy_document_v3_11july2020_(updated).pdf,No,Not specified,No,Only groups that contributed data or are otherwise part of the consortium,Participant-level data are being shared,N/A,DAC and platform or registry management team,Information available on the website,https://www.eular.org/myUploadData/files/covid_19_global_rheumatology_alliance_eular_covid_19_policy_document_v3_11july2020_(updated).pdf,"The projects should address a specific disease, or a group of diseases (e.g. RA vs SLE), or a specific variable or groups of variables (e.g. lab results, certain comorbidities, certain countries or specific sub-populations). There are also specifications related to the composition of the project teams",Information available on the website,https://www.eular.org/myUploadData/files/covid_19_global_rheumatology_alliance_eular_covid_19_policy_document_v3_11july2020_(updated).pdf,No,N/A,De-identification,Does not constitute human subjects research therefore deemed exempt from IRB or ERC review,https://www.eular.org/faq_covid_19_registry.cfm,No,Not specified,"Involvement in registry/platform data analysis, potential to be included as co-authors on  registry/platform data-based publications and acknowledgement of data providers in registry/platform data-based publications",Not specified,A Patient Representative is included on the registry's steering committee and projects utilizing the registry's data require that at least one patient be involved in the project team,"Every month reports summarizing the registry data are published, which contains important statistics such as number of patients, deaths, hospitalizations etc.","https://www.eular.org/myUploadData/files/eular_covid_19_registry_report_20210601.pdf 
https://www.eular.org/myUploadData/files/eular_covid19_registry_infographic.pdf ",
,,Registry is closed.,Old,Yes,Yes,Yes,No,ERACODA,The European Renal Association COVID-19 Database,Registry,https://www.eracoda.org  ,Yes,"To investigate the clinical course and outcomes (including hospital admission, intensive care admission and mortality) of patients on kidney replacement therapy with COVID-19.  This extends the ERA-EDTA registry (European Renal Association–European Dialysis and Transplant Association ) which predated COVID-19.",Kidney disease,Kidney disease,Kidneys,General,≥18 years,Countries in Europe and bordering the Mediterranean Sea,Yes,"The European Renal Association (ERA-EDTA), the Dutch Kidney Foundation (Nierstichting), Sandoz, Baxter","Professional organization, Industry",University Medical Center Groningen,NLD,covid.19.krt@umcg.nl,Dr Ron T. Gansevoort,r.t.gansevoort@umcg.nl,"Multiple: Raphaël Duivenvoorden, Marlies Noordzij, Priya Vart",Not specified,"March 21, 2020",Yes,"ERA EDTA
Dutch Kidney Foundation",Not specified,N/A,N/A,"DOIs:
10.1093/ndt/gfaa179
10.1038/s41586-020-2521-4
10.1093/ndt/gfaa261
10.1093/ckj/sfab027
10.1093/ndt/gfaa314",Yes,No,N/A - no human OMICs data,N/A - no human OMICs data,N/A - no human OMICs data,No,N/A - no pathogen OMICs data,No,N/A - no imaging data,N/A - no imaging data,N/A - no imaging data,N/A - no imaging data,N/A - no imaging data,Longitudinal,Observational data only,Both,COVID-19 infected or suspected only,Clin-epi,No,"​Austria
Medical University Innsbruck, Innsbruck
Medical University of Vienna, Vienna
Belgium
Antwerp University Hospital, Antwerp AZ Delta, Roeselare
Erasme Hospital, Brussels
Imelda, Bonheiden
Université catholique de Louvain, Cliniques universitaires St Luc, Brussels
University Hospital Brussels, Brussels
University Hospital Leuven, Leuven
University of Liège, Liège
Brazil
HC-UFMG, CMN Contagem-MG, Unimed-BH
Croatia
Croatian Society of Nephrology, Dialysis and Transplantation
Czech Republic 
B. Braun Avitum, Litomerice
Charles University, Prague
Faculty of Medicine in Pilsen, Charles University, Pilsen
Egypt
Faculty of Medicine-Alexandria University, Alexandria
France
Ambroise Pare Hospital, APHP Paris-Saclay University, Boulogne Billancourt
Claude Galien Hospital Ramsay santé, Quincy-sous-Sénart
Germany
DaVita Geilenkirchen, Geilenkirchen
Dialysis Center Bochum, Bochum
Klinikum Aschaffenburg-Alzenau, Aschaffenburg
Nierenzentrum Reutlingen-Tübingen, Reutlingen
Greece
General University Hospital of Alexandroupolis, Alexandroupolis
University Hospital of Patras, Patras
Iran
Tehran university of medical sciences, Theran
Italy
Marche Nord Hospital, Pesaro
Padua University Hospital, Padua
St. Anna University Hospital, Ferrara
St. Bassiano Hospital, Bassano del Grappo
University Hospital Medical Center Verona, Verona
University Hospital Parma, Parma
San Marco Hospital, University of Catania, Catania
University of Genoa, Genoa
University of Milan, Milan
University of Piemonte Orientale, Novara
Vimercate Hospital, Vimercate
Japan
Okinawa chubu hospital, Okinawa
Lithuania
Lithuanian University of Health Sciences, Kaunas
Vilnius University, Vilnius
Morocco
Avicennes Military Hospital, Cadi Ayyad University , Marrakech
Northern Ireland
Southern Health and Social Care Trust, Newry
Norway
Norwegian Renal Registry / University Hospital – Rikshospitalet, Olso
Poland
Centre of Postgraduate Medical Education, Warsaw
Central Clinical Hospital of the Ministry of Interior, Warsaw
DaVita
Gdansk Medical University, Gdansk
SPWSZ Hospital, Szczecinie
Portugal
Centro Hospitalar Vila Nova de Gaia/Espinho, Vila Nova de Gaia
Centrodial, São João da Madeira
Clínica de Hemodiálise de Felgueiras, Felgueiras
Hospital Curry Cabral - Central Lisbon University Hospital Center, Lisbon
Hospital de Santa Cruz, Centro Hospitalar de Lisboa Ocidental
Romania
Grigore T Popa University of Medicine and Pharmacy/Dr Ci Parhon Hospital, Iasi
Russia
City Hospital n.a. S.P. Botkin, Moscow
Moscow Regional Research and Clinical Institute, Moscow
Regional clinical hospital, Yaroslavl
RUDN University, Moscow
Saint-Petersburg State University Hospital, Saint-Petersburg
Serbia
Clinical Centre of Vojvodina, Novi Sad
Slovakia
University Hospital Martin & Jessenius Fac.of Medicine Comenius University, Martin
Slovenia
University Medical Center Ljubljana, Ljubljana
Spain
Bellvitge University Hospital, Hospitalet de Llobregat, Barcelona
Children Hospital La Paz, Madrid
Fundació Puigvert, Barcelona
Fundación Jiménez Díaz, Madrid
Hospital Clínic de Barcelona, Barcelona
Hospital del Mar, Barcelona
Hospital General of Alicante, Alicante
Hospital General Universitario Gregorio Marañón, Madrid
Hospital Obispo Polanco, Salud Aragón
Hospital Universitario de Guadalajara, Guadalajara
Hospital Universitario Ramón y Cajal, Madrid
Regional Hospital of Malaga, Malaga
Toledo University Hospital, Toledo
University Clinical Hospital of Santiago de Compostela, Santiago de Compostela
University Clinical Hospital of Valladolid, Valladolid
University of Navarra Clinic, Pamplona
Sweden
Swedish Renal Registry
Switzerland
City Hospital Waid, Zürich
Luzerner Kantonsspital, Luzern
Valais Hospital, Sion
The Netherlands
Albert Schweitzer Hospital, Dordrecht
Amphia Hospital, Breda
Amsterdam UMC, Amsterdam
Bernhoven Hospital, Uden
Catharina Hospital, Eindhoven
CWZ Nijmegen, Nijmegen
Dianet Dialysis Center, Utrecht
Deventer Ziekenhuis, Deventer
Elyse Klinieken voor Nierzorg, Kerkrade
Erasmus Medical Center, Rotterdam
Gelre Hospital, Apeldoorn
Haaglanden Medisch Centrum, the Hague
Haga Hospital, the Hague
Hospital Gelderse Vallei, Ede
Isala, Zwolle
Jeroen Bosch Ziekenhuis, Den Bosch
Leiden University Medical Center, Leiden
Maasstad ziekenhuis, Rotterdam
Martini Ziekenhuis, Groningen
Maxima Medisch Centrum, Veldhoven
Meander Medisch Centrum, Amersfoort
Medisch centrum Leeuwarden, Leeuwarden
OLVG, Amsterdam
Radboud University Medical Center, Nijmegen
Rijnstate Hospital, Arnhem
Sint Antonius Ziekenhuis, Nieuwegein
Slingeland Ziekenhuis, Doetinchem
Spaarne Gasthuis, Haarlem
Streekziekenhuis Koningin Beatrix, Winterswijk
Tergooi, Hilversum
University Hospital of Maastricht, Maastricht
University Medical Center Groningen, Groningen
University Medical Center Utrecht, Utrecht
VieCuri Medical Centre, Venlo
Zuyderland Medical Center, Geleen and Heerlen
Turkey
Istanbul Faculty of Medicine, Istanbul University, Istanbul
Marmara University School of Medicine, Istanbul
Necmettin Erbakan University Meram School of Medicine, Konya
 Zonguldak Ataturk state hospital, Zonguldak
United Kingdom
Lister Hospital, Stevenage
University Hospitals of Coventry and Warwickshire NHS Trust, Coventry
United States
University of California Irvine Medical Center, Orange, California",https://www.eracoda.org/collaborators,141 (01.05.21),"4,500: 74% dialysis patients and 26% kidney transplant recipients (01.05.21)","4,500: 74% dialysis patients and 26% kidney transplant recipients (01.05.21)",N/A - no pathogen OMICS data,"Follow-up data 3 months after COVID-19 diagnosis has been completed for 2210 patients (01.05.21)
More than 220 clinicians representing approximately 137 centres from 33 countries (mostly in Europe and bordering the Mediterranean Sea) have contributed data to ERACODA (01.05.21)",https://www.eracoda.org/ ,Yes,No,Registry closed (it seems),Registry closed,"Please note that since May 1st 2021 the international database has been closed for first presentations of COVID-19. Since we also collect data at the time point 3 months after the COVID-19 diagnosis, this implicates that the final date on which data will be collected is July 31st, 2021. After this date, you can still enter data in REDCap if you wish (for your own
 records), but we will no longer perform validations on data entered in the database. From March 1st 2022 the database will also be closed for all Dutch collaborators. //

The mission of ERACODA is to gain insight in what the COVID-19 epidemic means for patients treated with dialysis or a kidney transplantation across Europe, in the hope to improve their prognosis by intervening on modifiable risk factors.
 
The primary aim of ERACODA is to investigate the clinical course and outcomes (including hospital admission, intensive care admission and mortality) of patients on kidney replacement therapy with COVID-19. Such information may guide clinical treatment decisions and support triage strategies for admission to critical care units.
 
A secondary aim is to gain information on risk factors for mortality. Knowledge on modifiable patient and treatment characteristics associated with outcome may lead to interventions or changes in transplantation strategies that can improve prognosis.",https://www.eracoda.org,No,Yes - ON FAIRsharing,https://doi.org/10.25504/FAIRsharing.esBStc,Yes,Meets 2 of 4 criteria,https://fairshake.cloud/digital_object/812081/assessments/,Prospective (e.g. same CRF),Repository CRF data entry screen (e.g. REDCap),Health care professionals,Hospital - Centre - Institution registration required for data entry,REDCap,https://bff3d6e5-13b2-4f1a-9344-fc6b1e4c5c85.filesusr.com/ugd/874293_f939ea3b9c9147599f39b1f2d8d525de.pdf,No,No clin-epi standard used,N/A - no OMICs data collected,N/A - no participant level imaging data collected,No,No - resource is closed to new data,"Participant-level data will not be shared (Although collaborators who have supplied data to ERACODA can submit study proposals which will be approved by the registry's Working Group and an Advisory Board. The required analysis will be completed by members of the ERACODA Management Team. After the data analysis is finalized, only aggregated data (i.e. output of the statistical analysis) are available for the researchers who write the scientific publication)",Directions available on the website,https://bff3d6e5-13b2-4f1a-9344-fc6b1e4c5c85.filesusr.com/ugd/874293_2d59676dfc974a8f8932451898b2841e.pdf ,Participant-level data will not be shared (registry staff will conduct requested analyses),Participant-level data will not be shared (registry staff will conduct requested analyses),Participant-level data will not be shared (registry staff will conduct requested analyses),Participant-level data will not be shared (registry staff will conduct requested analyses),Participant-level data will not be shared (registry staff will conduct requested analyses),Registry staff will conduct requested analyses,Participant-level data will not be shared (registry staff will conduct requested analyses),Participant-level data will not be shared,N/A,Participant-level data will not be shared,Participant-level data will not be shared,N/A,Yes (Studies must provide documentation of IRB approval or waiver of consent),N/A,Pseudonymization,Does not constitute human subjects research therefore deemed exempt from IRB or ERC review,https://www.eracoda.org/join-eracoda,No,Not specified,Potential to be included as co-authors on registry/platform data-based publications,Individual studies that upload data,Not specified,Regular study reports are released,https://www.eracoda.org/publications,
,,127 & 129 the same??,Old,Yes,Yes,Yes,No,UKCCMP,The UK Coronavirus Cancer Monitoring Project,Registry,https://ukcovidcancerprogramme.org/uk-coronavirus-cancer-monitoring-project-ukccmp-learning-from-every-case-of-covid-19-in-cancer-patients/,Yes,"To identify and learn from every case of COVID-19 in cancer patients in the UK through comprehensive reporting, including a recently added asymptomatic cohort (https://ukcoronaviruscancermonitoring.com/asymptomatic-cohort/) ",Cancer,Cancer,Multiple systems that are affected by cancer,General,All ages,GBR,Yes,"University of Birmingham, Oxford University Hospitals, The University of Edinburgh, University of Leeds, King's College London ",University,University of Birmingham,GBR (UK),Reportingnetworklead@ukcoronaviruscancermonitoring.com,"Prof Gary Middleton, Prof Rachel Kerr, Prof Jean-Baptiste Cazier, Dr Lennard Lee","g.middleton@bham.ac.uk, rachel.kerr@oncology.ox.ac.uk, j.lee.1@bham.ac.uk, l.lee.2@bham.ac.uk",Dr Helen Curley,h.curley@bham.ac.uk,"March 18, 2020",Yes,"Bowel Cancer UK, The National Oncology Trainees Collaborative for Healthcare Research (NOTCH), Cancer Research UK (CRUK), Association of Cancer Physicians (ACP), Action Radiotherapy, The Royal College of Radiologists – Clinical Oncology,  Macmillan Cancer Support, UK Chemotherapy Board, Cancer Alliance",Not specified,N/A,N/A,"DOIs:
10.1016/S0140-6736(20)31173-9
10.1016/S1470-2045(20)30230-8",Yes,No,N/A - no human OMICs data,N/A - no human OMICs data,N/A - no human OMICs data,No,N/A - no pathogen OMICs data,No,N/A - no imaging data,N/A - no imaging data,N/A - no imaging data,N/A - no imaging data,N/A - no imaging data,Longitudinal,Observational data only,Both,COVID-19 infected or suspected only,Clin-epi,No,"Aberdeen Royal Infirmary
Addenbrooke's Hospital, Cambridge
Airedale General Hospital
Bangor Hospital
Barking, Havering and Redbridge University Hospitals NHS Trust
Birmingham Heartlands Hospital
Brighton and sussex
Bradford Royal Infirmary
Bristol Haematology and Oncology Centre, University Hospitals Bristol
Charing Cross Hospital
Chelsea & Westminster
Cheltenham Oncology Centre
Christie NHS Trust
Clatterbridge Cancer Centre
Doncaster and Bassetlaw Teaching Hospitals NHS Foundation Trust
Edinburgh Cancer Centre
Northern Centre for Cancer Care,Freeman Hospital, Newcastle
North Wales Cancer Centre, Glan Clwyd
Glasgow, Beatson West of Scotland Cancer Centre
Gloucestershire Hospitals NHS Foundation Trust
Great Western Hospital, Swindon
Guernsey, Princess Elizabeth
Guy's and St Thomas' NHS Foundation Trust
Huddersfield Royal Infirmary
Hull university teaching hospital, Queen's Centre , Oncology .
Imperial College Healthcare NHS Trust
James Cook University Hospital
James Paget university hospital (Norfolk)
Kent Oncology Centre
King's College London
Lancashire Teaching Hospitals NHS Foundation Trust
Leeds Teaching Hospitals NHS Trust
Leicester Royal Infirmary, University Hospitals of Leicester
Luton and Dunstable
Medway Maritime Hospital
Mid Essex Hospitals Trust
Mid Yorkshire Trust
Milton Keynes University Hospital
Mount Vernon Cancer Centre
Norfolk & Norwich University Hospital
Northampton General Hospital NHS Trust
Northern Ireland Cancer Centre, Belfast
Nottingham University Hospitals NHS Trust
Oxford University Hospitals NHS Foundation Trust
Peterborough City Hospital
Poole Hospital NHS Trust
Portsmouth Hospitals NHS Trust
Princess Elizabeth Hospital, Guernsey
Queen Elizabeth Hospital Birmingham
Royal Berkshire Hospital
Royal Bournemouth and Christchurch Hospital
Royal Cornwall Hospital
University Hospitals of Derby and Burton
Royal Devon & Exeter
Royal Free Hospital
Royal Hants County Hospital
Royal Marsden, Chelsea
Royal Shrewsbury Hospital
Royal Stoke hospital
Royal Surrey Hospital NHS Trust
Royal United Hospitals Bath
Royal Wolverhampton Hospital NHS Trust
Singleton Hospital, Swansea
Southend Hospital
St Batholomew's Hospital
St Georges University Hospital
Swindon
Taunton
The Whittington Hospital NHS Trust
University College London Hospital (UCLH) 
University Hospital Coventry and Warwickshire
University Hospital Southampton NHS FT
Velindre Cancer Centre
Weston Park Hospital, Sheffield
Worcester Royal Hospital
York Teaching Hospital NHS Foundation Trust
NHS Tayside
Epsom and St Helier 
Croydon University Hospital
University Hospitals Plymouth NHS Trust
North Middlesex NHS Trust
Cumbria NHs Trust
Morcambe Bay NHS Trust
Raigmore
Ashford and St Peters
North Western Trust, Northern Ireland
Wigan, Wrightington and Leigh
Colchester
Dudley
East Lancashire Hospitals NHS Foundation Trust
North West Anglia NHS Foundation Trust
Hampshire Hospitals NSHFT (Basingstoke North Hampshire Hospital and Royal Hampshire County Hospital)
LEIGHTON HOSPITAL, MID CHESHIRE Hospital Trust
West Suffolk
Blackpool
Ipswitch
Barts Health NHS Trust
Buckinghamshire Healthcare NHS trust",https://ukcoronaviruscancermonitoring.com/,98 (21.06.21),Not specified,Not specified,N/A - no pathogen OMICS data,Not specified,N/A,Yes,No,,,"The UKCCMP was a NHS clinician-led project to monitor, safeguard and protect individuals with cancer during the coronavirus pandemic. Cancer teams across the UK are worried about the impact of COVID-19 on patients with cancer. This project aims to bring together our cancer community to understand more about COVID-19 and its impact on those with cancer. Our hope is that this will facilitate shared learning as efficiently and effectively as possible for all patients with cancer across the UK.",https://ukcovidcancerprogramme.org/ukccmp-about/,No,No - not eligible for FAIRsharing,No DOI assigned,N/A - doesn't have a DOI,None of the criteria are met,N/A,Prospective (e.g. same CRF),Repository CRF data entry screen (e.g. REDCap),Health care professionals,Hospital - Centre - Institution registration required for data entry,REDCap,"One has to first register, then the REDCap login will be sent via email 
Registration forms and procedure: https://ukcoronaviruscancermonitoring.com/case-reporting-forms/ ",No,No clin-epi standard used,N/A - no OMICs data collected,N/A - no participant level imaging data collected,No,No - resource is closed to new data,Not specified,Directions not available on the website,N/A,Not specified,Not specified,No,Not specified,Not specified,N/A,Not specified,Information not available on website,N/A,Not specified,Information not available on website,N/A,No,N/A,De-identification,Does not constitute human subjects research therefore deemed exempt from IRB or ERC review,https://ukcoronaviruscancermonitoring.com/wp-content/uploads/2020/05/UKCCPM-Protocol-V8.pdf,No,Not specified,Potential to be included as co-authors on registry/platform data-based publications and acknowledgement of data providers in registry/platform data-based publications,Not specified,Not specified,A data dashboard with up to date information and data from the registry is available (registration is required to access the dashboard and is only available to participating centres),https://ukcoronaviruscancermonitoring.com/live-clinical-data-website/,
PS,Updated including survey response,,New,No,No,Yes,Yes,"The Traditional, Complementary & Integrative Health & Medicine COVID-19 Support Registry","The Traditional, Complementary & Integrative Health & Medicine COVID-19 Support Registry",Registry,Only website is the link to their REDCap Data Entry form: https://redcap.link/TCHIM_covid),Yes,"To capture key cases, treatment/supportive care, and outcome variables related to the use of traditional, complementary, and integrative health products and practices, in response to issues related to COVID-19","Traditional, complementary and integrative health products and practices",General,Any,General,All ages,Worldwide,No,No funding,No funding,National University of Natural Medicine,USA,research@nunm.edu,Ryan Bradley,rbradley@nunm.edu,Not specified,N/A,Not specified,,Not specified,Not specified,,,Not specified,Yes,No,N/A - no human OMICs data,N/A - no human OMICs data,N/A - no human OMICs data,No,N/A - no pathogen OMICs data,No,N/A - no imaging data,N/A - no imaging data,N/A - no imaging data,N/A - no imaging data,N/A - no imaging data,Both,Observational data only,Both,Both,Clin-epi,No,Not specified,Not specified ,Not specified,Not specified,Not specified,N/A - no pathogen OMICS data,Not specified,N/A,,,,,,,No,,No DOI assigned,N/A - doesn't have a DOI,Meets 1 criterion only,N/A,Prospective (e.g. same CRF),Repository CRF data entry screen (e.g. REDCap),Researchers - health care professionals - and public health authorities,No registration required for data entry,REDCap,https://redcap.nunm.edu/redcap/surveys/?s=PE3EHAYDT3,No,No clin-epi standard used,N/A - no OMICs data collected,N/A - no participant level imaging data collected,No,Yes,"Upon request to the PI, and with appropriate approvals; data will be shared",Directions not available on the website (provided through additional contact),N/A,Yes,None,Yes,Any group whose application is approved,Participant-level data are being shared,N/A,Data generator and platform/registry management team,Information not available on website (provided through additional contact),N/A,"- Clinical or public health-related importance
- Study team has received ethics approval for proposed analysis",Information not available on website (provided through additional contact),N/A,No ,N/A,De-identification,Does not constitute human subjects research therefore deemed exempt from IRB or ERC review,Provided through additional contact,No,None,"The platform allows export of their case data in an organized structure/CRF the contributor can download and do as they please with, i.e., publish as a case report",Registry or platform,None,None,N/A,
,,,Old,Yes,Yes,Yes,No,UKCCMP,The UK Paediatric Oncology Coronavirus Cancer Monitoring Project,Registry,https://ukcovidcancerprogramme.org/uk-paediatrics-oncology-coronavirus-project/,Yes,To enable the tracking of paediatric oncology patients who have tested positive for COVID-19 across the United Kingdom,Cancer,"Cancer
Pediatric patients",Multiple systems that are affected by cancer,Pediatric patients,<16 years,GBR,Yes,University of Birmingham,University,University of Birmingham,GBR (UK),https://ukcoronaviruscancermonitoring.com/paediatrics/contact/ ,Prof Pam Kearns and Dr Gerard Millen,p.r.kearns@bham.ac.uk,Dr Helen Curley,h.curley@bham.ac.uk,"April 5, 2020",Yes,Children's Cancer and Leukaemia Group,Not specified,N/A,N/A,DOI: 10.1038/s41416-020-01181-0,Yes,No,N/A - no human OMICs data,N/A - no human OMICs data,N/A - no human OMICs data,No,N/A - no pathogen OMICs data,No,N/A - no imaging data,N/A - no imaging data,N/A - no imaging data,N/A - no imaging data,N/A - no imaging data,Longitudinal,Observational data only,Both,COVID-19 infected or suspected only,Clin-epi,No,"Alder Hey Children''s Hospital
Birmingham Children's Hospital
Bristol Royal Hospital for Children
Cambridge University Hospital
Edinburgh Royal Hospital for Sick Children
Glasgow Royal Hospital for Sick Children
Great North Children's Hospital
Great Ormond Street Children's Hospital
John Radcliffe Children's Hospital
Leeds General Infirmary
Leicester Children's Hospital
Nottingham Children's Hospital
Royal Aberdeen Children's Hospital
Royal Belfast Hospital for Sick Children
Royal Manchester Children's Hospital
Royal Marsden Hospital
Sheffield Children's Hospital
Southampton General Hospital
The Noah's Ark Children's Hospital for Wales
University College London Hospital",https://ukcoronaviruscancermonitoring.com/paediatrics/about/,20 (26.01.21),46,46,N/A - no pathogen OMICS data,Not specified,https://ukcovidcancerprogramme.org/uk-paediatrics-oncology-coronavirus-project-results/,Yes,No,No,No,"The aims of this project are to ensure excellent cancer care continues to be delivered across the country and to accurately identify risk and best practice for our patients

The UK Coronavirus Cancer Programme (UKCCP) is one of the longest running and most successful UK pandemic response programmes. We remain very active in our mission to safeguard, evaluate and protect cancer patients during the COVID-19 pandemic, through population-scale real world evaluations. ",https://ukcovidcancerprogramme.org/about-us/,No,No - not eligible for FAIRsharing,No DOI assigned,N/A - doesn't have a DOI,Meets 1 criterion only,N/A,Prospective (e.g. same CRF),Repository CRF data entry screen (e.g. REDCap),Health care professionals,Hospital - Centre - Institution registration required for data entry,REDCap,"One has to first register, then the REDCap login will be sent via email 
Registration forms and procedure: ",No,ICD-10,N/A - no OMICs data collected,N/A - no participant level imaging data collected,Yes,No - resource is closed to new data,Not specified,Directions not available on the website,N/A,Not specified,Not specified,No,Not specified,Not specified,N/A,Not specified,Information not available on website,N/A,Not specified,Information not available on website,N/A,No,N/A,De-identification,IRB or ERC approval obtained,https://www.nature.com/articles/s41416-020-01181-0,No,Not specified,Not specified,Not specified,Not specified,Not specified,N/A,
,,Website not functioning,Old,Yes,Yes,Yes,No,TERAVOLT,Thoracic Cancers International COVID-19 Collaboration Registry,Registry,http://teravolt-consortium.org/,Yes,To understand the impact of COVID-19 on patients with thoracic malignancies,Thoracic malignancies,Cancer,Thorax,General,All ages,Worldwide ,Yes,"Fondazione IRCCS Istituto Nazionale Tumori, European Respiratory Society (ERS)","Professional organization, University",Fondazione IRCCS Istituto Nazionale Tumori (TERAVOLT survey and database maintenance and data distribution are coordinated at Vanderbilt University Medical Center (VUMC)),ITA,http://teravolt-consortium.org/contact-us/,Dr Marina Chiara Garassino,marina.garassino@istitutotumori.mi.it,"Dr Leora Horn, Dr Solange Peters, Dr Heather Wakelee, Dr Fabrice Barlesi, Dr Anne-Marie Dingemans, 
Dr Jan Van Meerbeeck, Dr Jennifer Whisenant (members of the steering committee)",Not specified,"March 15, 2020",Yes,"International Association for the Study of Lung Cancer (IASLC), European Society of Medical Oncology (ESMO), European
Thoracic Oncology Platform (ETOP)",Not specified,N/A,N/A,"DOIs:
10.1016/S1470-2045(20)30314-4
10.1016/j.ccell.2020.05.008",Yes,No,N/A - no human OMICs data,N/A - no human OMICs data,N/A - no human OMICs data,No,N/A - no pathogen OMICs data,No,N/A - no imaging data,N/A - no imaging data,N/A - no imaging data,N/A - no imaging data,N/A - no imaging data,Longitudinal,Observational data only,Both,COVID-19 infected or suspected only,Clin-epi,No,"Argentina Alexander Fleming Institute, Buenos Aires Claudio Marcelo Martin Center for Medical Education and Clinical Research (CEMIC). Buenos Aires Gonzalo Recondo Australia Monash Health, Melbourne Eva Segelov Peter MacCallum Cancer Centre, Melbourne Ben Solomon Royal Melbourne Hospital Daniel Steinfort Belgium KU Leuve, Leuven Thierry Troosters University Hospital Antwerp Jan P Van Meerbeeck Canada Princess Margaret Cancer Centre, Toronto Natasha B Leighl Chile Pontifical Catholic University of Chile, Santiago Pablo Munoz Schuffenegger China Guangdong Provincial People’s Hospital, Guangzhou Yi-Long Wu Tongji Hospital, Wuhan Qian Chu Colombia Fundación Santa Fe de Bogotá, Bogota Andres Cardona Costa Rica Centro de Investigación y Manejo del Cáncer, San José Luis Corrales Rodriguez Denmark Aarhus University Hospital Azza Ahmed Khalil France APHM, Marseille Laurent Greillier AP-HP.Centre Hôpital Cochin Marie Wislez AP-HP.Université Paris Saclay Etienne Giroux Leprieur CHRU Strasbourg Celine Mascaux Centre Hospitalier Avignon, Avignon Nicolas Cloarec Centre Hospitalier de la Region D’Annecy, Metz-Tessy Stephane Hominal Centre hospitalier de Villeneuve-Saint-Georges Pascal Assouline Centre Hospitalier Intercommunal de Crèteil, Crèteil Isabelle Monnet CHITS Sainte Musse, Toulon Clarisse Audigier-Valette CHRU Brest, Brest Karim Amrane CHRU, Lille Alexis Cortot CHU, Nantes Jaafar Bennouna CHU Grenoble Alpes, Grenoble Denis Moro-Sibilot CHU Toulouse Julien Mazières Gustave Roussy Cancer Campus, Villejuif Fabrice Barlesi Benjamin Besse Hopital Bichat, Paris Gerald Zalcman Hospice civils de Lyon, Lyon Sebastien Couraud Hopital Tenon, Paris Jacques Cadranel Institut Curie, Paris Nicolas Girard Léon Bérard Cancer Center, Lyon Maurice Perol University of Limoges, Limoges Alain Vergnenègre French Military Hospital Saint ANNE, Toulon Olivier Bylicki Meaux hospital Laurence Moncelly Aix-en-Provence Hospital Stephanie Martinez Université Jean Monnet, Saint-Etienne Pierre Fournel Amiens center Géraldine François Chauny hospital center Patrick Dumont Germany Ludwig Maximillians University, Munich Lukas Kassmann 9 Lungen Clinic Grosshansdorf Martin Reck Asklepios Fachkliniken München-Gauting Niels Reinmuth Greece Henry Dunant Hospital Center Giannis Mountzios Iran Vasei Hospital, Sabzevar City Seyed Alireza Javadinia Ireland University Hospital Limerick, Limerick Linda Coate Italy AO Papardo, Palermo Vincenzo Adamo AO San Camillo-Forlanini, Roma Giuseppe Cardillo AO Santi Antonio e Biagio e Cesare Arrigo, Alessandria Federica Grosso AOU Careggi, Firenze Luca Voltolini AOU Federico II, Napoli Giovannella Palmieri AOU Luigi Vanvitelli, Napoli Floriana Morgillo AOU Ospedali Riuniti di Ancona Rossana Berardi AOU Parma Luca Ampollini Marcello Tiseo AOU Policlinico Umberto I, Roma Alain Gelibter AOU Senese, Siena Luca Luzzi ASL Alessandria Cristina Cosentino ASL Latina Gian Paolo Spinelli ASST Cremona Matteo Brighenti ASST dei Sette Laghi, Varese Alessandro Tuzi ASST Fatebenefratelli Sacco, Milano Nicla La Verde ASST Lariana Micol Gilardoni ASST Monza Stefano Arcangeli ASUR Marche Area Vasta 1, Urbino Rita Emili ASST Papa Giovanni XXIII, Bergamo Anna Cecilia Bettini ASST Spedali Civili di Brescia Paolo Borghetti Salvatore Intagliata AUSL della Romagna, Ravenna Gabriele Minuti AUSL Piacenza Elisa Maria Stroppa Fondazione IRCCS Ca’ Granda, Policlinico, Milano Francesco Grossi Fondazione IRCCS Istituto Nazionale Tumori, Milano Marina Chiara Garassino Fondazione IRCCS Policlinico San Matteo, Pavia Francesco Agustoni IRCCS Ospedale San Raffaele, Milano Vanessa Gregorc Istituto Clinico Humanitas, Rozzano Giovanna Finocchiaro Istituto Europeo di Oncologia, Milano Tommaso De Pas Antonio Passaro Istituto Oncologico Veneto, Padova Giulia Pasello Istituto Ospedaliero Fondazione Poliambulanza, Brescia Fausto Meriggi Istituto Regina Elena, Roma Edoardo Mercadante Istituto Tumori “Giovanni Paolo” IRCCS, Bari Domenico Galetta Ospedale “Engles Profili”, Fabriano Marianna Tudini Ospedale “Ss. Annunziata”, Chieti Domenico Genovesi Ospedale Maggiore, Bologna Piergiorgio Solli Ospedale Policlinico San Martino Carlo Genova Ospedale Sant’Andrea, Roma Raffaele Giusti Ospedale SG Moscati, Taranto Giovanni Silvano Ospedali Civico Di Cristina Benfratelli, Palermo Livio Blasi Ospedali Riuniti Padova Sud Rita Chiari Ospedali Riuniti, Palermo Francesco Verderame P.O. di Ponente, Ospedale di Pietra Ligure Anna Ponzanelli PO San Giovanni Di Dio, Frattamaggiore Marilena Laterza Policlinico S.Orsola-Malpighi, Bologna Andrea Ardizzoni Policlinico Universitario Agostino Gemelli, Roma Emilio Bria 10 Policlinico Universitario Campus Biomedico, Roma Sara Ramella Daniele Santini University of Pisa Marcello Carlo Ambrogi SOC Oncologia - Ospedale degli Infermi. Biella Lisa Pietrogiovanna Azienda Sanitaria Universitaria Friuli Centrale Gianpiero Fasola Santa Chiara Hospital, Oncology Dept, Trento Antonello Veccia University of L’Aquila Alessio Cortellini USL Toscana Nord Ovest Irene Stasi Japan Kindai University Faculty of Medicine, Osaka-Sayama Tetsuya Mitsudomi Shizuoka Cancer Centre, Shizuoka Takehito Shukuya Mexico Instituto Nacional de Cancerología de México Oscar Arrieta Netherlands Amphia Zielenhuis, Breda Nico van Walree Catherina Hospital, Eindovhen Ben van der Borne Groene Hart Ziekenhuis, Gouda Erica Geraedts Laurentius Hospital, Roermond Cordula Pitz Rabdoud University, Nijmegen Olga Schuurbiers Streekziekenhuis Koningin Beatrix, Winterswijk Dirk Nijmeijer University Medical Center, Groningen Jeroen Hiltermann Zuyderland MC, Heerlen Franchette van Berkmortel Antonius Hospital, Nieuwegein Lisanne Kastelijn Medical Center Leeuwarden Wouter van Geffen Maxima Medical Center, Veldhoven Maggy Youssef Tergooi Hospital Jan Maarten van Haarst University Medical Center, Maastricht Lizza Hendriks Anne-Marie C. Dingemans Poland National Institute of Tuberculosis and Lung Diseases, Warsaw Joanna Chorostowska Serbia Institute for Oncology and Radiology of Serbia; Belgrade Jelena Spasic Singapore National Cancer Center, Singapore Daniel S W Tan National University Cancer Institute, Singapore Ross Soo Spain Hospital Universitario 12 de Octubre, Madrid Javier Baena Espinar Hospital Universitario Ramon y Cajal, Madrid Pilar Garrido-López Catalan Institute of Oncology, L'Hospitalet Ernest Nadal Universidad de Alcalá, Madrid Jacobo Rogado Hospital Clinic Barcelona Noemi Reguart Vall d'Hebron Institute of Oncology, Barcellona Enriqueta Felip Switzerland CHUV, Lausanne Solange Peters Taiwan National Taiwan University Hospital, Taipei City Emily Lin UK Christie NHS Foundation Trust, Manchester Raffaele Califano Royal Marsden Hospital, London Sanjay Popat Chelsea & Westminster Hospital Abhijit S Gill Tom Newsom-Davis Greater Manchester (The Christie Hospital and Wythenshawe Hospital) Fabio Gomes Northern Centre for Cancer Care; Newcastle Upon Tyne Abigail Gault Guy’s & St Thomas’ NHSFT Daniel Smith Arrowe Park Hospital Maria Parsonage United Lincolnshire Hospitals NHS Trust, Lincoln Giuseppe Banna USA Cedars-Sinei Medical Center, Los Angeles Karen Reckamp City of Hope, Duarte Jack West Emory University School of Medicine, Atlanta Suresh S Ramalingam Fox Chase Cancer Center, Philadelphia Hossein Borghaei 11 Fred Hutchinson Cancer Research Center, Seattle Renato G Martins Georgetown Lombardi Comprehensive Cancer Center, Washington DC Stephen V Liu Greenebaum Comprehensive Cancer Center, Baltimore Christian Rolfo Hospital of the University of Pennsylvania Melina E Marmarelis Huntsman Cancer Center, Utah Sonam Puri Karmanos Cancer Institute, Detroit Hirva Mamdani Lurie Comprehensive Cancer Center, Chicago Jyoti D Patel Massachusetts General Hospital Cancer Center, Boston Lecia V Sequist Mayo Clinic Arizona, Scottsdale Alan H. Bryce Mayo Clinic, Rochester Narjust Duma Memorial Health Care System, Pembroke Pines Florida Luis E. Raez Mount Sinai Hospital, New York Fred Hirsch National Cancer Institute Abdul Rafeh Naqash Rush Medical College, Chicago Mary J Fidler Stanford University Heather Wakelee The Ohio State University Wexner Medical Center, Columbus Carolyn J. Presley The Sidney Kimmel Comprehensive Cancer Center at Johns Hopkins, Baltimore Julie R. Brahmer Jarushka Naidoo The University of Chicago Christine Bestvina UC Davis Comprehensive Cancer Center, Sacramento Jonathan W Riess University of Alabama, Birmingham Aparna Hedge University of Pittsburgh Medical Center Hillman Cancer Centre, Pittsburgh Liza Villaruz Vanderbilt University Medical Center, Nashville Leora Horn Yale School of medicine, New Haven Sarah Goldberg Hackensack Meridian Martin Gutierrez Penn Medicine Virtua Cancer Program Susan Van Loon Montefiore, New York Balazs Halmos",https://www.thelancet.com/cms/10.1016/S1470-2045(20)30314-4/attachment/70f39f6f-e948-4208-8b68-21050f9ae568/mmc1.pdf,168 (09.05.2020),378 (09.05.2020),378 (09.05.2020),N/A - no pathogen OMICS data,Not specified,https://www.thelancet.com/cms/10.1016/S1470-2045(20)30314-4/attachment/70f39f6f-e948-4208-8b68-21050f9ae568/mmc1.pdf,Yes,No,No,No,Website no longer available ,N/A,No,No - not eligible for FAIRsharing,No DOI assigned,N/A - doesn't have a DOI,None of the criteria are met,N/A,Prospective (e.g. same CRF),Repository CRF data entry screen (e.g. REDCap),Health care professionals,Hospital - Centre - Institution registration required for data entry,REDCap,Not provided,N/A - no central CRF,No clin-epi standard used,N/A - no OMICs data collected,N/A - no participant level imaging data collected,No,No - resource is closed to new data,"Protocol only mentions that those wishing to access the REDcap database will need institutional review
board/ethic review board approval before obtaining access to the REDcap database",Directions not available on site (limited information provided in the study protocol),https://www.thelancet.com/cms/10.1016/S1470-2045(20)30314-4/attachment/70f39f6f-e948-4208-8b68-21050f9ae568/mmc1.pdf,Not specified,Not specified,No,Not specified,Not specified,N/A,Not specified,Information not available on website (limited information provided in the study protocol),https://www.thelancet.com/cms/10.1016/S1470-2045(20)30314-4/attachment/70f39f6f-e948-4208-8b68-21050f9ae568/mmc1.pdf,Not specified,Information not available on website,Not provided,No,N/A,De-identification,No central IRB or ERC review obtained - up to individual centres,https://www.thelancet.com/cms/10.1016/S1470-2045(20)30314-4/attachment/70f39f6f-e948-4208-8b68-21050f9ae568/mmc1.pdf,No,Patient survey to determine impact of COVID-19 on their cancer,Not specified,Not specified,Not specified,Data dashboard,http://teravolt-consortium.org/,
,,"No website provided and information originally obtained from the survey link. Hence although included originally, will not be included in the Lancet DH final submission.",Old,Yes,No,No,REDCap survey not sent,Transthoracic Echocardiography in COVID 19 Registry,Transthoracic Echocardiography in COVID 19 Registry,Registry,Not provided,COVID-19 only registry,To capture information quickly and efficiently in real time following echocardiographic examinations and to therefore gain a better picture of the cardiac manifestations of COVID-19 and the contribution of these to patient mortality and morbidity,CVD,Cardiovascular diseases,Cardiovascular system,Patients who undergo echocardiographic examinations ,All ages,Worldwide,No,European Association of Cardiovascular Imaging (EACVI),Professional organization,EACVI,FRA,Not specified,Not specified,Not specified,Not specified,N/A,Not specified,,European Society of Cardiology (ESC),Not specified,,,Not specified,Yes,No,N/A - no human OMICs data,N/A - no human OMICs data,N/A - no human OMICs data,No,N/A - no pathogen OMICs data,No,N/A - no imaging data,N/A - no imaging data,N/A - no imaging data,N/A - no imaging data,N/A - no imaging data,Cross-sectional,Observational data only,Both,COVID-19 infected or suspected only,Clin-epi,No,Not specified,Not specified ,Not specified,Not specified,Not specified,N/A - no pathogen OMICS data,Not specified,N/A,No,,,,,,No,,No DOI assigned,N/A,None of the criteria are met,N/A,Prospective (e.g. same CRF),Repository CRF data entry screen (e.g. REDCap),Health care professionals,No registration required for data entry,SurveyMonkey,https://www.surveymonkey.com/r/2FBFFQD,No,No clin-epi standard used,N/A - no OMICs data collected,N/A - no participant level imaging data collected,No,Yes,Not specified ,Directions not available on the website,N/A,Not specified,Not specified,No,Not specified,Not specified,N/A,Not specified,Information not available on website,N/A,Not specified,Information not available on website,N/A,No,N/A,Not specified,Not specified,N/A,No,Not specified,Not specified,Not specified,Not specified,Not specified,N/A,
PS,Updated using both survey and website,,New,No,No,Yes,Yes,UNITY Global,International Registry of Healthcare Workers Exposed to COVID-19 Patients,Registry,https://icd.amref.org/our-work/the-hrh-registry-international-registry-of-healthcare-workers-exposed-to-covid-19-patients/,Yes,"International registry of approximately 10,000 healthcare workers in low- and middle-income countries experiencing increasing numbers of COVID-19 cases and commensurate increased exposure to the SARS-CoV-2 virus among their healthcare worker populations",General,General,Any,Health care workers,> 18 years,"Pakistan, South Africa, Kenya, Uganda, Zambia, Senegal, Nigeria",Yes,"Bill and Melinda Gates Foundation, Gates Philanthropy Partners ",NGO,"Certara, USA Inc",USA,Not specified,Roman Casciano,roman.casciano@certara.com,Marta Martinez,marta.martinez@certara.com,"August 13, 2020",,None,Vivli.org,,,Not specified,Yes,No,N/A - no human OMICs data,N/A - no human OMICs data,N/A - no human OMICs data,No,N/A - no pathogen OMICs data,No,N/A - no imaging data,N/A - no imaging data,N/A - no imaging data,N/A - no imaging data,N/A - no imaging data,Longitudinal,Observational data only,Both,Both,Clin-epi,No,Not specified,Not specified ,Not specified,"5,124 Healthcare workers  (27.05.22)","5,124 Healthcare workers (27.05.22)",N/A - no pathogen OMICS data,Not specified,N/A,,,,,,,No,,No DOI assigned,N/A - doesn't have a DOI,Meets 1 criterion only,N/A,Prospective (e.g. same CRF),Provided CRF,Health care professionals,No registration required for data entry,Not specified,Not provided,No,No clin-epi standard used,N/A - no OMICs data collected,N/A - no participant level imaging data collected,No,No - resource is closed to new data,Data can be accessed through: https://search.vivli.org/,Directions not available on the website (provided through additional contact),N/A,Yes,None,Yes,Any group whose application is approved,Participant-level data will be shared at a later time,N/A,Platform or registry management team,Information not available on website (provided through additional contact),N/A,"- Clinical or public health-related importance
- Study team has received ethics approval for
proposed analysis",Information not available on website (provided through additional contact),N/A,Yes,N/A,Anonymization,IRB or ERC approval obtained,Not provided ,Yes,None,"- Citation of study team by analyses that use data they contributed
- Provision of funding ",Registry or platform and individual studies that upload data,None,None,N/A,
PS,Updated using both survey and website,Participant-level data are not harmonized per survey response.  Data lake approach.,New,No,No,No,Yes,Vivli Center for Global Clinical Research Data,Vivli Center for Global Clinical Research Data,Data lake or dataverse,https://vivli.org/about/overview/,Data sharing platform with COVID-19 data embedded in platform,Global data-sharing and analytics platform focussed on sharing individual participant-level data from completed clinical trials to serve the international research community,General,General,Any,General,All ages,Worldwide,Yes,"Doris Duke Charitable Foundation, The Leona M. and Harry B. Helmsley Charitable Trust, Arnold Ventures, Wellcome Trust, Lyda Hill Foundation, Pharmaceutical Research and Manufacturers of America  ",Professional organization,The Multi-Regional Clinical Trials Center of Brigham and Women’s Hospital and Harvard (MRCT Center),USA,support@vivli.org,Dr Rebecca Li,Not specified,https://vivli.org/about/leadership-team/,Not specified,"April 13, 2020",,"Microsoft, TrialScope, Privacy Analytics, Ropes & Gray LLP, Wellcome Trust, Cochrane, DataCite",Re3 Data Repository,,,"DOIs: 
10.1177/1073110519876165
10.1136/bmjopen-2020-039326",Yes,No,N/A - no human OMICs data,N/A - no human OMICs data,N/A - no human OMICs data,No,N/A - no pathogen OMICs data,No,N/A - no imaging data,N/A - no imaging data,N/A - no imaging data,N/A - no imaging data,N/A - no imaging data,Both,Both clinical trial and observational data ,Both,Both,Clin-epi,No,"Members are: 
- Abbvie
- AccessClinicalData@NIAID
- Alnylam
- AstraZeneca
- Bill & Melinda Gates Foundation
- Biogen
- BioLINCC
- Boehringer Ingelheim
- Bristol Myers Squibb
- Critical Path Institute (C-Path)
- CureDuchenne 
- Daiichi Sankyo 
- Doris Duke Charitable Foundation
- Duke University
- GlaxoSmithKline
- Harvard University
- ImmPort
- Johns Hopkins
- Johnson & Johnson
- Kyowa Kirin
- Lilly 
- Lundbeck
- Mitsubishi Tanabe Pharma 
- Otsuka Pharmaceutical
- Pfizer
- Project Data Sphere
- Regeneron
- Roche
- SpecGx 
- Taiho Pharmaceutical
- Takeda
- Tempus
- The Helmsley Charitable Trust 
- UCSF
- UCB",https://vivli.org/members/ourmembers/,"35 member institutions (sharing and requesting data is not limited to member institutions)
(21.07.21)",30 COVID-19 related datasets (21.07.21),"10,676
(21.07.21)",N/A - no pathogen OMICS data,"- 5 COVID-19 specific approved research proposals that have signed Data Use Agreements 
- Coronavirus is the top searched for topic for studies 
(21.07.21)","https://search.vivli.org/?search=COVID-19
https://vivli.org/approved-research-proposals/ 
https://vivli.org/resources/platform_metrics/ ",Yes,Yes,Yes ,"Yes (""data repository"")","Our mission is to promote, coordinate, and facilitate scientific sharing and reuse of clinical research data through the creation and implementation of a sustainable global data-sharing enterprise. We act as a neutral broker between data contributor, data user and the wider data sharing community. The Vivli platform includes an independent data repository, in-depth search engine and a secure research environment.",https://vivli.org/about/overview/,No,,https://doi.org/10.25504/FAIRsharing.uovQrT,No,Meets 3 of 4 criteria,N/A,No harmonization is work is done,"Any format (Files contributed should be provided in a format that can be used by the standard statistical packages (SAS, STATA, Excel) used for analysis. Data sets are not required to be standardized; however, are highly recommended to be made available in CDISC SDTM (Standard Data Tabulation Model) format to support the most efficient data aggregation, re-use, and sharing)",Researchers and health care professionals,Hospital - Centre - Institution registration required for data entry,Vivli Platform,"Not applicable - datasets uploaded in any format, and each study has its own data dictionary ",No,CDISC SDTM (but not compulsory to use),N/A - no OMICs data collected,N/A - no participant level imaging data collected,No,Yes,"Interested researchers or teams must first create an account on Vivli and submit a research proposal. For COVID-19 requests, an Accelerated Research Proposal review will be conducted within 3 business days. The review will consist of a Vivli platform administrative review, data contributor review, and an approving entity, scientific panel, or independent panel review. After this, a Data Use Agreement must then be signed. Researchers can access the data via Vivli's secure research environment or can be downloaded if permission is given. ",Directions available on the website,"https://vivli.org/about/data-request-review-process/
https://vivli.org/how-to-share-your-research-on-the-vivli-covid-19-portal/ ",Yes,Not specified,Yes,Any group whose application is approved,Participant-level data are being shared,N/A,"Data generator, DAC and platform or registry management team",Information available on the website,https://vivli.org/about/data-request-review-process/,Clinical or public health-related importance and according to each data contributor's publicly stated requirements,Information available on the website and provided through additional contact ,https://vivli.org/about/data-request-review-process/,No,N/A,Anonymization,No central IRB or ERC review obtained - up to individual centres,https://vivli.org/vivliwp/wp-content/uploads/2021/03/2020_04_13-Academic-DCA-fillable-form.pdf,No,Not specified,"- Acknowledgement of data providers in registry/ platform data-based publications
- Vivli has partnered with anonymization vendors who will offer support for this service with no charges for COVID-19 related clinical research
- For any Covid-related clinical research data, all data contribution fees are waived as well
- Vivli waives data contribution fees for academic researchers located in low-and-middle-income countries
- Access to a secure research environment, a virtual work-space within the Vivli platform, which contains a bevy of the most popular tools for statistical analysis and manuscript preparation, including SAS, STATA, R, Python, Jupyter, the Microsoft Office suite and a full set of tools and scripts (available on Secure Research Environment page linked above)",Individual studies that upload data,Not specified,Not specified ,N/A,
PS,Updated using both survey and website,,New,No,No,Yes,Yes (partial),You + ME Registry l COVID-19,You + ME Registry l COVID-19,Registry,https://youandmeregistry.com/ ,Yes,"The You + ME Registry and Biobank is an online clinical study of individuals committed to identifying a cure for myalgic encephalomyelitis (also known as chronic fatigue syndrome or ME/CFS), Long Covid + other post-viral illnesses. ",Long COVID-19,General,Any,General,>18 years ,Worldwide,Not specified,"NIH, Solve M.E.","Government, Professional organization",Solve ME/CFS Initiative,USA,registry@solvecfs.org,Oved Amitay,Not specified,"David Hardy
Leslie L. Philips
Kate Mudie
Elle Seibert",Not specified,Not specified,,Emerge Australia,Not specified,,,Not specified,Yes,No,N/A - no human OMICs data,N/A - no human OMICs data,N/A - no human OMICs data,No,N/A - no pathogen OMICs data,No,N/A - no imaging data,N/A - no imaging data,N/A - no imaging data,N/A - no imaging data,N/A - no imaging data,Longitudinal,Observational data only,Both,Both,Clin-epi,No,Not specified,Not specified ,Not specified,1108 (02.05.22),1108 (02.05.22),N/A - no pathogen OMICS data,Not specified,N/A,,,,,,,No,,Each participant who shares relevant information has a GUID generated,No,Meets 2 of 4 criteria,N/A,Prospective (e.g. same CRF),Repository CRF data entry screen (e.g. REDCap),Patients,Individual registration required for data entry,Own platform,Not provided as open access - Registration required ,No,No clin-epi standard used,N/A - no OMICs data collected,N/A - no participant level imaging data collected,No,Yes,Any researcher who wishes to do a research project using data from You + ME must first submit an application to Solve M.E. with an outline of their credentials and research interests. Each application will be reviewed by the You + ME Innovation Council.,Directions available on the website to a limited extent,https://youandmeregistry.com/about/f-a-q/,Yes,Not specified,Yes,Any group whose application is approved,Participant-level data will be shared at a later time,N/A,Platform or registry management team,Information available on the website,https://youandmeregistry.com/about/f-a-q/,Under development,Information not available on website,N/A,Yes,Patients have to read through an electronic consent form and then sign it prior to being able to enter data in the registry electronically through the registry's platform,De-identification,IRB or ERC approval obtained,Not provided,Yes (digitally),"People with ME/CFS or Long Covid can download the You + ME Mobile App to track symptoms, general well-being + other life events as often as daily. This ongoing tracking allows for a more complete picture of the disease + how it changes over time.",Solve M.E. Researcher Toolkit is available (https://youandmeregistry.com/for-researchers/),Not specified,Plan to build a forum that will allow participants to propose research questions that other community members can “upvote”. Forums like these will shape which research questions become experiments.,Not specified ,N/A,
PS,Updated using both survey and website,,New - April 2022,No,No,Yes,Yes,European COVID-19 Data Platform,European COVID-19 Data Platform,Platform,https://www.covid19dataportal.org/,Yes,"The European COVID-19 Data Platform consists of three components: the COVID-19 Data Portal, SARS-CoV-2-Data Hubs and the Federated European, Genome-Phenome Archive. The COVID-19 Data Portal, retrieves 22 different database resources are feeding a variety of molecular, clinical and other data into the COVID-19 Data Portal, including ReCoDID",General,General,Any,General,All ages,Worldwide,No,European Commission,Government,EMBL-EBI,GBR (UK),ecovid19@ebi.ac.uk,Guy Cochrane,cochrane@ebi.ac.uk,Not specified,N/A,April 2020,,None,"BioStudies 
Cellosaurus
ChEMBL
EGA
Electron Microscopy Data Bank (EMDB)
Electron Microscopy Public Image Archive (EMPIAR)
ENA
Ensembl
Europe PMC
European Variation Archive (EVA)
Expression Atlas
Genome-wide association studies (GWAS catalog)
IntAct Molecular Interaction Database
InterPro
Protein Data Bank in Europe (PDBE)
IntAct
InterPro
Worldwide Protein Data Bank
PRIDE PRoteomics IDEntifications
REACTOME
Human Protein Atlas
Uniprot ",,,DOI: 10.1093/nar/gkab417,Yes,Yes,"Genomics (e.g. sequencing data)
Epigenomics
Metabolomics
Transcriptomics
Immunomics (e.g. peptide array, epitope mapping
data, serolomics, deep serology)
Proteomics
RNomics",Yes (no ethnicity/race),Yes,Yes,Yes,Yes,Any type ,No,No,Not specified,Not specified,Both,Observational data only,Both,COVID-19 infected or suspected only,"Clin-epi - Human OMICs – Pathogen OMICs (linked)
Imaging (unlinked)",Yes,Not specified,Not specified ,Not specified,Not specified ,Not specified,"5,226,792 (01.05.22)",https://www.covid19dataportal.org/statistics,https://www.covid19dataportal.org/statistics,Yes,Yes,Yes,Yes,"Rapid and open sharing of data greatly accelerates research and 
discovery, which is essential to respond to the COVID-19 pandemic. The European Commission and EMBL’s European Bioinformatics Institute (EMBL-EBI), together with EU Member States and research partners such as ELIXIR, operate a dedicated European COVID-19 Data Platform that enables the rapid collection and comprehensive data sharing of available research data from different sources for the European and global 
research communities. This joint effort is a priority pilot to realise the objectives of the European Open Science Cloud (EOSC).",https://www.covid19dataportal.org/the-european-covid-19-data-platform,No,Yes,"10.25504/FAIRsharing.f3b7a9
        
        
        
",No,Meets all 4 criteria,N/A,Prospective (e.g. same CRF) (but also depends on specific platform data is being submitted to),https://www.covid19dataportal.org/submit-data,Researchers - health care professionals - and public health authorities,Registration required but type depends on which platform data is being submitted to,"ENA, EGA, Pride Archive, PDBe, EMPIAR, Intact, MEtaboLights, BioStudies, ChEMBL",ISARIC data dictionary (for RECODID),Yes (ISARIC/WHO/IDDO eCRF),Clinical Data Interchange Standards Consortium (CDISC)-Clinical Data Acquisition Standards Harmonization (CDASH) ,GA4GH,Not specified,Yes,Yes,"Non-sensitive data are open access. Sensitive data, e.g clin-epi data access is subject to proposal approval ",Directions available on the website,"https://www.covid19dataportal.org/help#how-can-i-do
https://www.covid19dataportal.org/api-documentation",Yes,None,Yes,Any group whose application is approved,Participant-level data are being shared,N/A,DAC that includes data contributors,Information not available on website (provided through additional contact),N/A,"- Clinical or public health-related importance
- Study team has received ethics approval for proposed analysis
- Study team offers capacity building opportunities to data contributors",Information not available on website (provided through additional contact),N/A,No,N/A,Pseudonymization,No central IRB or ERC review obtained - up to individual centres,N/A,No,Not specified,Claim ownership of submitted data by adding DOI to the data or using OrcID to link their profile to the data,None,Not specified,Yes,https://www.covid19dataportal.org/statistics,
,,No website ,New,No,No,No,No,CTC REGISTRY,Registry of CytoSorb Therapy in COVID-19 ICU Patients,Registry,Not provided,,,,,,,,,,,,,,,,, Tae Song,tsong@surgery.bsd.uchicago.edu,,,,,,,,,,,,,,,,,,,,,,,,,,,,,,,,,,,,,,,,,No,,No DOI assigned,,,,,,,,,,,,,,,,,,,,,,,,,,,,,,,,,,,,,,,,,,,
LM,Updated using website,STOPPED HERE.  START AGAIN HERE WITH REVIEWING SC OLD ROWS,New,No,No,Yes,No,The WHO Global Clinical Platform for COVID-19,The WHO Global Clinical Platform for COVID-19,Platform,https://www.who.int/teams/health-care-readiness/covid-19/data-platform,Yes,COVID 19,General,General,Any,General,All ages,Worldwide,Yes,WHO,Organizational,https://cdn.who.int/media/docs/default-source/health-care-readiness---post-covid-19-condition/sep-acknowledgements.pdf?sfvrsn=7872dad1_5,Worldwide,COVID_ClinPlatform@who.int,NA,"please contact:
COVID_ClinPlatform@who.int",COVID_ClinPlatform@who.int,COVID_ClinPlatform@who.int,April 2020,,"State Parties to the International
Health Regulations (IHR) (2005)","WHO invites Member States, health facilities and other entities to participate in the global effort and contribute data to WHO Global Clinical Platform",,,"https://www.who.int/publications/i/item/9789240051829, https://www.who.int/publications/i/item/WHO-2019-nCoV-Clinical-HIV-2021.1",Yes,Yes,"Procalcitonin, total WBC count, Troponin, pro-BNP, creatine kinase. https://cdn.who.int/media/docs/default-source/documents/r-d-blueprint-meetings/misc-crf-completion-guidelinefd422f41-7846-4aac-a298-18edeb580721.pdf?sfvrsn=1e75b166_5&download=true",Yes,Yes,Yes,Yes,Yes,"Chest Xray, ECG, Echocardiography, cardiac MRI, others",Yes,Yes,Yes,Both,Longitudinal,Observational data only,Both,Both,Clin-epi - Human OMICs - Pathogen OMICs – imaging (linked),Yes,Globally,https://cdn.who.int/media/docs/default-source/health-care-readiness---post-covid-19-condition/sep-acknowledgements.pdf?sfvrsn=7872dad1_5,50 countries,https://app.powerbi.com/view?r=eyJrIjoiN2IzODc0YmUtNDdjZi00YzJjLTg2MDMtMTdhZmQ2MTQxMWE3IiwidCI6ImY2MTBjMGI3LWJkMjQtNGIzOS04MTBiLTNkYzI4MGFmYjU5MCIsImMiOjh9&pageName=ReportSection6e006db4e8204b15408c,617.679 as of May 2022,https://app.powerbi.com/view?r=eyJrIjoiN2IzODc0YmUtNDdjZi00YzJjLTg2MDMtMTdhZmQ2MTQxMWE3IiwidCI6ImY2MTBjMGI3LWJkMjQtNGIzOS04MTBiLTNkYzI4MGFmYjU5MCIsImMiOjh9&pageName=ReportSection6e006db4e8204b15408c,https://app.powerbi.com/view?r=eyJrIjoiN2IzODc0YmUtNDdjZi00YzJjLTg2MDMtMTdhZmQ2MTQxMWE3IiwidCI6ImY2MTBjMGI3LWJkMjQtNGIzOS04MTBiLTNkYzI4MGFmYjU5MCIsImMiOjh9&pageName=ReportSection6e006db4e8204b15408c,https://app.powerbi.com/view?r=eyJrIjoiN2IzODc0YmUtNDdjZi00YzJjLTg2MDMtMTdhZmQ2MTQxMWE3IiwidCI6ImY2MTBjMGI3LWJkMjQtNGIzOS04MTBiLTNkYzI4MGFmYjU5MCIsImMiOjh9&pageName=ReportSection6e006db4e8204b15408c,Yes,Yes,Unsure,Yes,"The anonymized COVID-19 data will be stored in the WHO COVID-19 Clinical Platform, which is a secured, accesslimited, password protected electronic platform",https://apps.who.int/iris/bitstream/handle/10665/350007/WHO-2019-nCoV-Clinical-CRF-2021.1-eng.pdf,No,Yes - ON FAIRsharing,https://doi.org/10.25504/FAIRsharing.444bfa,No,Meets 3 of 4 criteria,N/A,Prospective and retrospective,Provided CRF,Health care professionals,Hospital - Centre - Institution registration required for data entry,"CRFs include Core, Multi-Inflammatory Syndrome in children (MIS-C) and Post-COVID-19 condition",https://www.who.int/teams/health-care-readiness/covid-19/data-platform,Yes (ISARIC/WHO/IDDO eCRF),SDTM,No OMICs standard used,No imaging standard used,Yes,Yes,"WHO will (i) protect the confidentiality and prevent the unauthorized disclosure of the anonymized COVID-19 data; (ii) implement and maintain appropriate technical and organizational security measures to protect the security of the anonymized COVID-19 data and the COVID-19 Clinical Platform. In
accordance with Article 11(4) of the IHR (2005), WHO will not make the anonymized COVID-19 data generally available to other State Parties or entities until such time as any of the conditions set forth in paragraph 2 of Article 11 are first met, and following consultation with affected countries/entities. ",Directions available on the website to a limited extent,N/A,Not specified,Not specified,No,Participant-level data will not be shared,Platform or repository does not yet host participant-level data,"Pursuant to that same Article 11, WHO will not make the
anonymized COVID-19 data available to the public, unless and until the anonymized COVID-19 data have already been made available to State Parties, and provided that other information about the COVID-19 epidemic has already become publicly available and there is a need for the dissemination of authoritative and independent information disclosure of the anonymized COVID-19 data; (ii) implement and maintain appropriate technical and organizational
security measures to protect the security of the anonymized COVID-19 data and the COVID-19 Clinical Platform. ",Platform or registry management team,Information available on the website,,"WHO will not make the
anonymized COVID-19 data available to the public, unless and until the anonymized COVID-19 data have already been
made available to State Parties, and provided that other information about the COVID-19 epidemic has already become
publicly available and there is a need for the dissemination of authoritative and independent information",Information available on the website,https://apps.who.int/iris/bitstream/handle/10665/350007/WHO-2019-nCoV-Clinical-CRF-2021.1-eng.pdf,Not specified,". State Parties and other entities are invited to contact WHO to obtain more information about how to contribute
anonymized clinical COVID-19 data to the WHO Clinical Platform",Anonymization,Not specified,https://cdn.who.int/media/docs/default-source/documents/emergencies/terms-of-use-global-covid19-data-platform.pdf?sfvrsn=d0a440c1_2,No,Insights on the impact of COVID-19 from a registry/platform associated patient survey,"The WHO Platform will publish periodic official reports presenting information on the clinical characteristics of COVID-19, to inform clinical management guidelines and optimize public health responses",Registry or platform and individual studies that upload data,Not specified,Summary of data available,https://app.powerbi.com/view?r=eyJrIjoiN2IzODc0YmUtNDdjZi00YzJjLTg2MDMtMTdhZmQ2MTQxMWE3IiwidCI6ImY2MTBjMGI3LWJkMjQtNGIzOS04MTBiLTNkYzI4MGFmYjU5MCIsImMiOjh9&pageName=ReportSection6e006db4e8204b15408c,
RG,Updated using website,"Very limited information on the website, and last activity on the website seems to be from Octorber 2020. No reports, publications, or any news since 2020. ",New (4CE),No,Yes,Yes,No,4CE,Consortium for Clinical Characterization of COVID-19 by EHR,Platform,https://covidclinical.net/,Yes,"4CE is an international consortium for electronic health record (EHR) data-driven studies of the COVID-19 pandemic. The goal of this effort—led by the i2b2 international academics users group—is to inform doctors, epidemiologists and the public about COVID-19 patients with data acquired through the health care process.",General,General,Any,General,All ages,"USA, FRA, ITA, DEU, SGP",Not specified,i2b2 tranSMART Foundation,"Professional organization, private foundation",Harvard Medical School,USA,4ce@transmartfoundation.org,"Isaac Kohane MD PhD (Harvard)
Jason Moore PhD
Danielle Mowery PhD","jhmoore@upenn.edu
dlmowery@pennmedicine.upenn.edu
jhholmes@pennmedicine.upenn.edu
jeffrey.morris@pennmedicine.upenn.edu",Not specified,N/A,March 2020 (not further specified),Yes,i2b2 tranSMART Foundation,Not specified,,,"https://www.nature.com/articles/s41746-020-00308-0 ; https://papers.ssrn.com/sol3/papers.cfm?abstract_id=4057133
Listed here: https://covidclinical.net/",Yes,No,N/A - no human OMICs data,N/A - no human OMICs data,N/A - no human OMICs data,No,N/A - no pathogen OMICs data,No,N/A - no imaging data,N/A - no imaging data,N/A - no imaging data,N/A - no imaging data,N/A - no imaging data,Both,Observational data only,Hospitalized for COVID-19 only,COVID-19 infected or suspected only,Clin-epi,No,"Assistance Publique - Hôpitaux de Paris; Bordeaux University Hospital; Erlangen University Hospital; Medical Center, University of Freiburg; University Medicine Mannheim; ICSM Pavia, Lumezzane/Brescia & Milano Hospitals; Policlinico di Milano; ASST Papa Giovanni XXIII Bergamo; National University Hospital; Boston Children’s Hospital; Beth Israel Deaconess Medical Center; Children’s Hospital of Philadelphia; University of Kansas Medical Center; Mayo Clinic; Mass General Brigham (Partners Healthcare); Medical University of South Carolina; University of Pennsylvania; University of California, LA; University of Michigan; University of North Carolina at Chapel Hill; UT Southwestern Medical Center",https://covidclinical.net/plots/paper-01/release-2020-04-11/sites.html,21,Not specified ,Not specified,N/A - no pathogen OMICS data,"Demographics by country and sex, case rate by country, labs by country and site, ",https://covidclinical.net/data/index.html,Yes,No,Yes,No,"""Our early efforts aim to consolidate, share, and interpret data about the clinical trajectories of the infection in patients with a first focus on laboratory values and comorbidities. """,https://www.nature.com/articles/s41746-020-00308-0,No,Yes - ON FAIRsharing,https://fairsharing.org/FAIRsharing.10fef0,No,Meets 2 of 4 criteria,N/A,Retrospective,Any format,Affiliated institution,Not specified,Informatics for Integrating Biology and the Bedside (i2b2) ,Not provided,Not specified,Observational Medical Outcomes Partnership (OMOP),N/A - no OMICs data collected,N/A - no participant level imaging data collected,Yes,Yes,Not specified,Directions not available on the website,N/A,Not specified,N/A,No,Not specified,Not specified,N/A,Not specified,Information not available on website,N/A,Not specified,Information not available on website,N/A,Not specified,N/A,De-identification,Not specified,N/A,No,Not specified,Not specified,Not specified,Not specified,"Summary reports, although no reports on current data (last updated: 2020)",https://covidclinical.net/data/index.html,
,,,New - April 2022,No,No,No,N/A - doesn't meet inclusion criteria,YODA Project,Yale University Open Data Access Project,Dataverse,https://yoda.yale.edu/welcome-yoda-project,No,,,,,,,,,,,Yale University,,yodap@yale.edu,,,,,,,,,,,,,,,,,,,,,,,,,,,,,,,,,,,,,,,,,,,,,No,,,,,,,,,,,,,,,,,,,,,,,,,,,,,,,,,,,,,,,,,,,,,
SA,Updated using website,Checked by Priya,New - April 2022,No,No,Yes,No,MIDRC,Medical Imaging and Data Resource Center,Platform,https://www.midrc.org/,No,"To build an artificial intelligence-ready data commons to fuel COVID-19 machine intelligence research, coupled with standardization, curation, and compliance with ethical responsibilities to honor patients' privacy. And to foster machine intelligence research in the development of algorithms for the detection, diagnosis, monitoring, and prognosis of COVID-19. ",General,General,Any,General,Any,Worldwide,Yes,National Institute of Biomedical Imaging and Bioengineering (NIBIB),Government,"Co-led by the American College of Radiology® (ACR®), the Radiological Society of North America (RSNA), and the American Association of Physicists in Medicine (AAPM) 
University of Chicago (Hoted)",USA,midrc-support@datacommons.io,"Maryellen Giger, Etta Pisano, Robert Grossman
Paul Kinahan",rgrossman1@uchicago.edu,Not specified,N/A,"August 05, 2020",Yes,"American College of Radiology (ACR), Radiological Society of North America (RSNA), American Association of Physicists in Medicine (AAPM)","ACR COVID Imaging Research Registry, COVID-19 Open Radiology Database (The ACR® COVID Imaging Research Registry (CIRR) and the RSNA International COVID-19 Open Radiology Database (RICORD) both serve as data intake portals for MIDRC.)",,,https://doi.org/10.1117/1.jmi.8.s1.014503,Yes,No,N/A - no human OMICs data,N/A - no human OMICs data,N/A - no human OMICs data,No,N/A - no pathogen OMICs data,Yes,"CT Scans, X-ray, MRI, and Ultrasounds",Yes,Yes (where possible),Yes,Not specified,Both,Observational data only,Both,Both,Clin-epi - imaging (linked),Yes,,,,,,,,,,,,,,,No,Yes - ON FAIRsharing,https://doi.org/10.25504/FAIRsharing.33dccb,No,Meets all 4 criteria,N/A,Prespecified standard (e.g. DICOM),Prespecified standard (e.g. DICOM),Researchers and health care professionals,Hospital - Centre - Institution registration required for data entry,The ACR® COVID Imaging Research Registry (CIRR) and the RSNA International COVID-19 Open Radiology Database (RICORD) both serve as data intake portals for MIDRC,https://docs.google.com/document/d/1isuPT5wCboKtb4DjPK2xxgImEOqReZI7CFh5LDWAuUc/edit,No, Observational Medical Outcomes Partnership (OMOP) ,N/A - no OMICs data collected,DICOM,Yes,Yes,https://static1.squarespace.com/static/5f57ca706b876437bb5b2620/t/6172e4c27b9aa07139c18812/1634919620821/Gen3+MIDRC+QRGv2.pdf,Directions available on website,https://static1.squarespace.com/static/5f57ca706b876437bb5b2620/t/6172e4c27b9aa07139c18812/1634919620821/Gen3+MIDRC+QRGv2.pdf,Yes,Not specified,Yes,Open access,Participant-level data are being shared,N/A,Open access,Information available on the website,"https://www.midrc.org/faqs
https://static1.squarespace.com/static/5f57ca706b876437bb5b2620/t/6172e4c27b9aa07139c18812/1634919620821/Gen3+MIDRC+QRGv2.pdf
https://www.midrc.org/midrc-data-use-agreement ",Open access as long as sign data usage agreement ,Information available on the website,"https://www.midrc.org/faqs
https://static1.squarespace.com/static/5f57ca706b876437bb5b2620/t/6172e4c27b9aa07139c18812/1634919620821/Gen3+MIDRC+QRGv2.pdf
https://www.midrc.org/midrc-data-use-agreement ",No,N/A,De-identification,No central IRB or ERC review obtained - up to individual centres,https://docs.google.com/document/d/1isuPT5wCboKtb4DjPK2xxgImEOqReZI7CFh5LDWAuUc/edit,No,Not specified,MIPS improvement activity credits by contributing data  ,Registry or platform,Not specified,None,N/A,
SA,Updated using website,,New - April 2022,No,No,Yes,No,"NIH - NMDR, MetWB","National Institutes of Health - National Metabolomics Data Repository, Metabolombics Workbench",Platform,https://www.metabolomicsworkbench.org/,No,"The National Institutes of Health (NIH) Common Fund Metabolomics Program was developed with the goal of increasing national capacity in metabolomics by supporting the development of next generation technologies, providing training and mentoring opportunities, increasing the inventory and availability of high quality reference standards, and promoting data sharing and collaboration.

In support of this effort, the Metabolomics Common Fund's National Metabolomics Data Repository(NMDR), housed at the San Diego Supercomputer Center (SDSC), University of California, San Diego, has developed the Metabolomics Workbench.",General,General,Any,General,Not specified,Worldwide,Not specified,NIH Common Fund,Government,"University of California, San Diego",USA,help@metabolomicsworkbench.org,Shankar Subramaniam,shankar@ucsd.edu,"Eoin Fahy, Lina Aboulmouna, Srini Ramachandran",N/A,Not specified,,"METABOLOMICS CONSORTIUM COORDINATING CENTER , NATIONAL METABOLOMICS DATA REPOSITORY NEXTGEN METABOLOMICS WORKBENCH, MICHIGAN COMPOUND IDENTIFICATION DEVELOPMENT CORES (MCIDC), WEST COAST METABOLOMICS CENTER FOR COMPOUND IDENTIFICATION, MEGA-SCALE IDENTIFICATION TOOLS FOR XENOBIOTIC METABOLISM, COMPUTATIONAL TOOLS FOR ANALYSIS AND VISUALIZATION OF QUALITY CONTROL ISSUES IN METABOLOMIC DATA",Not specified,,,http://dx.doi.org/10.1093/nar/gkv1042,Yes,Yes,Metabolomics,Yes,Not specified,No,N/A - no pathogen OMICs data,No,N/A - no imaging data,N/A - no imaging data,N/A - no imaging data,N/A - no imaging data,N/A - no imaging data,"Longitudinal (possibly cross-sectional as well, altough unclear)",Both clinical trial and observational data,Unsure,Not specified,Clin-epi – human OMICs (unlinked),Yes,,,,,,,,,,,,,,,No,Yes - ON FAIRsharing,https://doi.org/10.25504/FAIRsharing.xfrgsf,No,Meets 3 of 4 criteria,N/A,Data has to be uploaded in specific formats,Provided CRF,Health care professionals,Hospital - Centre - Institution registration required for data entry,Not specified,Not specified,No,No clin-epi standard used,Yes,No imaging data standard,Yes,Not specified,Open access ,Directions available on the website,https://www.metabolomicsworkbench.org/data/datasharing.php,No,Not specified,No,Open access,Participant-level data are being shared,N/A,Open access,Information available on the website,https://www.metabolomicsworkbench.org/data/datasharing.php,Open access,N/A,N/A,Not specified,N/A,Not specified,No central IRB or ERC review obtained - up to individual centres,N/A,No,Not specified,"Analysis tools, assigning DOI for uploaded data","Project ID and Project DOI,",Not specified,Not specified,N/A,
,,,New - April 2022,No,No,No,N/A - doesn't meet inclusion criteria,MIMIC-IV,Medical Information Mart for Intensive Care,Database rather than a platform.  Collects data from 1 hospital. Data cannot be submitted,https://registry.opendata.aws/mimiciii/,,,,,,,,,,,,,,,,,,,,,,,,,,,,,,,,,,,,,,,,,,,,,,,,,,,,,,,,,,,No,,,,,,,,,,,,,,,,,,,,,,,,,,,,,,,,,,,,,,,,,,,,,
,,,New - April 2022,No,No,No,N/A - doesn't meet inclusion criteria,PhysioNet,The Research Resource for Complex Physiologic Signals,Catalogue of databases,https://physionet.org/,,,,,,,,,,,,,,,,,,,,,,,,,,,,,,,,,,,,,,,,,,,,,,,,,,,,,,,,,,,No,,,,,,,,,,,,,,,,,,,,,,,,,,,,,,,,,,,,,,,,,,,,,
,,,New - April 2022,No,No,No,N/A - doesn't meet inclusion criteria,ClinicalTrials.gov,ClinicalTrials.gov,Catalogue of databases and registries,ClinicalTrials.gov,,,,,,,,,,,,,,,,,,,,,,,,,,,,,,,,,,,,,,,,,,,,,,,,,,,,,,,,,,,No,,,,,,,,,,,,,,,,,,,,,,,,,,,,,,,,,,,,,,,,,,,,,
,,,New - April 2022,No,No,No,N/A - doesn't meet inclusion criteria,fairsharing.org,fairsharing.org,"Catalogue of databases, registries, platforms",fairsharing.org,,,,,,,,,,,,,,,,,,,,,,,,,,,,,,,,,,,,,,,,,,,,,,,,,,,,,,,,,,,No,,,,,,,,,,,,,,,,,,,,,,,,,,,,,,,,,,,,,,,,,,,,,
,,,New - April 2022,No,No,No,N/A - doesn't meet inclusion criteria,NIH NIDDK Central Repository,National Institutes of Health National Institute of Diabetes and Digestive and Kidney Diseases Central Repository,Catalogue of databases,https://repository.niddk.nih.gov/search/study/,No,,Type 2 diabetes,Type 2 diabetes,,,,,,,,,,,,,,,,,,,,,,,,,,,,,,,,,,,,,,,,,,,,,,,,,,,,,,,No,,,,,,,,,,,,,,,,,,,,,,,,,,,,,,,,,,,,,,,,,,,,,
,,,New - April 2022,No,No,No,N/A - doesn't meet inclusion criteria,NIH BioLINCC,NIH Biologic Specimen and Data Repository Information Coordinating Center,Dataverse & biorepository,https://biolincc.nhlbi.nih.gov/home/,,,,,,,,,,,,,,,,,,,,,,,,,,,,,,,,,,,,,,,,,,,,,,,,,,,,,,,,,,,No,,,,,,,,,,,,,,,,,,,,,,,,,,,,,,,,,,,,,,,,,,,,,
,,,New - April 2022,No,No,No,N/A - doesn't meet inclusion criteria,NGVB,National Gene Vector Biorepository,Catalougue of studies,https://ngvbcc.org/,,,,,,,,,,,,,,,,,,,,,,,,,,,,,,,,,,,,,,,,,,,,,,,,,,,,,,,,,,,No,,,,,,,,,,,,,,,,,,,,,,,,,,,,,,,,,,,,,,,,,,,,,
,Updated using website,Does not include participant-level data.  Pulls data on antibody compounds from published papers.,New - April 2022,No,No,No,N/A - doesn't meet inclusion criteria,CoV-RDB,Coronavirus Antiviral & Resistance Database,"Curates data from other databases, including GenBank. Data can then be downloaded in FASTA format.",https://covdb.stanford.edu/,,,,,,,,,,,,Stanford University,USA,,,,,,,,,,,,https://doi.org/10.3390/v12091006,,,,,,,,,,,,,,,,,,,,,,,,,,,,,,,,,,No,,,,,,,,,,,,,,,,,,,,,,,,,,,,,,,,,,,,,,,,,,,,,
,Updated using website,Animal studies and celular biology work only.,New - April 2022,No,No,No,N/A - doesn't meet inclusion criteria,NIH - NIAID - ViPR,National Institute of Allergy and Infectious Diseases - Virus Pathogen Resource,Catalogue of databases,https://www.viprbrc.org/brc/home.spg?decorator=vipr,,,,,,,,,,NIH - NIAID,Government,"Northrop Grumman Health IT, University of Texas Southwestern Medical Center, Vecna Technologies",USA,feedback@virusbrc.org,,,,,,,,,,,Used this to make designation: https://www.viprbrc.org/brc/hostFactorExperiments.spg?method=SubmitForm&navRoot=true&decorator=corona,,,,,,,,,,,,,,,,,,,,,,,,,,,,,,,,,,No,,,,,,,,,,,,,,,,,,,,,,,,,,,,,,,,,,,,,,,,,,,,,
,,,New - April 2022,No,No,No,N/A - doesn't meet inclusion criteria,BV-BRC,Bacterial and Viral Bioinformatics Resource Center,Analysis platform,https://www.bv-brc.org/,,,,,,,,,,,,,,,,,,,,,,,,,,,,,,,,,,,,,,,,,,,,,,,,,,,,,,,,,,,No,,,,,,,,,,,,,,,,,,,,,,,,,,,,,,,,,,,,,,,,,,,,,
,,,New - April 2022,No,No,No,N/A - doesn't meet inclusion criteria,CORDITE,The Curated CORona Drug InTERactions Database,Literature aggregator,https://biokeanos.com/source/CORDITE,,,,,,,,,,,,,,,,,,,,,,,,,,,,,,,,,,,,,,,,,,,,,,,,,,,,,,,,,,,No,,,,,,,,,,,,,,,,,,,,,,,,,,,,,,,,,,,,,,,,,,,,,
,Updated using website,"Mutations in virus, not participant-level data",New - April 2022,No,No,No,N/A - doesn't meet inclusion criteria,COVID-19 Variants Database,COVID-19 Variants Database,"Curates data from other databases, including NGDC, GISAID, NCBI GenBank",http://covid-19.dnageography.com/,,,,,,,,,,,,,,,,,,,,,,,,,https://doi.org/10.1101/2020.06.10.145292,,,,,,,,,,,,,,,,,,,,,,,,,,,,,,,,,,No,,,,,,,,,,,,,,,,,,,,,,,,,,,,,,,,,,,,,,,,,,,,,"The CoV-2 reference genome was obtained from the National Genomics Data Center (NGDC), GISAID, and NCBI Genbank"
SA,Updated using website,Sent invitations to first 2 PIs with last name Chen,New - April 2022,No,No,Yes,No,CNCB - NGDC,China National Center for Bioinformation - National Genomics Data Center,Platform,https://ngdc.cncb.ac.cn/,No,"The primary mission of CNCB-NGDC is to build archive platforms and information systems, develop advanced algorithms and tools to translate big data into big discovery, and provide open access to a suite of database resources in support of research activities of global users from both academia and industry.",General,General,Any,General,All ages,Worldwide,Not specified,"The National Genomics Data Center (NGDC), as part of Beijing Institute of Genomics (BIG), Chinese Academy of Sciences (CAS), is funded primarily by the Government and CAS.
",Government,Not specified,CHN,ngdc@big.ac.cn,"Huanxin Chen, Meili Chen , Xiaowei Chen, Yujie Chen, Zhenglin Du, Lili Hao, Li Lan, Rujiao Li, Huaxia Luo, Lina Ma, Shuhui Song, Yanqing Wang, Changpeng Xin, Peng Zhang, Honghong Zhou, Dong Zou","chenhx@big.ac.cn, chenml@big.ac.cn, chenxiaowei@ ibp.ac.cn, chenyujie@picb.ac.cn, duzl@big.ac.cn, haolili@big.ac.cn, lanl@big.ac.cn, lirj@big.ac.cn, huaxialuo@ibp.ac.cn, malina@big.ac.cn, songshh@big.ac.cn, wangyanqing@big.ac.cn, xinchangpeng@picb.ac.cn, zhpn1024@163.com, zhouhonghong@ibp.ac.cn, zoud@big.ac.cn",Not specified,N/A,2019,,"Kunming Institute of Zoology, Chinese Academy of Sciences, Institute of Zoology, Chinese Academy of Sciences, Institute of Botany, Chinese Academy of Sciences, China Agricultural University, Henan Agricultural University, Huazhong University of Science and Technology, Huazhong Agricultural University, Inner Mongolia Normal University, Peking University","AnimalTFDB3, BBCancer, CancerSEA, CellMarker, CGDB, CGGA, circAtlas, dbPAF, dbPPT, dbPSP 2.0",,,https://doi.org/10.1093/nar/gkaa1022,Yes,Yes,biological data,Unsure,Not specified,Yes,Not specified,No,N/A - no imaging data,N/A - no imaging data,N/A - no imaging data,N/A - no imaging data,N/A - no imaging data,Longitudinal,Both clinical trial and observational data,Unsure,Not specified,Clin-epi - Human OMICs – Pathogen OMICs (unlinked),Yes,,,,,,,,,,,,,,,No,Yes - ON FAIRsharing,https://doi.org/10.25504/FAIRsharing.52da68,No,Meets 2 of 4 criteria,N/A,Not specified,Not specified,Affiliated institution,Hospital - Centre - Institution registration required for data entry,Not specified,Not specified,Not specified,No clin-epi standard used,Yes,No imaging data standard,Yes,Not specified,Not specified,Not specified,https://ngdc.cncb.ac.cn/account/register?service=https://ngdc.cncb.ac.cn/gsub/account/casregister,Not specified,Not specified,No,Open access,Not specified,N/A,Open access,,,,,,,,,,,,,,Not specified,Not specified,Not specified,,
,,,New - April 2022,No,No,No,N/A - doesn't meet inclusion criteria,OxCOVID19 Database,Oxford COVID-19 Database,Database of non-pharmaceutical interventions,https://www.bsg.ox.ac.uk/research/research-projects/covid-19-government-response-tracker,,,,,,,,,,,,,,,,,,,,,,,,,https://www.nature.com/articles/s41598-021-88481-4,,,,,,,,,,,,,,,,,,,,,,,,,,,,,,,,,,No,,,,,,,,,,,,,,,,,,,,,,,,,,,,,,,,,,,,,,,,,,,,,
,,No website ,New - April 2022,No,No,No,N/A - doesn't meet inclusion criteria,GESS,Global Evaluation of SARS-CoV-2/hCoV-19 Sequences,Curates SNVs stored on other platforms,Not provided,,,,,,,,,,,,,,,,,,,,,,,,,,,,,,,,,,,,,,,,,,,,,,,,,,,,,,,,,,,No,,,,,,,,,,,,,,,,,,,,,,,,,,,,,,,,,,,,,,,,,,,,,
,,,New - April 2022,No,No,No,N/A - doesn't meet inclusion criteria,H2V,The Hydrogen Valleys Platform,Curates human genes and proteins that respond to COVID-19 from other platforms,https://www.h2v.eu/,,,,,,,,,,,,,,,,,,,,,,,,,,,,,,,,,,,,,,,,,,,,,,,,,,,,,,,,,,,No,,,,,,,,,,,,,,,,,,,,,,,,,,,,,,,,,,,,,,,,,,,,,
,,,New - April 2022,No,No,No,N/A - doesn't meet inclusion criteria,Virus-CKB,Viral-associated disease-specific chemogenomics knowledgebase,Curates data from other platforms,https://www.cbligand.org/g/virus-ckb,No,,,,,,,,,,,,,,,,,,,,,,,,,,,,,,,,,,,,,,,,,,,,,,,,,,,,,,,,,,No,,,,,,,,,,,,,,,,,,,,,,,,,,,,,,,,,,,,,,,,,,,,,
PS,,"Line level collected through webscraping and doesn't include outcome-information or anything other than age,sex,location",New - April 2022,No,No,No,No,GhData,Global.health,Platform,https://data.covid-19.global.health/cases,Yes,,,,,,,,,,,,,info@global.health,Joe Brilliant,Not provided,"Sandra Adele, Christina M. Astley, Anya Lindstrom Battle, John Brownstein, Emily Cohn, Abhishek Dasgupta, Bernardo Gutierrez, Jared Hawkins, Felix Jackson, Robel Kassa, Rebecca Katz, Moritz Kraemer, Graham Lee, Vukosi Marivate, David Pigott, Chris Remmel, Caitlin Rivers, Samuel V. Scarpino, James Sheldon, Gal Wachtel",,,,,,,,,,,,,,No,,,,,,,,,,,,,,,,,,,,,,,,,,,,No,,,,,,,,,,,,,,,,,,,,,,,,,,,,,,,,,,,,,,,,,,,,,
,,,New - April 2022,No,No,No,No,VigiBase - VigiAccess,WHO Programme for International Drug Monitoring (WHO PIDM),Platform,https://www.vigiaccess.org/,No,,,,,,,,Worldwide,,,Uppsala Monitoring Centre,SWE,subscription@who-umc.org,"Professor Herve le Louet, Dr Pinelopi Lundquist","Pinelopi.Lundquist@who-umc.org, Herve.LeLouet@who-umc.org (email doesn't work)",Not specified,,,,,,,,,,,,,,,,,,,,,,,,,,,,,,,,,,,,,,,,,,No,,,,,,,,,,,,,,,,,,,,,,,,,,,,,,,,,,,,,,,,,,,,,
,,No website ,New - April 2022,No,No,No,N/A - doesn't meet inclusion criteria,LASE,Latin American Stroke Registry,"A multicenter study, no website",Not provided,,,,,,,,,,,,,,,,,,,,,,,,,,,,,,,,,,,,,,,,,,,,,,,,,,,,,,,,,,,No,,,,,,,,,,,,,,,,,,,,,,,,,,,,,,,,,,,,,,,,,,,,,
,,No website ,New - April 2022,No,No,No,N/A - doesn't meet inclusion criteria,ASIAN-HF,Asian Heart Failure Registry,"A multicenter study, no website",Not provided,,,,,,,,,,,,,,,,,,,,,,,,,,,,,,,,,,,,,,,,,,,,,,,,,,,,,,,,,,,No,,,,,,,,,,,,,,,,,,,,,,,,,,,,,,,,,,,,,,,,,,,,,
SA,Updated using website,,New - April 2022,No,No,Yes,No,INSPIRE,Innovative Support for Patients with SARS COV-2 Infections Registry,Registry,https://www.rushu.rush.edu/inspire-0,Yes,"To generate knowledge rapidly using digital tools, in partnership with patients and collaborative science, to produce actionable insights and tools that can contribute to efforts to combat the COIVD-19 pandemic.",General,General,Any,General,≥18 years,USA,Not specified,"The Centers for Disease Control and Prevention (CDC, www.cdc.gov), National Center of Immunization and Respiratory Diseases (NCIRD)",Professional organization,"Hugo Health, with Rush University",USA,inspire@rush.edu,"Bala Hota, Robert A Weinstein","bala_hota@rush.edu, rweinste@rush.edu",Not specified,Not specified,Not specified,,"Rush University Medical Center, UCSF Health, UCLA Health, Jefferson Health, UT Houston, UT Southwestern, University of Washington, Yale University",Not specified,,,https://doi.org/10.1371/journal.pone.0264260,Yes,No,N/A - no human OMICs data,Not specified,Not specified,No,Not specified,No,N/A - no imaging data,N/A - no imaging data,N/A - no imaging data,N/A - no imaging data,N/A - no imaging data,Longitudinal,Observational data only,Both,COVID-19 infected or suspected only,Clin-epi,No,,,,,,,,,,,,,,,No,Yes - NOT on FAIRsharing,No DOI assigned,N/A - doesn't have a DOI,None of the criteria are met,N/A,Prospective (e.g. same CRF),Provided CRF,Affiliated institution,Individual registration required for data entry,private mobile app or website,https://hugo.health/covid19,No,No clin-epi standard used,N/A - no OMICs data collected,No imaging data standard,No,Not specified,Not specified,Directions not available on the website,https://www.rushu.rush.edu/inspire-0,Not specified,Not specified,No,Open access,Not specified,Not specified,Not specified,,,,,,,,,,,,,,Not specified,Not specified,,,
PS,Updated using both survey and website,,New - April 2022,No,No,Yes,Yes,PROFILES Registy,Patient Reported Outcomes Following Initial treatment and Long term Evaluation of Survivorship Registry,Registry,https://www.profilesregistry.nl/,No,"PROFILES was built to increase the knowledge on the impact of cancer on people's lives across the whole cancer continuum. The primary goal of studies that 
use the PROFILES registry are:
- psychosocial risk and outcome assessment to  identify patients at high risk for poor physical and mental health outcomes,
- to analyse mediating mechanisms to better understand the biological and behavioral factors  associated with cancer treatment outcomes, and
- to evaluate physical and psychosocial care needs  of cancer survivors.

Results of PROFILES studies will contribute to better care and after care for both patients and survivors.

About PROFILES

PROFILES is a tool that enables data collection management; from inviting patients to participation  in studies, to collecting patient-reported outcomes  data via web-based or mailed questionnaires, and  linking these data with clinical data. PROFILES  contains a large web-based component and is linked directly to clinical data from the population-based Netherlands cancer registry.

The availability of a control cohort of approximately 2000 persons from the general population who complete the same basic questionnaire annually will provide the opportunity to estimate the unique impact of cancer, beyond that of normal aging and comorbidities.",Cancer,Cancer,Any,General,> 18 years,NLD,No,Dutch Scientific Organisation (NWO),Professional organization,Netherlands Comprehensive Cancer Organisation,NLD,info@profilesregistry.nl,Lonneke van de Poll-Franse,l.vd.poll@nki.nl,"Floortje Mols, Mies van Eenbergen, Nicole Horevoorts, Erna de Winter",Not specified,Not specified,,"Dutch Scientific Organisation (NWO), Netherlands Comprehensive Cancer Organisation",Netherlands Cancer Registry,,,"10.1001/jamaoncol.2020.6093
        
        ",Yes,No,N/A - no human OMICs data,N/A - no human OMICs data,N/A - no human OMICs data,No,N/A - no pathogen OMICs data,No,N/A - no imaging data,N/A - no imaging data,N/A - no imaging data,N/A - no imaging data,N/A - no imaging data,Both,Observational data only,Not hospitalized only,Both,Clin-epi,No,Not specified,Not specified,Not specified,Not specified,Not specified,Not specified,Not specified,N/S,,,,,,,No,Yes - NOT on FAIRsharing,No DOI assigned,N/A - doesn't have a DOI,Meets 2 of 4 criteria,N/A,Retrospective,Any format,Affiliated institution,No registration required for data entry,N/A - no central CRF,N/A - no central CRF,N/A - no central CRF,No clin-epi standard used,N/A - no OMICs data collected,N/A - no participant level imaging data collected,No,No - resource is closed to new data,"Data from PROFILES is freely available for non-commercial scientific research, subject only to privacy and confidentiality restrictions. Data will be made available through Questacy (DDI 3.x XML).  In order to arrange optimal long-term data warehousing and dissemination, the registry follows the quality guidelines that are formulated in the ‘Data Seal of Approval’ (www.datasealofapproval.org) document, developed by Data Archiving and Networked Services. In short, this means that (1) the data can be found on the internet; (2) research data are accessible (while taking into account ruling legislation with regard to personal information and intellectual property of the data); (3) research data are available in a usable data format; (4) research data are reliable; and (5) research data can be referred to. Also, PROFILES data will be provided with contextual information (metadata). This means that after data collection, the data will be cleaned, coded and provided with sufficient information to enable fellow scientists to access the research data. The registry will perform first analyses on the data to check the quality and validity. After this process, the data will be freely available for research questions from other non-commercial groups in the Netherlands and abroad after registration. Interested researchers must apply for a user account and download data",Directions available on the website,https://www.profilesregistry.nl/about-profiles-registry/data-dissemination/,Yes,No,Yes,Any group whose application is approved,Participant-level data are being shared,N/A,Platform or registry management team,Information not available on website (provided through additional contact),N/A,"Proposals will be evaluated according to the following criteria:
- Scientific motivation of the research question
- Appropriateness of the proposed research methodology
- Sound analytical framework and empirical design
- Potential for scientific breakthrough
- Quality of the researcher or research group",Information available on the website,https://www.profilesregistry.nl/proposals/evaluation-criteria/,Yes,N/A,De-identification,No central IRB or ERC review obtained - up to individual centres,N/A,No,Not specified,Citation of study team by analyses that use data they contributed,Registry or platform and individual studies that upload data,Not specified,None,N/A,
PS,Updated using website,,New - April 2022,No,No,Yes,REDCap survey not sent,HERO Registry,Healthcare Worker Exposure Response and Outcomes Registry,Registry,https://heroesresearch.org/,Yes,"Clinical research registry comprised of people who work in health care, including their family and community members, in the United States. The goals of the registry are to engage healthcare workers and community members in a online research community, understand their experiences and interests, and track critical health outcomes associated with working in the era of COVID-19, such as stress and burnout.",General,General ,Any,"Health care workers or their family members, community members or close contact of a healthcare workers",≥18 years,USA,Yes,The HERO Research Program is funded through a Patient-Centered Outcomes Research Institute Award (Contract Number: COVID-19-2020-001),Professional organization,Duke Clinical Research Institute,USA,Hero-research@duke.edu,Not specified,N/A,Not specified,N/A,"April 13, 2020",No,Not specified,PCORnet,,,https://www.sciencedirect.com/science/article/pii/S1551714421002615?via%3Dihub,Yes,No,N/A - no human OMICs data,N/A - no human OMICs data,N/A - no human OMICs data,No,Not specified,No,N/A - no imaging data,N/A - no imaging data,N/A - no imaging data,N/A - no imaging data,N/A - no imaging data,Longitudinal,Both clinical trial and observational data,Both,Both,Clin-epi,No,Not specified,Not specified,Not specified,"1,360 (HERO-HCQ)
7,824 (HERO-TOGETHER)","1,360 (HERO-HCQ)
7,824 (HERO-TOGETHER)",N/A - no pathogen OMICS data,Not specified,Not specified,No,Yes,,,The HERO Research team invites members of the HERO community and researchers to submit proposals for ancillary projects and publications leveraging the HERO research platform and existing data. ,https://heroesresearch.org/projects_pubs/,No,No - not eligible for FAIRsharing,No DOI assigned,N/A - doesn't have a DOI,Meets 1 criterion only,N/A,Prospective (e.g. same CRF),Repository CRF data entry screen (e.g. REDCap),"Health care professionals (depending on the study type the families, close contacts, or community members)",Individual registration required for data entry,Project Baseline (but unsure for all studies),https://heroesresearch.org/wp-content/uploads/2022/05/Copy-of-2.0-Data-Dictionary_2022-05-11.xlsx,No,No clin-epi standard used,N/A - no OMICs data collected,N/A - no participant level imaging data collected,No,No - resource is closed to new data,"Members of the HERO community and researchers can submit proposals for ancillary projects and publications leveraging the HERO research platform and existing data. An ancillary study is defined as an investigation that is not part of the central, PCORI-funded HERO Trial protocol, but that uses HERO participants, biospecimens, or data collected by HERO. All Ancillary studies should be submitted to the Ancillary Studies committee in a timely fashion to allow review and approval process, including Ancillary Studies committee and Steering committee before submitting to the funding agency. To protect the integrity of the HERO registry and trial, all ancillary studies must be reviewed and approved
before access to data, biospecimens or participants is permitted. The review process is as follows, which is streamlined to reflect the rapid turnaround times necessary:
1. New ancillary study proposals should be sent to the Ancillary Studies Committee via email HEROResearch@duke.edu. The Ancillary Studies coordinating center representative ascertains that the proposal includes adequate information for review.
2. Proposals will entail a three-page structured summary (exclusive of references). The template is included in Appendix A.
3. The Chairs of the Ancillary Studies Committee and its Coordinating Center representative initially screens the ancillary study to determine whether or not issues pertaining to participant burden, blinding, and/or blood laboratory use need to be addressed. The evaluation will be completed in near real-time.
4. Following this intake review, the proposals will be verbally presented to the Ancillary Studies Subcommittee each Friday. Following the meeting and discussion, the proposals will be distributed to the Subcommittee along with a poll to vote to approve or not.
5. The Ancillary Studies Sub-committee will have three days to review and vote.
6. Approved Registry proposals will be shared with the Registry Operations Leads (Emily O’Brien, Laine Thomas, Beth Fraulo) and Registry Sub-committee chair (Chris Forrest) for a feasibility assessment and to
ensure the proposals do not impinge on the stated objectives of the Registry. This review will be completed
in two days.
7. Approved Trial proposals will be shared with the Trial Operations Leads (Susanna Naggie, Adrian Hernandez, Kevin Anstrom) to ensure these proposals do not impinge on the aims of the Trial. Approved Trial proposals will additionally be reviewed by the HERO Data and Safety Monitoring Board (DSMB).
8. Once all approvals have been granted, letters documenting the approval are sent separately from the Chairs of the Ancillary Studies Committee on behalf of the Steering Committee.
9. Significant changes in ancillary studies, such as revised applications, are subject to re-review and approval. If the ancillary study revision does not result in a change in the sample size, participating sites, participant burden, HERO staff use, biospecimen or biorepository use, or the data coordinating center, the executive committee at their discretion can approve the revised submission with an updated memo that endorses the original letters of approval. If changes in the ancillary study include changes in sample size, participating sites, participant burden, biorepository use, HERO staff use, or data coordinating center use, then full review and approval at all levels will be required.
9. Principal investigators of ancillary study proposals should begin their study within 2 months of receiving final approval for their ancillary study. If the proposal is submitted for funding, the PI is required to update the Coordinating Center of the review outcome, including approval for funding or disapproval for funding and plans to re-submit the proposal within one month of receiving a priority score. ",Directions available on the website,https://heroesresearch.org/wp-content/uploads/2021/08/HERO-Ancillary-Studies-Policy-and-Procedures-v2.01-1.pdf,Not specified,No,No,Any group whose application is approved (but members of the Consortium also have to be involved in the project),Participant-level data are being shared,N/A,DAC and platform or registry management team,Information available on the website,https://heroesresearch.org/wp-content/uploads/2021/08/HERO-Ancillary-Studies-Policy-and-Procedures-v2.01-1.pdf,"Reviewers assess the priority of the ancillary study in relation to HERO objectives, and most importantly,
determine its potential impact on the main study. Highest priority will be given to studies that:
- Are consistent with the original purpose of the HERO program;
- Are characterized by innovation, novelty, and clear scientific design;
- Have a HERO program investigator as a full collaborator, taking responsibility for proper conduct of the
study and reporting of data;
- Do not impede the collection of the primary study data;
- Are sufficiently scientifically distinct from previously approved ancillary studies;
- Make a scientific contribution synergistic with other aspects of the study. In addition, priority for studies
requesting blood samples is highest if they:
- Do not make use of samples from those participants with the fewest samples;
- Use small sample volumes; evidence of attempts to minimize volumes are examined by the
Biologic Specimens Committee.
- Can be integrated with other studies to conserve sample or limit freeze-thaw cycles.
- Can use previously thawed samples or provide clear justification for why that is not scientifically
valid",Information available on the website,https://heroesresearch.org/wp-content/uploads/2021/08/HERO-Ancillary-Studies-Policy-and-Procedures-v2.01-1.pdf,Not specified,N/A,Not specified,IRB or ERC approval obtained (The HERO-HCQ trial),https://www.medrxiv.org/content/10.1101/2021.08.19.21262275v1,Yes,Opportunity to participate  ancilliary studies and publications based on the registry's data,N/A - HCPs are the research participants ,Not specified,Not specified,Summary of results available on the website ,"https://heroesresearch.org/wp-content/uploads/2021/10/HERO-HCQ_summary-of-results_31aug2021.pdf

https://heroesresearch.org/together/",
PS,Updated using both survey and website,Participant-level data are not harmonized per survey response.  Data lake approach.,New - April 2022,No,No,No,Yes,SRR,The Scottish Renal Registry,Data lake or dataverse,https://www.srr.scot.nhs.uk/,No,"National registry of patients receiving renal replacement therapy for established renal failure in Scotland. The SRR reports epidemiology, and audits against recommend standards of care, promoting excellence in renal care in Scotland. All NHS Renal Units contribute fully.",Patients recieving receiving renal replacement therapy for established renal failure,Patients recieving receiving renal replacement therapy for established renal failure,Kidney,Patients recieving receiving renal replacement therapy for established renal failure,All ages,GBR (Scotland),Yes,"Public Health Scotland, Scottish Government",Government,Public Health Scotland,GBR (Scotland),phs.srr@phs.scot,Samira Bell,s.t.bell@dundee.ac.uk,Not specified,N/A,Not specified,,"Scottish Renal Association, European Renal Association, The UK Renal Association Renal Information Exchange Group",Not specified,,,"https://bmcnephrol.biomedcentral.com/articles/10.1186/s12882-020-02061-8
        
        
https://jasn.asnjournals.org/content/33/4/677",Yes,No,N/A - no human OMICs data,N/A - no human OMICs data,N/A - no human OMICs data,No,N/A - no pathogen OMICs data,No,N/A - no imaging data,N/A - no imaging data,N/A - no imaging data,N/A - no imaging data,N/A - no imaging data,Longitudinal,Observational data only,Both,Both COVID-19 infected and not infected,Clin-epi,No,"Aberdeen Royal Infirmary
University Hospital Crosshouse, Kilmarnock
Dumfries and Galloway Royal Infirmary
Glasgow Renal & Transplant Unit
University Hospital Monklands, Airdrie
Ninewells Hospital
Victoria Hospital, Kirkcaldy
Raigmore Hospital
Royal Hospital for Children
Royal Infirmary of Edinburgh",https://www.srr.scot.nhs.uk/Renal_Units/Main.html,10 (24.06.22),110 patients receiving RRT in Scotland had a positive COVID-19 test (31.05.20),110 patients receiving RRT in Scotland had a positive COVID-19 test (31.05.20),N/A - no pathogen OMICS data,Not specified,https://publichealthscotland.scot/publications/scottish-renal-registry-covid-19-report/scottish-renal-registry-covid-19-report-10-june-2020/,Yes,No,No,Unsure (regarding COVID data),"This is the first release by Public Health Scotland on data from the 
Scottish Renal Registry (SRR) relating to patients who are receiving 
Renal Replacement Therapy (RRT) for end stage renal disease (ESRD) with a
 positive test of COVID-19.",https://publichealthscotland.scot/publications/scottish-renal-registry-covid-19-report/scottish-renal-registry-covid-19-report-10-june-2020/,No,,No DOI assigned,,,N/A,No harmonization is work is done,Not specified,Affiliated institution,Individual registration required for data entry,Not specified,Not provided,No,No clin-epi standards,N/A - no OMICs data collected,N/A - no participant level imaging data collected,No,Yes,"Interested researchers must complete a electronic Data Research and Innovation Service (eDRIS) new enquiry form and email it to the team at phs.edris@phs.scot. The eDRIS team are a part of Public Health Scotland. They will review the enquiry, advise on feasibility, and provide an estimate of the costs for the work, where applicable. Will also advise on information governance approvals needed to go ahead with the proposal. Must draft a information governance application as much as possible and send this to them so they can assign a Research Co-ordinator (RC) to work with. The eDRIS Research Co-ordinator will arrange delivery of the data, creation of the required indexes and subsequent delivery of all indexes to the linkage agent to create the final linked datasets. The linked data will be sent  in accordance with the permissions agreed with the data controllers for the project. Where applicable, will provide researchers with a secure analytic environment in the national safe haven for the analysis of the research project.",Directions available on the website,https://www.isdscotland.org/Products-and-Services/eDRIS/Research-Proposal/index.asp,Yes,No,Yes,Any group whose application is approved,Participant-level data are being shared,N/A,DAC,Information available on the website,https://www.isdscotland.org/Products-and-Services/eDRIS/Research-Proposal/index.asp,"There are five requirements for becoming an approved researcher:
- All researchers are required to demonstrate appropriate Information Governance training. This training is designed to ensure you are familiar with the policies and procedures governing individual privacy, data protection and freedom of information, as well as the sanctions which may apply in case of a breach of security or confidentiality of data. 
- Your study must have appropriate approvals in place and you should be named in the application or data sharing agreement.
- If using the NSS national safe haven you must read and sign the eDRIS User Agreement. This document outlines all requirements for use of the safe haven including examples of sanctions for breaches. Note that it must also be signed by an authorised signatory from your employing or sponsoring organisation.",Information available on the website,https://www.isdscotland.org/Products-and-Services/eDRIS/FAQ-eDRIS/index.asp#b1,No,N/A,Anonymization,No central IRB or ERC review obtained - up to individual centres,N/A,No,Not specified,"Citation of study team by analyses that use data they contributed 
Online analysis environment",Registry or platform and individual studies that upload data,The Patient Forum ensures that the Scottish Renal Registry represents a wide range of views and concerns of people with ERF and their carers and is a forum where its members can participate and guide the SRR to focus on what matters to them. ,Dashboard and national reports released yearly ,"https://publichealthscotland.scot/publications/scottish-renal-registry/scottish-renal-registry-figures-from-january-to-december-2020/dashboard/
https://publichealthscotland.scot/publications/scottish-renal-registry-covid-19-report/scottish-renal-registry-covid-19-report-10-june-2020/

",
,,,New - April 2022,No,No,No,N/A - doesn't meet inclusion criteria,EuRR-Bone,European Registries for Rare Bone and Mineral Conditions,Registry,https://eurr-bone.com/,No,,,,,,,,,,,,,,,,,,,,,,,,,,,,,,,,,,,,,,,,,,,,,,,,,,,,,,,,,,No,,,,,,,,,,,,,,,,,,,,,,,,,,,,,,,,,,,,,,,,,,,,,
LM,Updated using website,The registry does not provide sufficient information for the extraction of data. ,New - April 2022,No,No,Yes,No,RECOLFACA,Registro colombiano de falla cardiaca,Registry,https://scc.org.co/registro-colombiano-de-falla-cardiaca/,No,Colombian Heart Failure Registry,Cardiovascular diseases,Cardiovascular diseases,Cardiovascular system,Patients with cardiovascular disease,All ages,Americas,Not specified,Not specified,,Colombian Health Registry,COL,"communications@scc.org.co, secretaria@scc.org.co",Juan Esteban Gomez Mesa,"asispresidencia@scc.org.co, 
magazine@scc.org.co, 
accounting@scc.org.co
",registrohf@scc.org.co; ‎,registrohf@scc.org.co; ‎,Not specified,,NOVartis,Not specified,,,https://scc.org.co/wp-content/uploads/2018/10/Registro-colombiano-de-falla-cardiaca-RECOLFACA-metodologia-y-datos-preliminares.pdf,Yes,Unsure,,Not specified,Not specified,No,Not specified,Unsure,,Not specified,Not specified,Not specified,Not specified,Unsure,Clinical trial data only,Unsure,Not specified,Clin-epi,No,Not specified,Not specified,Not specified,Not specified,Not specified,Not specified,Not specified,Not specified,No,Unsure,,,,Unsure,No,Yes - NOT on FAIRsharing,No DOI assigned,N/A - doesn't have a DOI,None of the criteria are met,N/A,Prespecified standard (e.g. DICOM),Repository CRF data entry screen (e.g. REDCap),Health care professionals,Not specified,REDCap,Not specified,Not specified,Not specified,Not specified,Not specified,No,Not specified,Not specified,Not specified,N/A,Not specified,Not specified,No,No data yet available,Not specified,,Not clear,Not specified,Not specified,Not specified,Not specified,Not specified,No,Not specified,Not specified,Not specified,Not specified,Not specified,Not specified,Not specified,Not specified,Not specified,Not specified,Not specified,The registry provides very less informaiton 
,,Data from 1 hospital/ No website ,New - April 2022,No,No,No,N/A - doesn't meet inclusion criteria,CARDIOVID Registry (Registro CARDIOVID),CARDIOVID Registry (Registro CARDIOVID),Registry,Not provided,Yes,,,,,,,,,,,Sociedad Colombiana de Cardiología y Cirugía Cardiovascular,,,,,,,,,,,,,,,,,,,,,,,,,,,,,,,,,,,,,,,,,,,,,,,No,,,N/A,,,,,,,,,,,,,,,,,,,,,,,,,,,,,,,,,,,,,,,,,,
,,No website ,New - April 2022,No,No,No,No,CARDIO COVID 19-20 Registry ,CARDIO COVID 19-20,Registry,Not provided,Yes,"Observational, multicenter, ambispective, and hospital-based registry of patients with confirmed COVID-19 infection who required in-hospital treatment in Latin America",,,,,,,,,,,,,,,Dr. Juan Esteban Gómez-Mesa,juan.gomez.me@fvl.org.co,,,,,,,"
        https://pubmed.ncbi.nlm.nih.gov/33833938/#:~:text=Methods%3A%20The%20CARDIO%20COVID%2019,hospital%20treatment%20in%20Latin%20America.",,,,,,,,,,,,,,,,,,,,,,,,,,,,,,,,,,No,,,,,,,,,,,,,,,,,,,,,,,,,,,,,,,,,,,,,,,,,,,,,
,,No website ,New - April 2022,No,No,No,No,BNP-PL,Polish Registry of Pulmonary Hypertension,Registry,Not provided,No,,,,,,,,,,,,,Not provided,grzegorzkrakow1@gmail.com ,"marcin.kurzyna@ecz-otwock.pl, mroczeke@wp.pl, mroczeke@wp.pl, tatianamularek@wp.pl, tatianamularek@wp.pl",,,,,,,,,https://doi.org/10.3390/jcm9010173,,,,,,,,,,,,,,,,,,,,,,,,,,,,,,,,,,No,,,,,,,,,,,,,,,,,,,,,,,,,,,,,,,,,,,,,,,,,,,,,
PS,Updated using both survey and website,,New - April 2022,No,No,Yes,Yes,DeRegCOVID,Deutsches Register COVID-19 Obduktionen (German COVID-19 Autopsy Registry),Registry,www.DeRegCOVID.ukaachen.de,Yes,The aim of the DeRegCOVID register is to record as many autopsies as possible of COVID-19 patients throughout Germany and then to serve as a central agency for data analysis and research inquiries,General,General,Any,People who died from COVID-19,All ages,DEU,No,Bundesministerium für Gesundheit,Government ,University Hospital RWTH Aachen ,DEU,Covid.Pathologie@ukaachen.de,"Prof. Dr. med. Peter Boor, Ph.D. ",pboor@ukaachen.de,https://www.ukaachen.de/kliniken-institute/institut-fuer-pathologie/register-covid-19-obduktionen/team/,Not specified,Not specified,,"Federal Association of German Pathologists (BDP), German Society for Pathology (DGP)",NATON,,,"DOIs: 
- 10.1016/j.lanepe.2022.100330;
        
        
- 10.1007/s00292-020-00891-9;
        
        
- 10.1007/s00292-020-00897-3
        
        
        
        ",Yes,No,N/A - no human OMICs data,N/A - no human OMICs data,N/A - no human OMICs data,No,N/A - no pathogen OMICs data,No,N/A - no imaging data,N/A - no imaging data,N/A - no imaging data,N/A - no imaging data,N/A - no imaging data,Cross-sectional,Observational data only,Both,COVID-19 infected or suspected only,Clin-epi,No,"University Hospital Aachen,
University Hospital OWL (Bielefeld),
University Hospital Carl Gustav Carus Dresden,
University Hospital Dusseldorf,
University Medicine Goettingen,
University Medicine Heidelberg,
University Medicine Mainz,
Clinic of the University of Munich (LMU Clinic),
Klinikum Rechts der Isar TU Munich,
University Hospital Münster
University Hospital Regensburg,
University Medicine Rostock,
University Hospital Tuebingen,
University Hospital Würzburg,
University Hospital Frankfurt,
University hospital Erlangen,
Charité - University Medicine Berlin,
University Hospital Schleswig-Holstein, Kiel site,
Hannover Medical School,
University hospital Freiburg,
University Hospital Augsburg,
University Hospital Cologne,
University Hospital Halle (Saale),
University Medical Center Hamburg-Eppendorf (UKE),
University Hospital Essen,
University Hospital Gießen and Marburg, site Gießen,
University Hospital Giessen and Marburg, Marburg site,
Bundeswehr Hospital Ulm,
Hospital Magdeburg,
Clinic Dortmund,
Agaplesion Diakonieklinikum Rotenburg,
Group practice for pathology Dresden",https://www.ukaachen.de/kliniken-institute/institut-fuer-pathologie/register-covid-19-obduktionen/beteiligte-zentren/,32 (27.05.22),Not specified,Not specified,N/A - no pathogen OMICS data,Not specified,N/S,,,,,,,No,Yes - NOT on FAIRsharing,No DOI assigned,N/A - doesn't have a DOI,Meets 1 criterion only,N/A,Prospective (e.g. same CRF),Repository CRF data entry screen (e.g. REDCap),Health care professionals,Hospital - Centre - Institution registration required for data entry,LibreClinica,Not provided,No,No clin-epi standard used,N/A - no OMICs data collected,N/A - no participant level imaging data collected,No,Yes,Can apply to use the data and biomaterials using this application form: https://www.ukaachen.de/kliniken-institute/institut-fuer-pathologie/register-covid-19-obduktionen/fuer-forschungsanfragen/ which then has to be approved by a DAC and the registry's management team,Directions available on the website,https://www.ukaachen.de/kliniken-institute/institut-fuer-pathologie/register-covid-19-obduktionen/fuer-forschungsanfragen/,No,None,No,Any group whose application is approved,Participant-level data are being shared,N/A,DAC and platform or registry management team,Information not available on website (provided through additional contact),N/A,Clinical or public health-related importance,Information not available on website (provided through additional contact),N/A,No,N/A,De-identification,No central IRB or ERC review obtained - up to individual centres,N/A,No,Not specified,Citation of study team by analyses that use data they contributed,Registry or platform and individual studies that upload data,None,None,N/A,
SA,Updated using website,,New - April 2022,No,No,Yes,No,UKRR,UK Renal Registry,Registry,https://ukkidney.org/about-us/who-we-are/uk-renal-registry,No,Improving lives by supporting professionals in the delivery of kidney care and research,Renal disease,Renal disease,Kidney,Patient with kidney diseases,≥18 years,GBR (UK),Yes,Not specified,Not specified,"The UK Kidney Association, Bristol, UK",GBR (UK),info@kidneycareuk.org,Not provided,Not provided,Not specified,https://ukkidney.org/contact-us,Not specified,,"British Association for Paediatric Nephrology (BAPN), Northern Ireland Nephrology Forum, Welsh Renal Clinical Network","National Registry of Rare Kidney Diseases (RaDaR), Scottish Renal Registry ",,,https://doi.org/10.1159/000360023,Yes,No,N/A - no human OMICs data,N/A - no human OMICs data,No,No,N/A - no pathogen OMICs data,No,N/A - no imaging data,N/A - no imaging data,N/A - no imaging data,N/A - no imaging data,N/A - no imaging data,Cross-sectional,Observational data only,Both,COVID-19 infected or suspected only,Clin-epi,No,,,,,,,,,,,,,,,No,Yes - NOT on FAIRsharing,No DOI assigned,N/A - doesn't have a DOI,Meets 2 of 4 criteria,N/A,Retrospective,Transferred directly from EHRs,Affiliated institution,Hospital - Centre - Institution registration required for data entry,N/A,Not provided,No,Not specified,N/A - no OMICs data collected,N/A - no participant level imaging data collected,No,Yes,"Aggregate level (anonymised) data
Aggregate data include tables and graphs based on statistical analyses. To access aggregate data complete the application form and return it to ukrr-research@ukkidney.org 

You will be notified of the UKRR’s decision within two weeks. If your request is approved, the delivery of the data will require at least a further two weeks. 

Patient level (pseudonymised) data 
To access patient level data: 

Submit an expression of interest (EoI) to ukrr-research@ukkidney.org.
The EoI will be reviewed by our Data Review Group and you will be notified of the outcome within two weeks.
If your EoI is approved you will be invited to submit a full application form and data protection impact assessment (DPIA) for assessment at the next available UKRR Data Review Group meeting. Applications need to be received at least four weeks in advance of a meeting. If an application is received any closer than four weeks in advance it may not be assessed until the following meeting.
You will be notified of the outcome of your application and provided with any feedback within two weeks of the meeting.
If your application is approved, we will invite you to a meeting to discuss next steps and timelines. We will ask you to sign a data sharing agreement prior to the release of any data.",Directions available on the website,https://ukkidney.org/audit-research/how-access-data/ukrr-data,Yes,Not specified,Yes,Any group whose application is approved (but not for commercial research and outside the EEA),Participant-level data are being shared,N/A,DAC,Information available on the website,https://ukkidney.org/audit-research/how-access-data/ukrr-data,Not specified,Information not available on website,N/A,Not specified,N/A,Pseudonymization and anonymization,EMR data collected in routine care therefore deemed exempt from IRB or ERC review,https://ukkidney.org/audit-research/data-permissions/legal-ethical-permissions/secondary-use-permissions,No,Not specified,Acknowledgement and citation in publications,Registry or platform and individual studies that upload data,Has an active patient council. The UK Kidney Association (UKKA) patient council helps to connect the UKKA with people whose lives are directly affected by kidney disease.,Reports (not real-time) available on website,https://ukkidney.org/audit-research/reports,
,,No website ,New - April 2022,No,No,No,No,Spanish CKD Working Group Registry,Spanish CKD Working Group Registry,Registry,Not provided,,,Dialysis and kidney transplant patients,Kidney disease,,,,,,,,,,Not provided,"Ander Vergara Anna, María José Soler (Val de Hebron U Hospital) avergara@vhebron.net",(EMAIL DOESNT WORK molina@rosa-clara.com),,,,,,,,,https://academic.oup.com/ndt/article/36/Supplement_1/gfab145.002/6289465?login=false,,,,,,,,,,,,,,,,,,,,,,,,,,,,,,,,,,No,,,,,,,,,,,,,,,,,,,,,,,,,,,,,,,,,,,,,,,,,,,,,
LM,Updated using website - LM checked,Could not find webiste.  LM checked again.,New - April 2022,No,No,No,No,CoRe - ADHOK,Coronavirus-Tumorregisters (CoRe) der Arbeitsgemeinschaft Deutscher Hämatologen und Onkologen im Krankenhaus (ADHOK),Registry,https://www.adhok.de/home.html,No,Tumor diseases,Tumor diseases,Tumor diseases,General,,All ages,DEU,Not specified,Not specified,Not specified,Not specified,DEU,Not specified,Not specified,Not specified,Not specified,"avergara@vhebron.net (try contacting him, first author on related paper)",Not specified,,Not specified,Not specified,,,https://doi.org/10.1002%2Fcam4.4023,Unsure,Unsure,,Not specified,Not specified,Unsure,Not specified,Unsure,,Not specified,Not specified,Not specified,Not specified,Unsure,Not specified,Unsure,Not specified,,No,Not specified,Not specified,Not specified,Not specified,Not specified,Not specified,Not specified,Not specified,,Unsure,,,,Unsure,No,,,,,N/A,Retrospective,Not specified,,Not specified,Not specified,Not specified,,Not specified,Not specified,Not specified,,,Not specified,Not specified,Not specified,Not specified,,,Not specified,Not specified,,Not specified,Not specified,Not specified,Not specified,Not specified,Not specified,No,Not specified,Not specified,Not specified,Not specified,Not specified,Not specified,Not specified,Not specified,Not specified,Not specified,Not specified,
LM,Updated using website,I reviewed the eCRFs. First I thought this is not patient-level data.  Now I am not sure.,New - April 2022,No,No,Yes,No,ELITA/ELTR COVID-19 Registry,European Liver Transplant Registry,Registry,http://www.eltr.org/,No,Primary disease leading to liver transplantation,Primary disease leading to liver transplantation,Primary disease leading to liver transplantation,Leading to liver transplant,General,All ages,Worldwide,Yes,ELITA and the Paul Brousse University Hospital,Professional,http://www.eltr.org/spip.php?page=centers-tous,Worldwide,http://www.eltr.org/Contact.html,Wojciech G. Polak,w.polak@erasmusmc.nl,http://www.eltr.org/Contact.html,http://www.eltr.org/Data-management.html,1986,,European Liver and Intestine Transplantation Association (ELITA) ,ELTR Coordinating Committee (ELTR-CC),,,https://onlinelibrary.wiley.com/doi/10.1111/tri.13680,Yes,No,N/A - no human OMICs data,N/A - no human OMICs data,N/A - no human OMICs data,No,N/A - no pathogen OMICs data,No,N/A - no imaging data,N/A - no imaging data,N/A - no imaging data,N/A - no CT data,N/A - no imaging data,Cross-sectional,Observational data only,Unsure,Not specified,Clin-epi,No,http://www.eltr.org/spip.php?page=centers-tous,http://www.eltr.org/spip.php?page=centers-tous,http://www.eltr.org/spip.php?page=centers-tous,Not specified,148241 as of June 2020,Not specified,Not specified,Not specified,No,Yes,,,"Software, questionnaires, validation routines and statistics are located on a central server, which can be accessed from participating transplant centers with a standard internet browser.",Yes,No,Yes - NOT on FAIRsharing,No DOI assigned,No,Meets 1 criterion only,N/A,Prospective (e.g. same CRF),Repository CRF data entry screen (e.g. REDCap),Affiliated institution,Hospital - Centre - Institution registration required for data entry,SurveyMonkey and SAS,http://www.eltr.org/Data-management.html,Not specified,No clin-epi standard used,N/A - no OMICs data collected,N/A - no participant level imaging data collected,No,Not specified,http://www.eltr.org/Specific-results-by-disease.html,Directions available on the website,http://www.eltr.org/Special-request-guidelines.html,Yes,,No,Only groups that contributed data or are otherwise part of the consortium,Not specified,,Not clear,Information available on the website,http://www.eltr.org/Data-management.html,http://www.eltr.org/Data-management.html,Information available on the website,,No,Not specified,Not specified,Not specified,,Not specified,Insights on the impact of COVID-19 from a registry/platform associated patient survey,,Not specified,http://www.eltr.org/Data-management.html,http://www.eltr.org/Specific-results-by-disease.html,http://www.eltr.org/Specific-results-by-disease.html,
,,,New - April 2022,No,No,No (No info on COVID-19 data),No,MIG,Melbourne Interventional Group Registry,Registry,https://mig.registry.org.au/Views/Home/Login.aspx,No,,,,,,,,,NHMRC Centre of Research Excellence in Cardiovascular Outcomes Improvement,Government,,,,Christopher Reid,Chris.Reid@monash.edu,Angela Brennan,angela.brennan@monash.edu,,,,,,,,,,,,,,,,,,,,,,,,,,,,,,,,,,,,,,,,,No,,,,,,,,,,,,,,,,,,,,,,,,,,,,,,,,,,,,,,,,,,,,,
PS,Updated using both survey and website,"RG fillen out some, someone double check - spanish",New - April 2022,No,No,Yes,Yes,ECMO-COVID,el Registro Español ECMO-COVID de la Sociedad Española de Cirugía Cardiovascular y Endovascular (SECCE),Registry,http://sectcv.es/registro-ecmo-covid-de-la-secce/,Yes,To collect data from patients diagnosed with COVID-19 who are in neeed of ECMO,ECMO,ECMO,Heart and lungs,Patient with cardiovascular and respiratory disease,> 18 years,ESP,Yes,N/A - no funding received,N/A - no funding received,Servicio de Cirugía Cardiaca de León,ESP,Not specified,Not specified,Not specified,Mario Castaño,marioborg.mario@gmail.com,May 2020,,La Sociedad Española de Cirugía Cardiovascular y Endovascular (SECCE),EURO-ELSO (uses the same variables as eCRF from EuroELSO),,,https://doi.org/10.1016/j.circv.2022.01.007,Yes,No,N/A - no human OMICs data,N/A - no human OMICs data,N/A - no human OMICs data,No,N/A - no pathogen OMICs data,No,N/A - no imaging data,N/A - no imaging data,N/A - no imaging data,N/A - no imaging data,N/A - no imaging data,Longitudinal,Observational data only,Hospitalized for COVID-19 only,COVID-19 infected or suspected only,Clin-epi,No,,,,,,,,,,No,,,,,No,Yes - NOT on FAIRsharing,No DOI assigned,N/A - doesn't have a DOI,None of the criteria are met,N/A,Prospective (e.g. same CRF),Repository CRF data entry screen (e.g. REDCap),Health care professionals,Individual registration required for data entry,Google Sheets,Not specified,No,Not specified,N/A - no OMICs data collected,N/A - no participant level imaging data collected,No,No - resource is closed to new data,Not specified,Directions not available on the website,N/A,No,Not specified,No,Any group whose application is approved,Participant-level data are being shared,N/A,DAC and platform or registry management team,Information not available on website (provided through additional contact),N/A,Contribution of data to repository; providing capacity building opportunities to data contributors; study team has approved ethics approval for proposed analysis,No - Information not available on website or provided through survey,N/A,No,N/A,Anonymization,No central IRB or ERC review obtained - up to individual centres,N/A,No,None,None,Registry or platform and individual studies that upload data,None,None,,
,,,New - April 2022,No,No,No - Duplicate ,N/A - duplicate ,ELSO Registry (EuroELSO),Extracorporeal Life Support Organization Registry,Registry,https://www.elso.org/Registry.aspx,No,ECMO use; includes EuroELSO Survey on ECMO use,,,,,,,,,,,,,,,,,,,,,,,,,,,,,,,,,,,,,,,,,,,,,,,,,,,,,,,,,No,,,,,,Prospective,,,,,https://www.euroelso.net/covid-19/covid-19-survey/,,,,,,,,,,,,,,,,,,,,,,,,,,,,,,,,,,
LM,,No mention of COVID on website. LM checked this and emailed them to double check.,New - April 2022,No,No,No,No,Norwegian Cause of Death Registry,Norwegian Cause of Death Registry,Registry,https://www.fhi.no/en/hn/health-registries/cause-of-death-registry/,No,,,,,,,,,,,,,datatilgang@fhi.no ,Not provided,Not provided,,,,,,,,,,,,,,,,,,,,,,,,,,,,,,,,,,,,,,,,,,,No,,,,,,,,,,,,,,,,,,,,,,,,,,,,,,,,,,,,,,,,,,,,,
,,No website ,New - April 2022,No,No,No,No,German Society for Thoracic and Cardiovascular Surgery Registry,German Society for Thoracic and Cardiovascular Surgery Registry,Registry,Not provided,No,,,,,,,,,,,,,Not provided,gf@dgthg.de,Not provided,,,,,"German Society for Thoracic and
Cardiovascular Surgery (GSTCVS)",,,,https://doi.org/10.1055/s-0041-1730374,,,,,,,,,,,,,,,,,,,,,,,,,,,,,,,,,,No,,,,,,,,,,,,,,,,,,,,,,,,,,,,,,,,,,,,,,,,,,,,,
RG,Updated using website,,New - April 2022,No,No,Yes,No,Deutsches COVID-19-Register für Patienten mit entzündlich-rheumatischer Erkrankung,Deutsches COVID-19-Register für Patienten mit entzündlich-rheumatischer Erkrankung (German COVID-19 registry for patients with inflammatory rheumatic disease),Registry,https://www.covid19-rheuma.de/,Yes,,COVID-19 infection in patients with inflammatory rheumatic disease ,Inflammatory rheumatic disease,Any,All patients with inflammatory rheumatic disease,All ages,DEU,Yes,Deutsche Rheuma-Liga Bundesverband e.V.,Professional Organization,Justus-Liebig Universität Gießen,DEU,mail@covid19-rheuma.de,Prof. Dr. med. Ulf Müller-Ladner,Not specified,Dr. med. Rebecca Hasseli,mail@covid19-rheuma.de,March (year not specified - I think 2020),,Deutsche Gesellschaft für Rheumatologie (German Society for Rheumatology),"COVID-19 Global Rheumatology Alliance, Register der EULAR ",,,https://dgrh.de/Start/Wissenschaft/Forschung/COVID-19/Register-COVID-19-Rheuma-–-monatliches-UpDate-/UpDate-Mai-2023.html,Yes,No,N/A - no human OMICs data,N/A - no human OMICs data,N/A - no human OMICs data,No,N/A - no pathogen OMICs data,No,N/A - no imaging data,N/A - no imaging data,N/A - no imaging data,N/A - no imaging data,N/A - no imaging data,Cross-sectional,Observational data only,Both,COVID-19 infected or suspected only,Clin-epi,No,Not provided,N/A,Not specified,"5554 (as of August 16, 2022)","5554 (as of August 16, 2022)",N/A,"Demographics by Bundesland and age, infection status, type of rheumatic disease, medication use, infection outcomes and course of disease",https://www.covid19-rheuma.de ; https://dgrh.de/dam/jcr:285b8b70-fb23-4369-9dc7-6874bcd5b318/COVID19_Update_05-2022.pdf,Yes,Unsure,Yes,Unsure,"Die Daten dieses deutschen Registers sollen unter Wahrung des Datenschutzes soweit möglich auch entsprechenden internationalen Projekten, z. B. dem Register der „COVID-19 Global Rheumatology Alliance“ und dem Register der EULAR zeitnah durch die DGRh zu Verfügung gestellt werden, um einen Überblick und Verständnis von Besonderheiten aus verschiedenen Regionen zu erlangen.",https://www.covid19-rheuma.de/arzt-information,No,Yes - NOT on FAIRsharing,No DOI assigned,N/A - doesn't have a DOI,None of the criteria are met,N/A,Prospective (e.g. same CRF),Provided CRF,Health care professionals and patients,Individual registration required for data entry,N/A,https://www.covid19-rheuma.de/pdf/neuer-patient-20200430pc9976f.pdf,Not specified,No clin-epi standard used,N/A - no OMICs data collected,N/A - no participant level imaging data collected,No,Yes,"Data will be shared with other registries (COVID-19 Global Rheumatology Alliance, Register der EULAR ), but not with individual researchers nor hospitals",Participant-level data will not be shared,N/A,Participant-level data will not be shared,N/A,Participant-level data will not be shared,Participant-level data will not be shared,Participant-level data will not be shared,,Participant-level data will not be shared,Participant-level data will not be shared,N/A,Participant-level data will not be shared,Participant-level data will not be shared,N/A,Yes,"Recruitment through website: after signing up, patients are called on the phone to provide data. Broad consent form is available on website and requires signature. ",Pseudonymization,Not specified,N/A,No,Insights on the impact of COVID-19 from a registry/platform associated patient survey,No benefit sharing for study teams specified,Not specified,Not specified,"Basic dashboards, stated that there are monthly updates although it seems updates are available every few months",https://dgrh.de/Start/Wissenschaft/Forschung/COVID-19/Register-COVID-19-Rheuma-–-monatliches-UpDate-.html,
LM,Updated using website,,New - April 2022,No,No,Yes,No,DESH,Deutscher Elektronischer Sequenzdaten-Hub (German Electronic Sequence Data Hub),Platform,https://www.rki.de/DE/Content/InfAZ/N/Neuartiges_Coronavirus/DESH/DESH.html,No,Coronavirus infection,General,General,Any,General,All ages,DEU,No,Not specified,Not specified,Gesundheitsämter an das Robert Koch-Institut (RKI) ,DEU,edoc@rki.de,Not provided,Not provided,DEMIS-Geschäftsstelle,desh@rki.de,"January 1st, 2021",,Robert Koch Institute,https://www.rki.de/DE/Content/InfAZ/N/Neuartiges_Coronavirus/DESH/DESH.html;jsessionid=4E8B785429BA223178E0A09AA6AD0215.internet082?nn=13490888#doc15320782bodyText7,,,"(ENA [ https://www.ebi.ac.uk/ena/browser/home ], GISAID [ https://www. gisaid.org/ ]) ",Yes,No,N/A,Not specified,Not specified,Yes,Yes,Unsure,Unsure,Not specified,Not specified,Not specified,Not specified,Cross-sectional,Observational data only,Unsure,COVID-19 infected or suspected only,Clin-epi - Pathogen OMICs (linked),Yes,"DEMIS, BMG , gematik and Fraunhofer FOKUS",https://www.rki.de/DE/Content/Infekt/IfSG/DEMIS/DEMIS_node.html;jsessionid=AD0F3261BFF81A1B482FC836C947FF08.internet091,Not specified,https://www.rki.de/DE/Content/InfAZ/N/Neuartiges_Coronavirus/DESH/DESH.html;jsessionid=4E8B785429BA223178E0A09AA6AD0215.internet082?nn=13490888#doc15320782bodyText7,https://www.rki.de/DE/Content/InfAZ/N/Neuartiges_Coronavirus/DESH/DESH.html;jsessionid=4E8B785429BA223178E0A09AA6AD0215.internet082?nn=13490888#doc15320782bodyText7,Full genome sequence data,"transmit sequence data "" masked "" FASTA files in which missing values ​​are replaced by an ""N"".","Sampling date, region (from the zip code of the diagnostic laboratory), sampling strategy (random, suspect, ...), sequencing technique (ILLUMINA, ION_TORRENT, ...) and sample type (s001, s002) are transmitted to the sequence. Case data such as gender and age are not transmitted or are set to "" unknown "".",Yes,Yes,,,The data are made available in the ENA and GISAID repositories.,Yes,No,Yes - NOT on FAIRsharing,No DOI assigned,N/A - doesn't have a DOI,Meets 2 of 4 criteria,N/A,Data has to be uploaded in specific formats,Prespecified standard (e.g. DICOM),Health care professionals,Individual registration required for data entry,Bundesdruckerei's service portal,https://www.rki.de/DE/Content/InfAZ/N/Neuartiges_Coronavirus/DESH/Anleitung-Bereitstellung-Sequenzdaten.pdf?__blob=publicationFile,Not specified,No clin-epi standard used,No OMICs standard used,No imaging standard used,No,Yes,The data are made available in the ENA and GISAID repositories,Directions available on the website,https://www.rki.de/DE/Content/InfAZ/N/Neuartiges_Coronavirus/DESH/DESH.html;jsessionid=4E8B785429BA223178E0A09AA6AD0215.internet082?nn=13490888#doc15320782bodyText7,Yes,Not provided,Yes,Open access,Participant-level data are being shared,"A web-based solution for sequence data transfer will be offered permanently for all laboratories.

",Open access,Information available on the website,"Laboratories can find and download the sequences they originate from in GISAID using the demis_transaction_id (/IMS_ID). To do this, please use the search function "" sample ID given by the originating lab "".","Laboratories can find and download the sequences they originate from in GISAID using the demis_transaction_id (/IMS_ID). To do this, please use the search function "" sample ID given by the originating lab "".",Information available on the website,https://www.rki.de/DE/Content/InfAZ/N/Neuartiges_Coronavirus/DESH/DESH.html;jsessionid=4E8B785429BA223178E0A09AA6AD0215.internet082?nn=13490888#doc15320782bodyText7,Yes,Laboratories ccontribute the data,N/A - only pathogen OMICs data collected,Not specified,Not specified,No,Not specified,"precise knowledge of the properties of SARS-CoV-2, which determine the basic reproduction number and mortality, is of central importance",Not specified,No community engagement,"It is expressly desired that the RKI makes the data available to the specialist public. The data are made available in the ENA and GISAID repositories. In order to enable the laboratories to subsequently identify the sequence data they have sent, there will be a public key for each sample in phase 2, which will enable them, as the sequencing laboratory, to find their data in these repositories.","publicly accessible repositories (ENA [ https://www.ebi.ac.uk/ena/browser/home ], GISAID [ https://www. gisaid.org/ ]) ",
RG,Updated using website,Could not find anything on data access (who & how),New - April 2022,No,No,Yes,No,ADJUMED COVID-19 Register,ADJUMED COVID-19 Register,Registry,https://adjumed.com/support/familie-covid-19/,Yes,,General,General,Any,General,All ages,CHE,No,T-Stiftung,Professional Organization,Adjumed,CHE,c19reg@adjumed.ch,Dr. Luzi Rageth,Not specified,Not specified,N/A,March 2020,,"Arbeitsgemeinschaft für Qualitätssicherung in den Chirurgischen Disziplinen (AQC), Adjumed Services AG, Muller Healthcare Consulting, OpenData.ch",N/A,,,https://adjumed.com/impact-first-covid-19-shutdown-traumatological-patients-switzerland/,Yes,No,N/A - no human OMICs data,N/A - no human OMICs data,N/A - no human OMICs data,No,N/A - no pathogen OMICs data,No,N/A - no imaging data,N/A - no imaging data,N/A - no imaging data,N/A - no imaging data,N/A - no imaging data,Both,Observational data only,Hospitalized for COVID-19 only,COVID-19 infected or suspected only,Clin-epi,No,Not provided,N/A,Not specified,Not specified,Not specified,N/A,Not available,N/A,No,Yes,,,"Zusammen generieren Patienten wie Behandler einen öffentlich zugänglichen (Open Data) Datenpool, welcher bei der Bekämpfung des Virus und der Verbesserung der Behandlung und Nachbetreuung hilft.",https://c19reg.org,No,Yes - NOT on FAIRsharing,No DOI assigned,N/A - doesn't have a DOI,None of the criteria are met,N/A,Prospective and retrospective,Provided eCRF and data are extracted from the EHRs and added to the CRF,Health care professionals and patients,Individual registration required for data entry,adjumed.net,https://adjumed.com/download/projekte/covid19/covid19register_medizinischer_fragebogen.pdf,Not specified,No clin-epi standard used,N/A - no OMICs data collected,N/A - no participant level imaging data collected,No,Yes,Not specified,Directions not available on the website,N/A,Not specified,N/A,No,Any group whose application is approved,Participant-level data are being shared,N/A,Not specified,Information not available on website,N/A,Not specified,Information not available on website,N/A,Yes,N/A,Anonymization,Not specified,N/A,Yes,Not specified,Not specified,Not specified,Not specified,Not provided,N/A,
,,Registry of studies,New - April 2022,No,No,No,N/A - doesn't meet inclusion criteria,PORTAIL EPIDEMIOLOGIE - FRANCE | HEALTH DATABASES,PORTAIL EPIDEMIOLOGIE - FRANCE | HEALTH DATABASES,Registry of studies,https://epidemiologie-france.aviesan.fr/,Yes,,,,,,,,,,,,,,,,,,,,,,,,,,,,,,,,,,,,,,,,,,,,,,,,,,,,,,,,,,No,,,,,,,,,,,,,,,,,,,,,,,,,,,,,,,,,,,,,,,,,,,,,
LM,Updated using website,,New - April 2022,No,No,Yes,No,Danish National Patient Registry,Danish National Patient Registry,Registry,https://econ.au.dk/the-national-centre-for-register-based-research/danish-registers/the-national-patient-register,No,General,General,General,Any,General,All ages,DEU,No,Not specified,Not specified,"The Danish Health Data Authority

",Europe,Not provided,morten.schmidt@clin.au.dk ,Not provided,Erik Villadsen,erv@sundhedsdata.dk,1977,,Danish Psychiatric Central Research Register in Aarhus.,Danish Psychiatric Central Research Register in Aarhus.,,,https://www.ncbi.nlm.nih.gov/pmc/articles/PMC4655913/,Yes,No,N/A,Yes,Yes,No,No,Unsure,Unsure,No,No,Unsure,Unsure,Longitudinal,Observational data only,Hospitalized for COVID-19 only,Not specified,Clin-epi,No,"The Danish Health Data Authority

","The Danish Health Data Authority

","The Danish Health Data Authority

",Not Specified,Not specified,Not specified,cause of passive waiting periods as well as supplementary information regarding births.,https://econ.au.dk/the-national-centre-for-register-based-research/danish-registers/the-national-patient-register,No,Yes,Rather yes,Yes,"All psychiatric departments also submit reports to the register, from which the information is passed on to the Danish Psychiatric Central Research Register in Aarhus. //
The aim of the register:
- To form the basis for the Danish Health Authority’s ongoing hospital statistics and to provide the public institutions responsible for the hospital planning with the necessary basis for decision-making
 - To provide basic material in connection with the supervision of the frequency of various diseases and treatments
 - To contribute to medical research and quality assurance
//
Accessing the data: Contact the Danish Health Authority",Yes,No,Yes - NOT on FAIRsharing,No DOI assigned,N/A - doesn't have a DOI,None of the criteria are met,N/A,Not specified,Not specified,Health care professionals,Hospital - Centre - Institution registration required for data entry,Monthly reports ,Not specified,No,Not specified,N/A,N/A,No,Yes,Contact the Danish Health Authority,Directions available on the website to a limited extent,Contact the Danish Health Authority,No,N/A,No,Any group whose application is approved,Not specified,N/A,DAC,Information available on the website to a limited extent,https://econ.au.dk/the-national-centre-for-register-based-research/danish-registers/the-national-patient-register,"Information on the total number of discharges, outpatient contacts and emergency department contacts in a calendar year cannot be expected for data processed in the autumn until the following year.",Information available on the website,https://econ.au.dk/the-national-centre-for-register-based-research/danish-registers/the-national-patient-register,No,Not specified,Not specified,Not specified,N/A,Not specified,Not specified,"To form the basis for the Danish Health Authority’s ongoing hospital statistics and to provide the public institutions responsible for the hospital planning with the necessary basis for decision-making
- To provide basic material in connection with the supervision of the frequency of various diseases and treatments
- To contribute to medical research and quality assurance",Not specified,Information of registry is based on monthly reports from hospitals,N/A,Not specified,
LM,Updated using website,email needed,New - April 2022,No,No,Yes,No,Danish Cause of Death Registry,Danish Cause of Death Registry,Registry,https://econ.au.dk/the-national-centre-for-register-based-research/danish-registers/the-register-of-causes-of-death,No,Deathregistry,General,General,Any,General,All ages,DEU,Yes,Not specified,Not specified,"The Danish Health Data Authority

",Europe,Not provided,(EMAIL DOESNT WORK khl@niph.dk),Not provided,Claudia Ranneries,clra@sundhedsdata.dk (email did not work),Since 1973,,"The Danish Health Data Authority

",https://sundhedsdatastyrelsen.dk/dar,,,https://doi.org/10.1177/1403494811399958,Yes,No,N/A - no human OMICs data,N/A - no human OMICs data,No,No,N/A - no pathogen OMICs data,No,N/A - no imaging data,N/A - no imaging data,N/A - no imaging data,N/A - no imaging data,N/A - no imaging data,Cross-sectional,Observational data only,Unsure,Unsure,Clin-epi,No,Danish Health Data Agency ,https://sundhedsdatastyrelsen.dk/dar,N/A,https://sundhedsdatastyrelsen.dk/dar,Not specified,Not specified,Not specified,Not specified,No,Yes,,,"Data from the Cause of Death Register is, for example, used for statistics in both national and international analyzes and is therefore of great importance in connection with research and monitoring of health.",Yes,No,Yes - NOT on FAIRsharing,No DOI assigned,N/A - doesn't have a DOI,Meets 2 of 4 criteria,N/A,Prespecified standard (e.g. DICOM),Prespecified standard (e.g. DICOM),Researchers and Public health authorities,Not specified,Not specified,https://sundhedsdatastyrelsen.dk/dar,No,Not specified,Not specified,Not specified,No,Yes,https://sundhedsdatastyrelsen.dk/dar,Directions available on the website,https://sundhedsdatastyrelsen.dk/dar,Yes,Not specified,Yes,Not specified,Not specified,,Not clear,Not specified,N/A,Not specified,Not specified,Not specified,No,Not specified,Not specified,Not specified,Not specified,Not specified,Not specified,"The Danish Health Data Agency collects information on all deaths in a register called the Cause of Death Register, which, among other things, is used in connection with research, analysis and monitoring of Danes' health.

",Not specified,Not specified,Not specified,Not specified,
,Updated including survey response,No website ,New - April 2022,No,No,No,Yes,NMSRI,Nationwide MS Registry of Iran,Registry,Not provided,No,Initiated for collecting epidemiological data and information on health care provision for patients with MS,Multiple sclerosis,Multiple sclerosis,CNS,People with MS,All ages,IRN,No,Not specified,"Government, University",Multiple Sclerosis Research Center,IRN,Not provided,Sharareh Eskandarieh,sh_eskandarieh@yahoo.com ,Not specified,N/A,Not specified,,MS Society,None,,,"https://doi.org/10.1186/s12883-022-02609-
        
        1
https://doi.org/10.18502/cjn.v20i4.8351
https://doi.org/10.1016/j.msard.2019.06.009
        
        ",Yes,No,N/A,N/A - no human OMICs data,N/A - no human OMICs data,No,N/A - no pathogen OMICs data,No,N/A,N/A - no imaging data,N/A - no imaging data,N/A - no imaging data,N/A - no imaging data,Cross-sectional,Observational data only,Both,Both,Clin-epi,No,Not specified,Not specified,Not specified,Not specified,Not specified,N/A - no pathogen OMICs data,Not specified,Not specified,,,,,,,No,Haven't yet asked Delphine,No DOI assigned,N/A,,N/A,Retrospective,Any format,Health care professionals,Hospital - Centre - Institution registration required for data entry,N/A,Not provided,No,Medical Dictionary for Regulatory Activities (MedDRA) ,N/A - no OMICs data,N/A - no imaging data ,Yes,Yes,Submit a proposal that will then have to be approved by a DAC that includes data contributors ,Directions not available on the website (provided through additional contact),N/A,No,None,No,Any group whose application is approved,Participant-level data are being shared,N/A,DAC that includes data contributors,Information not available on website (provided through additional contact),N/A,"- Clinical or public health-related importance
- Study team has received ethics approval for proposed analysis",Information not available on website (provided through additional contact),N/A,No,N/A,Anonymization,IRB or ERC approval obtained,N/A,No,Not specified,Citation of study team by analyses that use data they contributed ,Registry or platform and individual studies that upload data,Not specified,Not specified,N/A,
LM,Updated using website,,New - April 2022,No,No,Yes,No,Swedish National Patient Registry,Swedish National Patient Registry,Registry,https://www.lupop.lu.se/lupop-researchers/population-data/swedish-registers/swedish-national-patient-register,No,General,General,General,Any,Population with healthcare issues in inpatient and outpatient specialist care,All ages,Europe,Not specified,Not specified,Not specified,Lund University,SWE,lupop@ed.lu.se,anna.axmon@med.lu.se,jonas.bjork@med.lu.se,Page manager: anna.axmon@med.lu.se ,"patientregistret@socialstyrelsen.se

",patient register was established in 1964 but became nationwide from 1987,,National Patient Register (NPR),https://www.socialstyrelsen.se/en/statistics-and-data/registers/national-patient-register/,,,https://www.socialstyrelsen.se/en/publications/,Yes,No,N/A - no human OMICs data,N/A - no human OMICs data,N/A - no human OMICs data,No,N/A - no pathogen OMICs data,No,N/A - no imaging data,N/A - no imaging data,N/A - no imaging data,N/A - no imaging data,N/A - no imaging data,Longitudinal,Observational data only,Both,Unsure,Clin-epi - human OMICs (linked),No,in-patient care in Sweden and Since 2001 the register also covers outpatient doctor visits including day surgery and psychiatric care from both private and public caregivers,https://www.socialstyrelsen.se/en/statistics-and-data/registers/national-patient-register/,21 county councils in Sweden & patient caregivers,Not specified,Not specified,Not specified,https://www.socialstyrelsen.se/globalassets/sharepoint-dokument/dokument-webb/statistik/information-in-the-national-patient-register.pdf,https://www.socialstyrelsen.se/globalassets/sharepoint-dokument/dokument-webb/statistik/information-in-the-national-patient-register.pdf,No,Unsure,Unsure,Unsure,here still is an assessment that the quality of the data is not good enough for using the data for general analysis and research.[JS: I haven't found that statement explicitly],Yes,No,Yes - NOT on FAIRsharing,No DOI assigned,N/A - doesn't have a DOI,Meets 1 criterion only,N/A,Prospective (e.g. same CRF),Repository CRF data entry screen (e.g. REDCap),Health care professionals,Not specified,Filip,https://www.socialstyrelsen.se/statistik-och-data/register/patientregistret/,Yes (Other - then specify),No clin-epi standard used,N/A - no OMICs data collected,N/A - no participant level imaging data collected,No,Not specified,By ordering data and statistics through link povided under website,Directions available on the website,https://www.socialstyrelsen.se/statistik-och-data/register/patientregistret/,Not specified,Not specified,No,Any group whose application is approved,Not specified,,DAC,Information not available on website,N/A,https://www.socialstyrelsen.se/statistik-och-data/register/patientregistret/,Information available on the website to a limited extent,https://www.socialstyrelsen.se/statistik-och-data/register/patientregistret/,Not specified,Not specified,Not specified,IRB or ERC approval obtained,The law and regulation regulate what information may be in the register as well as the obligation for those who provide health care to submit information to the patient register.,Not specified,Not specified,The register is also an important source for research and for documentation that the National Board of Health and Welfare provides to the government.,Not specified,Not specified,Limited extent,https://www.socialstyrelsen.se/statistik-och-data/register/patientregistret/,
,,No website ,New - April 2022,No,No,No,No - need new email,Iran COVID-19 Registry,Iran COVID-19 Registry,Registry,Not provided,Yes,,,,,,,IRN,,,University,Ilam University of Medical Sciences,IRN,Not provided, shanbezadeh‐m@medilam.ac.ir    (I could able to only this email),NEED NEW EMAIL - THIS NOT VALID - shanbezadeh‐m@medilam.ac.ir,,,,,,,,,https://www.ncbi.nlm.nih.gov/pmc/articles/PMC7500427/pdf/mjiri-34-68.pdf,Yes,No,,,,,,,,,,,,,,,,,,,,,,,,,,,,,,,,No,,,,,,,,,,,,,,,,,,,,,,,,,,,,,,,,,,,,,,,,,,,,,
,,No website ,New - April 2022,No,No,No,No,DPV,German Diabetes Prospective Follow-up Registry,Registry,Not provided,No,,Diabetes,Diabetes,,,,,,,,,,Not provided,clemens.kamrath@paediat.med.uni-giessen.de,Not provided,,,,,,,,,https://doi.org/10.2337/dc21-0969,,,,,,,,,,,,,,,,,,,,,,,,,,,,,,,,,,No,,,,,,,,,,,,,,,,,,,,,,,,,,,,,,,,,,,,,,,,,,,,,
,,Data from only 1 health system,New - April 2022,No,No,No,N/A - doesn't meet inclusion criteria,Northwell CORE-19 Registry,Northwell CORE-19 Registry,Registry,https://www.northwell.edu/covid-19-research/publications/post-discharge-thromboembolic-outcomes-and-mortality-of-hospitalized-covid-19-patients-the-core-19-registry,Yes,,,,,,,,,,,,,,,,,,,,,,,,,,,,,,,,,,,,,,,,,,,,,,,,,,,,,,,,,,No,,,,,,,,,,,,,,,,,,,,,,,,,,,,,,,,,,,,,,,,,,,,,
LM,Updated using website - LM checked,,New - April 2022,No,No,Yes,No,NCRC,National Clinical Registry of COVID-19 (also called: INDn Clinical Covid-19 Registry),Registry,https://www.icmr.gov.in/tab5rs1.html,Yes,N/A - COVID-specific,Context specific information in patients with tuberculosis or malnutrition as comorbidity is pertinent to document as it may particularly influence clinical decision making and policy updates in the INDn setting.,General,Any,General,All ages,IND,Yes,Indian Council of Medical Research,Government,"Ministry of Health & Family Welfare (MoHFW), INDn Council of Medical Research (ICMR), New Delhi and All IND Institute of Medical Sciences (AIIMS)",IND,icmrhqds@sansad.nic.in,secy-dg@icmr.gov.in,"lakshminarayanan.r@icmr.gov.in, rajeshj.hq@icmr.gov.in, sharmav1.del.cca@gov.in
",,"icmrhqds@sansad.nic.in
",28 September 2020,Yes,Indian Council of Medical Research,No,,,https://doi.org/10.4103%2Fijmr.ijmr_1628_21,Yes,No,N/A - no human OMICs data,N/A - no human OMICs data,N/A - no human OMICs data,No,N/A - no pathogen OMICs data,No,N/A - no imaging data,N/A - no imaging data,N/A - no imaging data,N/A - no imaging data,N/A - no imaging data,Longitudinal,Observational data only,Hospitalized for COVID-19 only,COVID-19 infected or suspected only,Clin-epi,No,"Dedicated Covid hospitals and centers, public and private",https://www.icmr.gov.in/tab5rs1.html,50 satellite sites and 14 regional sites,Not specified,Not specified,Not specified,,https://www.icmr.gov.in/tab7fa1.html,Yes,No,No, No,"Primary Objectives

1. To develop National Clinical COVID-19 registry to collect data regarding clinical and laboratory features, treatments, and outcomes of hospitalized COVID-19 patients in India.

2. To study the frequency, clinical and laboratory features, treatments, and outcomes of COVID-19 related multisystem inflammatory disorder in children and adolescents by analyzing the national COVID-19 registry.

Secondary Objectives

1.To utilize data to answer research questions on COVID -19 including natural course of disease, spectrum of disease, prognostic factors, outcomes data, medications, health systems and context specific questions such as COVID-19 in Tuberculosis, Malnutrition etc.

2. To serve as a platform for additional clinical research studies in selected sites.

3. To collect follow-updata of discharged COVID 19 patients, if possible.  //

What is the duration of registry? One year.","https://www.icmr.gov.in/tab3ob1.html 


https://www.icmr.gov.in/tab7fa1.html",No,Yes - NOT on FAIRsharing,No DOI assigned,N/A - doesn't have a DOI,None of the criteria are met,N/A,Prospective (e.g. same CRF),Repository CRF data entry screen (e.g. REDCap),Health care professionals,Hospital - Centre - Institution registration required for data entry,Not specified,Not specified,Not specified,No clin-epi standard used,N/A - no OMICs data collected,N/A - no participant level imaging data collected,No,Not specified,Not specified,Directions not available on the website,N/A,No,No,No,Not specified,Not specified,,Platform or registry management team,Information not available on website,N/A,Not specified,Information not available on website,Not specified,Not required – platform/registry data deemed non-human subjects research by relevant ERC/IRB,Participants are not consented,Not specified,IRB or ERC approval obtained,,Not required – platform/registry data deemed non-human subjects research by relevant ERC/IRB,Not specified,Not specified,Not specified,Not specified,Not specified,N/A,
,,Data from only 1 health system/No website ,New - April 2022,No,No,No,N/A - doesn't meet inclusion criteria,CURATOR,Houston Methodist COVID-19 Surveillance and Outcomes Registry (CURATOR),Registry,Not provided,,,,,,,,,,,,,,,,,,,,,,,,,,,,,,,,,,,,,,,,,,,,,,,,,,,,,,,,,,,No,,,,,,,,,,,,,,,,,,,,,,,,,,,,,,,,,,,,,,,,,,,,,
LM,Updated using website - LM checked,,New - April 2022,No,No,Yes,No,NARECHEM-ST,Nationwide Registry of Childhood Hematological Malignancies and Solid Tumors ,Registry,http://www.narechem.gr/,No,Children with cancer,Cancer,Cancer,Any,Children,≤14 years,GRC,Not specified,,,"Department of Hygiene, Epidemiology and Medical Statistics of the National and Kapodistrian University of Athens Medical School and the Hellenic Society for Social Pediatrics and Health Promotion (HSSPHP)",GRC,alalexop@med.uoa.gr,Eleni Petridou;  E. Ntzani,epetrid@med.uoa.gr; epetrid@gmail.com; entzani@uoi.gr,Nick Dessypris; George Markozannes,georgemarkozannes@gmail.com,,Yes,Hellenic Society for Social Pediatrics and Health Promotion,No,,,https://doi.org/10.1002/pbc.29079,Yes,No,N/A - no human OMICs data,N/A - no human OMICs data,N/A - no human OMICs data,No,N/A - no pathogen OMICs data,No,N/A - no imaging data,N/A - no imaging data,N/A - no imaging data,N/A - no imaging data,N/A - no imaging data,Longitudinal,Observational data only,Hospitalized for COVID-19 only,COVID-19 infected or suspected only,Clin-epi,No,,,,,,,,,,No,,,"NARECHEM-ST, a specialized childhood cancer registry, was created in respond to the need for readily available nationwide registration data serving surveillance purposes. Linked to the registration is a database including etiological research variables derived from hospital-based case control studies run in parallel to the registration and a clinical database entailing information on diagnostic methods, level of risk, treatment, follow-up and long-term consequences provided by treating personnel aiming at outcome research on children suffering from the most common types of childhood cancer. Collection of biological samples, facilitated by physicians, in most of cases further enhances the potential for contributions to international collaborations aiming to explore the interplay of genetic and environmental risk factors in the causation of childhood malignancies.

Our ultimate goal is to provide information to the public and the scientific community on the incidence and time trends of the disease in addition to contributing to the elucidation of the etiology of common childhood cancers. International comparisons in disease occurrence and outcomes are of prime interest along with identification of treatment and non-treatment related interventions aiming at improving survival and quality of life among childhood cancer survivors. So far, data collected by NARECHEM-ST can also be used for shaping national prevention strategies targeting modifiable risk factors as well as for the reduction of treatment related sequelae. Of special interest is to disentangle adverse impacts of socioeconomic differentials and single parenthood in survival and other end points of the disease.",http://narechem.gr/node/3,No,Yes - NOT on FAIRsharing,No DOI assigned,N/A - doesn't have a DOI,Meets 1 criterion only,N/A,Prospective (e.g. same CRF),Repository CRF data entry screen (e.g. REDCap),Health care professionals,Hospital - Centre - Institution registration required for data entry,Not specified,Not specified,No,"ICD-10 for cancer staging, no other standard mentioned",N/A - no OMICs data collected,N/A - no participant level imaging data collected,Yes,Yes,Not specified,Directions not available on the website,N/A,No,No,No,Not specified,Participant-level data are being shared,Website mentions that they share data with other cancer registries (e.g. IARC),Platform or registry management team,Information not available on website,N/A,Not specified,Information not available on website,Not specifid,Yes - Patient registry that seeks consent from patients and does not accept data from studies,Providers at participating hospitals consent patients,Not specified,IRB or ERC approval obtained,,No,Not specified,Not specified,Not specified,Not specified,Not specified,N/A,
,,Survey of health care practices/No website ,New - April 2022,No,No,No,N/A - doesn't meet inclusion criteria,PACCOVRA,Pediatric Acute and Critical Care COVID-19 Registry of Asia,Survey of health care practices,Not provided,,,,,,,,,,,,,,,,,,,,,,,,,,,,,,,,,,,,,,,,,,,,,,,,,,,,,,,,,,,No,,,,,,,,,,,,,,,,,,,,,,,,,,,,,,,,,,,,,,,,,,,,,
,,Study rather than data sharing resource - concentrated on people who received a different type of surgery b/c of COVID,New - April 2022,No,No,No,REDCap survey not sent,ReVR,UK-ReVasc Registry,Registry,Not provided,,,,,,,,,,,,,,,,,Andrew Ladwiniec,andrew.ladwiniec@nhs.net,March 2020,,,,,,https://doi.org/10.1002/ccd.29702,,,,,,,,,,,,,,,,,,,,,,,,,,,,,,,,,,No,,,,,,,,,,,,,,,,,,,,,,,,,,,,,,,,,,,,,,,,,,,,,
SA,Updated using website,,New - April 2022,No,No,Yes,No,AuSCR,Australian Stroke Clinical Registry,Registry,https://auscr.com.au/,No,"To report on the variation in stroke care and identify aspects of hospital care that could be improved to optimise patient outcome after stroke.
To provide evidence on the use of SMS as a method for patients to provide survey-based outcomes data after stroke.
To describe changes in the quality of care over time and the factors that influence the changes.
To determine if there has been improved coding of hospital diagnoses for stroke over time.
To determine what information hospital staff want in their data reports from the registry.
To trial a data feedback intervention designed with clinicians for people who are reporting extreme health needs 6 months after stroke.",Neurological disease,Neurological disease,Brain,Patient with Neurological disease,All ages,AUS,Yes,"The Florey Institute of Neuroscience and Mental Health
• Commercial partners including Ambulance Victoria and La Trobe University
• Joint initiatives with the Stroke Foundation funded by Queensland Health and ACT Health and
contribution to the Australian Stroke Data Tool national coordination roles
• Safer Care Victoria and the Victorian Agency for Health Information
• South Australia, Western Australia and Tasmanian governments
• The Agency for Clinical Innovation in New South Wales
• The NHMRC, which provides salary via fellowship awards for senior researchers which has assisted in
containing staff costs
• Members of the Management Committee and Steering Committee and Research Task Group provide
their time ‘in-kind’
",Government and Professional organization,The AuSCR Steering Committee and The AuSCR Management Committee,AUS,admin@auscr.com.au,"lee.nedkoff@uwa.edu.au, monique.kilkenny@monash.edu, ","lachlan.dalli@monash.edu, ",Not specified,Not specified,"May, 2020",,"The Florey Institute of Neuroscience
and Mental Health (Stroke Division; AuSCR Data
Custodian) and The George Institute for Global
Health, and two leading non-government
organisations, the Stroke Foundation and the
Stroke Society of Australasia (SSA).",Not specified,,,10.1161/STROKEAHA.118.023075,Yes,No,N/A - no human OMICs data,Not specified,Not specified,No,No,No,N/A - no imaging data,N/A - no imaging data,N/A - no imaging data,N/A - no CT data,Not specified,Longitudinal,Observational data only,Hospitalized for COVID-19 only,Not specified,Clin-epi,No,,,,,,,,,,,,,,,No,Yes - NOT on FAIRsharing,No DOI assigned,N/A - doesn't have a DOI,Meets 2 of 4 criteria,N/A,Prospective (e.g. same CRF),Provided CRF,Health care professionals,Hospital - Centre - Institution registration required for data entry,Not specifed,https://auscr2.files.wordpress.com/2021/06/auscr-data-dictionary-v7.0-june-2021-1.pdf,Not specified,Not specified,Not specified,Not specified,No,Yes,Directions available on the website,Directions available on the website,https://auscr.com.au/research/research-proposal-procedures/,Yes,Not specified,Yes,Any group whose application is approved,Participant-level data are being shared,Not specified,DAC and platform or registry management team,,,,,,,,,,,,,,Not specified,Not specified,,,
SA,Updated using website,Invited all hospitals in Germany to complete a CASTOR-based eCRF,New - April 2022,No,No,Yes,No,CRONOS,COVID-19 Related Obstetric and Neonatal Outcome Study,Registry,https://www.medizininformatik-initiative.de/de/node/459,Yes,"To create a basis for the counseling of infected pregnant women and the care of newborns, which is based on data collected in Germany, and to be able to respond to the dynamics of development through regular updates.
To identify risk factors that can predict severe disease, identify risk factors for infection and disease in the newborn, and evaluate interventions to prevent serious problems.",Pregnant women and newborns,Pregnant women and newborns,Any,Pregnant women infected with SARS-CoV-2 and their newborn children,WRA (women of reproductive age),DEU,No,Not specified,N/A,Deutsche Gesellschaft für Psychosomatische Medizin und Ärztliche Psychotherapie,DEU,"forschung@dgpm-online.org, gs@dgpm-online.org","matthias.nuechter@life.uni-leipzig.de, anne.seim@tu-dresden.de",,,Not specified,spring 2020,,Deutschen Gesellschaft für Perinatale Medizin,Not specified,,,10.1055/a-1179-3028,Yes,No,N/A - no human OMICs data,Not specified,Not specified,No,No,No,N/A - no imaging data,N/A - no imaging data,N/A - no imaging data,N/A - no CT data,N/A - no CT data,Longitudinal,Observational data only,Not hospitalized only,COVID-19 infected or suspected only,Clin-epi,No,,,,,,,,,,,,,,,No,Yes - NOT on FAIRsharing,No DOI assigned,N/A - doesn't have a DOI,None of the criteria are met,N/A,Prospective (e.g. same CRF),Provided CRF,Health care professionals,Hospital - Centre - Institution registration required for data entry,CASTOR-based eCRF,Not specifed,No,Not specified,Not specified,Not specified,No,Yes,Directions available on the website to a limited extent,Directions available on the website to a limited extent,https://www.dgpm-online.org/gesellschaft/forschung/studien-information-fuer-patientinnen-und-eltern/,No,Not specified,No,Any group whose application is approved,Participant-level data are being shared,Not specified,Not specified,,,,,,,,,,,,,,Not specified,Not specified,,,
,,No website ,New - April 2022,No,No,No,No,SOAP COVID-19 Registry,The Society for Obstetric Anesthesia and Perinatology COVID-19 Registry,Registry,Not provided,Yes,,Pregnancy,Pregnancy,,Pregnant women,WRA (women of reproductive age),USA,Yes,,University,Massachusetts General Hospital,USA,,Lisa Leffert,lleffert@mgh.harvard.edu,,,,,Society for Obstetric Anesthesia and Perinatology (SOAP),,,,https://journals.lww.com/anesthesia-analgesia/Fulltext/2021/08000/The_Society_for_Obstetric_Anesthesia_and.23.aspx,Yes,No,N/A - no human OMICs data,N/A - no human OMICs data,N/A - no human OMICs data,No,N/A - no pathogen OMICs data,No,N/A - no imaging data,N/A - no imaging data,N/A - no imaging data,N/A - no imaging data,N/A - no imaging data,Longitudinal,Observational data only,Hospitalized only,Both COVID-19 infected and not infected,Clin-epi,No,,,,,,,,,,,,,,,No,,,,,,Prospectiively,Physicians upload data on patients,Physicians,No,REDCap,,,,,,,,,,,,,,,,,,,,,,,,,,,,,,,,,,,
,,Data from only 1 health system/No website ,New - April 2022,No,No,No,N/A - doesn't meet inclusion criteria,SMACORE,San Matteo COVID-19 Registry,Registry,Not provided,,,,,,,,,,,,,,,,,,,,,,,,,https://pubmed.ncbi.nlm.nih.gov/35132388/,,,,,,,,,,,,,,,,,,,,,,,,,,,,,,,,,,No,,,,,,,,,,,,,,,,,,,,,,,,,,,,,,,,,,,,,,,,,,,,,
,,Data from only 1 health system,New - April 2022,No,No,No,N/A - doesn't meet inclusion criteria,"The Yale COVID-19 Cardiovascular Registry, Yale Heart Failure Registry","The Yale COVID-19 Cardiovascular Registry, Yale Heart Failure Registry",Registry,https://www.acc.org/latest-in-cardiology/articles/2021/02/25/13/30/the-yale-covid-19-cardiovascular-registry,Yes,,,,,,,,,,,,,,,,,,,,,,,,,,,,,,,,,,,,,,,,,,,,,,,,,,,,,,,,,,No,,,,,,,,,,,,,,,,,,,,,,,,,,,,,,,,,,,,,,,,,,,,,
,,A study rather than a registry,New - April 2022,No,No,No,N/A - doesn't meet inclusion criteria,RESCUE Registry,RESCUE Registry,Multicenter cohort study where sites fixed at beginning and new sites cannot apply for inclusion,Not provided,,,,,,,,,,,,,,,,,,,,,,,,,,,,,,,,,,,,,,,,,,,,,,,,,,,,,,,,,,,No,,,,,,,,,,,,,,,,,,,,,,,,,,,,,,,,,,,,,,,,,,,,,
,,No website ,New - April 2022,No,No,No,No,ASIANHF,ASIAN Heart Failure Registry,Registry,Not provided,No,,,,,,,,,,,,,Not provided,carolyn_lam@nuhs.edu.sg,,,,,,,,,,https://doi.org/10.1093/eurjhf/hft045,,,,,,,,,,,,,,,,,,,,,,,,,,,,,,,,,,No,,,,,,,,,,,,,,,,,,,,,,,,,,,,,,,,,,,,,,,,,,,,,
PS,Updated using both survey and website,,New - April 2022,No,No,Yes,Yes,TriNetX global health research network,TriNetX global health research network,Platform,https://trinetx.com/real-world-data/#pharma_request_count,No,Integrate pseudonymized EHR data from healthcare organizations into the appliance and the platform can be used to query this data in an anonymized manner,General,General,Any,General,All ages,Worldwide,Yes,A number of pharmaceutical companies and CROs,Industry,TriNetX,"BEL, USA","join@trinetx.com, press@trinetx.com, shareholders@trinetx.com",Gadi Lachman,gadi.lachman@trinetx.com,Jennifer Stacey,jennifer.stacey@trinetx.com ,Not specified,,Not specified,Not specified,,,"https://www.sciencedirect.com/science/article/pii/S2542454821001806
https://trinetx.com/real-world-resources/publications/?tag_id=COVID-19 ",Yes,No,N/A - no human OMICs data,N/A - no human OMICs data,N/A - no human OMICs data,No,N/A - no pathogen OMICs data,No,N/A - no imaging data,N/A - no imaging data,N/A - no imaging data,N/A - no imaging data,N/A - no imaging data,Longitudinal,Both clinical trial and observational data,Both,Both,Clin-epi,No,Not specified,Not specified,120+ (20.05.22),"524,270 patients (19.01.22)","524,270 patients (19.01.22)",N/A - no pathogen OMICs data,"- 250+ million patient lives -
- 70+ billion date- and patient-specific clinical observations available for download","https://trinetx.com/
https://trinetx.com/covid-19-real-world-data-report-emea/",Yes,Unsure,Yes,Unsure,"Now as TriNetX’s scope broadens, its innovative on-demand platform is only one part of what drives TriNetX to the forefront of scientific research. TriNetX provides real-world data and real-time global data for researchers to analyze within their own environment.",https://trinetx.com/about-trinetx/,No,Haven't yet asked Delphine,No DOi assigned,N/A - doesn't have a DOI,Meets 1 criterion only,N/A,Retrospective,Any format,Health care professionals,Hospital - Centre - Institution registration required for data entry,N/A,N/A,No,"- International Classification of Diseases (ICD)-9, 10, or 11
- SNOMED CT
- Logical Observation Identifiers Names and Codes (LOINC)
- RxNORM
- Health Level Seven International (HL7) Clinical Document Architecture (CDA)
- HL7 Fast Healthcare Interoperability Resources (FHIR)
- OMOP CDM
- CPT
- Healthcare Common Procedure Coding System",N/A - no OMICs data ,N/A - no imaging data,No,Yes,Not specified,Directions not available on the website,N/A,No,No,No,Only groups that contributed data or are otherwise part of the consortium,Participant-level data are being shared,N/A,Platform or registry management team,Information not available on website (provided through additional contact),N/A,- Contribution of data to platform,Information not available on website (provided through additional contact),N/A,No (Members decide and upload data with at least patient consent (broad consent in some cases),N/A,Anonymization,No central IRB or ERC review obtained - up to individual centres,N/A,No,Attracting Clinical Trials,"- Free or reduced cost access to novel diagnostics,treatments, or prophylaxis
- Citation of study team by analyses that use data they contributed
- Supporting in data harmonization",Registry or platform and individual studies that upload data,Not specified,Not specified,N/A,
SA,Updated using website,,New - April 2022,No,No,Yes,No,PeDRA COVID Acral Ischemia/Perniosis in children,Pediatric Dermatology Research Alliance COVID Acral Ischemia/Perniosis in children,Registry,https://pedraresearch.org/2020/04/20/covid-acral-ischemia-perniosis-in-children/,Yes,This is a survey for all health care professionals taking care of children who have developed acral ischemia/pernio or pernio-like changes in the setting of COVID-19 exposure. ,Children with acral ischemia/pernio or pernio-like changes,Children with acral ischemia/pernio or pernio-like changes,Skin,Children who have developed acral ischemia/pernio or pernio-like changes due to COVID-19 exposure,Infants and children,Worldwide,Yes,"TriiNetX, Inc",Industry,"TriNetX, Inc; Children’s Hospital of Philadelphia",USA,Not specified,Not specified,Not specified,Leslie Castelo-Soccio; Frank H. Annie,castelosocciol@email.chop.edu; Frank.H.Annie@camc.org,spring 2020,,Pediatric Research Dermatology Alliance,Not specified,,,https://onlinelibrary.wiley.com/doi/pdf/10.1111/pde.14566,Yes,No,N/A - no human OMICs data,N/A - no human OMICs data,N/A - no human OMICs data,No,N/A - no pathogen OMICs data,No,N/A - no imaging data,N/A - no imaging data,N/A - no imaging data,N/A - no imaging data,N/A - no imaging data,Cross-sectional,Observational data only,Both,COVID-19 infected or suspected only,Clin-epi,No,,,,,,,,,,,,,,,No,Yes - NOT on FAIRsharing,No DOI assigned,N/A - doesn't have a DOI,None of the criteria are met,N/A,Prospective (e.g. same CRF),Repository CRF data entry screen (e.g. REDCap),Health care professionals,No registration required for data entry,REDCap,https://redcap.chop.edu/surveys/?s=TR8FTHF9KW,No,N/A,N/A,N/A,No,Not specified,Directions available on the website to a limited extent,Directions available on the website to a limited extent,https://pedraresearch.org/for-researchers/,No,Not specified,No,Any group whose application is approved,Not specified,Not specified,Not specified,,,,,,,,,,,,,,Not specified,Not specified,,,
,,Registry var list doesn't have info on COVID.  Emailed registry to confirm.,New - April 2022,No,No,No,N/A - doesn't meet inclusion criteria,CFF Patient Registry,Cystic Fibrosis Foundation Patient Registry,Registry,https://www.cff.org/researchers/patient-registry-data-requests,No,,CF,,,,,,,,,,,datarequests@cff.org,,,,,,,,,,,,,,,,,,,,,,,,,,,,,,,,,,,,,,,,,,,,,No,,,,,,,,,,,,,,,,,,,,,,,,,,,,,,,,,,,,,,,,,,,,,
SA,Updated using website,,New - April 2022,No,No,Yes,No,MuSC-19 ,International MuSC-19 platform Multiple Sclerosis and COVID-19,Registry,https://registroitalianosm.it/en/                   https://www.aism.it/international_musc_19_platform_multiple_sclerosis_and_covid_19,No,"To provide information to persons with MS and their family members, to health and social workers and to health authorities aimed at minimizing the risks associated with infections with SARSCoV-2 in people with MS",Multiple Sclerosis,Multiple Sclerosis,CNS,Patients with multiple sclerosis,All ages,ITA,No,Fondazione Italiana Sclerosi Multipla,Private foundation,IRCCS Istituto di Ricerche Farmacologiche Mario Negri,ITA,registroitalianosm@aism.it,maria.trojano@uniba.it,smregistro@marionegri.it,Not specified,Not specified,"May, 2020",Yes,"The Italian Multiple Sclerosis Society (AISM) and its Foundation (FISM), and the Multiple Sclerosis Study Group of the Italian Neurological Society (SIN)",Italian MS Register,,,https://link.springer.com/article/10.1007/s10072-018-3610-0,Yes,No,N/A - no human OMICs data,N/A - no human OMICs data,N/A - no human OMICs data,No,N/A - no pathogen OMICs data,No,N/A - no imaging data,N/A - no imaging data,N/A - no imaging data,N/A - no imaging data,N/A - no imaging data,Longitudinal,Observational data only,Both,COVID-19 infected or suspected only,Clin-epi,No,,,,,,,,,,,,,,,No,Yes - NOT on FAIRsharing,No DOI assigned,N/A - doesn't have a DOI,None of the criteria are met,N/A,Prospective (e.g. same CRF),Repository CRF data entry screen (e.g. REDCap),Health care professionals,Individual registration required for data entry,Own platform,Not provided,No,No clin-epi standard used,N/A - no OMICs data collected,N/A - no participant level imaging data collected,No,Yes,Not specified,Directions not available on the website,N/A,Not specified,Not specified,No,Not specified,Not specified,N/A,Not specified,Not specified,N/A,Not specified,Not specified,N/A,Not specified,N/A,Not specified,Not specified,N/A,No,Not specified,Not specified,Not specified,Not specified,Not specified,N/A,
,,,New - April 2022,No,No,No - indicated in an email that they do not have COVID-19 participant-level data,No,Belgian Cancer Registry,Belgian Cancer Registry,Registry,https://kankerregister.org/Home_en,,,,,,,,,,,,,,info@kankerregister.org,Not provided,,,,,,,,,,,,,,,,,,,,,,,,,,,,,,,,,,,,,,,,,,,,No,,,,,,,,,,,,,,,,,,,,,,,,,,,,,,,,,,,,,,,,,,,,,
SA,Updated using website,,New - April 2022,No,No,Yes,No,PROGRESS CTO,Prospective Global Registry for the Study of Chronic Total Occlusion Intervention,Registry,https://www.progresscto.org/,No,To help advance the field of CTO PCI through rigorous study of techniques and outcomes across a across a diverse group of operators and institutions.,Heart disease,Heart disease,Heart,Patients with chronic total occlusion,Not specified,Worldwide,Not specified,Gift from the Joseph F. and Mary M. Fleischhacker Foundation and the Abbott Northwestern Hospital Foundation Innovation Grant,Private foundation,The Minneapolis Heart Institute Foundation (MHIF),USA,Not specified,"Emmanouil S. Brilakis, MD, PhD",esbrilakis@gmail.com,"Judit Karácsonyi, MD, PhD",judit.karacsonyi8@gmail.com,Not specified,,Not specified,Not specified,,,10.1016/j.hjc.2021.05.005,Yes,No,N/A - no human OMICs data,N/A - no human OMICs data,N/A - no human OMICs data,No,N/A - no pathogen OMICs data,No,N/A - no imaging data,N/A - no imaging data,N/A - no imaging data,N/A - no imaging data,N/A - no imaging data,Longitudinal,Observational data only,Hospitalized only,Not specified,Clin-epi,No,,,,,,,,,,,,,,,No,Yes - NOT on FAIRsharing,No DOI assigned,N/A - doesn't have a DOI,None of the criteria are met,N/A,Prospective (e.g. same CRF),Provided CRF,Health care professionals,Not specified,REDCap,https://www.progresscto.org/,No,N/A,N/A,N/A,No,Not specified,Not specified,Directions not available on the website (provided through additional contact),Not specified,No,Not specified,No,Only groups that contributed data or are otherwise part of the consortium,Not specified,Not specified,Not specified,,,,,,,,,,,,,,Not specified,Not specified,,,
SA,Updated using website,Can't find relevant info on the website - there is no website ,New - April 2022,No,No,No (can't find info on website),No,la Société Francophone de Transplantation (SFT) regsitry,la Société Francophone de Transplantation (SFT) regsitry,Registry,https://www.transplantation-francophone.org/covid-19,No,To collect advice on the management of adult solid organ transplant patients suffering from an infection due to the new coronavirus SARS-CoV-2 (COVID-19).,Solid organ transplant,Solid organ transplant,Solid organ,Patients with solid organ transplant,All ages,FRA,No,national health insurance fund,Government,The French Society of Transplantation,FRA,secretariat@transplantation-francophone.org,Not specified,Not specified,Not specified,Not specified,"March,2020",,"NOVARTIS Laboratories, The CHIESI laboratory, The HANSA BIOPHARMA laboratory, the CSL BEHRING Endowment Fund, PROGREFFE Foundation ",,,,https://doi.org/10.1016%2Fj.banm.2022.01.025,,Yes,N/A - no human OMICs data,N/A - no human OMICs data,N/A - no human OMICs data,No,No,No,N/A - no imaging data,N/A - no imaging data,N/A - no imaging data,N/A - no imaging data,Not specified,Longitudinal,Observational data only,Both,COVID-19 infected or suspected only,Clin-epi,No,,,,,,,,,,,,,,,No,,,,,,,Not specified,Not specified,Not specified,,,Not specified,N/A,N/A,N/A,No,Yes,Not specified,Not specified,Not specified,No,Not specified,No,Not specified,Not specified,,,,,,,,,,,,,,,,,,,,
SA,Updated using website,,New - April 2022,No,No,Yes,No,MUNCO,Mycotic Infection in COVID-19,Registry,https://www.covidmucor.com/,Yes,"To rapidly identify the risk factors, demographic and clinical variables associated with cases and outcomes in patients with mycotic infections and to develop evidence based risk reduction and treatment strategies.",Mycotic infections,Mycotic infections,Any,Patients with Mycotic infections,All ages,Worldwide,No,Not specified,Not specified,Albert Einstein College of Medicine,USA,sharora@montefiore.org,sharora@montefiore.org,sjariwal@montefiore.org,Shitij Arora,sharora@montefiore.org,April–June 2021,,The CHIESI laboratory,Not specified,,,https://doi.org/10.3201/eid2711.211322,Yes,No,N/A,N/A - no human OMICs data,N/A - no human OMICs data,No,N/A - no pathogen OMICs data,No,N/A,N/A - no imaging data,N/A - no imaging data,No,No,Longitudinal,Observational data only,Unsure,COVID-19 infected or suspected only,Clin-epi,No,,,,,,,,,,,,,,,No,Yes - NOT on FAIRsharing,No DOI assigned,N/A - doesn't have a DOI,None of the criteria are met,N/A,Prospective (e.g. same CRF),Repository CRF data entry screen (e.g. REDCap),Health care professionals,No registration required for data entry,REDCap,https://redcap.einsteinmed.org/surveys/?s=WP9LRX9R7Y,No,N/A,N/A,N/A,No,Not specified,N/A,Directions not available on the website,N/A,Not specified,Not specified,No,Not specified,Not specified,,Not specified,,,,,,,,,,,,,,Not specified,Not specified,,,
,,No website ,New - April 2022,No,No,No,N/A - doesn't meet inclusion criteria,A New England COVID-19 Registry of Patients With CNS Demyelinating Disease,A New England COVID-19 Registry of Patients With CNS Demyelinating Disease,Registry,Not provided,,,,,,,,,,,,,,,,,,,,,,,,,,,,,,,,,,,,,,,,,,,,,,,,,,,,,,,,,,,No,,,,,,,,,,,,,,,,,,,,,,,,,,,,,,,,,,,,,,,,,,,,,
PS,Updated using both survey and website,,New - April 2022,No,No,Yes,Yes,BeredtC19,"The Norwegian emerengcy preparednessregister for Covid 19, a real-time surveillancesystem for covid-19",Registry,"https://www.fhi.no/sv/smittsomme-sykdommer/corona/norsk-beredskapsregister-for-covid-19/
https://www.fhi.no/en/ ",Yes,"Beredt C19 was established so that the Norwegian Institute of Public Health (NIPH) can quickly obtain the necessary knowledge about the COVID-19 epidemic, enabling the authorities to assess risk and implement measures to safeguard the health of the entire population. The register was established in close collaboration with the Norwegian Directorate of Health, the Norwegian Intensive Care and Pandemic Registry and other organisations that are responsible for data sources included in the register.",General,General,Any,General,All ages,NOR,Yes,Norwegian Institute of Public Health (and the registries delivering data - as working hours) ,Government,Norwegian Institute of Public Health; Norwegian Directorate of Health,NOR,"anjaelsrudschou.lindman@fhi.no, Folkehelseinstituttet@fhi.no  ",Not specified ,N/A,Not specified ,N/A,April 2020,,Not specified,"Norwegian Surveillance System for Communicable Diseases (MSIS), Norwegian Patient Registry (NPR), Norwegian Intensive Care and Pandemic Registry (NIPaR), The State Register of Employers and Employees (Aa Register), National Population Register, Norwegian Registry of Primary Health Care (KPR), MSIS Laboratory Database, Norwegian Immunisation Registry SYSVAK, Medical Birth Registry of Norway, Cause of Death Registry, Register of adverse events after vaccination reported by a healthcare professional (BIVAK), Adverse Events Register, Statistics Norway (SSB), Directorate for Civil Protection and Emergency Planning (DSB)",,,https://jech.bmj.com/content/76/5/435,Yes,No,N/A - no human OMICs data,N/A - no human OMICs data,N/A - no human OMICs data,No,N/A - no pathogen OMICs data,No,N/A - no imaging data,N/A - no imaging data,N/A - no imaging data,N/A - no imaging data,N/A - no imaging data,Longitudinal,Both clinical trial and observational data,Both,Both,Clin-epi,No,Not specified,Not specified,Not specified,Not specified,Not specified,Not specified,Not specified,N/S,,,,,,,No,,No DOI assigned,N/A - doesn't have a DOI,None of the criteria are met,N/A,Retrospective,Any format,Data is obtained from other registries,No registration required for data entry,N/A - no central CRF,N/A - no central CRF,N/A - no central CRF,No clin-epi standard used,N/A - no OMICs data collected,N/A - no participant level imaging data collected,No,Yes,Participant-level data will not be shared,Participant-level data will not be shared,Participant-level data will not be shared,Participant-level data will not be shared,Participant-level data will not be shared,Participant-level data will not be shared,Participant-level data will not be shared,Participant-level data will not be shared,"Only NIPH employees can access data, due to law and GDPR regulations (DPIA)",Participant-level data will not be shared,Participant-level data will not be shared,N/A,Participant-level data will not be shared,Participant-level data will not be shared,N/A,No,N/A,Participant-level data will not be shared,No central IRB or ERC review obtained - up to individual centres,N/A,No,Not specified,Not specified,Registry or platform,Not specified,Not specified,N/A,"Includes data from the Norwegian Surveillance System for Communicable Diseases (MSIS), the Norwegian Patient Registry (NPR) and the Norwegian Intensive Care Unit and Pandemic Registry (NIPaR). Also includes data from registries listed here: https://www.fhi.no/en/id/infectious-diseases/coronavirus/emergency-preparedness-register-for-covid-19/. The purpose of the register is to provide rapid knowledge on the pandemic and the effect of the measures taken to contain the spread of the virus. The register includes daily updated information from the Norwegian Surveillance System for Communicable Diseases (MSIS), updated information from the Population Registry and members of each household from Statistics Norway. All laboratories in Norway conducting PCR tests for SARS-CoV-2 notify MSIS about the test result, the date of testing and the identity of the person tested."
,,No website ,New - April 2022,No,No,No,No,ARGEN-IAM-ST registry,Argentine Registry of neurological manifestations due to coronavirus-19 (COVID-19); Relevamiento Nacional de Infarto Agudo de Miocardio con Elevación del Segmento ST,Registry,Not provided,,,,,,,,ARG,,,,,ARG,,Hernán Cohen Arazi,h_c_arazi@yahoo.com,,,,,"Sociedad Argentina de
Cardiología",,,,https://pubmed.ncbi.nlm.nih.gov/31487243/,,,,,,,,,,,,,,,,,,,,,,,,,,,,,,,,,,No,,,,,,,,,,,,,,,,,,,,,,,,,,,,,,,,,,,,,,,,,,,,,
,,Study rather than a registry,New - April 2022,No,No,No,N/A - doesn't meet inclusion criteria,CACOV Registry,C-reactive protein Apheresis in COVID Registry,Multicenter cohort study where sites fixed at beginning and new sites cannot apply for inclusion,https://www.drks.de/drks_web/navigate.do?navigationId=trial.HTML&TRIAL_ID=DRKS00024376,,,,,,,,DEU,,,,,,,,,,,,,,,,,https://www.amjcaserep.com/abstract/full/idArt/935263,,,,,,,,,,,,,,,,,,,,,,,,,,,,,,,,,,No,,,,,,,,,,,,,,,,,,,,,,,,,,,,,,,,,,,,,,,,,,,,,
LM,Updated using website - LM checked,,New - April 2022,No,No,Yes,No,MOIS-CoR,"MultiOrgan Inflammatory Syndromes COVID-19 Related Study, Polish multisystem inflammatory syndrome in children registry",Registry,https://pimsudzieci.pl/en/o-rejestrze-en,Yes,N/A - COVID-specific,Multiorgan Inflammatory Syndromes,Multiorgan Inflammatory Syndromes,Any,Children,≤18 years,POL,Yes,,,Medical University of Wrocław and the Medical University of Warsaw,POL,covidudzieci@gmail.com,Natalia Dudek; Ernest Kuchar,kamila.ludwikowska@pwr.edu.pl; 'natalia.dudek@gmail.com'; 'ernest.kuchar@gmail.com',Kamila Ludwikowska; Magdalena Okarska-Napierała,,May 2020,Not specified,Not specified,Not specified,,,https://www.nature.com/articles/s41598-021-02669-2,Yes,No,N/A - no human OMICs data,N/A - no human OMICs data,N/A - no human OMICs data,No,N/A - no pathogen OMICs data,No,N/A - no imaging data,N/A - no imaging data,N/A - no imaging data,N/A - no imaging data,N/A - no imaging data,Longitudinal,Observational data only,Hospitalized for COVID-19 only,COVID-19 infected or suspected only,Clin-epi,No,,,,,,,,,,No,,,"Our goal is to learn about the multi-system inflammatory syndrome associated with COVID-19 (MIS-C / PIMS-TS) in children in Poland. We study its epidemiology, genetic basis, pathomechanism, clinical picture, as well as the effects of treatment and long-term consequences.",https://pimsudzieci.pl/,No,Yes - NOT on FAIRsharing,No DOI assigned,N/A - doesn't have a DOI,None of the criteria are met,N/A,Prospective (e.g. same CRF),Repository CRF data entry screen (e.g. REDCap),Health care professionals,Individual registration required for data entry,Not specified,Not specified,No,No clin-epi standard used,N/A - no OMICs data collected,N/A - no participant level imaging data collected,No,Not specified,Not specified,Directions not available on the website,N/A,No,No,No,Participant-level data will not be shared,Participant-level data will not be shared,,Platform or registry management team,Information not available on website,N/A,N/A - participant-level data will not be shared,Participant-level data will not be shared,N/A - participant-level data will not be shared,Not required – platform/registry data deemed non-human subjects research by relevant ERC/IRB,Patients do not provide consent,Anonymization,IRB or ERC approval obtained,,Not required – platform/registry data deemed non-human subjects research by relevant ERC/IRB,Not specified,Not specified,Not specified,No,Real-time data dashboard,https://pimsudzieci.pl/,
,,,New - April 2022,No,No,No - duplicate ,N/A - duplicate ,COViMS,COVID-19 Infections in Multiple Sclerosis (MS) and Related Diseases (COViMS) Registry,Registry,https://www.covims.org/,Yes,,MS and related disorders; specifically: neuromyelitis optica spectrum disorders (NMOSD) and myelin oligodendrocyte glycoprotein antibody disease (MOGAD),,,People with MS,Any,"CAN, USA",Yes,,,"Washington University, St. Louis, US",USA,info@covims.org,,,,,,,"Consortium of MS Centers, the National MS Society USA, and the MS Society of Canada",,,,https://pubmed.ncbi.nlm.nih.gov/34429342/,Yes,No,N/A - no human OMICs data,N/A - no human OMICs data,N/A - no human OMICs data,No,N/A - no pathogen OMICs data,No,N/A - no imaging data,N/A - no imaging data,N/A - no imaging data,N/A - no imaging data,N/A - no imaging data,Both,Observational data only,Both,COVID-19 infected or suspected only,Clin-epi,No,,,,,,,,,,,,,,,No,,,,,,Prospectively,Entered line-by-line into REDCap,Physicians,No,REDCap,https://www.covims.org/_files/ugd/826c66_6eefa84551424a3da67f92a13811120b.pdf,No,None,NA,NA,No,Yes,,,,,,,,,,,,,,,,,Participants do not provide consent.  Considered non-human subjects reseasrch,De-identification,The Washington University in St. Louis (WU) IRB has determined that storage and analysis of de-identified data does not constitute human subjects research as defined under federal regulations [45 CFR 46.102 and 21 CFR 56.102] and does not require IRB approval.,https://www.covims.org/_files/ugd/826c66_14c9a36cde7941809f4ae52fd0149a19.pdf,No,,,,,Data dashboard,https://www.covims.org/current-data,
SA,Updated using website,Duplicate,New - April 2022,No,No,No (duplicate),No,Harvard Derm-COVID-19 database; AAD COVID-19 Registry; Dermatology COVID-19 Registry,American Academy of Dermatology COVID-19 Registry; Harvard Derm-COVID-19 database,Registry,www.aad.org/covidregistry,Yes,"To understand dermatologic manifestations of the COVID-19 virus, as well as skin reactions to the COVID-19 vaccine.",Dermatological conditions,Dermatological conditions,Skin,General,All ages,Worldwide,Yes,Not specified,N/A,Massachusets General Hospital,USA,covidregistry@aad.org,Esther Freeman,efreeman@mgh.harvard.edu,Devon McMahon; ,gchamberlin@mgh.harvard.edu,Not specified,,the CSL BEHRING Endowment Fund,Not specified,,,https://www.jaad.org/article/S0190-9622(20)30658-7/fulltext,Yes,No,N/A - no human OMICs data,N/A - no human OMICs data,N/A - no human OMICs data,No,N/A - no pathogen OMICs data,No,N/A - no imaging data,N/A - no imaging data,N/A - no imaging data,N/A - no imaging data,N/A - no imaging data,Cross-sectional,Observational data only,Both,Both,Clin-epi,No,,,,,,,,,,,,,,,No,,,,,,Prospective (e.g. same CRF),Repository CRF data entry screen (e.g. REDCap),Health care professionals,Hospital - Centre - Institution registration required for data entry,REDCap,https://redcap.partners.org/redcap/surveys/index.php?s=YJWAJCX7TY,No,N/A,N/A,N/A,No,Yes,Directions available on the website,Directions available on the website,https://assets.ctfassets.net/1ny4yoiyrqia/5MXUjwPWTwVUUZQBoH2Nin/60e7705550aad3c494cf59f38ca7a7e2/COVID-19_Registry_Data_Request_Process.pdf,Yes,Not specified,Yes,Any group whose application is approved,Participant-level data are being shared,,DAC,Yes,,,,,,Participants do not provide consent.  Considered non-human subjects reseasrch,De-identification,Partners Human Research IRB has determined that storage and analysis of de-identified data does not constitute human subjects research as defined under federal regulations [45 CFR 46.102 and 21 CFR 56.102] and does not require IRB approval.,https://assets.ctfassets.net/1ny4yoiyrqia/C2nugKUnwxG3ZdafG01wW/42d2bcfd7a3f336c2772d11c4a4b310e/Registry_IRB_Approval_Letter.pdf,No,,,Citation of registry team,No,No,N/A,
,,No website ,New - April 2022,No,No,No,N/A - doesn't meet inclusion criteria,HERODOTUS Registry,Head and Neck ancers international COVID-19 Collaboration registry,Registry,Not provided,,,,,,,,,,,,,,,,,,,,,,,,,https://clinicaltrials.gov/ct2/show/NCT04632173,,,,,,,,,,,,,,,,,,,,,,,,,,,,,,,,,,No,,,,,,,,,,,,,,,,,,,,,,,,,,,,,,,,,,,,,,,,,,,,,
SA,Updated using website,,New - April 2022,No,No,Yes,No,IRIS Registry,Intelligent Research in Sight Registry,Registry,https://www.aao.org/iris-registry,No,The Academy developed it as part of the profession's shared goal of continual improvement in the delivery of eye care.,ophthalmological conditions,ophthalmological conditions,Eye,Patients with eye disease,All ages,USA,No,National Institutes of Health,Professional organization,American Academy of Ophthalmology,USA,Not provided,leecs2@uw.edu,Not specified,Not specified,Not specified,Not specified,,American Academy of Opthamology,Not specified,,,https://doi.org/10.1016/j.ophtha.2017.12.001,Yes,No,N/A - no human OMICs data,N/A - no human OMICs data,N/A - no human OMICs data,No,N/A - no pathogen OMICs data,No,N/A - no imaging data,N/A - no imaging data,N/A - no imaging data,N/A - no imaging data,N/A - no imaging data,Longitudinal,Observational data only,Both,COVID-19 infected or suspected only,Clin-epi,No,,,,,,,,,,,,,,,No,Yes - NOT on FAIRsharing,No DOI assigned,N/A - doesn't have a DOI,Meets 1 criterion only,N/A,Retrospective,Opthamology practices or providers submit their EHR data which are then harmonized to the registry template,Health care professionals,Hospital - Centre - Institution registration required for data entry,N/A,https://www.aao.org/Assets/2bf5a8e9-07fc-43d6-952c-2c7a01d7d4e4/636759751222930000/v4-dd-10-23-2018-pdf,No,N/A,N/A,N/A,No,Yes,Directions available on the website,Directions available on the website,https://www.aao.org/iris-registry/data-analysis/requirements,Not specified,Not specified,No,Any group whose application is approved,Not specified,,Not specified,,,,,,,,,,,,,,Not specified,Not specified,,,
,,,New - April 2022,No,No,No,No,"Sentinel Platform, Komodo Healthcare Map",Komodo Healthcare Map,Health data ecosystem or health data space,https://www.komodohealth.com/solutions/sentinel?hsLang=en,No,,,,,,,USA,,,,,,info@komodohealth.com,arif.nathoo@komodohealth.com,"eileen.tobias@komodohealth.com, laurent.bride@komodohealth.com",,,,,,,,,,,,,,,,,,,,,,,,,,,,,,,,,,,,,,,,,,,No,,,,,,,,,,,,,,,,,,,,,,,,,,,,,,,,,,,,,,,,,,,,,
,,,New - April 2022,No,No,No,N/A - doesn't meet inclusion criteria,health-RI,health-RI,Catalogue of platfroms and datasets,https://catalogue.bbmri.nl/menu/main/app-molgenis-app-biobank-explorer/biobankexplorer?covid19network=covid19-biobank-network%2Ccovid19-collection-network&biobank_network=bbmri-eric%3AnetworkID%3AEU_BBMRI-ERIC%3Anetworks%3ACOVID19&collection_network=bbmri-eric%3AnetworkID%3AEU_BBMRI-ERIC%3Anetworks%3ACOVID19#/,No,,,,,,,NLD,,,,,,,,,,,,,,,,,,,,,,,,,,,,,,,,,,,,,,,,,,,,,,,,,,,No,,,,,,,,,,,,,,,,,,,,,,,,,,,,,,,,,,,,,,,,,,,,,
,,No COVID data/study,New - April 2022,No,No,No,N/A - doesn't meet inclusion criteria,Kitakawachi Clinical Background and Outcome of Heart Failure (KICKOFF) Registry,Kitakawachi Clinical Background and Outcome of Heart Failure (KICKOFF) Registry,Multicenter cohort study where sites fixed at beginning and new sites cannot apply for inclusion,Not provided,,,,,,,,JAP,,,,,JAP,,,daniel.duerschmied@universitaets-herzzentrum.de,,,,,,,,,,,,,,,,,,,,,,,,,,,,,,,,,,,,,,,,,,,No,,,,,,,,,,,,,,,,,,,,,,,,,,,,,,,,,,,,,,,,,,,,,
SA,Updated using website,I emailed them to ask them to fill out a survey,New - April 2022,No,No,Yes,No,COVIREGI-JP,COVID-19 Registry - Japan,Registry,https://covid-registry.ncgm.go.jp/,Yes,"To clarify various points related to COVID-19, such as the characteristics of people with severe illness and the course after drug administration, by collecting inpatient information on COVID-19 nationwide in a database. is. It is also expected to serve as basic data for the development of treatment methods and new drugs.",General,General,Any,General,All ages,JAP,Yes,"Ministry of Health, Labor, and Welfare (厚生労働省の通知)",Government,National Center for Global Health and Medicine,JAP,registry.covid@hosp.ncgm.go.jp; https://forms.office.com/Pages/ResponsePage.aspx?id=rfmKb0dWY02rIduJRTcy9zWARyAAK_9PtHty_O8zSjRUQkQzWlZWSDdPWUY5UFVKWDA3QkZDNklMNi4u,Takao Omagari,Not specified,Not specified,Not specified,2020,,Not specified,Not specified,,,https://www.jstage.jst.go.jp/article/circj/86/3/86_CJ-21-0687/_article,Yes,No,N/A - no human OMICs data,N/A - no human OMICs data,N/A - no human OMICs data,No,N/A - no pathogen OMICs data,No,N/A,N/A - no imaging data,N/A - no imaging data,N/A - no imaging data,N/A - no imaging data,Cross-sectional,Observational data only,Hospitalized for COVID-19 only,COVID-19 infected or suspected only,Clin-epi,No,,,,,,,,,,,,,,,No,Yes - NOT on FAIRsharing,No DOI assigned,N/A - doesn't have a DOI,Meets 3 of 4 criteria,N/A,Prospective (e.g. same CRF),Repository CRF data entry screen (e.g. REDCap),Affiliated institution,Hospital - Centre - Institution registration required for data entry,REDCap,https://www.jcrac.info/redcap/,Yes (ISARIC/WHO/IDDO eCRF),SDTM,N/A - no OMICs data collected,N/A - no participant level imaging data collected,Yes,No - resource is closed to new data (closed March 2024),Diffferent procedures for in house data and multi-centre data ,Directions available on the website,https://covid-registry.ncgm.go.jp/data-policy/COVIREGI-JP_data_4.pdf,Yes,Not specified,Yes,Only groups that contributed data or are otherwise part of the consortium,Participant-level data are being shared,N/A,DAC,Information available on the website,https://rebind.ncgm.go.jp/coviregi/data-policy/#section01,Not specified,Information not available on website,N/A,Not specified,N/A,Not specified,No central IRB or ERC review obtained - up to individual centres,N/A,No,Not specified,Not specified,Not specified,Not specified,Real-time data dashboard,https://covid-registry.ncgm.go.jp/dashboard/,
,,Single centre study ,New - April 2022,No,No,No,N/A - doesn't meet inclusion criteria,COVID-19 Registry Freiburg,COVID-19 Registry Freiburg,Single centre study,https://www.drks.de/drks_web/navigate.do?navigationId=trial.HTML&TRIAL_ID=DRKS00021206,,,,,,,,,,,,,,,,,,,,,,,,,,,,,,,,,,,,,,,,,,,,,,,,,,,,,,,,,,,No,,,,,,,,,,,,,,,,,,,,,,,,,,,,,,,,,,,,,,,,,,,,,
,,,New - April 2022,No,No,No,No,ISACS-STEMI COVID-19 Registry,International Study on Acute Coronary Syndromes - Segment-Elevation Myocardial Infarction COVID-19 Registry,Registry,Not provided,,,,,,,,Europe,,,,Eastern Piedmont University,ITA,,Giuseppe De Luca,giuseppe.deluca@med.uniupo.it,,,,,,,,,https://www.atherosclerosis-journal.com/article/S0021-9150(21)01215-6/fulltext; https://cardiab.biomedcentral.com/articles/10.1186/s12933-020-01196-0,Yes,No,N/A - no human OMICs data,N/A - no human OMICs data,N/A - no human OMICs data,No,N/A - no pathogen OMICs data,No,N/A - no imaging data,N/A - no imaging data,N/A - no imaging data,N/A - no imaging data,N/A - no imaging data,Both,Observational data only,Hospitalized only,COVID-19 infected or suspected only,Clin-epi,No,,,,,,,,,,,,,,,No,,,,,,Prospectively ,,,,,,,,,,,,Email the authors,No,,,,,,,,,,,,,,,,,,,,,,,,,,
,,No website ,New - April 2022,No,No,No,Yes,InPOG COVID-19 registry,INDn Pediatric Oncology Group COVID-19 registry,Registry,Not provided,Yes,,,,,,,IND,,,,,IND,,,,Revathi Raj,revaraj@yahoo.com,,,,,,,https://www.sciencedirect.com/science/article/pii/S2468124522000080,,,,,,,,,,,,,,,,,,,,,,,,,,,,,,,,,,No,,,,,,,,,,,,,,,,,,,,,,,,,,,,,,,,,,,,,,,,,,,,,
,,Could not identify registry,New - April 2022,No,No,No,N/A - doesn't meet inclusion criteria,Get With The Guidelines-Heart Failure Registry,Get With The Guidelines-Heart Failure Registry,Unknown,Not provided,,,,,,,,,,,,,,,,,,,,,,,,,,,,,,,,,,,,,,,,,,,,,,,,,,,,,,,,,,,No,,,,,,,,,,,,,,,,,,,,,,,,,,,,,,,,,,,,,,,,,,,,,
,,No website ,New - April 2022,No,No,No,No,People's Republic of China National COVID-19 Registry,"
People's Republic of China National COVID-19 Registry",Registry,Not provided,,,,,,,,,,National Health Comission of the People's Republic of China,,Chinease Academy of Medical Sciences,CHN,,"Jing Li, Xi Li","jing.li@fwoxford.org; jingli.paper@fwoxford.org, xi.li@fwoxford.org",,,,,,,,,https://www.sciencedirect.com/science/article/pii/S0944711321000738?via%3Dihub,,,,,,,,,,,,,,,,,,,,,,,,,,,,,,,,,,No,,,,,,,,,,,,,,,,,,,,,,,,,,,,,,,,,,,,,,,,,,,,,
,,"Does not apprear to be COVID-19 related, also closed",New - April 2022,No,No,No,N/A - doesn't meet inclusion criteria,Ribavirin Pregnancy Registry,Ribavirin Pregnancy Registry,Registry,Not provided,,,,,,,,,,,,,,,,,,,,,,,,,,,,,,,,,,,,,,,,,,,,,,,,,,,,,,,,,,,No,,,,,,,,,,,,,,,,,,,,,,,,,,,,,,,,,,,,,,,,,,,,,
PS,Updated using both survey and website,,New - April 2022,No,No,Yes,Yes (partially),RIETE Registry,El Registro Informatizado de Pacientes con Enfermedad TromboEmbólica ,Registry,www.riete.org; https://rieteregistry.com/,No,"The Computerized Registry of Patients with ThromboEmbolic Disease (RIETE) is a multidisciplinary project that began in March 2001, and which consists of obtaining a data registry of a large series of consecutive patients with venous thromboembolic disease.

Objectives
The fundamental objective is to provide information on the Internet that helps physicians to better understand the natural history of thromboembolic disease, and very especially of the subgroups of patients that rarely enter clinical trials (pregnant women, very elderly patients, disseminated neoplasms, severe renal insufficiency, patients with contraindications to anticoagulation, extreme weights, etc.), with the aim of reducing mortality, reducing the frequency of thromboembolic relapses and also hemorrhagic complications and arterial events.
As an additional objective, it is also intended to create predictive scales that help us better identify patients at high risk of any of these complications.",Venous thromboembolic disease,Venous thromboembolic disease,Any,Patients with venous thromboembolic disease,All ages,Worldwide,Not specified,"Red Respira, Instituto Carlos III, Spain; Sanofi Spain; Bayer Pharma AG",Industry,S&H Medical Science Service,ESP,riete@shmedical.es,Dr. Manuel Monreal Bosch,manuel.monreal@uab.cat,Not specified,N/A,Not specified,,"Foundation for the study
of Thromboembolic
Disease in Spain (FUENTE)",N/A,,,"https://pubmed.ncbi.nlm.nih.gov/29304541/
https://www.ncbi.nlm.nih.gov/pmc/articles/PMC4222426
        
        
https://journals.sagepub.com/doi/10.1177/1076029620931200
        
        ",Yes,No,N/A - no human OMICs data,N/A - no human OMICs data,N/A - no human OMICs data,No,N/A - no pathogen OMICs data,No,N/A - no imaging data,N/A - no imaging data,N/A - no imaging data,N/A - no imaging data,N/A - no imaging data,Longitudinal,Observational data only,Both,Both,Clin-epi,No,https://www.riete.org/info/centros_participantes/index.php,https://www.riete.org/info/centros_participantes/index.php,165 (11.07.22),"1,306 hospitalized patients with COVID-19 (0.5.0720)","1,306 hospitalized patients with COVID-19 (0.5.0720)",N/A - no OMICs data,Not specified,https://www.sciencedirect.com/science/article/pii/S2666572720300298,Yes,No,No,Unsure,"Physicians participating in RIETE try to ensure that consecutive 
patients will be enrolled. Data are recorded on to a computer-based case
 report form at each participating hospital and submitted to a 
centralized coordinating center through a secure website. Patients are 
managed according to the clinical practice of each participating 
hospital (i.e., there is no standardization of treatment). RIETE is an investigator-initiated registry. The main incentive for patients and investigators participating in RIETE is to generate new knowledge to help for better understanding of VTE epidemiology and outcomes.  ",https://rieteregistry.com/welcome/,No,Yes - NOT on FAIRsharing,No DOI assigned,N/A - doesn't have a DOI,None of the criteria are met,N/A,Prospective (e.g. same CRF),Not specified,Health care professionals,Not specified,Not specified,Not provided,No,None ,N/A - no OMICs data collected ,N/A - no imaging data collected ,No,Yes,Participant-level data will not be shared,Participant-level data will not be shared,N/A,Participant-level data will not be shared,Participant-level data will not be shared,Participant-level data will not be shared,Participant-level data will not be shared,Participant-level data will not be shared,Not provided,Participant-level data will not be shared,Participant-level data will not be shared,N/A,Participant-level data will not be shared,Participant-level data will not be shared,N/A,Not specified,N/A,Participant-level data will not be shared,Not specified,N/A,Not specified,Not specified,Use of predictive models to guide clinical practice ,Not specified,Not specified,Data dashboard,https://rieteregistry.com/graphics-interactives/,
,,Registry of atrial fibrulation procedures to assess adherence to clinical practice guidlines.,New - April 2022,No,No,No,N/A - doesn't meet inclusion criteria,ESC EORP AF III Registry,European Society of Cardiology EURObservational Research Programme-Atrial Fibrillation III Registry,Registry,https://www.eorp.org,No,,Atrial fibrulation,Cardiac disease,Circulatory,General,Any,Worldwide,,,,University of Florence,ITA,,Stefano Fumagalli,fumadue@tin.it,,,,,European Society of Cardiology,,,,https://www.jacc.org/doi/full/10.1016/j.jacep.2015.02.019,,,,,,,,,,,,,,,,,,,,,,,,,,,,,,,,,,No,,,,,,,,,,,,,,,,,,,,,,,,,,,,,,,,,,,,Individual sites must have ERC approaval,,,,,,,,,
SA,,,New - April 2022,No,No,No,REDCap survey not sent,ESC EORP ROPAC III Registry,European Society of Cardiology EURObservational Research Programme Registry of Pregnancy and Cardiac Disease,Registry,https://www.escardio.org/Research/Registries-&-surveys/Observational-research-programme/registry-of-pregnancy-and-cardiac-disease-iii-ropac-iii,No,,Cardiac disease,Cardiac disease,Heart,Pregnant women with heart disease,WRA,Worldwide,,,,,,,"Jolien Roos-Hesselink, Roger Hall",,,,,,European Society of Cardiology,,,,https://academic.oup.com/ehjqcco/advance-article-abstract/doi/10.1093/ehjqcco/qcaa050/5854871?redirectedFrom=fulltext,,,,,,,,,,,,,,,,,,,,,,,,,,,,,,,,,,No,,,,,,,,,,,,,,,,,,,,,,,,,,,,,,,,,,,,,,,,,,,,,
,,,New - April 2022,No,No,No (No info on COVID-19 data),No,ESC EORP SCAD,European Society of Cardiology EURObservational Research Programme Spontaneous Coronary Arterious Dissection,Registry,https://www.eorp.org,,,,,,,,Worldwide,,,,,,,,,,,,,European Society of Cardiology,,,,,,,,,,,,,,,,,,,,,,,,,,,,,,,,,,,,,,No,,,,,,,,,,,,,,,,,,,,,,,,,,,,,,,,,,,,,,,,,,,,,
,,Not clear if it has COVID-19 data.  Says it wants to be a national registry but no website I can find.,New - April 2022,No,No,No,N/A - doesn't meet inclusion criteria,REBECGA Brazilian Registry of Pregnancy and Heart Disease,REBECGA Brazilian Registry of Pregnancy and Heart Disease,Registry,Not provided,No,,,,,,,BRA,,,,Hospital das Clínicas da Faculdade de Medicina da Universidade de São Paulo ,BRA,,Av. Lourival Melo Mota,malayde1@uol.com.br,,,,,,,,,https://www.scielo.br/j/ijcs/a/8mRTKFCWfpynkQM4c9gHgdp/?format=pdf&lang=en,,,,,,,,,,,,,,,,,,,,,,,,,,,,,,,,,,No,,,,,,,,,,,,,,,,,,,,,,,,,,,,,,,,,,,,,,,,,,,,,
,,Not clear if it has COVID-19 data. No website I can find.,New - April 2022,No,No,No,N/A - doesn't meet inclusion criteria,InCor,InCor Registry of Pregnancy and Cardiac Disease,Registry,Not provided,No,,,,,,,,,,,,,,,,,,,,,,,,https://www.ncbi.nlm.nih.gov/pmc/articles/PMC7021269/,,,,,,,,,,,,,,,,,,,,,,,,,,,,,,,,,,No,,,,,,,,,,,,,,,,,,,,,,,,,,,,,,,,,,,,,,,,,,,,,
SA,Updated using website,,New - April 2022,No,No,No (No COVID-19 data),No,MBRN,Medical Birth Registry of Norway,Registry,https://helsedata.no/en/forvaltere/norwegian-institute-of-public-health/medical-birth-registry-of-norway-mbrn/,No,"To improve health services for pregnant women and
infants, to identify relationships between risk factors and health problems among mothers and children, and to monitor whether new measures and treatments produce the desired effects.",Not specified,Not specified,Not specified,Pregnant women and new borns,WRA (women of reproductive age),NOR,No,Not specified,N/A,The Norwegian Institute of Public Health (NIPH),NOR,datatilgang@fhi.no,Not provided,Not specified,Not specified,Not specified,1 March and 30 June 2020,,The Norwegian Institute of Public Health (NIPH),the Norwegian Directorate of Health or the Norwegian Cancer Registry,,,https://doi.org/10.1111/aogs.14160,Yes,No,N/A,N/A - no human OMICs data,N/A - no human OMICs data,No,N/A - no pathogen OMICs data,No,N/A,No,No,No,Not specified,Cross-sectional,Observational data only,Hospitalized for COVID-19 only,COVID-19 infected or suspected only,Clin-epi,No,,,,,,,,,,,,,,,No,,,,,,Prospective (e.g. same CRF),Provided CRF,Health care professionals,Hospital - Centre - Institution registration required for data entry,,https://helsedata.no/en/variables/?f_register=Medisinsk%20f%C3%B8dselsregister,No,Not specified,Not specified,Not specified,No,Not specified,,Directions available on the website,https://helsedata.no/en/personally-identifiable-data/,Yes,Not specified,Yes,Any group whose application is approved,Not specified,,,,,,,,,,,,,,,,,,,,
,,No website ,New - April 2022,No,No,No,No,Registro Español de Hemodinámica y Cardiología Intervencionista,Registro Español de Hemodinámica y Cardiología Intervencionista,Registry,Not provided,No,,,,,,,,,,,,,,,,Rafael Romaguera,rafaromaguera@gmail.com,,,,,,,"https://www.revespcardiol.org/es-registro-espanol-hemodinamica-cardiologia-intervencionista--articulo-S0300893221003596#:~:text=El%20Registro%20Espa%C3%B1ol%20de%20Hemodin%C3%A1mica,cierre%20del%20foramen%20oval%20permeable.",,,,,,,,,,,,,,,,,,,,,,,,,,,,,,,,,,No,,,,,,,,,,,,,,,,,,,,,,,,,,,,,,,,,,,,,,,,,,,,,
RG,Updated using website,,New - April 2022,No,No,Yes,No,ATR-DGU, AltersTraumaRegister-DGU,Registry,https://www.alterstraumaregister-dgu.de,No,The potential effects of a COVID-19 infection on geriatric patients with procimal femure fracture; examining what exactly influences recovery/ rate of recovery,Proximal femur fracture,Proximal femur fracture,Human skeleton,Over 70 with coaxal femure fracture and planned or carried out surgery,70 years and older,"DEU, CHE, AUT",No,Deutschen Gesellschaft für Unfallchirurgie e.V. (DGU),Professional organization,AUC - Akademie der Unfallchirurgie GmbH,DEU,support@auc-online.de,Not specified,N/A,Not specified,N/A,July 2020,,Deutsche Gesellschaft für Unfallchirurgie e.V. (DGU); Deutsche Gesellschaft für Orthopädie und Unfallchirurgie; Deutsche Gesellschaft für Orthopädie und Orthopädische Chirurgie,https://www.dgu-online.de ; https://dgou.de ; https://dgooc.de ; ,,,https://www.alterstraumaregister-dgu.de/forschung,Yes,No,N/A - no human OMICs data,N/A - no human OMICs data,N/A - no human OMICs data,No,N/A - no pathogen OMICs data,No,N/A - no imaging data,N/A - no imaging data,N/A - no imaging data,N/A - no imaging data,N/A - no imaging data,Longitudinal,Observational data only,Both,Both,Clin-epi,No,Not provided,Not specified,90 (as of 2019),around 26.000 (as of 2019),149 in 2020 (data for 2021 not yet available),N/A,Yearly reports,https://www.alterstraumaregister-dgu.de/downloads,Yes,No,No,Rather yes,"Neben der Qualitätssicherung liefert das AltersTraumaRegister 
DGU® einen wichtigen Beitrag zur Versorgungsforschung. Die jährlich wachsende Datenbank des AltersTraumaRegister DGU® erlaubt Darstellungen und Analysen in unterschiedlichen wissenschaftlichen Bereichen. Die AltersTraumaZentren DGU können jederzeit auf die eigenen Daten zugreifen. Datenanalysen aus dem Gesamtregister sind denjenigen 
Teilnehmern vorbehalten, die bereits einen hinreichenden Beitrag zum Register leisten konnten. So sind die teilnehmenden Kliniken nach einem Jahr der Dateneingabe zu wissenschaftlichen Analysen aus dem 
Gesamtdatensatz – beispielsweise zum Erstellen von Publikationen - berechtigt. Bei allen Datenauswertungen berät und unterstützt die AUC methodisch und statistisch.",https://www.alterstraumaregister-dgu.de/forschung,No,Yes - NOT on FAIRsharing,No DOI assigned,N/A - doesn't have a DOI,Meets 2 of 4 criteria,N/A,Prospective (e.g. same CRF),Provided CRF,Affiliated institution,Hospital - Centre - Institution registration required for data entry,TraumaPortal DGU,https://www.alterstraumaregister-dgu.de/fileadmin/user_upload/ATR-DGU_-_Erhebungsbogen_V2022.pdf,Not specified,No clin-epi standard used,N/A - no OMICs data collected,N/A - no participant level imaging data collected,No,Yes,Data access is possible upon request if the group has contributed data to the registry for at least a year beforehand,Directions available on the website,https://www.alterstraumaregister-dgu.de/fileadmin/user_upload/ATR-Publikationsrichtinie_2019.pdf,Yes,Not specified,Yes,Only groups that contributed data or are otherwise part of the consortium,Participant-level data are being shared,N/A,Special board of registry: Arbeitskreis AltersTraumaRegister (AK ATR) der AG Alterstraumatologie der DGU,Information available on the website,https://www.alterstraumaregister-dgu.de/fileadmin/user_upload/ATR-Publikationsrichtinie_2019.pdf,Request for data is always accepted if eligible (has provided data or been part of the consortium for at least a year),Information available on the website,https://www.alterstraumaregister-dgu.de/fileadmin/user_upload/ATR-Publikationsrichtinie_2019.pdf,Yes,N/A,Pseudonymization,Not specified,N/A,Not specified,Not specified,Use and access of all data provided to the registry,Registry or platform,Not specified,Yearly reports,https://www.alterstraumaregister-dgu.de/downloads,
,,Coudl not find website,New - April 2022,No,No,No,N/A - doesn't meet inclusion criteria,Macedonia RES-Q Registry of Stroke Care Quality,Macedonia RES-Q Registry of Stroke Care Quality,Registry,Not provided ,,,,,,,,,,,,,,,,,,,,,,,,,,,,,,,,,,,,,,,,,,,,,,,,,,,,,,,,,,,No,,,,,,,,,,,,,,,,,,,,,,,,,,,,,,,,,,,,,,,,,,,,,
,,Multicentre study/no website ,New - April 2022,No,No,No,N/A - doesn't meet inclusion criteria,TURSER,TURKISH St-segment elevation myocardial ınfarction registry,Multicenter cohort study where sites fixed at beginning and new sites cannot apply for inclusion,Not provided,,,,,,,,,,,,,,,,,,,,,,,,,https://pubmed.ncbi.nlm.nih.gov/34050883/,,,,,,,,,,,,,,,,,,,,,,,,,,,,,,,,,,No,,,,,,,,,,,,,,,,,,,,,,,,,,,,,,,,,,,,,,,,,,,,,
,,Does not include participant-level data,New - April 2022,No,No,No,N/A - doesn't meet inclusion criteria,IRIS,INDn Registry of IntenSive Care,Registry,Not provided,,,,,,,,,,,,,,,,,,,,,,,,,,,,,,,,,,,,,,,,,,,,,,,,,,,,,,,,,,,No,,,,,,,,,,,,,,,,,,,,,,,,,,,,,,,,,,,,,,,,,,,,,
,,Doesn't contain COVID data,New - April 2022,No,No,No,N/A - doesn't meet inclusion criteria,STERLING Registry,STERLING Registry,Registry,Not provided ,,,,,,,,,,,,,,,,,,,,,,,,,,,,,,,,,,,,,,,,,,,,,,,,,,,,,,,,,,,No,,,,,,,,,,,,,,,,,,,,,,,,,,,,,,,,,,,,,,,,,,,,,
,,No website ,New - April 2022,No,No,No,No,Jakarta COVID-19 epidemiological registry,Jakarta COVID-19 epidemiological registry,Registry,Not provided,,,,,,,,,,,,,,Not provided,dante.saksono@ui.ac.id ,,,,,,,,,,https://www.sciencedirect.com/science/article/pii/S1751991821001923,,,,,,,,,,,,,,,,,,,,,,,,,,,,,,,,,,No,,,,,,Prospectively,,,,Jakarta Provincial Health Department Epidemiological Surveillance Form,,No,,,,,,,,,,,,,,,,,,,,,,,,,,,,,,,,,
,,Only 1 health system,New - April 2022,No,No,No,N/A - doesn't meet inclusion criteria,Yale DOM-CovX Registry,Yale DOM-CovX Registry,Registry,Not provided ,,,,,,,,,,,,,,,,,,,,,,,,,https://pubmed.ncbi.nlm.nih.gov/34627824/,,,,,,,,,,,,,,,,,,,,,,,,,,,,,,,,,,No,,,,,,,,,,,,,,,,,,,,,,,,,,,,,,,,,,,,,,,,,,,,,
,,No website ,New - April 2022,No,No,No,No,Spanish Society of Neurology's NeuroCOVID-19 Registry,Spanish Society of Neurology's NeuroCOVID-19 Registry,Registry,Not provided,Yes,,,,,,,,,,,,,,,,David García-Azorí,dgazorin@ucm.es ,,,,,,,"https://www.sciencedirect.com/science/article/pii/S0967586822002272#b0040
https://www.jns-journal.com/article/S0022-510X(20)30619-5/fulltext ",,,,,,,,,,,,,,,,,,,,,,,,,,,,,,,,,,No,,,,,,,,,,,,,,,,,,,,,,,,,,,,,,,,,,,,,,,,,,,,,
,,A study not a registry,New - April 2022,No,No,No,N/A - doesn't meet inclusion criteria,Czech Republic BIOREP registry,Czech Republic BIOREP registry,Multicenter cohort study where sites fixed at beginning and new sites cannot apply for inclusion,Not provided ,,,,,,,,,,,,,,,,,,,,,,,,,https://www.tandfonline.com/doi/full/10.1080/09546634.2022.2043545,,,,,,,,,,,,,,,,,,,,,,,,,,,,,,,,,,No,,,,,,,,,,,,,,,,,,,,,,,,,,,,,,,,,,,,,,,,,,,,,
,,No website ,New - April 2022,No,No,No,No,ReumaCoV-Brasil Registry,ReumaCoV-Brasil Registry,Registry,Not provided,Yes,,,,,,,,,,,,,,,,"Gilda Aparecida Ferreira
Dr Adriana Maria Kakehasi","gildaferreira9@gmail.com
amkakehasi@gmail.com",,,,,,,"https://rmdopen.bmj.com/content/7/1/e001461 
https://www.researchprotocols.org/2020/12/e24357/authors ",,,,,,,,,,,,,,,,,,,,,,,,,,,,,,,,,,No,,,,,,,,,,,,,,,,,,,,,,,,,,,,,,,,,,,,,,,,,,,,,
SA,Updated using website,Doesn't specify COVID-19,New - April 2022,No,No,No,No,NCDB,National Cancer Database,Registry,https://www.facs.org/quality-programs/cancer-programs/national-cancer-database/ncdb-call-for-data/,No,Improving Outcomes for Patients with Cancer,Cancer,Cancer,Any,Cancer patients,All ages,USA,Yes,Not specified,N/A,American College of Surgeons,USA,Not specified,"Heidi Nelson, Qian Shi, Daniel Boffa",nelsonh@ohsu.edu; shi.qian2@mayo.edu; daniel.boffa@yale.edu,Not specified,Not specified,"March, 2020",,American College of Surgeons,Not specified,,,https://doi.org/10.1177/1740774510380953,Yes,No,N/A,N/A - no human OMICs data,N/A - no human OMICs data,No,No,No,N/A,No,N/A - no imaging data,N/A - no CT data,Not specified,Longitudinal,Observational data only,Unsure,COVID-19 infected or suspected only,Clin-epi,No,,,,,,,,,,,,,,,No,,,,,,Prospectively,,Commission on Cancer-accredited facilities,Yes,,Not specified,No,"Standards for Oncology Registry Entry, SEER*Rx, ICD",Not specified,Not specified,Yes,Yes,,Directions available on the website,https://ncdbapp.facs.org/puf/,Yes,Not specified,Yes,investigators from CoC accredited facilities,Currently sharing,,Not provided,No,,Not provided,Not provided,,,,De-identification also remove hospital name and zip code.,,,,,,,,,,
,,,New - April 2022,No,No,No (No info on COVID-19 data),No,RCRS,Rapid Cancer Reporting System,Registry,https://www.facs.org/quality-programs/cancer-programs/national-cancer-database/rapid-cancer-reporting-system/,No,,,,,,,,,,,,,postmaster@facs.org,,,,,,,,,,,,,,,,,,,,,,,,,,,,,,,,,,,,,,,,,,,,,No,,,,,,,,,,,,,,,,,,,,,,,,,,,,,,,,,,,,,,,,,,,,,
,,A study not a registry,New - April 2022,No,No,No,N/A - doesn't meet inclusion criteria,Austrian Diabetes Incidence Study,Austrian Diabetes Incidence Study,Multicenter cohort study where sites fixed at beginning and new sites cannot apply for inclusion,Not provided,,,,,,,,,,,,,,,,,,,,,,,,,https://www.ncbi.nlm.nih.gov/pmc/articles/PMC8882618/,,,,,,,,,,,,,,,,,,,,,,,,,,,,,,,,,,No,,,,,,,,,,,,,,,,,,,,,,,,,,,,,,,,,,,,,,,,,,,,,
,,No website ,New - April 2022,No,No,No,No,Finnish Pediatric Diabetes Registry,Finnish Pediatric Diabetes Registry,Registry,Not provided,,,Diabetes,Diabetes,,,,,,,,,,Not provided,heli.salmi@hus.fi,,,,,,,,,,https://www.ncbi.nlm.nih.gov/pmc/articles/PMC8172262/,,,,,,,,,,,,,,,,,,,,,,,,,,,,,,,,,,No,,,,,,,,,,,,,,,,,,,,,,,,,,,,,,,,,,,,,,,,,,,,,
,,No website ,New - April 2022,No,No,No,No,GeroCovid Observational Registry,GeroCovid Observational Registry,Registry,Not provided,Yes,,General,General,Any,Older people in different care settings,≥60 years,,,,,,,,,,Caterina Trevisan,caterina.trevisan.5@studenti.unipd.it,"March 1, 2020",,"Italian Society of Gerontology and Geriatrics (SIGG), Norwegian Geriatrics Society",,,,"https://www.ncbi.nlm.nih.gov/pmc/articles/PMC8556143
        
        /#CR11

https://pubmed.ncbi.nlm.nih.gov/33573885/",Yes,No,,,,No,,No,,,,,,,,,,,,,,,,,,,,,,,,,,No,,,,,,,,,,,,,,,,,,,,,,,,,,,,,,,,,,,,Each study site must have ERC/IRB approval,,,,,,,,,
,,Only 1 health system,New - April 2022,No,No,No,N/A - doesn't meet inclusion criteria,VA CDW,Veterens Affairs Corporate Data Warehouse,Data lake or dataverse,,,,,,,,,,,,,,,,,,,,,,,,,,,,,,,,,,,,,,,,,,,,,,,,,,,,,,,,,,,,No,,,,,,,,,,,,,,,,,,,,,,,,,,,,,,,,,,,,,,,,,,,,,
,,Data sharing and display platform,New - April 2022,No,No,No,N/A - doesn't meet inclusion criteria,SciCrunch,SciCrunch,Data sharing and display platform,Not provided ,,,,,,,,,,,,,,,,,,,,,,,,,,,,,,,,,,,,,,,,,,,,,,,,,,,,,,,,,,,No,,,,,,,,,,,,,,,,,,,,,,,,,,,,,,,,,,,,,,,,,,,,,
,,Doesnt seem to have COVID data,New - April 2022,No,No,No,N/A - doesn't meet inclusion criteria,NITRC - INDI,International Neuroimaging Data-Sharing Initiative,Platform,https://www.nitrc.org/plugins/mwiki/index.php/fcon_1000:MainPage,,,,,,,,,,,,Child mind institute,,,Michael Milham,,,,,,,,,,,,,,,,,,,,,,,,,,,,,,,,,,,,,,,,,,,,No,,,,,,,,,,,,,,,,,,,,http://fcon_1000.projects.nitrc.org/indi/req_access.html,,,,,,,,,,,,,,,,,,,,,,,,,
,,Doesnt seem to have COVID data,New - April 2022,No,No,No,N/A - doesn't meet inclusion criteria,NITRC - NDR,Neuroimaging Tools & Resources Collaboratory - Neuroimaging Data Repository,Platform,,,,,,,,,,,,,,,,,,,,,,,,,,,,,,,,,,,,,,,,,,,,,,,,,,,,,,,,,,,,No,,,,,,,,,,,,,,,,,,,,,,,,,,,,,,,,,,,,,,,,,,,,,
,,Doesnt seem to have COVID data,New - April 2022,No,No,No,N/A - doesn't meet inclusion criteria,NIAID - IRD,National Institute of Allergy and Infectious Diseases - Influenza Research Database,Platform,https://www.fludb.org/brc/home.spg?decorator=influenza,,,,,,,,,,,,,,,,,,,,,,,,,,,,,,,,,,,,,,,,,,,,,,,,,,,,,,,,,,,No,,,,,,,,,,,,,,,,,,,,,,,,,,,,,,,,,,,,,,,,,,,,,
,,"Dataset from 1 health system, not a registry",New - April 2022,No,No,No,N/A - doesn't meet inclusion criteria,COVIDome,COVIDome,,https://covidome.shinyapps.io/Cohort/,,,,,,,,,,,,,,,,,,,,,,,,,,,,,,,,,,,,,,,,,,,,,,,,,,,,,,,,,,,No,,,,,,,,,,,,,,,,,,,,,,,,,,,,,,,,,,,,,,,,,,,,,
SA,Updated using website,,New - April 2022,No,No,No (data submission through another platform) ,No,NIH NCI GDC,National Institutes of Health - National Cancer Institute - Genomic Data Commons,Platform,https://gdc.cancer.gov/,No,Identifying the genomic alterations that arise in cancer can help researchers decode how cancer develops and improve upon the diagnosis and treatment of cancers based on their distinct molecular abnormalities.,Cancer,Cancer,Any,Cancer patients,All ages,USA,Not specified,NIH,Government,University of chicago,USA,support@nci-gdc.datacommons.io,lstaudt@mail.nih.gov,Not specified,Not specified,Not specified,Not specified,,Not specified,Not specified,,,,Yes,Yes,genomic data,Not specified,Not specified,Yes,Not specified,No,N/A,No,N/A - no imaging data,N/A - no CT data,Not specified,Longitudinal,Clinical trial data only,Unsure,Not specified,,No,,,,,,,,,,,,,,,No,Yes - ON FAIRsharing,https://doi.org/10.25504/FAIRsharing.RyVjoS,No,,N/A,Data has to be uploaded in specific formats,Prespecified standard (e.g. DICOM),Health care professionals,Hospital - Centre - Institution registration required for data entry,N/A,https://gdc.cancer.gov/about-data/data-dictionary,No,N/A,Yes,N/A,Yes,Not specified,,Directions available on the website,https://gdc.cancer.gov/access-data/data-access-processes-and-tools,Not specified,Not specified,No,,Not specified,,,,,,,,,,,,,,,,,,,,
LM,Updated using website - LM checked,Catalogue of datasets.  Not interoperable at the participant level.,New - April 2022,No,No,No,No,Gabriella Miller Kids First Data Resource Center ,Gabriella Miller Kids First Data Resource Center,Catalog of databases or datasets,https://kidsfirstdrc.org,No,Outcomes in children infected with COVID-19 (including symptoms and long-term effects),,"Mainly cancer and birth defects, though other comorbidities are listed as well (e.g. respiratory system disease, asthma etc.)",General,Children with cancer and structural birth defects,All ages,Worldwide,Yes,NIH Common Fund,Government,Children's Hospital of Philadelphia,USA,support@kidsfirstdrc.org,,,,,,,,,,,,Yes,Yes,"Phenotype, genomic data",Yes,Yes,No,N/A - no pathogen OMICs data,No,N/A,N/A - no imaging data,N/A - no imaging data,N/A - no imaging data,N/A - no imaging data,,Observational data only,,,,Yes,,,,,57,0,,,,,,,,,No,,,,,,,,,,,,,,,,,,,,,,,,,,,,,,,,,,,,,,,,,,,,,Used this to make the designation: https://www.notion.so/Studies-and-Access-a5d2f55a8b40461eac5bf32d9483e90f
,,Catalogue of datasets.  Not interoperable at the participant level.,New - April 2022,No,No,No,N/A - doesn't meet inclusion criteria,NIH HEAL Data Platform,National Institutes of Health - Helping to End Addiction Long-term Platform,Catalouge of datasets,https://healdata.org/,,,,,,,,,,,,,,,,,,,,,,,,,,,,,,,,,,,,,,,,,,,,,,,,,,,,,,,,,,,No,,,,,,,,,,,,,,,,,,,,,,,,,,,,,,,,,,,,,,,,,,,,,
RG,Updated using website,,New - April 2022,No,No,Yes,REDCap survey not sent,PRC,Pandemic Response Commons,Platform,https://pandemicresponsecommons.org/,Yes,To improve health outcomes from COVID-19 and to address the racial and socioeconomic disparities that have been exacerbated by COVID-19 ,General,General,Any,General,All ages,Worldwide,Yes,"Amazon Web Services (AWS), The Searle Funds at The Chicago Community Trust",Foundation and Company,"Center for Computational Science Research, Inc. (CCSR)",USA,support@datacommons.io,Not specified,Not specified,Not specified,Not specified,"August 4, 2020",,"BioTeam Enabling Science, The Open Commons Consortium (OCC)",Chicagoland COVID-19 Commons,,,doi.org/10.1101/2022.06.20.22276542,Yes,Yes,"Phenotype, genomic, proteomic, and biospecimen data ",Yes,Not specified,Yes,Not specified,Yes,"Not specified, possibly multiple types",Yes,Not specified,Not specified,Not specified,Both,Observational data only,Hospitalized for COVID-19 only,COVID-19 infected or suspected only,Clin-epi - Human OMICs - Pathogen OMICs – imaging (unlinked),Yes,Specific list not provided: Pandemic Response Commons Members (i.e. participating centers) consist of those organizations that have signed the Membership Agreements,Not provided,Not specified,Not specified,90000,over 5300,,https://chicagoland.pandemicresponsecommons.org,No,Yes,Yes,Yes,"Built according to The Open Commons Consortium’s guiding principles, the PRC is an open, standards-based environment that collects, aggregates, and analyzes de-identified clinical, phenotype, genomic, proteomic, image, biospecimen and participant contributed data. ",https://pandemicresponsecommons.org,No,Yes - NOT on FAIRsharing,No DOI assigned,N/A - doesn't have a DOI,Meets 2 of 4 criteria,N/A,Prospective (e.g. same CRF),Provided CRF,Affiliated institution,Hospital - Centre - Institution registration required for data entry,Not specified,Not provided,Not specified,No clin-epi standard used,Not specified,Not specified,Yes,Yes,"Open access data is available for download, controlled access data can be shared with those who have signed data use agreements and go through authorization. (Not specified what authorization is, application for data access is possible through the website)",Yes,https://pandemicresponsecommons.org/governance/principles/,Yes,Not specified,Yes,Any group whose application is approved,Participant-level data are being shared,,Platform or registry management team,Information available on the website to a limited extent,https://pandemicresponsecommons.org/governance/principles/,Not specified,Information not available on website,,Not specified,N/A,Not specified,IRB or ERC approval obtained,Not provided,Not specified,Research on the impact of COVID-19 on minority and vulnerable groups,Access to all data on the platform,Not specified,There is a Community Engagement and Outreach Working Group. How they engage with the community is not specified.,Real-time data dashboard,https://chicagoland.pandemicresponsecommons.org,
,,,New - April 2022,No,No,No,N/A - doesn't meet inclusion criteria,VPODC,Veterans Precision Oncology Data Commons,Health data ecosystem or health data space,https://vpodc.data-commons.org/login,No,,,,Any,Veterans,,USA,,,,,,support@datacommons.io,,,,,,,,,,,,,,,,,,,,,,,,,,,,,,,,,,,,,,,,,,,,,No,,,,,,,,,,,,,,,,,,,,,,,,,,,,,,,,,,,,,,,,,,,,,
,,,New - April 2022,No,No,No,N/A - doesn't meet inclusion criteria,Brain Commons,Brain Commons,Health data ecosystem or health data space,data.braincommons.org,,,,,,,,,,,,,,,,,,,,,,,,,,,,,,,,,,,,,,,,,,,,,,,,,,,,,,,,,,,No,,,,,,,,,,,,,,,,,,,,,,,,,,,,,,,,,,,,,,,,,,,,,
SA,Updated using website,,New - April 2022,No,No,No (Website isn't working),No,Biomedical Data Commons,Biomedical Data Commons,Platform,https://docs.datacommons.org/datasets/biomedical.html,No,"Combining data from different sources requires mapping common entities (city, county, etc.) and resolving different types of keys/identifiers. This process is time consuming, tedious and done over and over. Our goal with Data Commons is to address this problem.",Not specified,Not specified,Not specified,Not specified,Not specified,Worldwide,Not specified,Google,Private enterprise,Not specified,Not specified,Couldn't find email,Couldn't find email,Not specifeid,Ramanathan V. Guha,guha@google.com,Not specifeid,,"US Department of Commerce, UC San Francisco, Stanford University, UC Berkeley and Harvard.",Not specifeid,,,,Yes,Unsure,N/A,N/A - no human OMICs data,N/A - no human OMICs data,Unsure,No,Unsure,N/A,N/A - no imaging data,N/A - no imaging data,Unsure,Unsure,Longitudinal,Observational data only,Unsure,Both,Clin-epi,No,,,,,,,,,,,,,,,No,,,,,,Data has to be uploaded in specific formats,Prespecified standard (e.g. DICOM),Researchers and health care professionals,No registration required for data entry,,https://docs.datacommons.org/datasets/Health.html#covid-19,Yes (ISARIC/WHO/IDDO eCRF),N/A,N/A,N/A,No,,,Directions available on the website,https://datacommons.org/faq,No,CC BY,Yes,Open access,Not specified,,,,,,,,,,,,,,,,,,,,
RG,,only contains data from one hospital,New - April 2022,No,No,No,No,COVID 19 Data Commons ,COVID 19 Data Commons ,Platform,https://www.stonybrookmedicine.edu/research/data-commons,Yes,,,General,General,,,,Yes,,,Stony Brook University Renaissance School of Medicine and the College of Engineering and Applied Sciences,,iedm@stonybrook.edu,,,,,,,,,,,,,,,,,,,,,,,,,,,,,,,,,,,,,,,,,,,,,No,,,,,,,,,,,,,,,,,,,,,,,,,,,,,,,,,,,,,,,,,,,,,
,,Catalogue of datasets,New - April 2022,No,No,No,N/A - doesn't meet inclusion criteria,COVID-19 Data Commons,COVID-19 Data Commons,Platform of platforms,https://docs.datacommons.org/datasets/covid19.html,,,,,,,,,,Google,Private enterprise,,,,,,Ramanathan V. Guha,guha@google.com,,,,,,,,,,,,,,,,,,,,,,,,,,,,,,,,,,,,,,,,,No,,,,,,,,,,,,,,,,,,,,,,,,,,,,,,,,,,,,,,,,,,,,,
SA,Updated using website,,New - April 2022,No,No,Yes,No,CoRDaCo,Regenstrief Institute COVID-19 Research Data Commons,Platform,https://www.regenstrief.org/rds/registries/,Yes,"To provide broad and efficient access to a large corpus of clinical data related to COVID-19 in INDna, facilitating research and
discovery.",General,General,Any,General,All ages,Worldwide,Yes,"The National Institutes of Health, the Regenstrief Institute funding, the INDna Clinical and Translational Sciences Institute ","Government, Professional organization",Regenstrief Institute school of medicine,IND,"askrds@regenstrief.org, prteam@regenstrief.org",Not found,Not found,Not found,Not found,Not specified,,"INDna University, IUPUI, and Purdue University",Not specified,,,https://www.medrxiv.org/content/10.1101/2021.12.17.21267942v1,Yes,No,N/A - no human OMICs data,No,N/A - no human OMICs data,No,No,No,N/A ,N/A ,Not specified,No,Not specified,Unsure,Observational data only,Hospitalized for COVID-19 only,COVID-19 infected or suspected only,Clin-epi,No,,,,,,,,,,,,,,,No,Yes - NOT on FAIRsharing,No DOI assigned,N/A - doesn't have a DOI,None of the criteria are met,N/A,Not specified,Not specified,Health care professionals,Individual registration required for data entry,EHRs,https://www.regenstrief.org/covid-dashboard/,No,N/A,N/A,N/A,No,Not specified,Directions not available on the website,Directions not available on the website,https://www.regenstrief.org/data/data-downloads/,Not specified,Not specified,No,Any group whose application is approved,Participant-level data are being shared,,Not specified,,,,,,,,,,,,,,Not specified,Not specified,Not specified,,
,,Catalogue of datasets,New - April 2022,No,No,No,N/A - doesn't meet inclusion criteria,Corona Open Data Portal,Corona Open Data Portal,Catalogue of datasets,https://ondics.de,,,,,,,,,,,,,,,,,,,,,,,,,,,,,,,,,,,,,,,,,,,,,,,,,,,,,,,,,,,No,,,,,,,,,,,,,,,,,,,,,,,,,,,,,,,,,,,,,,,,,,,,,
,,,New - April 2022,No,No,No,N/A - doesn't meet inclusion criteria,DASH,Data Science and Health Cluster,Health data ecosystem or health data space,https://datascienceandhealth.ubc.ca/,,,,,,,,,,,,,,,,,,,,,,,,,,,,,,,,,,,,,,,,,,,,,,,,,,,,,,,,,,,No,,,,,,,,,,,,,,,,,,,,,,,,,,,,,,,,,,,,,,,,,,,,,
,,,New - April 2022,No,No,No (pilot phase has ended and no plans to continue this),REDCap survey not sent,NIH Data Commons,NIH Data Commons,Platform,https://commonfund.nih.gov/commons,,,,,,,,,,,,,,,,,,,,,,,,,,,,,,,,,,,,,,,,,,,,,,,,,,,,,,,,,,,No,,,,,,,,,,,,,,,,,,,,,,,,,,,,,,,,,,,,,,,,,,,,,
RG,,,New - April 2022,No,No,No,No,Chicagoland COVID-19 Commons,Chicagoland COVID-19 Commons,Platform (Data Commons),https://chicagoland.pandemicresponsecommons.org/,Yes,To address the racial and socioeconomic disparities that have been exacerbated by COVID-19 ,,General,General,General (population in the Chicago area),All ages,US,Yes,"Amazon Web Services (AWS), The Searle Funds at The Chicago Community Trust",Foundation and Company,"Center for Computational Science Research, Inc. (CCSR)",USA,support@datacommons.io,Not specified,Not specified,Not specified,Not specified,"August 4, 2020",,"Open Commons Consortium, P33, MATTER",Pandemic Response Commons,,,,Yes,Yes,"Phenotype, genomic, proteomic, and biospecimen data ",Yes,Not specified,Yes,Not specified,Yes,"Not specified, possibly multiple types",Yes,Not specified,Not specified,Not specified,Both,Observational data only,Unsure,COVID-19 infected or suspected only,Clin-epi - Human OMICs - Pathogen OMICs – imaging (unlinked),Yes,Specific list not provided: Pandemic Response Commons Members consist of those organizations that have signed the Membership Agreements,Not provided,Not specified,5 datasets?,6632 genome samples,N/A,,,No,,,,,,No,,,,,,,,,,,,,,,,,,,,,,,,,,,,,,,,,,,,,,,,,,,,,
,Updated using website,Not clear whether COVID-19 data included.  Sent email.,New - April 2022,No,No,No,REDCap survey not sent,NIH NCI CRDC,National Institutes of Health National Cancer Institute Cancer Research Data Commons,,https://datacommons.cancer.gov/,,,,,,,,,,NIH,Government,,USA,NCICRDC@mail.nih.gov,,,,,,,,,,,,,,,,,,,,,,,,,,,,,,,,,,,,,,,,,,,,,No,,,,,,,,,,,,,,,,,,,,,,,,,,,,,,,,,,,,,,,,,,,,,
,,Catalogue of datasets,New - April 2022,No,No,No,N/A - doesn't meet inclusion criteria,NIH NCI Data Catalog,National Institutes of Health National Cancer Institute Data Catalog,Catalogue of platforms and datasets,https://datascience.cancer.gov/resources/nci-data-catalog,,,,,,,,,,,,,,,,,,,,,,,,,,,,,,,,,,,,,,,,,,,,,,,,,,,,,,,,,,,No,,,,,,,,,,,,,,,,,,,,,,,,,,,,,,,,,,,,,,,,,,,,,
,,Catalogue of datasets,New - April 2022,No,No,No,N/A - doesn't meet inclusion criteria,dkNET,dkNET,Catalogue of platforms and datasets,https://dknet.org/,,,,,,,,,,US National Institute of Diabetes and Digestive and Kidney Diseases,,,,,,,,,,,,,,,,,,,,,,,,,,,,,,,,,,,,,,,,,,,,,,,,,No,,,,,,,,,,,,,,,,,,,,,,,,,,,,,,,,,,,,,,,,,,,,,
RG,Updated using website,Has some COVID-19 related images,New - April 2022,No,No,Yes,No,NIH NCI IDC,National Institutes of Health - National Cancer Institute - Imaging Data Commons,Platform,https://portal.imaging.datacommons.cancer.gov/,No,Unsure," 
         

Cancer",Cancer,Any,General,All ages,US,Not specified,National Cancer Institute at the National Institutes of Health,Government,National Cancer Institute,USA,support@canceridc.dev,,,,,Not specified,,,No,,,doi: 10.1371/journal.pcbi.1009450,Yes,No,N/A - no human OMICS data,N/A - no human OMICs data,N/A - no human OMICs data,No,N/A - no pathogen OMICs data,Yes,"Clinical and preclinical imaging, radiological images (e.g., CT, MRI, PET), digital pathology images, multispectral microscopy images",Yes,Yes,Unsure,Not specified,Unsure,Both clinical trial and observational data,Hospitalized for COVID-19 only,COVID-19 infected or suspected only,Clin-epi - imaging (linked),Yes,?,,,,,,,,,Yes,,,"IDC will provide the tools to search and visualize cancer imaging data, define cohorts and use those cohorts for cloud-based analysis to better understand the disease and evaluate treatment options.

All data hosted by IDC will be available publicly. ",https://datacommons.cancer.gov/repository/imaging-data-commons,No,Yes - ON FAIRsharing,https://doi.org/10.25504/FAIRsharing.0b5a1d,No,Meets 3 of 4 criteria,N/A,Retrospective,Prespecified standard (e.g. DICOM),Registry or platform management,No registration required for data entry,No,Not provided,No,Unsure,N/A - no OMICs data collected,DICOM,Yes,Yes,"Open access data is available for anyone, controlled access data is available after authorization through a Data Access Committee",Directions available on the website,https://datascience.cancer.gov/data-sharing/accessing-data,No,N/A,No,Open access,Participant-level data are being shared,,Open access and controller access by data generator,Information available on the website,https://datascience.cancer.gov/data-sharing/accessing-data,Not specified,Not specified,N/A,No,Not specified,De-identification,Not specified,N/A,Not specified,Not specified,Not specified,Not specified,Not specified,Not specified,,"Contains only images, but is linked to genomic and proteomic data sets (but those are technically seperate data commons)"
RG,Updated using website,Has some COVID-19 related images - information about participating centers missing,New - April 2022,No,No,Yes,No,NIH NCI TCIA,National Institutes of Health - National Cancer Institute - The Cancer Imaging Archive,Platform,http://www.cancerimagingarchive.net/,No,,Cancer,Cancer,Any,General,All ages,Worldwide,Not specified,"Cancer Imaging Program (CIP), a part of the United States National Cancer Institute (NCI)",Government,Frederick National Laboratory for Cancer Research (FNLCR),USA,help@cancerimagingarchive.net,Not specified,Not specified,Not specified,Not specified,Not specified,,,No,,,https://wiki.cancerimagingarchive.net/display/Public/Publications+about+TCIA+Authored+by+the+TCIA+team,Yes,Yes,Genomic data,Yes,Yes,Unsure,Not specified,Yes,"""MRI, CT, digital histopathology, etc.""",Yes,Yes,Unsure,Not specified,Unsure,Both clinical trial and observational data,Hospitalized for COVID-19 only,COVID-19 infected or suspected only,Clin-epi - Human OMICs - imaging (linked),Yes,Not specified,Not provided,Not specified,Not specified,Not specified,N/A,,https://www.cancerimagingarchive.net/tcia-analysis-results/,No,Yes,Yes,Yes,"The mission of the Cancer Imaging Program, National Cancer Institute, is to promote and support: 
Cancer-related basic, translational and clinical research in imaging sciences and technology, and
Integration and application of these imaging discoveries and developments to the understanding of cancer biology and to the clinical management of cancer and cancer risk. //

TCIA is a service which de-identifies and hosts a large archive of medical images of cancer accessible for public download. The data are organized as “collections”; typically patients’ imaging related by a common disease (e.g. lung cancer), image modality or type (MRI, CT, digital histopathology, etc) or research focus. DICOM is the primary file format used by TCIA for radiology imaging. Supporting data related to the images such as patient outcomes, treatment details, genomics and expert analyses are also provided when available. ","https://www.cancerimagingarchive.net/about-the-cancer-imaging-program-cip/ 



https://www.cancerimagingarchive.net/tcia-analysis-results/

",No,Yes - ON FAIRsharing,https://doi.org/10.25504/FAIRsharing.jrfd8y,No,Meets 3 of 4 criteria,N/A,Prespecified standard (e.g. DICOM),Prespecified standard (e.g. DICOM),Open access,No registration required for data entry,No,Not provided,No,Unsure,N/A - no OMICs data collected,DICOM,Yes,Yes,Open access data: data can be downloaded from website,Directions available on the website,https://www.cancerimagingarchive.net/access-data/,No,N/A,No,Open access,Participant-level data are being shared,,Open access,Information available on the website,https://www.cancerimagingarchive.net/access-data/,N/A,N/A - Open access,N/A,Not specified,Not specified,De-identification,Not specified,N/A,Not specified,"""The general public can see how cancer appears in diagnostic images and learn about the instruments doctor uses to diagnose cancer and measure the success of treatment.""","""Cancer researchers can use this data to test new hypotheses and develop new analysis techniques to advance our scientific understanding of cancer.""",Individual studies that upload data,Not specified,Not specified,,Supporting data such as genomics are provided when available
,,,New - April 2022,No,No,No - indicated in the survery that does not collect or harmonize data from more than one hospital/health system,Yes,NIH NIDDK-CR R4R,National Institutes of Health - National Institute of Diabetes and Digestive and Kidney Diseases - Central Repository - Resources for Research,,https://repository.niddk.nih.gov/home/,No,,Type 2 diabetes,,,,,,,,,,,NIDDK-CRsupport@niddk.nih.gov,Not found,,,,,,,,,,,,,,,,,,,,,,,,,,,,,,,,,,,,,,,,,,,,No,,,,,,,,,,,,,,,,,,,,,,,,,,,,,,,,,,,,,,,,,,,,,
,,,New - April 2022,No,No,No,REDCap survey not sent,NIH PGDI,National Institutes of Health - Pediatric Genomic Data Inventory ,,https://ocg.cancer.gov/programs/target/pgdi/display,No,,,,,,,,,,,,,,,,,,,,,,,,,,,,,,,,,,,,,,,,,,,,,,,,,,,,,,,,,,No,,,,,,,,,,,,,,,,,,,,,,,,,,,,,,,,,,,,,,,,,,,,,
,,,New - April 2022,No,No,No,REDCap survey not sent,NIH NEI DC,National Institutes of Health - National Eye Institute Data Commons,,https://neicommons.nei.nih.gov/#/,No,,,,,,,,,,,,,,,,,,,,,,,,,,,,,,,,,,,,,,,,,,,,,,,,,,,,,,,,,,No,,,,,,,,,,,,,,,,,,,,,,,,,,,,,,,,,,,,,,,,,,,,,
,,"Not OMICs data, data on protiens only. I emailed them to ask them to complete a survey though.",New - April 2022,No,No,No,N/A - doesn't meet inclusion criteria,UniProt,The Universal Protein Resource,Platform,https://covid-19.uniprot.org/uniprotkb?query=*,No,central hub for the collection of functional information on proteins,,,,,,,,,,"European Bioinformatics Institute (EMBL-EBI), the SIB Swiss Institute of Bioinformatics, the Protein Information Resource (PIR)",,https://www.uniprot.org/contact,Alex Bateman,agb@ebi.ac.uk,,,,,,"Links to UniProt Knowledgebase (UniProtKB), the UniProt Reference Clusters (UniRef), and the UniProt Archive (UniParc).",,,,,,,,,,,,,,,,,,,,,,,,,,,,,,,,,,,,,No,,,,,,,,,,,,,,,,,,,,,,,,,,,,,,,,,,,,,,,,,,,,,
,,Catalogue of datasets,New - April 2022,No,No,No,N/A - doesn't meet inclusion criteria,NIH - NIA - AD Knowledge Portal,National Institutes of Health - National Institute on Aging - Alzheimer's disease Knowledge Portal,Catalogue of datasets,https://www.synapse.org/ampad,,,,,,,,,,,,,,,,,,,,,,,,,,,,,,,,,,,,,,,,,,,,,,,,,,,,,,,,,,,No,,,,,,,,,,,,,,,,,,,,,,,,,,,,,,,,,,,,,,,,,,,,,
,,Catalogue of datasets,New - April 2022,No,No,No,N/A - doesn't meet inclusion criteria,ICPSR - NACDA,National Archive of Computerized Data on Aging,Catalogue of datasets,https://www.icpsr.umich.edu/web/pages/NACDA/index.html,,,,,,,,,,,,,,,,,,,,,,,,,,,,,,,,,,,,,,,,,,,,,,,,,,,,,,,,,,,No,,,,,,,,,,,,,,,,,,,,,,,,,,,,,,,,,,,,,,,,,,,,,
,,Catalogue of datasets,New - April 2022,No,No,No,N/A - doesn't meet inclusion criteria,NIH - NIA - NIAGADS,National Institutes of Health - National Institute on Aging - National Institute on Aging Genetics of Alzheimer's Disease Data Storage Site,Catalogue of datasets,https://www.niagads.org/,,,,,,,,,,,,,,,,,,,,,,,,,,,,,,,,,,,,,,,,,,,,,,,,,,,,,,,,,,,No,,,,,,,,,,,,,,,,,,,,,,,,,,,,,,,,,,,,,,,,,,,,,
LM - 1,Updated using website - LM checked,Has COVID data: http://www.iedb.org/result_v3.php?cookie_id=697c49 BUT no participant-level data,New - April 2022,No,No,No,N/A - doesn't meet inclusion criteria,NIH - IEDB,National Institutes of Health - Immune Epitope Database and Analysis Resource,Registry,http://www.iedb.org/,,,,,,,,,,,,,,,,,,,,,,,,,,,,,,,,,,,,,,,,,,,,,,,,,,,,,,,,,,,No,,,,,,,,,,,,,,,,,,,,,,,,,,,,,,,,,,,,,,,,,,,,,
PS,,,New - April 2022,No,No,No,Yes,ADC,AIRR Data Commons,Platform,www.airr-community.org,No,"The repositories in the AIRR Data Commons hold sequencing data from the Adaptive Immune Receptor Repertoire (the b-cell and t-cells active in an individual at a specific time). This data is from many studies, includes significant study/subject/sample metadata about the sequence data, including disease state, diagnosis, and treatment. The ADC currently holds over 5 Billion sequence annotations from 8923 repertoires and 82 studies. This includes data from 58 different disease diagnoses, including over 1 Billion sequence annotations from COVID-19 subjects.",General ,General ,Any,General,All ages,Worldwide,Yes,"CIHR, EU Horizon 2020, NIH",Government,AIRR Community Common Repository Working Group,N/A (decentralized organization),commonrepo@airrc.antibodysociety.org,"AIRR Community - the platform is a ""Data Commons"" and consists of many repositories distributed around the world. Their are PIs for each.",Not specified,Not specified,N/A,Not specified (overall launch of platform was January 2018),Yes,AIRR Community Antibody Society,"Reflects data in VDJServer Community Data Portal (curates AIRR COVID-19 data), iReceptor Gateway (hosts the AIRR COVID-19 data), NCBI/EBI, IEDB, OLS/OBO",,,https://doi.org/10.3389/fdata.2020.00022; https://doi.org/10.1111/imr.12666,Yes,No,N/A - no human OMICs data,N/A - no human OMICs data,N/A - no human OMICs data,No,Not specified,No,N/A - no imaging data,N/A - no imaging data,N/A - no imaging data,N/A - no imaging data,N/A - no imaging data,Both,Observational data only,Both,Both,Clin-epi,No,,,,,,,,,,,,,,,No,,,,,,,,,,,,No,,AIRR Community Data Standard,,,Yes,,,,,,,,,,Open access,Information available on the website,https://www.antibodysociety.org/the-airr-community/airr-data-commons/,,N/A - Open access,,,,Anonymization,,,,,,,,,,"High dimensional data are harmonized, but clinical data may not be.
The repositories in the AIRR Data Commons hold sequencing data from the Adaptive Immune Receptor Repertoire (the b-cell and t-cells active in an individual at a specific time). This data is from many studies, includes significant study/subject/sample metadata about the sequence data, including disease state, diagnosis, and treatment. The ADC currently holds over 5 Billion sequence annotations from 8923 repertoires and 82 studies. This includes data from 58 different disease diagnoses, including over 1 Billion sequence annotations from COVID-19 subjects."
PS,Updated using website,,New - April 2022,No,No,Yes,REDCap survey not sent,VDJServer CDP,VDJServer Community Data Portal,Platform,https://vdjserver.org/community/700019060206080491-242ac118-0001-012,No,"VDJServer is a free, scalable resource for performing immune repertoire analysis and sharing data",General ,General ,Any,General,All ages,Worldwide,No,"VDJServer was established with funding from the National Institute of Allergy and Infectious Diseases (#1R01A1097403). VDJServer receive funding from the European Union’s Horizon 2020 Research and Innovation Program (#825821), and is currently funded by NIAID under U24AI177622. ",Government,University of Texas,USA,,,,,,,,Data from VDJ Server flows to AIRR Data Commons and iReceptor,"iReceptor, AIRR Data Commons",,,https://www.frontiersin.org/journals/immunology/articles/10.3389/fimmu.2018.00976/full,No,Yes,Human T-cell and B-cell receptor repertoire sequencing data.,No,No,Yes,N/A - no pathogen OMICs data,No,N/A - no imaging data,N/A - no imaging data,N/A - no imaging data,N/A - no imaging data,N/A - no imaging data,Both,Both clinical trial and observational data,Both,Both,Human OMICs (unlinked),No,,,,,,,,,,,,,,,No,Yes - ON FAIRsharing,https://doi.org/10.25504/FAIRsharing.nzdq0f,No,Meets 3 of 4 criteria,N/A,Data has to be uploaded in specific formats,Prespecified standard (e.g. DICOM),Researchers,Individual registration required for data entry,N/A,N/A,N/A - no clin-epi data,N/A - no clin-epi data,FASTA and FASTQ,N/A - no participant level imaging data collected,No,Yes,Register on the platform and the public sequencing data are accessible and there is also private sharing between users ,Directions available on the website,https://vdjserver.readthedocs.io/en/latest/,No,No,No,Open access and private data sharing,Participant-level data are being shared,N/A,Open access and data generator,Information available on the website,Registration required,Up to individual data uploaders,Not specified,N/A,No,N/A,De-identification,Not specified,N/A,No,Not specified,Open source analysis tools and APIs for immune repertoire sequencing ,Not specified,None,Not specified,N/A,
PS,,,New - April 2022,No,No,No,Yes,iReceptor,iReceptor project,Platform,http://ireceptor.irmacs.sfu.ca/,No,"The iReceptor project runs both a set ofrepositories (the iReceptor Public Archive and theiReceptor COVID repositories)",General ,General ,Any,General,All ages,Worldwide,Yes,"CIHR, CFI, CANARIE, NSERC, EU Horizon 2020, NIH",Government and Professional organization and university,Simon Fraser University,CAN,support@ireceptor.org,Felix Breden; Dr. Jamie Scott,breden@sfu.ca; jkscott at sfu.ca,Not specified,support@ireceptor.org,Not specified,Yes,AIRR Community (www.airr-community.org),"IEDB, OLS/OBO, SRA/ENA, NCBI/EBI, CovAbDab",Reflect data that are included in other platforms/registries or visa versa,Survey,https://onlinelibrary.wiley.com/doi/10.1111/imr.12666,Yes,Yes,"Genomics, transcriptomics, immunomics",Yes,No,No,N/A - no pathogen OMICs data,No,N/A - no imaging data,N/A - no imaging data,N/A - no imaging data,N/A - no imaging data,N/A - no imaging data,Both,Both clinical trial and observational data,Both,Both,Clin-epi – human OMICs (unlinked),Yes,Not applicable,N/A,N/A,,,,,,,,,,,,No,,,,,,,,,,,,,,,,,Yes,,,,,,,,,,,Information available on the website,www.ireceptor.org/platform/doc,,,,,,,,,,,,,,,,
,,,New - April 2022,No,No,No (website not working),REDCap survey not sent,LONI IDA,Laboratory of Neuro Imaging Image & Data Archive,Platform,https://ida.loni.usc.edu/login.jsp?search=true,No,,N/A,N/A,Brain,General,Any,Worldwide,,NIH,Government,University of Southern California,USA,ida@loni.usc.edu,Arthur W. Toga,,,,,,,,,,,Yes,Yes,Multiple,Yes,Yes,Yes,Yes,Yes,Multiple,Yes,Yes,Unlear,Unclear,,,,,,,,,,,,,,,,,,,,,No,,,,,,,,,,,,,,,,,,,,,,,,,,,,,,,,,,,,,,,,,,,,,
,,Catalogue of datasets,New - April 2022,No,No,No,N/A - doesn't meet inclusion criteria,NIH NICHD DASH,National Institutes of Health - National Institute of Child Health and Human Development - Data and Specimen Hub,Catalogue of datasets,https://dash.nichd.nih.gov/,,,,,,,,,,,,,,,,,,,,,,,,,,,,,,,,,,,,,,,,,,,,,,,,,,,,,,,,,,,No,,,,,,,,,,,,,,,,,,,,,,,,,,,,,,,,,,,,,,,,,,,,,
,,Catalogue of datasets - also not sure it is COVID-19 related,New - April 2022,No,No,No,N/A - doesn't meet inclusion criteria,NIH LDbase,NIH LDbase,,,,,,,,,,,,,,,,,,,,,,,,,,,,,,,,,,,,,,,,,,,,,,,,,,,,,,,,,,,,,No,,,,,,,,,,,,,,,,,,,,,,,,,,,,,,,,,,,,,,,,,,,,,
,,Includes data from 1 study.,New - April 2022,No,No,No,N/A - doesn't meet inclusion criteria,NIH NICHD NCS Archive,National Institutes of Health - National Institute of Child Health and Human Development - National Children's Study Archive,,,,,,,,,,,,,,,,,,,,,,,,,,,,Yes,,,,,,,,,,,,,,,,,,,,,,,,,,,,,,,,,No,,,,,,,,,,,,,,,,,,,,,,,,,,,,,,,,,,,,,,,,,,,,,
PS,Updated using both survey and website,,New - April 2022,No,No,Yes,Yes,NAHDAP,The National Addiction & HIV Data Archive Program,Platform,http://nahdap.icpsr.umich.edu/,No,"NAHDAP accepts data related to substance use epidemiology, prevention, and service/intervention implementation/treatment in a wide range of populations. We have already accepted data related to COVID-19 as it has been collected as part of these broader data collection efforts (e.g., variables on how the COVID-19 pandemic or diagnosis may have impacted substance use or other outcomes may be included in a study of substance use outcomes more generally). We are interested in accepting substance use data collections with more specific COVID-19 focus in the future as more research is done in this area.",Drug addiction and HIV infection,Drug addiction and HIV infection,Any,People with drug addiction and/or HIV infection,All ages,USA,Yes,"National Institute on Drug Abuse (NIDA), National Institutes of Health (NIH)",Government,"Inter-university Consortium of Political and Social Research (ICPSR), University of Michigan ",USA,nahdap@icpsr.umich.edu,Amy Pienta,apienta@umich.edu,Joy Jang,joyjang@umich.edu,Not specified,,Not specified,Not specified,,,Not specified,Yes,No,N/A - no human OMICs data,N/A - no human OMICs data,N/A - no human OMICs data,No,N/A - no pathogen OMICs data,No,N/A - no imaging data,N/A - no imaging data,N/A - no imaging data,N/A - no imaging data,N/A - no imaging data,Both,Both clinical trial and observational data,Both,Both,Clin-epi,No,Not specified,Not specified,Not specified,1 COVID-19 related dataset (24.06.22),1 COVID-19 related dataset (24.06.22),N/A - no pathogen OMICs data,Not specified,https://www.icpsr.umich.edu/web/NAHDAP/search/studies?start=0&sort=score%20desc%2CTITLE_SORT%20asc&ARCHIVE=NAHDAP&rows=50&q=COVID-19,Yes,Yes,Yes,Yes,"The mission of the National Addiction & HIV Data Archive Program is to facilitate research on drug addiction and HIV infection by acquiring, enhancing, preserving, and sharing data produced by research grants, particularly those funded by the National Institute on Drug Abuse. 
NAHDAP supports secondary data analysis through technical assistance and specialized training for data depositors and data users in the drug addiction and HIV research and policy communities.",https://www.icpsr.umich.edu/web/pages/NAHDAP/about.html,No,Yes - NOT on FAIRsharing,No DOI assigned,N/A - doesn't have a DOI,Meets 3 of 4 criteria,N/A,Retrospective,Any format,Researchers and health care professionals,Individual registration required for data entry,N/A,N/A,N/A - no central CRF,Data Documentation Initiative (DDI)-Codebook,N/A - no OMICs data ,N/A - no imaging data,Yes,Yes,"Both public use and restricted use data available. Researchers (and their institutions) apply for access to restricted-use data utilizing the secure dissemination option via the online ICPSR Data Access Request System. A Restricted Data Use Agreement (RDUA) must be signed. Applications are reviewed by NAHDAP staff for approval. If approved, the restricted-use data are made temporarily available for secure download or sent to the Investigator on an encrypted CD through the postal service with signature required. A  Virtual Data Enclave is also available. ",Directions available on the website,https://www.icpsr.umich.edu/web/pages/NAHDAP/data/restricted.html,Yes,No,Yes,Any group whose application is approved,Participant-level data are being shared,N/A,Platform or registry management team,Information available on the website,https://www.icpsr.umich.edu/web/pages/NAHDAP/data/restricted.html,"For restricted-access data, the study team must submit an online application which includesIRB/ethics approval, a signed Restricted Data UseAgreement, a research proposal, a data securityplan, and a number of other requirements. Forpublic-use data, there is no online applicationrequired (however, data users must have an ICPSRMyData account and agree to Terms of Use).",Information available on the website,https://www.icpsr.umich.edu/web/pages/NAHDAP/data/restricted.html,No,N/A,De-identification,No central IRB or ERC review obtained - up to individual centres,N/A,No,Not specified,"- Citation of study team by analyses that use data they contributed
- Data contributor has free access to data usage metrics for the data they submitted
- DOI for their data collection (we provide instructions on citing properly, and encourage secondary users to cite)",Registry or platform and individual studies that upload data,Not specified,Not specified,N/A ,
,,Catalogue of datasets,New - April 2022,No,No,No,N/A - doesn't meet inclusion criteria,NIH - NIDA - NAHDAP,National Addiction & HIV Data Archive Program ,Catalogue of datasets,https://www.icpsr.umich.edu/web/NAHDAP/search/studies?q=COVID-19,,,,,,,,,,,,,,,,,,,,,,,,,,,,,,,,,,,,,,,,,,,,,,,,,,,,,,,,,,,No,,,,,,,,,,,,,,,,,,,,,,,,,,,,,,,,,,,,,,,,,,,,,
SA,,,New - April 2022,No,No,No,No,NIH -  NIDDK - T2DKP,National Institutes of Health - National Institute of Diabetes and Digestive and Kidney Diseases - Accelerating Medicines Partnership -T2D Knowledge Portal,,https://t2d.hugeamp.org/,No,,,Type 2 diabetes,,,,,,"National Institutes of Health (NIH), the U.S. Food and Drug Administration (FDA), 10 biopharmaceutical companies, and multiple non-profit organizations that is managed through the Foundation for the NIH (FNIH)","Government, private",,,help@kp4cd.org,Not found,,,,,,,,,,,,,,,,,,,,,,,,,,,,,,,,,,,,,,,,,,,,No,,,,,,,,,,,,,,,,,,,,,,,,,,,,,,,,,,,,,,,,,,,,,
,,Not clear how relates to COVID,New - April 2022,No,No,No,N/A - doesn't meet inclusion criteria,Cell Image Library,Cell Image Library,,http://www.cellimagelibrary.org/pages/about,,,,,,,,,,,,,,,,,,,,,,,,,,,,,,,,,,,,,,,,,,,,,,,,,,,,,,,,,,,No,,,,,,,,,,,,,,,,,,,,,,,,,,,,,,,,,,,,,,,,,,,,,
PS,Updated using website,,New - April 2022,No,No,Yes,No,NIH  NDA,National Institutes of Health - National Institute of Mental Health (NIMH) Data Archive,Platform,https://nda.nih.gov/,No,To support and accelerate the advancement of scientific research by creating an infrastructure that integrates heterogeneous datasets allowing access to more quality research data than an investigator would be able to collect on their own. ,Mental health,Mental health,Central nervous system,Mental health patients,All ages,USA,Yes,"NIH, including National Institute of Mental Health (NIMH)
National Institute of Neurological Disorders and Stroke (NINDS)
National Institute of Environmental Health Sciences (NIEHS)
The Eunice Kennedy Shriver National Institute of Child Health and Human Development (NICHD)",Government,NIH,USA,NDAHelp@mail.nih.gov,Not found,Not specified,Not specified,Not specified,Not specified,No,Not specified,Not specified,N/A,N/A,http://dx.doi.org/10.15154/1524522,Yes,Yes,Multiple,Yes,Yes,Yes,Yes,Yes,"MRI (Magnetic Resonance Imaging)
MEG (Magnetoencephalography)
EEG (Electroencephalography)
iEEG (intracranial EEG)
PET (Positron Emission Tomography)
",Yes,Yes,N/A - no CT data,N/A - no CT data,Longitudinal,Observational data only,Both,Both,Clin-epi - Human OMICs - Pathogen OMICs – imaging (linked),No,,,,,,,,,,,,,,,No,Yes - ON FAIRsharing,https://doi.org/10.25504/FAIRsharing.L13TT5,No,Meets all 4 criteria,N/A,Prospective (e.g. same CRF),Repository CRF data entry screen (e.g. REDCap) and prespecified standard,Researchers,Individual registration required for data entry,REDCap,https://nda.nih.gov/general-query.html?q=query=data-structure%20~and~%20orderBy=shortName%20~and~%20orderDirection=Ascending,No,NDA standard,Multiple including FASTA,BIDS,Yes,Yes,Have to create an account and submit a data access request (depending on control of the dataset),Directions available on the website,https://nda.nih.gov/nda/standard-operating-procedures#sop4a,Yes,Not specified,Yes,Only groups that contributed data or are otherwise part of the consortium and other datasets that have different levels of control,Participant-level data are being shared,N/A,DAC,Information available on the website,https://nda.nih.gov/nda/standard-operating-procedures#sop3,"The established Data Access Committees or its designees will review data access requests to determine
that the proposed research use does not present risks to the research participants (including reidentification, stigmatization, or other violations of confidentiality) and adheres to the consents of the
research participants in the data. ",Information available on the website,https://s3.amazonaws.com/nda.nih.gov/Documents/NIMH+Data+Archive+Policy.pdf,Yes,N/A,De-identification,No central IRB or ERC review obtained - up to individual centres,N/A,No,Not specified,"Researchers who share data through NDA, or who conduct a secondary analysis on data shared through NDA, are expected as part of the Terms of Use to report their results using the NDA Study feature. An NDA Study links a finding, data release, or publication directly to the underlying subject-level records for the data defined. Automatically, the NDA Study provides attribution (i.e. credit) for those that contributed the data. Each NDA Study is also issued a Digital Object Identifier (DOI), which is expected to be referenced in the publication as a persistent link to the supporting dataset.",Individual studies that upload data,Not specified,Not specified,N/A,
,,,New - April 2022,No,No,No (indicated in an email that no COVID-19 data),No,NIH NIMH NRGR,National Institutes of Health - National Institute of Mental Health Repository and Genomics Resources,Platform,https://www.nimhgenetics.org/,No,,Mental health,,,,,,,,,,,"help@nrgr.on.spiceworks.com, NIMH.genomics.resources@mail.nih.gov",jay@dls.rutgers.edu,,,,,,,,,,,,,,,,,,,,,,,,,,,,,,,,,,,,,,,,,,,,No,,,,,,,,,,,,,,,,,,,,,,,,,,,,,,,,,,,,,,,,,,,,,
,,Not clear if it hosts COVID-19 data,New - April 2022,No,No,No,N/A - doesn't meet inclusion criteria,CINECA,"Common Infrastructure for National Cohorts in Europe, Canada, and Africa",Platform,,,,,,,,,,,,,,,,,,,,,,,,,,,,,,,,,,,,,,,,,,,,,,,,,,,,,,,,,,,,No,,,,,,,,,,,,,,,,,,,,,,,,,,,,,,,,,,,,,,,,,,,,,
,,,New - April 2022,No,No,No (indicated in survey that does not include COVID-19 participant-level data),Yes,OpenNeuro,OpenNeuro,Platform,https://openneuro.org/,,,,,,,,,,,,Stanford University Center for Reproducible Neuroscience,USA,"support@openneuro.freshdesk.com, ffein@stanford.edu",Not provided,,,,,,,,,,,,,,,,,,,,,,,,,,,,,,,,,,,,,,,,,,,,No,,,,,,,,,,,,,,,,,,,,,,,,,,,,,,,,,,,,,,,,,,,,,
,,Doesnt'have participant-level inforamtion,New - April 2022,No,No,No,N/A - doesn't meet inclusion criteria,ClinVar,ClinVar,,https://www.ncbi.nlm.nih.gov/clinvar/?_gl=1*1w761kc*_ga*OTM2MjU2MjE2LjE1ODMyMzkxODY.*_ga_7147EPK006*MTY1MjM1NzM0NS41LjEuMTY1MjM1ODE3NC4w*_ga_P1FPTH9PL4*MTY1MjM1NzM0NS4zLjEuMTY1MjM1ODE3NC4w,,,,,,,,,,,,,,,,,,,,,,,,,,,,,,,,,,,,,,,,,,,,,,,,,,,,,,,,,,,No,,,,,,,,,,,,,,,,,,,,,,,,,,,,,,,,,,,,,,,,,,,,,
,,Catalogue of datasets,New - April 2022,No,No,No,N/A - doesn't meet inclusion criteria,NIH NINDS Archived Clinical Research Datasets,NIH NINDS Archived Clinical Research Datasets,Catalogue of datasets,https://www.ninds.nih.gov/current-research/research-funded-ninds/clinical-research/archived-clinical-research-datasets,,,,,,,,,,,,,,,,,,,,,,,,,,,,,,,,,,,,,,,,,,,,,,,,,,,,,,,,,,,No,,,,,,,,,,,,,,,,,,,,,,,,,,,,,,,,,,,,,,,,,,,,,
SA,,Does not describe handling participant-level data. Focused on metadata and pipeline development.,New - April 2022,No,No,No,N/A - doesn't meet inclusion criteria,EuCanCan,European-Canadian Cancer Network ,Platform,https://eucancan.com/,No,,,,,,,,,,,,,https://eucancan.com/contact/,David Torrents,david.torrents@bsc.es,,,,,,,,,,,,,,,,,,,,,,,,,,,,,,,,,,,,,,,,,,,No,,,,,,,,,,,,,,,,,,,,,,,,,,,,,,,,,,,,,,,,,,,,,
SA,,Does not mention COVID data.  COVID data not described in cohort metadata catalogue.,New - April 2022,No,No,No,N/A - doesn't meet inclusion criteria,euCanSHare,EU-Canada joint infrastructure for next-generation multi-Study Heart research ,Platform,http://www.eucanshare.eu/project/,No,,,,,,,,,,,,,info@eucanshare.eu,Karim Lekadir ,karim.lekadir@ub.edu,,,,,,,,,,,,,,,,,,,,,,,,,,,,,,,,,,,,,,,,,,,No,,,,,,,,,,,,,,,,,,,,,,,,,,,,,,,,,,,,,,,,,,,,,
,,Not clear if it includes COVID-19 data or if data are harmonized at the participant level,New - April 2022,No,No,No,N/A - doesn't meet inclusion criteria,CVRG,CardioVascular Research Grid,,,,,,,,,,,,,,,,,,,,,,,,,,,,,,,,,,,,,,,,,,,,,,,,,,,,,,,,,,,,,No,,,,,,,,,,,,,,,,,,,,,,,,,,,,,,,,,,,,,,,,,,,,,
,,Catalogue of datasets,New - April 2022,No,No,No,N/A - doesn't meet inclusion criteria,openAFRICA,openAFRICA,Catalogue of datasets,https://africaopendata.org/about,,,,,,,,,,,,,,,,,,,,,,,,,,,,,,,,,,,,,,,,,,,,,,,,,,,,,,,,,,,No,,,,,,,,,,,,,,,,,,,,,,,,,,,,,,,,,,,,,,,,,,,,,
,,To check eligibility ,New - April 2022,No,No,No,REDCap survey not sent,ARDC,Australian Research Data Commons,,https://ardc.edu.au/services/research-data-australia/,,,,,,,,,,,,,,,,,,,,,,,,,,,,,,,,,,,,,,,,,,,,,,,,,,,,,,,,,,,No,,,,,,,,,,,,,,,,,,,,,,,,,,,,,,,,,,,,,,,,,,,,,
,,To check eligibility ,New - April 2022,No,No,No,REDCap survey not sent,Galaxy Project,Galaxy Project,,https://galaxyproject.org/projects/covid19/,,,,,,,,,,,,,,,,,,,,,,,,,,,,,,,,,,,,,,,,,,,,,,,,,,,,,,,,,,,No,,,,,,,,,,,,,,,,,,,,,,,,,,,,,,,,,,,,,,,,,,,,,
,,Not intended for research purposes,New - April 2022,No,No,No,N/A - doesn't meet inclusion criteria,BSTI COVID-19 Imaging Database,BSTI COVID-19 Imaging Database,,https://www.bsti.org.uk/training-and-education/covid-19-bsti-imaging-database/,,,,,,,,,,,,,,,,,,,,,,,,,,,,,,,,,,,,,,,,,,,,,,,,,,,,,,,,,,,No,,,,,,,,,,,,,,,,,,,,,,,,,,,,,,,,,,,,,,,,,,,,,
RG,Updated using website,,New - April 2022,No,No,Yes,No,NHS - NCCID,National Health Service - The National COVID-19 Chest Imaging Database,Platform,https://www.nhsx.nhs.uk/covid-19-response/data-and-covid-19/national-covid-19-chest-imaging-database-nccid/,Yes,"The NHS AI Lab set up this national database to support better understanding of COVID-19 and develop technology enabling the best care for patients hospitalised with a severe infection.
",General,General,Chest,General,Any,GBR (UK),Yes,National Health Service (NHS),Government,NHS AI Center,GBR (UK),imaging@nhsx.nhs.uk,Not specified,N/A,Not specified,N/A,Not specified,,"British Society of Thoracic Imaging (BSTI), Royal Surrey NHS Foundation Trust and Faculty Science Ltd",https://www.bsti.org.uk ; https://www.royalsurrey.nhs.uk ; ,,,https://www.medrxiv.org/content/10.1101/2021.03.02.21252444v2.full.pdf,Yes,No,N/A - no human OMICs data,N/A - no human OMICs data,N/A - no human OMICs data,No,N/A - no pathogen OMICs data,Yes,"MRI, X-ray, CT",Yes,Yes,Not specified,Not specified,Both,Observational data only,Both,COVID-19 infected or suspected only,Clin-epi - imaging (linked),Yes,,https://nhsx.github.io/covid-chest-imaging-database/nccid-collaborative,ca. 26,16.312,6.449,N/A,Not specified,,No,Yes,,,"The benefits of collecting chest imaging data are extensive. This data has the potential to enable faster patient assessment in A&E, save radiologists’ time, increase the safety and consistency of care across the country, and ultimately save lives. It is being made available to researchers, clinicians, technology companies and all those wanting to investigate the disease and develop solutions that can support the COVID-19 patient care pathway.",https://transform.england.nhs.uk/covid-19-response/data-and-covid-19/national-covid-19-chest-imaging-database-nccid/,No,Yes - NOT on FAIRsharing,No DOI assigned,N/A - doesn't have a DOI,Meets 2 of 4 criteria,N/A,Prospective (e.g. same CRF) for clinical data and prespecified standard for images,Provided CRF for clinical data and via the Image Exchange Portal (IEP) for images,Health care professionals,Hospital - Centre - Institution registration required for data entry,Provided CRF and IEP,Excel spreadsheet for clinical data available for download here: https://medphys.royalsurrey.nhs.uk/nccid/guidance.php,Yes (ISARIC/WHO/IDDO eCRF),Not specified,N/A - no OMICs data collected,Not specified,No,Yes,"Data access request is submitted to the NCCID, it needs to meet certain criteria, and is approved or rejected by a Data Access Committee - a panel made up of clinicians, academics, commissioners and patients.",Directions available on the website,https://nhsx.github.io/covid-chest-imaging-database/data-access,Yes,Not specified,Yes,Any group whose application is approved,Participant-level data are being shared,N/A,DAC,Information available on the website,https://transform.england.nhs.uk/ai-lab/ai-lab-programmes/ai-in-imaging/nccid-privacy-notice/,"The de-identified data will be made available to researchers, clinicians, technology companies and all those wanting to investigate the disease and develop solutions that can support the COVID-19 patient care pathway.",Information available on the website,https://transform.england.nhs.uk/ai-lab/ai-lab-programmes/ai-in-imaging/nccid-privacy-notice/,Not specified,N/A,De-identification,IRB or ERC approval obtained,Available for download: https://medphys.royalsurrey.nhs.uk/nccid/guidance.php,Not specified,Not specified,Not specified,Not specified,Not specified,Not specified,N/A,
,,Not a centralized approach to data reuse,New - April 2022,No,No,No,N/A - doesn't meet inclusion criteria,VODAN FDP,Virus Outbreak Data Access Network Fair Data Point,,https://www.go-fair.org/implementation-networks/overview/vodan/,,,,,,,,,,,,,,,,,,,,,,,,,,,,,,,,,,,,,,,,,,,,,,,,,,,,,,,,,,,No,,,,,,,,,,,,,,,,,,,,,,,,,,,,,,,,,,,,,,,,,,,,,
,,Seems only associated with 1 health system,New - April 2022,No,No,No,N/A - doesn't meet inclusion criteria,COVID-19 Registry of the LMU Munich,COVID-19 Registry of the LMU Munich,Registry,https://www.drks.de/drks_web/navigate.do?navigationId=trial.HTML&TRIAL_ID=DRKS00021225,,,,,,,,,,,,,,,,,,,,,,,,,,,,,,,,,,,,,,,,,,,,,,,,,,,,,,,,,,,No,,,,,,,,,,,,,,,,,,,,,,,,,,,,,,,,,,,,,,,,,,,,,
,,No website ,New - April 2022,No,No,No,N/A - doesn't meet inclusion criteria,A pan-IND non-interventional virtual registry evaluating the prophylactic efficacy of different regimens against SARS-CoV2 infection (COVID-2019) in asymptomatic health care workers ,A pan-IND non-interventional virtual registry evaluating the prophylactic efficacy of different regimens against SARS-CoV2 infection (COVID-2019) in asymptomatic health care workers ,Multicenter cohort study where sites fixed at beginning and new sites cannot apply for inclusion,http://www.ctri.nic.in/Clinicaltrials/pmaindet2.php?trialid=42777,,,,,,Physicians,Adults (>= 21),IND,,,,,,,Viswanathan Niranjan; Arvind Sri Krishna Mani,vis.niranjan@rxmd.com; arvind.m@zifornd.com ,,,,,,,,,,,,,,,,,,,,,,,,,,,,,,,,,,,,,,,,,,,No,,,,,,,,,,,,,,,,,,,,,,,,,,,,,,,,,,,,,,,,,,,,,
RG,Updated including survey response,,New - April 2022,No,No,Yes,Yes,DGPI COVID-19 Survey,Deutsche Gesellschaft Pädiatrische Infektiologie (Germany Society for Pediatric Infectious Diseases) COVID-19 Survey,Registry,https://dgpi.de/covid-19-survey-der-dgpi/,Yes,,All outcomes in children and adolescents after COVID-19 infection.,General,Any,Children and adolescents,<=21,"DEU, AUT",Yes,"Deutsche Gesellschaft für Kinder- und Jugendmedizin (DGKJ), Verband Leitender Kinder- und Jugendärzte und Kinderchirurgen Deutschlands (VLKKD), Deutsche Gesellschaft für Pädiatrische Kardiologie und angeborene Herzfehler (DGPK)","Government, Professional organization",Universitätsklinikum Carl Gustav Carus Dresden,DEU,covid19-survey@uniklinikum-dresden.de,"Jakob Armann, Reinhard Berner",jakob.armann@uniklinikum-dresden.de,Not specified,N/A,"March 17, 2020",,German Society for Pediatric Infectious Diseases (DGPI); Deutsche Gesellschaft für Pädiatrische Kardiologie und Angeborene Herzfehler e.V.,Not specified,,,https://dgpi.de/covid-19-survey-update/,Yes,No,N/A - no human OMICs data,N/A - no human OMICs data,N/A - no human OMICs data,No,N/A - no pathogen OMICs data,No,N/A - no imaging data,N/A - no imaging data,N/A - no imaging data,N/A - no imaging data,N/A - no imaging data,Both,Observational data only,Hospitalized for COVID-19 only,COVID-19 infected or suspected only,Clin-epi,No,Not specified,Not specified,"199 (until July 31, 2022)","6372 (until July 31, 2022)","6372 (until July 31, 2022)",N/A - no pathogen OMICS data,Not specified,https://dgpi.de/covid-19-survey-update/,Yes,Yes,Yes,Yes,"""Wir möchten daher im Auftrag der Deutschen Gesellschaft für Pädiatrische Infektiologie (DGPI) den Krankheitsverlauf aller stationär behandelten Kinder und Jugendlichen mit SARS-CoV-2 Infektion prospektiv erfassen und kurzfristig allen Behandlern in Deutschland zur Verfügung stellen. Ziel ist es, im Sinne eines „Quality Improvement of Clinical Care“ die für Deutschland verfügbaren Informationen möglichst schnell zu erfassen und bereit zu stellen.""",https://dgpi.de/covid-19-survey-der-dgpi/,No,Yes - NOT on FAIRsharing,No DOI assigned,N/A - doesn't have a DOI,None of the criteria are met,N/A,Prospective (e.g. same CRF),Repository CRF data entry screen (e.g. REDCap),Health care professionals,Individual registration required for data entry,REDCap,Not provided (password needed for access),Not specified,No clin-epi standard used,N/A - no OMICs data collected,N/A - no participant level imaging data collected,No,Yes,Not specified ,Directions not available on the website,N/A,No,Not specified,No,Only groups that contributed data or are otherwise part of the consortium,Each contributor will define when their data will be accessed ,N/A,Platform or registry management team,Information not available on website (provided through additional contact),N/A,"- Clinical or public health-related importance 
- Contribution of data to platform",Information not available on website (provided through additional contact),N/A,No,N/A,Anonymization,IRB or ERC approval obtained,https://dgpi.de/wp-content/uploads/2020/03/Beratungsergebnis-DGPI-COVID19-Survey.pdf,No,Not specified,Not specified,Not specified,Not specified,"Data dashboard, summary reports.",https://dgpi.de/covid-19-survey-update/,
RG,Updated using website,,New - April 2022,No,No,Yes,No,DGPI PIMS Survey,Deutsche Gesellschaft Pädiatrische Infektiologie (Germany Society for Pediatric Infectious Diseases) Pediatric Inflammatory Multisystem Syndrome Survey,Registry,https://dgpi.de/pims-survey-anleitung/,No,Collect data on Pediatric Inflammatory Multisystem Syndrome (PIMS) in order to establish or disprove connection to a COVID-19 infection. ,Pediatric Inflammatory Multisystem Syndrome (PIMS),PIMS,Any,Children and adolescents,<=19,"DEU, AUT",Not specified,"Deutsche Gesellschaft für Kinder- und Jugendmedizin (DGKJ), Verband Leitender Kinder- und Jugendärzte und Kinderchirurgen Deutschlands (VLKKD), Deutsche Gesellschaft für Pädiatrische Kardiologie und angeborene Herzfehler (DGPK)","Government, Professional organization",Universitätsklinikum Carl Gustav Carus Dresden,DEU,covid19-survey@uniklinikum-dresden.de,"Jakob Armann, Reinhard Berner",jakob.armann@uniklinikum-dresden.de,Not specified,N/A,"May 27, 2020",,German Society for Pediatric Infectious Diseases (DGPI); Deutsche Gesellschaft für Pädiatrische Kardiologie und Angeborene Herzfehler e.V.,DGPI COVID-19 survey,,,https://dgpi.de/pims-survey-update/,Yes,No,N/A - no human OMICs data,N/A - no human OMICs data,N/A - no human OMICs data,No,N/A - no pathogen OMICs data,No,N/A - no imaging data,N/A - no imaging data,N/A - no imaging data,N/A - no imaging data,N/A - no imaging data,Cross-sectional,Observational data only,Hospitalized for COVID-19 only,COVID-19 infected or suspected only,Clin-epi,No,Not specified,not specified,"209 (until July 24, 2022)","879 (until July 24, 2022)","879 (until July 24, 2022)",N/A - no pathogen OMICS data,Not specified,https://dgpi.de/pims-survey-update/,Yes,No,Unsure,Unsure,I haven't found any information on the website that addresses data sharing or data preservation (JS),"https://dgpi.de/faq-pims-survey/ 



https://dgpi.de/pims-survey-anleitung/",No,Yes - NOT on FAIRsharing,No DOI assigned,N/A - doesn't have a DOI,None of the criteria are met,N/A,Prospective (e.g. same CRF),Repository CRF data entry screen (e.g. REDCap),Health care professionals,Individual registration required for data entry,REDCap,Not provided (password needed for access),Not specified,No clin-epi standard used,N/A - no OMICs data collected,N/A - no participant level imaging data collected,No,Yes,Not specified ,Directions not available on the website,N/A,Not specified,Not specified,No,Only groups that contributed data or are otherwise part of the consortium,Each contributor will define when their data will be accessed ,N/A,Platform or registry management team,Information not available on website (provided through additional contact),N/A,"- Clinical or public health-related importance 
- Contribution of data to platform",Information not available on website (provided through additional contact),N/A,No,N/A,Anonymization,IRB or ERC approval obtained,https://dgpi.de/wp-content/uploads/2020/03/Beratungsergebnis-DGPI-COVID19-Survey.pdf,No,Not specified,Not specified,Not specified,Not specified,Not specified,N/A,
RG,,"Website is not functioning and registry is not available anymore as of August 1, 2022",New - April 2022,No,No,No,No,DGPI Post COVID-19 Survey,Deutsche Gesellschaft Pädiatrische Infektiologie (Germany Society for Pediatric Infectious Diseases) COVID-19 Survey,Registry,"Website is not functioning and registry is not available anymore as of August 1, 2022; previous link to website: https://dgpi.de/post-covid-19-survey/",Yes,,,,,,Children & adolescents,"DEU, AUT",,,,Universitätsklinikum Carl Gustav Carus Dresden,DEU,postcovid19-survey@uniklinikum-dresden.de,"Jakob Armann, Reinhard Berner",jakob.armann@uniklinikum-dresden.de,,,,,"German Society for Pediatric Infectious Diseases (DGPI); Deutsche Gesellschaft für Pädiatrische Kardiologie
und Angeborene Herzfehler e.V.",,,,,Yes,No,N/A - no human OMICs data,N/A - no human OMICs data,N/A - no human OMICs data,No,N/A - no pathogen OMICs data,No,N/A - no imaging data,N/A - no imaging data,N/A - no imaging data,N/A - no imaging data,N/A - no imaging data,Cross-sectional,Observational data only,Both,COVID-19 infected or suspected only,Clin-epi,No,,,,,,,,,,,,,,,No,,,,,,Prospective (e.g. same CRF),Repository CRF data entry screen (e.g. REDCap),Health care professionals,Not specified,REDCap,Not provided,N/A - no central CRF,No clin-epi standard used,N/A - no OMICs data collected,N/A - no participant level imaging data collected,No,Yes,Not specified ,Directions not available on the website,N/A,Not specified,Not specified ,No,Not specified,Not specified,N/A,Not specified,Information not available on website,N/A,Not specified,Information not available on website,N/A,Not specified,N/A,Anonymization,IRB or ERC approval obtained,https://dgpi.de/wp-content/uploads/2020/03/Beratungsergebnis-DGPI-COVID19-Survey.pdf,Physicians enter data rather than studies sharing data,Not specified,Not specified,Not specified,Not specified,Not specified,N/A,
,,No website ,New - April 2022,No,No,No,No,COHORT Registry,Covid-19 HOspitalized patients RegisTry,Registry,Not provided,Yes,,,,,,,,,,,Universitätsklinikum Halle (Saale),DEU,,Mr.  Prof. Dr.  Daniel  Sedding,daniel.sedding@uk-halle.de,,,,,,,,,https://www.drks.de/drks_web/navigate.do?navigationId=trial.HTML&TRIAL_ID=DRKS00021575,,,,,,,,,,,,,,,,,,,,,,,,,,,,,,,,,,No,,,,,,,,,,,,,,,,,,,,,,,,,,,,,,,,,,,,,,,,,,,,,
,,Single centre,New - April 2022,No,No,No,N/A - doesn't meet inclusion criteria,CORRECH Trial,COvid (Covid-19) Registry REChts der Isar intensive care Trial,Single centre trial,,Yes,,,,,,,,,,,Klinikum rechts der Isar der TU München,DEU,,Mr.  PD Dr. med.  Sebastian  Rasch ,sebastian.rasch at mri.tum.de,,,,,,,,,,,,,,,,,,,,,,,,,,,,,,,,,,,,,,,,,,,No,,,,,,,,,,,,,,,,,,,,,,,,,,,,,,,,,,,,,,,,,,,,,
,,No website ,New - April 2022,No,No,No,No,INDn COVID-19 Childhood Cancer Registry,INDn COVID-19 Childhood Cancer Registry,Registry,Not provided,Yes,,Cancer,Cancer,Any,Children & Adolescents,Children & Adolescents,IND,,,,Max Super Speciality Hospital ,IND,childhoodcancer@gmail.com  ,Dr Ramandeep Arora ,,,,,,,,,,http://www.ctri.nic.in/Clinicaltrials/pmaindet2.php?trialid=43753,Yes,No,N/A - no human OMICs data,N/A - no human OMICs data,N/A - no human OMICs data,No,N/A - no pathogen OMICs data,No,N/A - no imaging data,N/A - no imaging data,N/A - no imaging data,N/A - no imaging data,N/A - no imaging data,,Observational data only,Both,COVID-19 infected or suspected only,Clin-epi,No,,,,,,,,,,,,,,,No,,,,,,,,,,,,,,,,,,,,,,,,,,,,,,,,,,,,,,,,,,,,,
,,No website ,New - April 2022,No,No,No,No,COALA-Registry,Covid-19 related Obstetric Anaesthesia Longitudinal Assessment-Registry,Registry,Not provided,Yes,,Pregnant women undergoing a C-section,Pregnant women undergoing a C-section,Any,Pregnant women and their infants,WRA,DEU,,,,Universitätsklinikum Würzburg,DEU,,Mr. Prof. Dr.  Peter  Kranke,kranke_p@ukw.de,,,,,,,,,https://www.drks.de/drks_web/navigate.do?navigationId=trial.HTML&TRIAL_ID=DRKS00021772,Yes,No,N/A - no human OMICs data,N/A - no human OMICs data,N/A - no human OMICs data,No,N/A - no pathogen OMICs data,No,N/A - no imaging data,N/A - no imaging data,N/A - no imaging data,N/A - no imaging data,N/A - no imaging data,Longitudinal,Observational data only,Both,COVID-19 infected or suspected only,Clin-epi,No,,,,,,,,,,,,,,,No,,,,,,,,,,,,,,,,,,,,,,,,,,,,,,,,,,,,,,,,,,,,,
,,No website ,New - April 2022,No,No,No,No,J-COSMOS,Japan COVID-19 surveillance in inflammatory bowel disease ,Registry,Not provided,Yes,,Inflamatory bowel disease,Inflamatory bowel disease,Digestive,,Any,JAP,,"Health and Labour Sciences Research Grants for research on intractable diseases from the Ministry of Health, Labour and Welfare of Japan",Government,Sapporo Medical University School of Medicine,JAP,,Hiroshi Nakase; Daisuke Hirayama,hiropynakase@gmail.com;  hirarin95@yahoo.co.jp,,,,,,,,,https://center6.umin.ac.jp/cgi-open-bin/ctr_e/ctr_view.cgi?recptno=R000046390,Yes,No,N/A - no human OMICs data,N/A - no human OMICs data,N/A - no human OMICs data,No,N/A - no pathogen OMICs data,No,N/A - no imaging data,N/A - no imaging data,N/A - no imaging data,N/A - no imaging data,N/A - no imaging data,Unsure,Observational data only,Hospitalized,COVID-19 infected or suspected only,Clin-epi,No,,,,,,,,,,,,,,,No,,,,,,,,,,,,,,,,,,,,,,,,,,,,,,,,,,,,,,,,,,,,,
,,No website ,New - April 2022,No,No,No,No,COFIT,"Registry of COvid 19 survivors for FItness, exercise impairment and exercise Training",Registry,Not provided,Yes,,COVID-19 survivors that require cardiopulmonary exercise testing (CPET),,,,>=18,NLD,,,,,,,Martijn van Hooff,m.vanhooff@mmc.nl,,,,,,,,,https://www.trialregister.nl/trial/8836,,,,,,,,,,,,,,,,,,,,,,,,,,,,,,,,,,No,,,,,,,,,,,,,,,,,,,,,,,,,,,,,,,,,,,,,,,,,,,,,
RG,Updated using website,"
",New - April 2022,No,No,Yes,No,NCRC,National Clinical Registry of COVID-19 ,Registry,https://www.icmr.gov.in/tab1ar1.html,Yes,,General,General,Any,General,All ages,IND,Not specified,INDn Council of Medical Research (ICMR),Government,INDn Council of Medical Research (ICMR),IND,covidclinical.registry@gmail.com  ,Dr. Aparna Mukherjee ,Not specified,Dr Pankaj Bhardwaj,pankajbhardwajdr@gmail.com,"September 28, 2020",,INDn Council of Medical Research ,Not specified,,,https://www.icmr.gov.in/cpapers.html,Yes,No,N/A - no human OMICs data,N/A - no human OMICs data,N/A - no human OMICs data,No,N/A - no pathogen OMICs data,No,N/A - no imaging data,N/A - no imaging data,N/A - no imaging data,N/A - no imaging data,N/A - no imaging data,Not specified,Observational data only,Hospitalized for COVID-19 only,COVID-19 infected or suspected only,Clin-epi,No,"Post Graduate Institute of Medical Education and Research, Chandigarh; Medanta Institute of Education and Research, Gurugram; All IND Institute of Medical Sciences, Jodhpur; King George’s Medical University, Lucknow; North-Eastern Indira Gandhi Regional Institute of Health and Medical Sciences, Shillong; Smt. Nathiba Hargovandas Lakhmichand (NHL) Municipal Medical College, Ahmedabad; Dr. D.Y. Patil Medical College, Hospital and Research Centre, Pune; Institute of Post Graduate Medical Education and Research, Kolkata; All IND Institute of Medical Sciences, Bhubaneswar; National Institute of Mental Health and Neurosciences, Bengaluru; Nizam’s Institute of Medical Sciences, Hyderabad; All IND Institute of Medical Sciences, Bhopal; All IND Institute of Medical Sciences, Raipur;",https://www.icmr.gov.in/tab5rs1.html,50 sattelite sites (dedicated COVID hospitals and dedicated COVID helath centres) monitored by 14 regional registry sites,Not specified,Not specified,N/A,Not specified,N/A,Yes,Yes,,,"Objectives:
1. To utilize data to answer research questions on COVID -19 including natural course of disease, spectrum of disease, prognostic factors, outcomes data, medications, health systems and context specific questions such as COVID-19 in Tuberculosis, Malnutrition etc.
2. To serve as a platform for additional clinical research studies in selected sites.
3. To collect follow-updata of discharged COVID 19 patients, if possible.",https://www.icmr.gov.in/tab3ob1.html,No,Yes - NOT on FAIRsharing,No DOI assigned,N/A - doesn't have a DOI,None of the criteria are met,N/A,Prospective (e.g. same CRF),Repository CRF data entry screen (e.g. REDCap),Health care professionals,Hospital - Centre - Institution registration required for data entry,Unsure (registration required),Not available (registration required),Not specified,Not specified,N/A - no OMICs data collected,N/A - no participant level imaging data collected,No,Yes,Not specified,Directions not available on the website,N/A,Not specified,Not specified,No,Not specified,Not specified,N/A,Not specified,Information not available on website,N/A,Not specified,Information not available on website,N/A,Not specified,No consent given (patient identifiers are not being collected),Anonymization,IRB or ERC approval obtained,http://www.ctri.nic.in/Clinicaltrials/pmaindet2.php?trialid=46320,Not specified,Not specified,Not specified,Not specified,Not specified,It is stated that periodic reports generated from the registry data will be made available on ICMR/ MOHFW website.,https://www.icmr.gov.in   ;   https://www.mohfw.gov.in,
RG,Updated using website,"Cannot find any information about this registry at all except CRF on linked website, which is the login page for uploading data.",New - April 2022,No,No,No,No,CoRE (ADHOK) - COVID-19 Register - fur Tumorpatienten,SARS-CoV-2 (COVID-19) registry for oncological and hematological patients in Germany,Multicenter cohort study where sites fixed at beginning and new sites cannot apply for inclusion,https://core.adhok.de/login,Yes,,Patients with underlying oncological or hematological disease,"Cancer, hematological disease ",Any,General,All ages,DEU,No,Not specified,Not specified,Not specified,DEU,core.adhok@gmail.com,Mr. Prof. Dr. med.  Ralph  Naumann; Mr.  Prof. Dr. med.  Alexander  Kiani ,r.Naumann@mariengesellschaft.de; alexander.kiani@klinikum-bayreuth.de,Ms.  Romina  Rösch,romina.roesch@tum.de,Not specified,Yes,Arbeitsgemeinschaft der Hämatologen und Onkologen im Krankenhaus e.V. (ADHOK),Not specified,,,https://www.drks.de/drks_web/navigate.do?navigationId=trial.HTML&TRIAL_ID=DRKS00023012,Yes,No,N/A - no human OMICs data,N/A - no human OMICs data,N/A - no human OMICs data,No,N/A - no pathogen OMICs data,No,N/A - no imaging data,N/A - no imaging data,N/A - no imaging data,N/A - no imaging data,N/A - no imaging data,Cross-sectional,Observational data only,Both,COVID-19 infected or suspected only,Clin-epi,No,Not specified,Not specified,Not specified,Not specified,Not specified,N/A,Not specified,N/A,No,No,,,N/A,N/A,No,,,,,,Prospective (e.g. same CRF),Repository CRF data entry screen (e.g. REDCap),Health care professionals,Individual registration required for data entry,Unsure (registration required),https://core.adhok.de/fileadmin/user_upload/Daten/CoRe-Eingabemaske_Fragenu%CC%88bersicht.pdf,Not specified,Not specified,N/A,N/A,No,Yes,Not specified,Directions not available on the website,N/A,Not specified,Not specified,No,Not specified,Not specified,Not specified whether data will be/ is being shared or not,Not specified,Information not available on website,N/A,Not specified,Information not available on website,N/A,Not specified,Not specified,Anonymization,Not specified,N/A,No,Not specified,Not specified,Not specified,Not specified,Not available,N/A,
,,No website ,New - April 2022,No,No,No,No,NRCIP,National Registry on COVID-19 infection among pregnant women and their neonates,Registry,Not provided,,,,,,,WRA,IND,,INDn Council of Medical Research ,Government,,IND,,Dr. Reeta Rasaily ,reeta.rasaily@gmail.com,,,,,INDn Council of Medical Research ,,,,http://www.ctri.nic.in/Clinicaltrials/pmaindet2.php?trialid=50578,Yes,No,N/A - no human OMICs data,N/A - no human OMICs data,N/A - no human OMICs data,No,N/A - no pathogen OMICs data,No,N/A - no imaging data,N/A - no imaging data,N/A - no imaging data,N/A - no imaging data,N/A - no imaging data,Unsure,Observational data only,Hospitalized,COVID-19 infected or suspected only,Clin-epi,No,,,,,,,,,,,,,,,No,,,,,,,,,,,,,,,,,,,,,,,,,,,,,,,,,,,,,,,,,,,,,
,,Not COVID-19 related,New - April 2022,No,No,No,N/A - doesn't meet inclusion criteria,ORACLE-NIRS Registry,lipid cORe plaque association with CLinical events,,,,,,,,,,,,,,,,,,,,,,,,,,,,,,,,,,,,,,,,,,,,,,,,,,,,,,,,,,,,,No,,,,,,,,,,,,,,,,,,,,,,,,,,,,,,,,,,,,,,,,,,,,,
,,No website ,New - April 2022,No,No,No,No,APAPE COVID-19 Hospital Survey,"Portuguese Association of Arrhythmology, Pacing and Electrophysiology (APAPE) COVID-19 Hospital Survey",Registry,Not provided,,,,,,,,,,,,,,,Dinis Mesquitaa,dinis.mesquita@gmail.com,,,,,"Portuguese Association of Arrhythmology, Pacing and Electrophysiology (APAPE)",,,,https://www.ncbi.nlm.nih.gov/pmc/articles/PMC8359673/,,,,,,,,,,,,,,,,,,,,,,,,,,,,,,,,,,No,,,,,,,,,,,,,,,,,,,,,,,,,,,,,,,,,,,,,,,,,,,,,
,,,New - April 2022,No,No,No (website doesn't work),REDCap survey not sent,BRH,Biomedical Research Hub,,https://brh.data-commons.org/,,,,,,,,,,,,,,,,,,,,,,,,,https://academic.oup.com/jamia/article/29/4/619/6432980?login=false,,,,,,,,,,,,,,,,,,,,,,,,,,,,,,,,,,No,,,,,,,,,,,,,,,,,,,,,,,,,,,,,,,,,,,,,,,,,,,,,
PS,Updated using website,,New - April 2022,No,No,Yes,No,PCORnet,National Patient-Centered Clinical Research Network,Platform,https://pcornet.org/,No,The U.S. Centers for Disease Control and Prevention (CDC) in partnership with the Public Health Informatics Institute (PHII) teamed up to use PCORnet data resources for pandemic-related insights the nation urgently needed.,General ,General ,Any,General,All ages,US,Yes,,,PCORnet,US,frontdoor@pcornet.org,,,,,,Yes,"US CDC, Public Health Informatics Institute (PHII) ",Collaboration,The U.S. Centers for Disease Control and Prevention (CDC) in partnership with the Public Health Informatics Institute (PHII) teamed up to use PCORnet data resources for pandemic-related insights the nation urgently needed.,https://pcornet.org/covid/,https://pcornet.org/covid/,Yes,No,N/A - no human OMICs data,N/A - no human OMICs data,N/A - no human OMICs data,No,N/A - no pathogen OMICs data,No,N/A - no imaging data,N/A - no imaging data,N/A - no imaging data,N/A - no imaging data,N/A - no imaging data,Longitudinal,Observational data only,Both,Both,Clin-epi,No,,,,,,,,,,,,,,,No,Yes - NOT on FAIRsharing,No DOI assigned,N/A - doesn't have a DOI,Meets 2 of 4 criteria,N/A,Prospective (e.g. same CRF),Data drawn from EHRs,Affiliated institution,Hospital - Centre - Institution registration required for data entry,N/A,N/A,No,PCORNet CDM which also uses LOINC,N/A - no OMICs data collected,N/A - no participant level imaging data collected,Yes,Yes,Via PCORnet® Front Door (federated analysis),Directions available on the website,https://pcornet.org/front-door/,Participant-level data will not be shared (federated analysis),Not specified,No,Any group whose application is approved,Federated analysis possible ,N/A,Platform or registry management team,Information available on the website,https://pcornet.org/front-door/,Not specified,Information not available on website,N/A,No,N/A,Pseudonymization,Not specified,N/A,No,Not specified,Federated analysis is possible,Registry or platform,Not specified,Reports available on website,https://pcornet.org/wp-content/uploads/2024/06/PCORnet_Quarterly_Progress_Powerpoint_05jun2024.FINAL_.pdf,
,,No website ,New - April 2022,No,No,No,REDCap survey not sent,HMORN,HMO Research Network Virtual Data Warehouse,,Not provided,,,,,,,,,,,,,,,,,,,,,,,,,,,,,,,,,,,,,,,,,,,,,,,,,,,,,,,,,,,No,,,,,,,,,,,,,,,,,,,,,,,,,,,,,,,,,,,,,,,,,,,,,
,,,New - April 2022,No,No,No (aggregate level data only),REDCap survey not sent,SHRINE,Shared Health Research Information Network System ,,https://catalyst.harvard.edu/shrine/,,,,,,,,,,,,,,,,,,,,,,,,,,,,,,,,,,,,,,,,,,,,,,,,,,,,,,,,,,,No,,,,,,,,,,,,,,,,,,,,,,,,,,,,,,,,,,,,,,,,,,,,,
LM,Updated using website - LM checked,,New - April 2022,No,No,Yes,No,RACCOVID-19,Registro Argentino de Complicaciones Cardiovasculares en pacientes con COVID-19 (Argentine Registry of Cardiovascular Complications in patients with COVID-19),Registry,https://www.fac.org.ar/registros/RACCOVID-19/index.php,Yes,N/A - COVID-19 specific resource,General,General,Cardiovascular system,Hospitalized patients,≥18 years,ARG,No,,Not specified,The Argentine Society of Cardiology and the Argentine Federation of Cardiology ,ARG,raccovid19@gmail.com,"Lucía R. Kazelian
Gerardo Zapata",kazelian@gmail.com; zapatagerardo2013@gmail.com,,,May 2020,,"Argentine Society of Cardiology (SAC), Argentine Federation of Cardiology (FAC) ",No,,,http://www.old2.sac.org.ar/wp-content/uploads/2021/10/v89n4a03-en.pdf; L. Kazelian - G. Zapata et al / Rev Fed Arg Cardiol. 2021; 50(3): 85-90,Yes,No,N/A - no human OMICs data,N/A - no human OMICs data,N/A - no human OMICs data,No,N/A - no pathogen OMICs data,No,N/A - no imaging data,N/A - no imaging data,N/A - no imaging data,N/A - no imaging data,N/A - no imaging data,Longitudinal,Observational data only,Hospitalized for COVID-19 only,COVID-19 infected or suspected only,Clin-epi,No,,,,,,,,,,No,,,"Este proyecto tiene por objetivo conocer y registrar la aparición de complicaciones cardiovasculares en pacientes infectados con COVID–19, internados en los diferentes establecimientos sanitarios de nuestro país y evaluar cuáles son los predictores de riesgo de complicaciones cardiovasculares como también el impacto pronóstico.",https://www.fac.org.ar/registros/RACCOVID-19/index.php,No,Yes - NOT on FAIRsharing,No DOI assigned,N/A - doesn't have a DOI,None of the criteria are met,N/A,Prospective (e.g. same CRF),Repository CRF data entry screen (e.g. REDCap),Researchers and health care professionals,Hospital - Centre - Institution registration required for data entry,REDCap,Not available,No,No clin-epi standard used,N/A - no OMICs data collected,N/A - no participant level imaging data collected,No,Yes,Not specified,Directions not available on the website,N/A,No,No,No,Not specified,Participant-level data will not be shared,,Platform or registry management team,Information not available on website,N/A,Not provided,Information not available on website,N/A,Yes,Consented in  hospital,Participant-level data will not be shared,IRB or ERC approval obtained,Not provided,No,Not specified,Not specified,Not specified,N/A,Not specified,N/A,
,,Not a database with datasubmission,New - April 2022,No,No,No,N/A - doesn't meet inclusion criteria,MiREDiBase,miRNA Editing Database,Catalogue,https://ncrnaome.osumc.edu/miredibase,,,,,,,,,,,,,,,,,,,,,,,,,https://www.nature.com/articles/s41597-021-00979-8,,,,,,,,,,,,,,,,,,,,,,,,,,,,,,,,,,No,,,,,,,,,,,,,,,,,,,,,,,,,,,,,,,,,,,,,,,,,,,,,
,,Not COVID related,New - April 2022,No,No,No,N/A - doesn't meet inclusion criteria,DRAGON-Data,Digital Repository for Amalgamating GenOmic and Neuropsychiatric Data,Platform,,No,,,,,,,,,,,"Cardiff University, MRC Centre for Neuropsychiatric Genetics and Genomics",,,,,,,,,,,,,,,,,,,,,,,,,,,,,,,,,,,,,,,,,,,,,,,No,,,,,,,,,,,,,,,,,,,,,,,,,,,,,,,,,,,,,,,,,,,,,
PS,,,New - April 2022,No,No,No,No,CRWD,Cerner Real-World Data,Health data ecosystem or health data space,https://www.cerner.com/solutions/real-world-data?_ga=2.134259058.2081252678.1649198012-1806687702.1649105445,No,,,,,,,USA,,,Private,Cerner Corporation,USA,COVIDDataLab@cerner.com; realworlddata@cerner.com,Louis Ehwerhemuepha,LEhwehemuepha@choc.org,,,,,,,,,https://www.sciencedirect.com/science/article/pii/S2352340922003304,Yes,No,N/A - no human OMICs data,N/A - no human OMICs data,N/A - no human OMICs data,No,N/A - no pathogen OMICs data,No,N/A - no imaging data,N/A - no imaging data,N/A - no imaging data,N/A - no imaging data,N/A - no imaging data,Longitudinal,Observational data only,Hospitalized,COVID-19 infected or suspected only,Clin-epi,No,,,,,,,,,,,,,,,No,,,,,,,,,,,,,,,,,,,,,,,,,,,DAC,,,"Researchers can access CRWD if their healthcare organization is contributing de-identified data to the dataset or by contracting with Cerner through a Learning Health Network (LHN) for access to conduct an approved research project. Currently, access is limited to U.S. researchers only; however, CRWD may be available for select international researchers in the future. Interested researchers or organizations can apply for access to CWRD, pending approval of proposed research by a data governance council within the LHN and appro- priate data use agreements.",,,,No consent given,De-identified,"State that dataset is exempt (Conducting research with de-identified data does not meet regulatory criteria for research involving human subjects research, therefore human subjects research reg- ulations regarding informed consent does not apply)",,,,,,,,,
,,Health care reimbursement database,New - April 2022,No,No,No,N/A - doesn't meet inclusion criteria,TARDIS registry,Tool for Administrative Reimbursement Drug Information Sharing,,https://www.riziv.fgov.be/nl/themas/kost-terugbetaling/door-ziekenfonds/geneesmiddel-gezondheidsproduct/terugbetalen/specialiteiten/hoofdstukken/Paginas/tardis-online-vergoeding.aspx,,,,,,,,BEL,,,,,,,,,,,,,,,,,https://ard.bmj.com/content/annrheumdis/80/Suppl_1/884.1.full.pdf,,,,,,,,,,,,,,,,,,,,,,,,,,,,,,,,,,No,,,,,,,,,,,,,,,,,,,,,,,,,,,,,,,,,,,,,,,,,,,,,
LM - 1,Updated using website - LM checked,"No COVID-19 data, confirmed by LM.",New - April 2022,No,No,No,No,BNMDR,Belgian Neuromuscular Disease Registry (Het Belgisch Register van Neuromusculaire Aandoeningen),Registry,https://www.sciensano.be/en/belgian-neuromuscular-diseases-registry-bnmdr,No,,Neuromuscular disease,,,,,BEL,,Government,,"National Institute of Health and Disability Insurance, the Belgian institute for health",BEL,bnmdr@sciensano.be,,marjan.cosyns@sciensano.be,,,,,,,,,,Yes,No,N/A - no human OMICs data,N/A - no human OMICs data,N/A - no human OMICs data,No,N/A - no pathogen OMICs data,No,N/A - no imaging data,N/A - no imaging data,N/A - no imaging data,N/A - no imaging data,N/A - no imaging data,Longitudinal,Observational data only,Hospitalized,COVID-19 infected or suspected only,Clin-epi,No,,,,,,,,,,,,,,,No,,,,,,,,,,,,,,,,,,,,,,,,,,,,,,,,,,,,,,,,,,,,,
,,,New - April 2022,No,No,No,REDCap survey not sent,Cancer Registry Rhineland-Palatinate,Cancer Registry Rhineland-Palatinate,Registry,https://www.krebsregister-rlp.de/,No,,,,,,,,,,,,,,,,,,,,,,,,,,,,,,,,,,,,,,,,,,,,,,,,,,,,,,,,,,No,,,,,,,,,,,,,,,,,,,,,,,,,,,,,,,,,,,,,,,,,,,,,
,,No website ,New - April 2022,No,No,No,N/A - doesn't meet inclusion criteria,EHDS,European Health Data Space,Health data ecosystem or health data space,Not provided,No,,,,,,,,,,,,,,,,,,,,,,,,,,,,,,,,,,,,,,,,,,,,,,,,,,,,,,,,,,No,,,,,,,,,,,,,,,,,,,,,,,,,,,,,,,,,,,,,,,,,,,,,
,,Study from 1 University,New - April 2022,No,No,No,N/A - doesn't meet inclusion criteria,KCL CHECK,King’s College London Coronavirus Health and Experiences of Colleagues at King’s Study,,,,,,,,,,,,,,,,,,,,,,,,,,,,,,,,,,,,,,,,,,,,,,,,,,,,,,,,,,,,,No,,,,,,,,,,,,,,,,,,,,,,,,,,,,,,,,,,,,,,,,,,,,,
RG,Updated using website,,New - April 2022,No,No,Yes,No,COVID-19 CCC (aslo called CCCC),COVID-19 Critical Care Consortium Global Registry,Registry,https://www.covid-critical.com/,Yes,N/A,General,General,Any,ICU Patients,All ages,Worldwide,Yes,"The Common Good, an initiative of The Prince Charles Hospital Foundation, Brisbane, Queensland, Australian; Wesley Medical Research, UnitingCare Health, Australia",Foundation,"Critical Care Research Group, at The University of Queensland and The Prince Charles Hospital",AUS,ECMOCARD@health.qld.gov.au,Gianluigi LiBassi; John F. Fraser,g.libassi@uq.edu.au,Not specified,Not specified,Jan 2020,Yes,International Severe Acute Respiratory and Emerging Infection Consortium (ISARIC),"Coronavirus Acute Respiratory Disease (ECMOCARD), Short period incidence study of severe acute respiratory infection (SPRINT SARI)",,,https://bmjopen.bmj.com/content/bmjopen/10/12/e041417.full.pdf; https://www.medrxiv.org/content/10.1101/2020.05.29.20115253v1,Yes,Unsure,Not specified ,Not specified,Not specified,Unsure,Not specified,No,N/A - no imaging data,N/A - no imaging data,N/A - no imaging data,N/A - no imaging data,N/A - no imaging data,Longitudinal,Observational data only,Hospitalized,COVID-19 infected or suspected only,Clin-epi,No,Not provided,Not provided,over 380 hospitals,Not specified,Not specified,N/A,Not specified,N/A,Yes,No,,,"To equip all intensive care clinicians, regardless of nationality or affiliation, with the best and most up-to-date information to save lives and improve outcomes for their patients.",https://www.covid-critical.com/about,No,Yes - NOT on FAIRsharing,No DOI assigned,N/A - doesn't have a DOI,Meets 2 of 4 criteria,N/A,Prospective (e.g. same CRF),Provided CRF,Health care professionals,Hospital - Centre - Institution registration required for data entry,"REDCap, AWS-REDCap interface",Guide for CRF: https://static1.squarespace.com/static/5ec2086275fa7637bd6d9007/t/6087a85f047bbe18731c7d7f/1619503208893/ISARIC+nCOV+COVID+19+CCC+Combined+Data+Completion+Guide+based+on+ISARIC+CRF+2.02.21.pdf,"Yes, uses ISARIC eCRF - also uses Short Period Incidence Study of Severe Acute Respiratory Illness (SPRINT-SARI) eCRF",CDISC - SDTM,Not specified,N/A - no participant level imaging data collected,Yes,Yes,Clinical investigators contributing data will be given the opportunity to access all data. No further specification. ,Directions available on the website to a limited extent,https://www.covid-critical.com/faqs,Yes (only if required by the participating institutions),No,Yes,Only groups that contributed data or are otherwise part of the consortium,Participant-level data are being shared with collaborators who have submitted data,N/A,Not clear,Information available on the website to a limited extent,N/A,No data access requests needed - participating centers are provided access,Information available on the website to a limited extent,N/A,No,N/A,De-identification,No central IRB or ERC review obtained - up to individual centres,https://www.covid-critical.com/faqs,No (will be determined by the requirements of each hospital site’s IRB/EC),Not specified,Clinical investigators contributing to the research efforts will be given full recognition for their efforts and will be given the opportunity to access data.,Individual studies that upload data,No,No,N/A,"""Sample data"" is mentioned once on the website (https://www.covid-critical.com/study), no further information on what type etc."
,,Study rather than registy,New - April 2022,No,No,No,N/A - doesn't meet inclusion criteria,ACSIS,Acute Coronary Syndrome Israeli Survey,Registry,,No,,,,,,,ISR,Yes,,,Chaim Sheba Medical Center,ISR,,,,,,,,"Israeli Working Group, Acute Cardiac Care of the Israel Heart Society ",,,,https://journals.plos.org/plosone/article?id=10.1371/journal.pone.0253524#sec018,,,,,,,,,,,,,,,,,,,,,,,,,,,,,,,,,,No,,,,,,,,,,,,,,,,,,,,,,,,,,,,,,,,,,,,,,,,,,,,,
,,No website ,New - April 2022,No,No,No,No,Jakarta's COVID-19 epidemiological registry,Jakarta's COVID-19 epidemiological registry,Registry,Not provided,Yes,,General,General,Any,,Any,"Jakarta Province, Indonesia",Yes,,Government,Jakarta Provincial Health Department,IDN,Not provided,dante.saksono@ui.ac.id,,,,,,,,,,https://www.primary-care-diabetes.com/article/S1751-9918(21)00192-3/fulltext,Yes,No,N/A - no human OMICs data,N/A - no human OMICs data,N/A - no human OMICs data,No,N/A - no pathogen OMICs data,No,N/A - no imaging data,N/A - no imaging data,N/A - no imaging data,N/A - no imaging data,N/A - no imaging data,Cross-sectional,Observational data only,Hospitalized,COVID-19 infected or suspected only,Clin-epi,No,,,,,,,,,,,,,,,No,,,,,,Prospectively,,,,,,,,N/A,N/A,,,,,,,,,,,,,,,,,,,,,,,,,,,,,,"We reviewed the Epidemiological Surveillance (ES) form of all COVID-19 patients in the Jakarta province area collected by the Jakarta Provincial Health Department. ES form was filled by the attending doctors of the COVID-19 patients from all health facilities, including all primary health care, public and private hospitals. "
,,This is a software not a repository.,New - April 2022,No,No,No,N/A - doesn't meet inclusion criteria,GenoVault,GenoVault,Software to create repositories,,,,,,,,,,,,,,,,,,,,,,,,,,https://biodatamining.biomedcentral.com/track/pdf/10.1186/s13040-021-00268-5.pdf,,,,,,,,,,,,,,,,,,,,,,,,,,,,,,,,,,No,,,,,,,,,,,,,,,,,,,,,,,,,,,,,,,,,,,,,,,,,,,,,
,,,New - April 2022,No,No,No,N/A - doesn't meet inclusion criteria,Globus,Globus,Research data management system,https://www.globus.org/,,,,,,,,,,,,,,,,,,,,,,,,,https://biodatamining.biomedcentral.com/track/pdf/10.1186/s13040-021-00268-5.pdf,,,,,,,,,,,,,,,,,,,,,,,,,,,,,,,,,,No,,,,,,,,,,,,,,,,,,,,,,,,,,,,,,,,,,,,,,,,,,,,,
,,,New - April 2022,No,No,No (portal to actually share data is under construction),REDCap survey not sent,GHGA,German Human Genome-Phenome Archive (Das Deutsche Humangenom-Phenomarchiv),Platform,https://www.ghga.de/de/,No,,,,,General,,DEU,,,,,,,Christian Mertes (TUM),,,,,,,,,,,,,,,,,,,,,,,,,,,,,,,,,,,,,,,,,,,,No,,,,,,,,,,,,,,,,,,,,,,,,,,,,,,,,,,,,,,,,,,,,,
,,No website ,New - April 2022,No,No,No,No,PETHEMA LMA Registry,Epidemiologic Registry of Patients Diagnosed With Acute Myeloid Leukemia ,Registry,Not provided ,No,,Acute myeloid leukemia (AML),Acute myeloid leukemia (AML),,,,,,PETHEMA Foundation,,Hotel La Fe,ESP,,Montesinos Pau,montesinos_pau@gva.es,,,,,,,,,"https://ashpublications.org/blood/article/136/Supplement%201/7/472510/Impact-of-Sars-Cov-2-Infection-in-Acute-Myeloid
https://ashpublications.org/bloodadvances/article/6/4/1278/482695/Treatment-patterns-and-outcomes-of-2310-patients 
https://pubmed.ncbi.nlm.nih.gov/34794172/ ",Yes,No,N/A - no human OMICs data,N/A - no human OMICs data,N/A - no human OMICs data,No,N/A - no pathogen OMICs data,No,N/A - no imaging data,N/A - no imaging data,N/A - no imaging data,N/A - no imaging data,N/A - no imaging data,Cross-sectional,Observational data only,Hospitalized,Both COVID-19 infected and not infected,Clin-epi,No,,,,,,,,,,,,,,,No,,,,,,,,,,,,,,,,,,,,,,,,,,,,,,,,,,,,Individual sites must have IRB/ERC approval,,,,,,,,,
,,No website ,New - April 2022,No,No,No,REDCap survey not sent - could not find working email,French Group of Acute Cardiac Care Registry,French Group of Acute Cardiac Care Registry,Registry,Not provided ,,,Acute coronary syndrome (ACS),Heart disease,Cardiac,,All ages,FRA,No,,,,,,Pascal Lim,lim.pascal.hmn@aphp.hmn.fr - email doesn't work ,,,,,,,,,https://www.cjcopen.ca/article/S2589-790X(20)30187-6/fulltext,Yes,No,,,,,,,,,,,,cross-sectional,Observational,Hospitalized only,Both COVID-19 infected and not infected,Clin-epi,No,,,,,,,,,,,,,,,No,,,,,,,,,,,,,,,,,,,,,,,,,,,,,,,,,,,,,,,,,,,,,
PS,Updated using website,,New - April 2022,No,No,Yes,No,L’étude EVANESCO,Cohort event monitoring of COVID-19 vaccine safety in France using patient-reported outcomes,Registry,https://monvaccincovidfrance.fr/,Yes,"To collect information directly from vaccinated people, and analyze it to know more about the possible adverse reactions and help make vaccination safer",COVID-19 vaccination,General,Any,General,All ages,Europe,No,EMA,Government,"Bordeaux PharmacoEpi Platform (BPE) of the University of Bordeaux and the University of Utrecht in the Netherlands are joint data controllers
Dutch Pharmacovigilance Center Lareb coordinates the implementation of the European study.","FRA, NL",etude.evanesco@u-bordeaux.fr,"Dr Nicolas Thurin, Dr Patrick Blin",Not specified,Not specified,N/A,15/12/2020,No,European Network of Centres for Pharmacoepidemiology and Pharmacovigilance.,Not specified,,,Not specified ,Yes,No,N/A - no human OMICs data,N/A - no human OMICs data,N/A - no human OMICs data,No,N/A - no pathogen OMICs data,No,N/A - no imaging data,N/A - no imaging data,N/A - no imaging data,N/A - no imaging data,N/A - no imaging data,Longitudinal,Observational data only,Both,Both,Clin-epi,No,Not specified,Not specified,Not specified,Not specified,Not specified,Not specified,Not specified,Not specified,No,No,,,N/A,N/A,No,No - not eligible for FAIRsharing,No DOI assigned,N/A - doesn't have a DOI,None of the criteria are met,N/A,Prospective (e.g. same CRF),Repository CRF data entry screen (e.g. REDCap),Patients,Individual registration required for data entry,Website's own platform,N/A - must be registered to access the surveys ,No,No clin-epi standard used,N/A - no OMICs data collected,N/A - no participant level imaging data collected,No,"Registration in the Evanesco study for the 1st injection of the vaccine is no longer possible (inclusions ended since 09/01/2022). However, the booster vaccine data registration is open
",Participant-level data will not be shared,Participant-level data will not be shared,N/A,No,No,No,Participant-level data will not be shared,Participant-level data will not be shared,Only aggregated  (anonymized) data will be transmitted to relevant health authorities,Participant-level data will not be shared,Participant-level data will not be shared,N/A,Participant-level data will not be shared,Participant-level data will not be shared,N/A,Not required - participant-level data will not be shared ,Participants have to  read through an electronic information sheet and agree to the terms stated there before being able to register and provide data to the registry ,Anonymization,IRB or ERC approval obtained,"https://www.monvaccincovidfrance.org/pdf/ECVM_All_information_French.pdf (The EVANESCO study received a favorable opinion from the Committee for the Protection of Persons, the authorization of the Commission Nationale Informatique et Libertés (CNIL))",N/A - patient registry,Not specified,N/A - patient registry,Not specified,Not specified,Not specified,N/A,
LM,Updated using website - LM checked,Study with fixed sites that is not necessarily open to including new sites from outside the Consortium. No registry website found,New - April 2022,No,No,No,No,CORIA,Coronavirus (COVID-19) Outcomes Registries in Immunocompromised Individuals Australia,Multicenter cohort study where sites fixed at beginning and new sites cannot apply for inclusion,https://kirby.unsw.edu.au/project/coronavirus-outcomes-registries-immunocompromised-individuals-australia-coria,Yes,N/A - COVID-19 specific resource,Immunocompromised,Immunocompromised,Any,Immunocompromised,,,,Kirby Institute,,,AUS,,mpolizzotto@kirby.unsw.edu.au,,,,"May, 2020",,,,,,10.1001/jamaoncol.2021.4083,,,,,,,,,,,,,,,,,,,,,,,,,,,,,,,,,,No,,,,,N/A,,,,,,,,,,,,,,,,,,,,,,,,,,,,,,,,,,,,,,,,
RG,Updated using website,Regina I updated this! (LM).  Note - this was longitudinal data (see protocol),New - April 2022,No,No,Yes,No,AUS-COVID,Australian Cardiovascular COVID-19 Registry,Registry,https://www.aus-covid.com/,Yes,N/A - COVID-19 specific,Heart disease,Heart disease,Cardiovascular,General,≥18 years,AUS,No,Royal North Shore Hospital,Hospital,Royal North Shore Hospital,AUS,,Ravinay Bhindi,ravinay.bhindi@sydney.edu.au,,,April 2020,,No,No,,,,Yes,No,N/A - no human OMICs data,N/A - no human OMICs data,N/A - no human OMICs data,No,N/A - no pathogen OMICs data,No,N/A - no imaging data,N/A - no imaging data,N/A - no imaging data,N/A - no imaging data,N/A - no imaging data,Longitudinal,Observational data only,Hospitalized for COVID-19 only,COVID-19 infected or suspected only,Clin-epi,No,,,,,,,,,,No,,,,,No,Yes - NOT on FAIRsharing,No DOI assigned,N/A - doesn't have a DOI,None of the criteria are met,N/A,Prospective (e.g. same CRF),Repository CRF data entry screen (e.g. REDCap),Affiliated institution,Hospital - Centre - Institution registration required for data entry,REDCap,https://static1.squarespace.com/static/5e9055251c06c712a4adf58d/t/6057072efabb522b0f3b1d41/1616316207612/AUSCOVIDDataCollectionForm.pdf,No,No clin-epi standard used,N/A - no OMICs data collected,N/A - no participant level imaging data collected,No,Yes,Not specified,Directions not available on the website,N/A,No,No,No,Only groups that contributed data or are otherwise part of the consortium,Participant-level data will not be shared,"The database created during this study will only be used for this study, as outlined in this
protocol. If the study investigators wish to use the data for another research purpose, or to
share the data with other investigators, then explicit written approval (via a new HREC
application) will be sought from NSLHD HREC before doing so.",Participant-level data will not be shared,No,,Not provided,Information not available on website,N/A,Not required – platform/registry data deemed non-human subjects research by relevant ERC/IRB,Not consented,Participant-level data will not be shared,IRB or ERC approval obtained,https://static1.squarespace.com/static/5e9055251c06c712a4adf58d/t/606ba4078e6d9d3cb2ee6610/1617667083726/049214_Protocol_Cardiovascular+COVID-19+Registry+V+1.14.PDF,Not required – platform/registry data deemed non-human subjects research by relevant ERC/IRB,Not specified,Investigators that contribute data will be acknowledged in publications,Not specified,Not specified,Not specified,N/A,
,,Relates to PPE,New - April 2022,No,No,No,N/A - doesn't meet inclusion criteria,GetUsPPE,GetUsPPE,,,,,,,,,,,,,,,,,,,,,,,,,,,,,,,,,,,,,,,,,,,,,,,,,,,,,,,,,,,,,No,,,,,,,,,,,,,,,,,,,,,,,,,,,,,,,,,,,,,,,,,,,,,
,,,New - April 2022,No,No,No,N/A - doesn't meet inclusion criteria,NYULH Registry Database,NYULH Registry Database,,,,,,,,,,,,,,,,,,,,,,,,,,,https://www.sciencedirect.com/science/article/pii/S1871402121003489?via%3Dihub,,,,,,,,,,,,,,,,,,,,,,,,,,,,,,,,,,No,,,,,,,,,,,,,,,,,,,,,,,,,,,,,,,,,,,,,,,,,,,,,
RG,,Wesbite isn't working ,New - April 2022,No,No,No,No,Latin American registry of renal involvement in COVID-19 disease,Latin American registry of renal involvement in COVID-19 disease,Registry,https://slanh.net/registro-latinoamericano-ira-covid-19/,Yes,,Kidney disease,Kidney disease,,,,,,,,,PA,,Raul Lombardi,lombardi.raul2@gmail.com,,,,,Latin American Society of Nephrology and Hypertension,,,,https://journals.plos.org/plosone/article?id=10.1371/journal.pone.0261764,Yes,No,N/A - no human OMICs data,N/A - no human OMICs data,N/A - no human OMICs data,No,N/A - no pathogen OMICs data,No,N/A - no imaging data,N/A - no imaging data,N/A - no imaging data,N/A - no imaging data,N/A - no imaging data,Cross-sectional,Observational data only,Hospitalized for COVID-19 only,COVID-19 infected or suspected only,Clin-epi,No,,,,,,,,,,,,,,,No,,,,,,Prospecitvely,,Physicians,,SurveyMonkey,https://es.surveymonkey.com/r/L6PVMGQ,,,,,,,,,,,,,,,,,,,,,,,,,,,,,,,,,,
RG,,Registration required. Some information available here: https://www.google.com/url?sa=t&rct=j&q=&esrc=s&source=web&cd=&ved=2ahUKEwiY0pO_yLf6AhWXQvEDHb4bAUMQFnoECBoQAQ&url=http%3A%2F%2Fwww.nnfi.org%2Fassests%2Fupload%2Fannouncement-pdf%2FNNF-INC%2520Covid19%2520registry-How%2520to%2520register.pptx&usg=AOvVaw0Rowwd3Q7FdtmNaWYH_Z5P,New - April 2022,No,No,No,No,NNF IND COVID-19 Registry,National Neonatology Forum IND COVID-19 Registry,Registry,https://innc.org/covid,Yes,,Pregnancy,Pregnancy,Any,Neonates born to women with SARS-CoV-2 infection within two weeks before or two days after birth and neonates with SARS-CoV-2 infection,Neonates,IND,No,Self funded,N/A - no funding received,,IND,admin@innc.org (email address does not work),Praveen Kumar,drpkumarpgi@gmail.com,,,April 2020,,,,,,https://www.ncbi.nlm.nih.gov/pmc/articles/PMC8253678/pdf/13312_2021_Article_2234.pdf,Yes,No,N/A - no human OMICs data,N/A - no human OMICs data,N/A - no human OMICs data,No,N/A - no pathogen OMICs data,No,N/A - no imaging data,N/A - no imaging data,N/A - no imaging data,N/A - no imaging data,N/A - no imaging data,Cross-sectional,Observational data only,Hospitalized for COVID-19 only,COVID-19 infected or suspected only,Clin-epi,No,,,,,,,,,,,,,,,No,,,,,,,,,,,,,,,,,,,,,,,,,,,,,,,,,,,,,,,,,,,,,
LM,,Duplicate of row 180,New - April 2022,No,No,No,No,ECMO-COVID Registry of the SECCE (Registro ECMO-COVID de la SECCE),Registro de Implante de ECMO para pacientes COVID,Registry,http://sectcv.es/registro-ecmo-covid-de-la-secce/,Yes,To collect data from patients diagnosed with COVID-19 who are in neeed of ECMO,ECMO,ECMO,Any,ECMO recipients,All ages,"Latin America, Spain",Yes,Abbott,Industry,,ESP,,Mario Castano,marioborg.mario@gmail.com; jsilva8252@yahoo.es,Mario Castaño,marioborg.mario@gmail.com,March 2020,Yes,Sociedad Espanyola de Cirugi­a Cardiovascular y Endovascular (SECCE; in English: Spanish Society of Cardiovascular and Endovascular Surgery),Uses eCRF from EuroELSO,,,https://www.ncbi.nlm.nih.gov/pmc/articles/PMC7377709/pdf/main.pdf,Yes,No,N/A - no human OMICs data,N/A - no human OMICs data,N/A - no human OMICs data,No,N/A - no pathogen OMICs data,No,N/A - no imaging data,N/A - no imaging data,N/A - no imaging data,N/A - no imaging data,N/A - no imaging data,Cross-sectional,Observational data only,Hospitalized for COVID-19 only,COVID-19 infected or suspected only,Clin-epi,No,,,,,,,,,,No,,,,http://sectcv.es/registro-ecmo-covid-de-la-secce/,No,Yes - NOT on FAIRsharing,No DOI assigned,N/A - doesn't have a DOI,Meets 1 criterion only,N/A,Prospective (e.g. same CRF),Repository CRF data entry screen (e.g. REDCap),Health care professionals,Hospital - Centre - Institution registration required for data entry,Google Sheets,https://www.ncbi.nlm.nih.gov/pmc/articles/PMC8806126/#sec0050,,,,,,,Not specified,Directions not available on the website,N/A,No,No,No,Not specified,Participant-level data will not be shared,,Platform or registry management team,Information not available on website,N/A,Not provided,Information not available on website,N/A,Yes,Consented in  hospital,Participant-level data will not be shared,IRB or ERC approval obtained,Not provided,No,Not specified,Not specified,Not specified,Not specified,Not specified,N/A,
,,No website ,New - April 2022,No,No,No,No,CORONA-VTE NET,"COVID-19 Registry to Assess Frequency, Risk Factors, Management, and Outcomes of Arterial and Venous Thromboembolic Complications",Registry,Not provided,,,,,,,≥18 years,USA,,,"Universities, Hospitals",Brigham and Women's Hospital,USA,,Gregory Piazza; Samuel Z.Goldhaber (Brigham and Women's Hospital),gpiazza@partners.org,,,"March, 2020",,,,,,https://www.clinicaltrials.gov/ct2/show/NCT04535128,Yes,No,N/A - no human OMICs data,N/A - no human OMICs data,N/A - no human OMICs data,No,N/A - no pathogen OMICs data,No,N/A - no imaging data,N/A - no imaging data,N/A - no imaging data,N/A - no imaging data,N/A - no imaging data,cross-sectional,Observational data only,Hospitalized,COVID-19 infected only,Clin-epi,No,,,,,,,,,,,,,,,No,,,,,,,,,,,,,,,,,,,,,,,,,,,,,,,,,,,,,,,,,,,,,
,,Not COVID-19-related,New - April 2022,No,No,No,N/A - doesn't meet inclusion criteria,WhiMSICAL,Waldenström's Macroglobulinemia Study Involving CART-WHEEL (Center for the analysis of rare tumors),Registry,https://www.cart-wheel.org/,No,CART-WHEEL registry for the analysis of rare tumors was modified to include COVID-19,Rare tumor,Cancer,,,All ages,Worldwide,,Waldenström's Macroglobulinemia Foundation,Foundation,,AUS,contact@cart-wheel.org,Ibrahim Tohidi-Esfahani,ibrahim.tohidiesfahani@health.nsw.gov.au,,,,,,,,,https://onlinelibrary.wiley.com/doi/10.1002/ajh.26173,,,,,,,,,,,,,,,,,,,,,,,,,,,,,,,,,,No,,,,,,Prospective,,"Patients, their relatives",,,https://www.cart-wheel.org/page/90/questionnaire-demo,,,,,,,,,,,,,,,,,,,,,,,,,,,,,,,,,,
,,No website ,New - April 2022,No,No,No,No,RBCI-COVID19,Brazilian Cardiology Interventional Registry during COVID-19 pandemic ,Registry,Not provided,,"Brazilian Cardiology Interventional Registry
during COVID-19 pandemic",Heart disease,Heart disease,,,≥18 years,BRA,,MEDTRONIC,,,,,V. Lemke,,,,,,,,,,http://www.santacasavitoria.org/wp-content/uploads/2021/05/TEMPLATE-RBCI-TO-ACC-2021-280421.pdf,Yes,No,N/A - no human OMICs data,N/A - no human OMICs data,N/A - no human OMICs data,No,N/A - no pathogen OMICs data,No,N/A - no imaging data,N/A - no imaging data,N/A - no imaging data,N/A - no imaging data,N/A - no imaging data,Longitudinal,Observational data only,Hospitalized,Both COVID-19 infected and not infected,Clin-epi,No,,,,,,,,,,,,,,,No,,,,,,,,,,,,,,,,,,,,,,,,,,,,,,,,,,,,,,,,,,,,,
,,Registry of procedures rather than patient level data,New - April 2022,No,No,No,N/A - doesn't meet inclusion criteria,Spanish Cardiac Catheterization and Coronary Intervention Registry (Registro Español de Hemodinámica y Cardiología Intervencionista),Spanish Cardiac Catheterization and Coronary Intervention Registry (Registro Español de Hemodinámica y Cardiología Intervencionista),Registry,,,,,,,,,,,,,,ESP,,Rafael Romaguera,rafaromaguera@gmail.com,,,,,,la Asociación de Cardiología Intervencionista de la Sociedad Española de Cardiología (ACI-SEC),,,,,,,,,,,,,,,,,,,,,,,,,,,,,,,,,,,,,No,,,,,,,,,,,,,,,,,,,,,,,,,,,,,,,,,,,,,,,,,,,,,
,,No website ,New - April 2022,No,No,No,No,NASPGHAN/SPLIT SARS-CoV2 registry,NASPGHAN/SPLIT SARS-CoV2 registry,Registry,Not provided,,,Liver transplant recipients,Liver disease,Liver,,All ages,,,,,,CAN,,Mercedes Martinez,mm2479@cumc.columbia.edu,,,,,,,,,https://journals.lww.com/jpgn/Citation/2022/02000/Updates_From_the_NASPGHAN_SPLIT_SARS_CoV2.31.aspx,,,,,,,,,,,,,,,,,,,,,,,,,,,,,,,,,,No,,,,,,,,,,,,,,,,,,,,,,,,,,,,,,,,,,,,,,,,,,,,,
,,,New - April 2022,No,No,No,N/A - doesn't meet inclusion criteria,HIP,Helmholz Imaging Platform,Platform,https://www.helmholtz-imaging.de/,,,,,,,,,,,,,DEU,,,sara.krause-solberg@helmholtz-imaging.de,,,,,,,,,,,,,,,,,,,,,,,,,,,,,,,,,,,,,,,,,,,No,,,,,,,,,,,,,,,,,,,,,,,,,,,,,,,,,,,,,,,,,,,,,
,,"The basis for the research service provided by TWOC is mined data from literature, real world observations (mostly clinical but also self-reporting in COVID-19 apps), and outcomes from intervention trials concerning the worldwide pandemic of COVID-19. ",New - April 2022,No,No,No,N/A - doesn't meet inclusion criteria,TWOC,Trusted World of Corona,,https://www.health-holland.com/project/2020/trusted-world-of-corona,,,,,,,,,,,,Health Holland,NLD,info@health-holland.com,,,,,,,,,,,,,,,,,,,,,,,,,,,,,,,,,,,,,,,,,,,,,No,,,,,,,,,,,,,,,,,,,,,,,,,,,,,,,,,,,,,,,,,,,,,
PS,Updated using both survey and website,,New - April 2022,No,No,No,Yes,INSPIRE-PEACH,Implementation Network for Sharing Population Information from Reseasrch Entities - Platform for Evaluation and Analysis of COVID-19 Harmonized data,Platform for analysis and evaluation of COVID-19 data,https://aphrc.org/inspire/project/a-platform-for-evaluation-and-analysis-of-covid-19-harmonised-data-peach-2/; https://aphrc.org/inspire/stm_works_category/inspire/,Yes,"This project proposes to develop the key elements of a coordinated Pan-African COVID-19 data ecosystem. We will build a robust suite of data standards and technologies, diverse data integration methodologies, using the power of AI and DS for analysis and oversight through a trusted governance and policy environment.",General,General,Any,General,≥18 years,KEN and MWI,Yes,"International Development Research Centre (IDRC), Swedish International Development Cooperation Agency (SIDA)",Government,The Implementation Network for Sharing Population Information from Research Entities (INSPIRE) ,KEN,inspire@aphrc.org,Sylvia Kiwuwa Muyingo,skiwuwa@yahoo.com,Not specified ,N/A ,2021,No,"African Population and Health Research Center (APHRC), Analyzing Longitudinal Population-based HIV/AIDS data on Africa (ALPHA) network, South African Population Research Infrastructure Network (SAPRIN), Committee on Data of the International Science Council (CODATA)",Not specified,,,Not specified,Yes,No,N/A - no human OMICs data,N/A - no human OMICs data,N/A - no human OMICs data,No,N/A - no pathogen OMICs data,No,N/A - no imaging data,N/A - no imaging data,N/A - no imaging data,N/A - no imaging data,N/A - no imaging data,Both,Both clinical trial and observational data,Both,Both,Clin-epi,No,Not specified,Not specified,Not specified,Not specified,Not specified,Not specified,Not specified,Not specified,No,No,,,N/A,N/A,No,Yes - NOT on FAIRsharing,No DOI assigned,N/A - doesn't have a DOI,,N/A,,,Researchers - health care professionals - and patients,No registration required for data entry,,,Yes (ISARIC/WHO/IDDO eCRF),"SNOMED CT, LOINC, RxNORM, DDI-Codebook, OMOP CDM, Nesstar Publisher ",N/A - no OMICs data collected,N/A - no participant level imaging data collected,Yes,Yes,Participant-level data will not be shared (federated analysis),Participant-level data will not be shared (federated analysis),N/A,Participant-level data will not be shared (federated analysis),Participant-level data will not be shared (federated analysis),Participant-level data will not be shared (federated analysis),Participant-level data will not be shared (federated analysis),Participant-level data will not be shared (federated analysis),Federated analysis will be done ,Not specified (for proposals for federated analysis of data),Information not available on website,N/A,Not specified (for proposals for federated analysis of data),Information not available on website,N/A,Yes,N/A,Federated analysis will be conducted,No central IRB or ERC review obtained - up to individual centres,N/A,Yes,Not specified,"- Citation of study team by analyses that use data they contributed
- Short term capacity building investment (e.g.
short course)
- Long-term capacity building investment (e.g.
funded postdoc)",Registry or platform and individual studies that upload data,Not specified,Dashboard is being built ,In progress,
,,,New - April 2022,No,No,No,N/A - doesn't meet inclusion criteria,HADDOCK,High Ambiguity Driven biomolecular DOCKing,Integrative docking,https://bianca.science.uu.nl/haddock2.4/,,,,,,,,,,,,,,,,,,,,,,,,,,,,,,,,,,,,,,,,,,,,,,,,,,,,,,,,,,,No,,,,,,,,,,,,,,,,,,,,,,,,,,,,,,,,,,,,,,,,,,,,,
,,No website ,New - April 2022,No,No,No,No,Hong Kong Registry Study,Hong Kong Registry Study,Resource that doesn't generate-host-or share data,Not provided,Yes,,,,,,,CHN (Hong Kong),,,,Hong Kong University LKS Faculty of Medicine,CHN (Hong Kong),,Prof. Ian Wong; Dr. Shirley Li; Dr. Tiantian Ma,wongick@hku.hk; sxueli@hku.hk; tian.ma.16@ucl.ac.uk,,,,,,,,,,Yes,No,N/A - no human OMICs data,N/A - no human OMICs data,N/A - no human OMICs data,No,N/A - no pathogen OMICs data,No,N/A - no imaging data,N/A - no imaging data,N/A - no imaging data,N/A - no imaging data,N/A - no imaging data,Longitudinal,Observational data only,Hospitalized for COVID-19 only,Both,Clin-epi,No,,,,,,,,,,,,,,,No,,,,,,,,,,,,,,,,,,,,,,,,,,,,,,,,,,,,,,,,,,,,,
,,h3Africa data are hosted on EGA.  DAC that oversees the reuse of these data is at h3Africa. See:  https://ega-archive.org/studies/EGAS00001002656,New - April 2022,No,No,No,N/A - doesn't meet inclusion criteria,h3abionet,Human Heredity and Health in Africa,,https://www.h3abionet.org/; https://h3abionet.org/resources/h3africa-catalogue,,,,,,,,,,,,,,"info@aphrc.org
",,,,,,,,,,,,,,,,,,,,,,,,,,,,,,,,,,,,,,,,,,,,,No,,,,,,,,,,,,,,,,,,,,,,,,,,,DAC,Yes,https://h3africa.org/wp-content/uploads/2020/06/App-D-H3Africa-Data-and-Biospecimen-Access-Committee-Guidelines-2020-.pdf,,,,,,,,,,,,,,,,
,,,New - April 2022,No,No,No,N/A - doesn't meet inclusion criteria,DS-I Africa,Harnessing Data Science for Health Discovery and Innovation in Africa Funded Research,Health data ecosystem or health data space,https://commonfund.nih.gov/africadata,,,,,,,,,,,,,,,,,,,,,,,,,,,,,,,,,,,,,,,,,,,,,,,,,,,,,,,,,,,No,,,,,,,,,,,,,,,,,,,,,,,,,,,,,,,,,,,,,,,,,,,,,
,,,New - April 2022,No,No,No,N/A - doesn't meet inclusion criteria,r3data,r3data,Catalogue of platforms and datasets,,,,,,,,,,,,,,,,,,,,,,,,,,,,,,,,,,,,,,,,,,,,,,,,,,,,,,,,,,,,No,,,,,,,,,,,,,,,,,,,,,,,,,,,,,,,,,,,,,,,,,,,,,
,,,New - April 2022,No,No,No,N/A - doesn't meet inclusion criteria,fairsharing.org,fairsharing.org,Catalogue of platforms and datasets,,,,,,,,,,,,,,,,,,,,,,,,,,,,,,,,,,,,,,,,,,,,,,,,,,,,,,,,,,,,No,,,,,,,,,,,,,,,,,,,,,,,,,,,,,,,,,,,,,,,,,,,,,
,,,New - April 2022,No,No,No,N/A - doesn't meet inclusion criteria,Africa PGI,Africa Pathogen Genomics Initiative,Health data ecosystem or health data space,https://ipg.africacdc.org/,,,,,,,,Africa,,,,,,,,,,,,,Africa Centre for Disease Control and Prevention (Africa CDC),,,,,,,,,,,,,,,,,,,,,,,,,,,,,,,,,,,,,,No,,,,,,,,,,,,,,,,,,,,,,,,,,,,,,,,,,,,,,,,,,,,,
,,This is a section of the EMBL-EBI European COVID-19 Data Portal,New - April 2022,No,No,No,N/A - doesn't meet inclusion criteria,EMBL-EBI - COVID-19 Data Portal - Japan,EMBL-EBI - COVID-19 Data Portal - Japan,Platform,https://covid19dataportal.jp/en/,,,,,,,,,,,,,,,,,,,,,,,,,,,,,,,,,,,,,,,,,,,,,,,,,,,,,,,,,,,No,,,,,,,,,,,,,,,,,,,,,,,,,,,,,,,,,,,,,,,,,,,,,
,,This is a section of the EMBL-EBI European COVID-19 Data Portal,New - April 2022,No,No,No,N/A - doesn't meet inclusion criteria,EMBL-EBI - COVID-19 Data Portal - Sweden,EMBL-EBI - COVID-19 Data Portal - Sweden,Platform,"https://covid19dataportal.se/#:~:text=The%20Swedish%20COVID%2D19%20Data,SciLifeLab%20Data%20Centre%20and%20partners.",,,,,,,,,,,,,,,,,,,,,,,,,,,,,,,,,,,,,,,,,,,,,,,,,,,,,,,,,,,No,,,,,,,,,,,,,,,,,,,,,,,,,,,,,,,,,,,,,,,,,,,,,
,,No website ,New - April 2022,No,No,No,No,SOTR Registry,Solid organ transplant recipients Registry,Registry,Not provided,,,,,,,,,,,,,,,Madeleine R. Heldman; Olivia Kates,mrh157@uw.edu; olivia@jhu.edu,,,,,,,,,"https://doi.org/10.1016/j.healun.2021.01.436
        
        ",Yes,No,N/A - no human OMICs data,N/A - no human OMICs data,N/A - no human OMICs data,No,N/A - no pathogen OMICs data,No,N/A - no imaging data,N/A - no imaging data,N/A - no imaging data,N/A - no imaging data,N/A - no imaging data,Longitudinal,Observational data only,Hospitalized,Both COVID-19 infected and not infected,Clin-epi,No,,,,,,,,,,,,,,,No,,,,,,Prospective,eCRF,Doctors,,,,,,,,,,,,,,,,,,,,,,,,,,,,,,,,,,,,,
,,,New - April 2022,No,No,No (Indicated that they have only minimal COVID-19 data),No,EUMelaReg,European Melanoma Registry,Registry,https://www.eumelareg.org/consortium,,,,,,,,Europe,Yes,,,,,office@eumelareg.org,,,,,,,,,,,,,,,,,,,,,,,,,,,,,,,,,,,,,,,,,,,,,No,,,,,,,,,,,,,,,,,,,,,,,,,,,,,,,,,,,,,,,,,,,,,
,,No website ,New - April 2022,No,No,No,No,Spanish Melanoma Group Registry,Spanish Melanoma Group Registry,Registry,Not provided,Yes,,Melaona,Melanoma,Skin,,,ESP,Yes,,,,ESP,,Maria Gonzalez-Cao,mgonzalezcao@oncorosell.com,,,,,,Spanish Melanoma Group,,,https://www.jaad.org/article/S0190-9622(21)00337-6/fulltext#%20,Yes,No,N/A - no human OMICs data,N/A - no human OMICs data,N/A - no human OMICs data,No,N/A - no pathogen OMICs data,No,N/A - no imaging data,N/A - no imaging data,N/A - no imaging data,N/A - no imaging data,N/A - no imaging data,Longitudinal,Observational data only,Hospitalized,Both COVID-19 infected and not infected,Clin-epi,No,,,,,,,,,,,,,,,No,,,,,,,,,,,,,,,,,,,,,,,,,,,,,,,,,,,,,,,,,,,,,
,,Relation of COVID-19 to breast cancer diagnosis.  Not otherwise COVID-19-related.,New - April 2022,No,No,No,N/A - doesn't meet inclusion criteria,Croatia Breast Cancer Diagnostis Registry,Croatia Breast Cancer Diagnostis Registry,Registry,,,,,,,,,Croatia,,,,,,,Eduard Vrdoljak,,,,,,,,,,https://www.ncbi.nlm.nih.gov/pmc/articles/PMC8250475/#!po=73.5294,,,,,,,,,,,,,,,,,,,,,,,,,,,,,,,,,,No,,,,,,,,,,,,,,,,,,,,,,,,,,,,,,,,,,,,,,,,,,,,,
RG,,Not a registry: no participant-level data are being collected or shared. This is a portal to provide information on HIV. ,New - April 2022,No,No,No,No,COVID-19 in PWH Registry,COVID-19 in people living with HIV Registry,Resource that doesn't generate-host-or share data,https://www.aidsmap.com/about-hiv/covid-19-and-coronavirus-people-living-hiv,Yes,N/A - COVID-19 specific,HIV,HIV,Any,,≥18 years,Worldwide,Yes,,,University of Missour Medical Center,USA,,Dima Dandachi,dandachid@health.missouri.edu,,,,,"Infectious Diseases Society of America (IDSA), HIV Medical Association",,,,https://academic.oup.com/cid/article/73/7/e1964/5903368?login=false,Yes,No,N/A - no human OMICs data,N/A - no human OMICs data,N/A - no human OMICs data,No,N/A - no pathogen OMICs data,No,N/A - no imaging data,N/A - no imaging data,N/A - no imaging data,N/A - no imaging data,N/A - no imaging data,Longitudinal,Observational data only,Both,COVID-19 infected or suspected only,Clin-epi,No,,,,,,,,,,,,,,,No,,,,,,Prospective,eCRF,Doctors,,REDCap,,,,,,,,,,,,,,,,,,,,,,,,,,,,,,,,,,,
,,Single institution,New - April 2022,No,No,No,N/A - doesn't meet inclusion criteria,Rheumatic irAE registry,Rheumatic immune-related adverse events registy,Registry,,,,,,,,,,,,,,,,,,,,,,,,,,https://pubmed.ncbi.nlm.nih.gov/33067320/,,,,,,,,,,,,,,,,,,,,,,,,,,,,,,,,,,No,,,,,,,,,,,,,,,,,,,,,,,,,,,,,,,,,,,,,,,,,,,,,
,,Maybe portal for NCDB?  Not sure,New - April 2022,No,No,No - duplicate ,N/A - doesn't meet inclusion criteria,RCRS,rapid cancer reporting system,Registry,https://www.facs.org/quality-programs/cancer-programs/national-cancer-database/rapid-cancer-reporting-system/,,,,,,,,USA,,,,,USA,,,,,,,,,,,,,,,,,,,,,,,,,,,,,,,,,,,,,,,,,,,,,,No,,,,,,,,,,,,,,,,,,,,,,,,,,,,,,,,,,,,,,,,,,,,,
,,,New - April 2022,No,No,No - duplicate ,No,COVID-19 CVD Registry,CVD Registry,Registry,https://www.heart.org/en/professional/quality-improvement/covid-19-cvd-registry,,,Severe valvular heart disease (VHD),Heart disease,Cardiovacular,,,"Spain, Italy, United States, France, Brazil, Denmark, Poland, United Kingdom and Israel",,Institute of Valvular Research,Non-profit foundation,"Institute of Valvular Research, WA",USA,,Danny Dvir,ddvir@uw.edu; danny.dvir@gmail.com,,,February 2020,,,,,,https://www.ncbi.nlm.nih.gov/pmc/articles/PMC8935903/,Yes,No,N/A - no human OMICs data,N/A - no human OMICs data,N/A - no human OMICs data,No,N/A - no pathogen OMICs data,No,N/A - no imaging data,N/A - no imaging data,N/A - no imaging data,N/A - no imaging data,N/A - no imaging data,Longitudinal,Observational data only,Hospitalized,COVID-19 infected only,Clin-epi,No,,,,,,,,,,,,,,,No,,,,,,Prospective,eCRF,Doctors,,,,,,,,,,,,,,,,,,,Board of the Institute of Valvular Research,,,,,,,,,,,,,,,,,,
,,No website ,New - April 2022,No,No,No,N/A - doesn't meet inclusion criteria,Ethiopian paediatric oncology registry,Ethiopian paediatric oncology registry,Registry,Not provided,,,,,,,,,,,,Tikur Anbessa Specialized Hospital,ETH,,Scott Levy,levy.scott8@gmail.com,,,,,,,,,"-http://dx.doi.org/10.1136/archdischild-2021-3224
        
        
        
            
- https://ashpublications.org/bloodadvances/article/3/Supplement%201/16/429218/Pre-implementation-assessment-of-a-national ",,,,,,,,,,,,,,,,,,,,,,,,,,,,,,,,,,No,,,,,,,,,,,,,,,,,,,,,,,,,,,,,,,,,,,,,,,,,,,,,
RG,Updated using website,"Not sure it includes COVID-19. The latest yearly report is for 2019, cannot find current survey/ CRF, and no mention of collecting COVID-19 data on website. No reply to contact through email.",New - April 2022,No,No,No,No,GCCR,German Childhood Cancer Registry,Registry,"https://www.kinderkrebsregister.de/dkkr-gb/about-us/overview.html?L=1#:~:text=The%20German%20Childhood%20Cancer%20Registry%20(GCCR)%20was%20founded%20in%201980,the%20Johannes%20Gutenberg%20University%20Mainz.",No,No specific focus,Cancer,Cancer,Any,Children & adolescents,<18 years,DEU,Not specified,Federal and state health ministries,Government,"Division of Childhood Cancer Epidemiology at the Institute of Medical Biostatistics, Epidemiology and Informatics",DEU,info@kinderkrebsregister.de,Friederike Erdmann,friederike.erdmann@uni-mainz.de,Not specified,Not specified,,,,,,,https://www.sciencedirect.com/science/article/pii/S2666776222000916?via%3Dihub; https://reader.elsevier.com/reader/sd/pii/S2666776221001654?token=6A13B23985CB9CBB839A3DA8AD61608BCC23CBCE678A3DA33CE8FAE35292F446C5676A59642A334143E6FB479119841D&originRegion=eu-west-1&originCreation=20220523125537,,,,,,,,,,,,,,,,,,,,,,,,,,,,,,,,,,No,,,,,,,,,,,,,,,,,,,,,,,,,,,,,,,,,,,,,,,,,,,,,
,,Catalouge of registries,New - April 2022,No,No,No,N/A - doesn't meet inclusion criteria,IARC Catalogue of Registries,International Agency for Research on Cancer Catalogue of Registries,Catalog of platforms,https://cinportal.iarc.fr/,,,,,,,,,,,,FRA,,iacr@iarc.fr,,,,,,,German Society of Paediatric Oncology and Haematology,,,,,,,,,,,,,,,,,,,,,,,,,,,,,,,,,,,,,,No,,,,,,,,,,,,,,,,,,,,,,,,,,,,,,,,,,,,,,,,,,,,,
,,Grantmaking group,New - April 2022,No,No,No,N/A - doesn't meet inclusion criteria,AI4COVID,AI4COVID,Funder,https://covidsouth.ai/about?lang=en,,,,,,,,,,"IDRC, Sida (Global South AI4COVID Program)","Government, Foundation",,,,,,,,,,,,,,,,,,,,,,,,,,,,,,,,,,,,,,,,,,,,,,,,No,,,,,,,,,,,,,,,,,,,,,,,,,,,,,,,,,,,,,,,,,,,,,
PS,,"Consortia to use AI approaches to COVID-19 data, not a registry or platform.",New - April 2022,No,No,No,No,LAISDAR,"Leveraging Artificial Intelligence and Data Science Techniques in Harmonizing, Accessing, and Analyzing SARS-CoV-2/COVID-19 Data in Rwanda",Resource that doesn't generate-host-or share data,https://covidsouth.ai/about?lang=en,Yes,,,,,,,RWA,,"IDRC, Sida (Global South AI4COVID Program)","Government, Foundation",University of Rwanda,RWA,info@covidsouth.ai,(Damas Kabakambira; Clarisse Musanabaganwa ) larisse.musanabaganwa@rbc.gov.rw,,,,,,,,,,,,,,,,,,,,,,,,,,,,,,,,,,,,,,,,,,,,No,,,,,,,,,,,,,OMOP CDM,,,,,,,,,,,,,,,,,,,,,,,,,,,,,,,,
,,,New - April 2022,No,No,No (Confirmed via that they don't collect data),No,ARPHAI,Gestion epidemiologica basada en inteligencia artificial y ciencia de datos,Platform,http://www.ciecti.org.ar/novedades-arphai/,Yes,,,,,,,ARG,,"IDRC, Sida (Global South AI4COVID Program)","Government, Foundation","Centro Interdisciplinario de Estudios en Ciencia, Tecnología e Innovación (CIECTI)",ARG,info@ciecti.org.ar,Fernando Porta; Veronica Xhardez; Yhinny Paola Santos Machado,ferporta.arq@gmail.com,,,,,,,,,,,,,,,,,,,,,,,,,,,,,,,,,,,,,,,,,,,No,,,,,,,,,,,,,OMOP CDM,,,,,,,,,,,,,,,,,,,,,,,,,,,,,,,,
,,Set of COVID-19 dashboards based on NLP-derived data from social listening and other.  Not participnat-level data,New - April 2022,No,No,No,N/A - doesn't meet inclusion criteria,ACADIC,The Africa-Canada AI & Data Innovation Consortium,,http://acadic.org,,,,,,,,,,"IDRC, Sida (Global South AI4COVID Program)","Government, Foundation",University of York,GBR (UK),,Jude Kong,jdkong@yorku.ca,,,,,,,,,,,,,,,,,,,,,,,,,,,,,,,,,,,,,,,,,,,No,,,,,,,,,,,,,,,,,,,,,,,,,,,,,,,,,,,,,,,,,,,,http://acadic.org/,
PS,,To check eligibility ,New - April 2022,No,No,No,No,COAST,End-to-end AI and data systems for targeted surveillance and management of COVID-19 and future pandemics affecting Uganda,Resource that doesn't generate-host-or share data,http://coastug.org/,Yes,,,,,,,UGA,,"IDRC, Sida (Global South AI4COVID Program)","Government, Foundation",Makerere University,UGA,,Agnes Kiragga,akiragga@idi.co.ug,,,,,,,,,,,,,,,,,,,,,,,,,,,,,,,,,,,,,,,,,,,No,,,,,,,,,,,,,OMOP CDM,,,,,,,,,,,,,,,,,,,,,,,,,,,,,,,,
,,Tool to help predict number of antivirals for Colombian government,New - April 2022,No,No,No,N/A - doesn't meet inclusion criteria,COLEV,COLEV,,,,,,,,,,,,"IDRC, Sida (Global South AI4COVID Program)","Government, Foundation",Universidad de los Andes,COL,,Catalina Gonzalez-Uribe,,,,,,,,,,,,,,,,,,,,,,,,,,,,,,,,,,,,,,,,,,,,No,,,,,,,,,,,,,,,,,,,,,,,,,,,,,,,,,,,,,,,,,,,,,
,,Information on surgery procedures but not participant-level health data,New - April 2022,No,No,No,N/A - doesn't meet inclusion criteria,GIQuIC,GI Quality Improvement Consortium Registry,,,,,,,,,,,,,,,,,,,,,,,,,,,https://journals.lww.com/ajg/Fulltext/2021/10001/S569_Association_Between_Endoscopy_Performance_and.570.aspx,,,,,,,,,,,,,,,,,,,,,,,,,,,,,,,,,,No,,,,,,,,,,,,,,,,,,,,,,,,,,,,,,,,,,,,,,,,,,,,,
,,Only 1 health center,New - April 2022,No,No,No,N/A - doesn't meet inclusion criteria,COLUMBIA CARDS,COvid-19 LongitUdinal Multiethnic BioImaging Assessment of CARDiovascular Sequelae Registry,Registry,https://ichgcp.net/clinical-trials-registry/NCT04661657,,,,,,,,,,,,Columbia University,USA,,Andrew J. Einstein,,Frankie DeJesus,efd2116@cumc.columbia.edu,,,,,,,,,,,,,,,,,,,,,,,,,,,,,,,,,,,,,,,,,No,,,,,,,,,,,,,,,,,,,,,,,,,,,,,,,,,,,,,,,,,,,,,
,,No website ,New - April 2022,No,No,No,No,I-CORE,Isfahan COvid-19 REgistry,Registry,Not provided,Yes,,,,,,,,Yes,None,None,Isfahan University of Medical Sciences,IRN,,Maryam Nasirian,maryamnasirian17@gmail.com,,,February 2020,,,,,,https://www.ncbi.nlm.nih.gov/pmc/articles/PMC7306237/pdf/JRMS-25-32.pdf,Yes,No,N/A - no human OMICs data,N/A - no human OMICs data,N/A - no human OMICs data,No,N/A - no pathogen OMICs data,No,N/A - no imaging data,N/A - no imaging data,N/A - no imaging data,N/A - no imaging data,N/A - no imaging data,Longitudinal,Observational data only,Hospitalized,COVID-19 infected only,Clin-epi,No,,,,,,,,,,,,,,,No,,,,,,Prospective (e.g. same CRF),Repository CRF data entry screen (e.g. REDCap),,,REDCap,,Yes (ISARIC/WHO/IDDO eCRF),SDTM,N/A,N/A,,,,,,,,,,,,,,,,,,,,,IRB or ERC approval obtained,,,,,,,,,
,,No website ,New - April 2022,No,No,No,REDCap survey not sent,CIRC-19,CIRC-19,Registry,Not provided,Yes,,Heart disease,Heart disease,Cardiovascular,,,"US, IT",Yes,,,"Mount Sinai, Icahn Sch of Medicine",USA,,,,,,March 2020,,,https://www.ahajournals.org/doi/10.1161/circ.142.suppl_3.16459,,,https://www.ahajournals.org/doi/10.1161/circ.142.suppl_3.16459,Yes,No,N/A - no human OMICs data,N/A - no human OMICs data,N/A - no human OMICs data,No,N/A - no pathogen OMICs data,No,N/A - no imaging data,N/A - no imaging data,N/A - no imaging data,N/A - no imaging data,N/A - no imaging data,Longitudinal,Observational data only,Hospitalized,COVID-19 infected only,Clin-epi,No,,,,,,,,,,,,,,,No,,,,,,,,,,,,,,,,,,,,,,,,,,,,,,,,,,,,,,,,,,,,,
PS,Updated using website,,New - April 2022,No,No,Yes,No,CARE-MG,COVID-19 Associated Risks and Effects in Myasthenia Gravis,Registry,https://myasthenia.org/Professionals/Resources-for-Professionals/CARE-MG,Yes,To capture outcomes of people with MG who have developed COVID-19 infections ,Myasthenia Gravis,Myasthenia Gravis,Skeletal muscular system,People with myasthenia Gravis,All ages,Worldwide,Yes,Not specified ,Not specified,Duke University,USA,"mgfa@myasthenia.org
COVID-19MGstudy@duke.edu",Not specified,N/A,Srikanth Muppidi,muppidis@stanford.edu,9 April 2020,,"Myasthenia Gravis Foundation of America, International MG/COVID-19 Working Group",Not specified,,,https://www.thelancet.com/journals/laneur/article/PIIS1474-4422(20)30413-0/fulltext#sec1,Yes,No,N/A - no human OMICs data,N/A - no human OMICs data,N/A - no human OMICs data,No,N/A - no pathogen OMICs data,No,N/A - no imaging data,N/A - no imaging data,N/A - no imaging data,N/A - no imaging data,N/A - no imaging data,Cross-sectional,Observational data only,Both,COVID-19 infected or suspected only,Clin-epi,No,https://www.thelancet.com/cms/10.1016/S1474-4422(20)30413-0/attachment/1e9c6ff5-c932-4abe-87aa-811a379cb04d/mmc1.pdf,https://www.thelancet.com/cms/10.1016/S1474-4422(20)30413-0/attachment/1e9c6ff5-c932-4abe-87aa-811a379cb04d/mmc1.pdf,https://www.thelancet.com/cms/10.1016/S1474-4422(20)30413-0/attachment/1e9c6ff5-c932-4abe-87aa-811a379cb04d/mmc1.pdf,414 (07/16/21),414 (07/16/21),N/A - no OMICs data,Not specified,https://myasthenia.org/Professionals/Resources-for-Professionals/CARE-MG,Yes,No,No,Unsure,"To describe the COVID-19 Associated Risks and Effects in Myasthenia Gravis (CARE-MG) policy on
submitting manuscripts and abstracts for reporting results from the CARE-MG registry. This includes
primary and secondary papers, as defined. CARE-MG, a physician-reported registry, is a joint effort of
the International MG/COVID-19 Working Group and neurologists from across the globe to capture
outcomes of people with myasthenia gravis (MG) who have developed COVID-19. //

Timely publication of major findings is central to the mission of the CARE-MG Study Group and the
International MG/COVID-19 Working Group, and is the primary metric of our collective accomplishments.
CARE-MG publications include manuscripts, abstracts, and presentations that report study findings and
conclusions as well as operational aspects/challenges during times of crisis. We expect for our work to
result in at least one peer-reviewed manuscript and include a presentation of study results at national and
international meetings. Additionally, we realize that without robust international participation and
collaboration that our investigation would not be possible. As such, our policy will ensure that all
contributing physicians will be offered authorship as members of the CARE-MG Study Group.",https://myasthenia.org/Portals/0/CARE-MG%20Publications%20Policy%2011May2020%20v1_0_1.pdf,No,Haven't yet asked Delphine,No DOI assigned,N/A - doesn't have a DOI,None of the criteria are met,N/A,Prospective (e.g. same CRF),Repository CRF data entry screen (e.g. REDCap) and providedCRF,Health care professionals,No registration required for data entry,REDCap,"https://redcap.duke.edu/redcap/surveys/?s=H4EKCWLFKR
https://myasthenia.org/Portals/0/CRF%20CARE-MG_30APR2021.pdf",No,None,N/A - no OMICs data collected,N/A - no imaging data collected,No,Yes,Not specified,Directions not available on the website,N/A,Not specified,Not specified,Not specified,Not specified,Not specified,N/A,Not specified,Information not available on website,N/A,Not specified,Information not available on website,N/A,Not required – platform/registry data deemed non-human subjects research by relevant ERC/IRB,N/A,Not specified,Does not constitute human subjects research therefore deemed exempt from IRB or ERC review,https://myasthenia.org/Portals/0/Sponsor%20Protocol%20Exempt%20Determination%20Notice%20Jun2320.pdf,No,Not specified,All contributing physicians will be offered authorship as members of the CARE-MG Study Group.,Registry or platform and individual studies that upload data,Not specified,Summary data available,https://myasthenia.org/Professionals/Resources-for-Professionals/CARE-MG,
,,Only 1 health center,New - April 2022,No,No,No,N/A - doesn't meet inclusion criteria,TARGET-VIP,TARGET-VIP,Registry,,,,,,,,,,,,,,,,,,,,,,,,,,https://search.bvsalud.org/global-literature-on-novel-coronavirus-2019-ncov/resource/fr/covidwho-1094457,,,,,,,,,,,,,,,,,,,,,,,,,,,,,,,,,,No,,,,,,,,,,,,,,,,,,,,,,,,,,,,,,,,,,,,,,,,,,,,,
,,No website ,New - April 2022,No,No,No,REDCap survey not sent,MSK Extract,MSK Extract,Platform,Not provided,,,Cancer patients,,,,,,,,,Memorial Sloan Kettering Cancer Center,USA,,Rimma Belenkaya,,,,,,,,,,https://aacrjournals.org/clincancerres/article/26/18_Supplement/PO-061/202410/Abstract-PO-061-Data-harmonization-for-COVID-19,Yes,No,N/A - no human OMICs data,N/A - no human OMICs data,N/A - no human OMICs data,No,N/A - no pathogen OMICs data,No,N/A - no imaging data,N/A - no imaging data,N/A - no imaging data,N/A - no imaging data,N/A - no imaging data,Longitudinal,Observational data only,Hospitalized,COVID-19 infected or suspected only,Clin-epi,No,,,,,,,,,,,,,,,No,,,,,,,,,,REDCap,,No,OMP CDM,N/A,N/A,,,,,,,,,,,,,,,,,,,,,,,,,,,,,,
,,Data analysis platform,New - April 2022,No,No,No,REDCap survey not sent,Multiomix,Multiomix,Cloud based data analysis platform,,,,,,,,,,,,,,,,,,,,,,,,,,https://academic.oup.com/bioinformatics/article-abstract/38/3/866/6377772?redirectedFrom=fulltext,,,,,,,,,,,,,,,,,,,,,,,,,,,,,,,,,,No,,,,,,,,,,,,,,,,,,,,,,,,,,,,,,,,,,,,,,,,,,,,,
,,Data analysis platform,New - April 2022,No,No,No,REDCap survey not sent,HumanNet v3,HumanNet v3,,https://www.inetbio.org/humannet/,,,,,,,,,,,,,,,,,,,,,,,,,https://doi.org/10.1093/nar/gkab1048,,,,,,,,,,,,,,,,,,,,,,,,,,,,,,,,,,No,,,,,,,,,,,,,,,,,,,,,,,,,,,,,,,,,,,,,,,,,,,,,
,,Sociodemographic factors and geo location associated with infection.,New - April 2022,No,No,No,REDCap survey not sent,CDS,Health Sentinel (Centinela de la Salud),Registry,,,,,,,,,MEX,,,,"Youth Innovation Laboratory, Centro Nacional de Supercómputo, Instituto Potosino de Investigación Científica y Tecnológica",MEX,,Salvador Ruiz-Correa,salvador.ruiz@ipicyt.edu.mx,,,April 2020,,San Luis Potosi Ministry of Health,No,,,https://doi.org/10.1016/j.ijmedinf.2021.104508,,,,,,,,,,,,,,,,,,,,,,,,,,,,,,,,,,No,,,,,,,,,,,,,,,,,,,,,,,,,,,,,,,,,,,,,,,,,,,,,
,,Catalogue of datasets and registries,New - April 2022,No,No,No,REDCap survey not sent,Outbreak.info Research Library,Outbreak.info Research Library,Catalog of platforms or registries and datasets,https://outbreak.info/,Yes,,,,,,,,,,,,,,,,,,,,,,,,https://doi.org/10.1101/2022.01.20.477133,,,,,,,,,,,,,,,,,,,,,,,,,,,,,,,,,,No,,,,,,,,,,,,,,,,,,,,,,,,,,,,,,,,,,,,,,,,,,,,,
,,Diagnostics related and collects articles,New - April 2022,No,No,No,REDCap survey not sent,RadX,RadX,,https://www.radxrad.org/,,,,,,,,,,,,,,,,,,,,,,,,,,,,,,,,,,,,,,,,,,,,,,,,,,,,,,,,,,,No,,,,,,,,,,,,,,,,,,,,,,,,,,,,,,,,,,,,,,,,,,,,,
,,Data on RNA interactions rather than participant-level data,New - April 2022,No,No,No,REDCap survey not sent,ViRBase v3.0,ViRBase v3.0,,http://www.virbase.org/,,,,,,,,,,,,,,,,,,,,,,,,,https://doi.org/10.1093/nar/gkab1029,,,,,,,,,,,,,,,,,,,,,,,,,,,,,,,,,,No,,,,,,,,,,,,,,,,,,,,,,,,,,,,,,,,,,,,,,,,,,,,,ViRBase v3.0 integrates experimentally validated and computationally predicted virus and host ncRNA-associated interactions from the literature as well as five other databases
,,No website ,New - April 2022,No,No,No,No,Brazilian COVID-19 Registry,Brazilian COVID-19 Registry,Registry,Not provided ,Yes,,,,,,All ages,BRA,,,,Universidade Federal de Minas Gerais,BRA,,Milena S. Marcolino; Carisi A. Polanczyk,milenamarc@ufmg.br; carisi.anne@gmail.com,,,March 2020,,,,,,https://doi.org/10.1016/j.ijid.2021.01.019,Yes,No,N/A - no human OMICs data,N/A - no human OMICs data,N/A - no human OMICs data,No,N/A - no pathogen OMICs data,No,N/A - no imaging data,N/A - no imaging data,N/A - no imaging data,N/A - no imaging data,N/A - no imaging data,Longitudinal,Observational data only,Hospitalized for COVID-19 only,COVID-19 infected or suspected only,Clin-epi,No,,,,,,,,,,,,,,,No,,,,,,,,,,REDCap,,,,,,,,,,,,,,,,,,,,,,,,,,,,,,,,,,,
,,"Assay, not a data sharing resource",New - April 2022,No,No,No,REDCap survey not sent,Metabo-tip,Metabo-tip,,,,,,,,,,,,,,,,,,,,,,,,,,,,,,,,,,,,,,,,,,,,,,,,,,,,,,,,,,,,,No,,,,,,,,,,,,,,,,,,,,,,,,,,,,,,,,,,,,,,,,,,,,,
,,Only 1 hospital,New - April 2022,No,No,No,REDCap survey not sent,EPICOVID,EPICOVID,,,,,,,,,,,,,,,,,,aasanchez@sescam.jccm.es,,,,,,,,,https://www.epilepsybehavior.com/article/S1525-5050(20)30575-8/fulltext,,,,,,,,,,,,,,,,,,,,,,,,,,,,,,,,,,No,,,,,,,,,,,,,,,,,,,,,,,,,,,,,,,,,,,,,,,,,,,,,
PS,,,New - April 2022,No,No,No,No,GMrepo v2,GMrepo v2,Platform,https://gmrepo.humangut.info,No,,,,,,,,,,Government,Huazhong University of Science and Technology,CHN,,Wei-Hua Chen; Xing-Ming Zhao,weihuachen@hust.edu.cn; Xing-Ming Zhao,,,,,,,,,https://doi.org/10.1093/nar/gkab1019,,,,,,,,,,,,,,,,,,,,,,,,,,,,,,,,,,No,,,,,,,,,,,,,,,,,,,,,,,,,,,,,,,,,,,,,,,,,,,,,"database of curated, consistently annotated meta-data and human gut metagenomic data. "
,,,New - April 2022,No,No,No,N/A - doesn't meet inclusion criteria,curatedMetagenomicData,curatedMetagenomicData,Software package,https://bioconductor.org/packages/release/data/experiment/html/curatedMetagenomicData.html,No,,,,,,,,,,,,,,,,,,,,,,,,,,,,,,,,,,,,,,,,,,,,,,,,,,,,,,,,,,No,,,,,,,,,,,,,,,,,,,,,,,,,,,,,,,,,,,,,,,,,,,,,
PS,Updated using both survey and website,Participant-level data are not harmonized per survey response.  Data lake approach.,New - April 2022,No,No,No,Yes,Platform C19 ,Platform C19 ,Data lake or dataverse,https://opcrd.co.uk/platform-c19-new-2/,Yes,"Platform C19 is a novel comprehensive, primary care, patient-centred, research platform for  investigating medical conditions, medications and behaviour that affect the risk or impact of COVID-19 infection in the UK. The platform receives anonymised patient data from primary care practices participating in the free OPC COVID-19 quality improvement programme.
 
Our strategy in supporting the COVID-19 pandemic response is to mobilise patient data, research  resources and partnerships across the UK to: (1) Coordinate research ideas, resources and partnerships to conduct studies which address the wider impact of COVID-19, especially on at-risk groups that will be most affected; (2) Undertake vital research into COVID-19 and offer expert advice to NHS healthcare  partners/providers; (3) Facilitate evidence-based driven research efforts related to COVID-19; (4) Provide rapid and affordable access to UK-wide research datasets for COVID-19 research",General,General,Any,General,> 18 years,GBR (UK),Yes,"Optimum Patient Care Ltd (OPC), Observational and Pragmatic Research Institute (OPRI)",Private,Optimum Patient Care (OPC),GBR (UK),"info@opcrd.co.uk
info@optimumpatientcare.org",Prof. David Price,d.price@abdn.ac.uk,Not specified,N/A,June 2020,,The Respiratory Effectiveness Group (REG),Optimum Patient Care Research Database (OPCRD),,,"https://www.dovepress.com/articles.php?article_id=67767
https://journals.plos.org/plosone/article?id=10.1371/journal.pone.0258689",Yes,No,N/A - no human OMICs data,N/A - no human OMICs data,N/A - no human OMICs data,No,N/A - no pathogen OMICs data,No,N/A - no imaging data,N/A - no imaging data,N/A - no imaging data,N/A - no imaging data,N/A - no imaging data,Longitudinal,Observational data only,Both,Both,Clin-epi,No,Not specified,Not specified,Not specified,Not specified,Not specified,N/A - no OMICs data,Not specified,Not specified,No,,,,,,No,Haven't yet asked Delphine,N/A - no DOI assigned ,No,,N/A,No harmonization is work is done,Electronic health records are from the Optimum Patient Care Research Database (OPCRD),Health care professionals and patients,Individual registration required for data entry,Not specified,N/A,N/A - no central CRF,No clin-epi standards,N/A - no OMICs data,N/A - no imaging data ,No,Yes,"For those wishing to perform their own analyses, anonymous patient-level datasets can be provided for ADEPT approved projects. 
All submissions for data should be made via the Data Request Form.
You will need to include the following in all data submissions:
- Company/Organisation
- Study Name
- Researcher/Point of Contact
- Data Source
- Data Delivery Date
- Funding Source
- ADEPT Approval number (if available)
- ENCEPP registration (if available)
- REC Reference (if applicable)
Uploading supporting documents: Study Protocol, Data Specification (Cohort Criteria & Read Codes) and Regulatory Approvals (ADEPT. REC etc)
Studies requiring use of OPCRD will also require registration on recognised study databases such as the European Network of Centres for Pharmacoepidemiology and Pharmacovigilance (ENCePP).
Before sharing the data, the customer will be asked to enter into a Data Sharing & Use Agreement and the payment of License Fees.
The OPC data team will then process your request and, once it is done, provide you with detailed guidance on the process of accessing the licensed data. Datasets can be provided within 3 weeks of request.
All the licensed data will be accessible through a secure VPN access to the dedicated SQL database server.",Directions available on the website,"https://opcrd.co.uk/our-database/data-requests/
http://opcrd.co.uk/opcrd-data-request/",Yes,No,Yes,Any group whose application is approved,Participant-level data are being shared,N/A,DAC,Information not available on website (provided through additional contact),N/A,"- Clinical or public health-related importance
- Funding for study team to complete proposed analysis",Information not available on website (provided through additional contact),N/A,"We receive data from primary care practices who act as data controllers on behalf of their patients. Practices sign agreements with OPC. Patient who have opted out of data sharing for research are excluded. There is no individual patient level consenting expect for direct patient questionnaires.",N/A,Anonymization,IRB or ERC approval obtained,https://www.hra.nhs.uk/planning-and-improving-research/application-summaries/research-summaries/optimum-patient-care-research-database/,No,Not specified,Not specified,Registry or platform,Consultation with public and patient involvement and engagement groups; feedback from patients; feedback from participating practices.,Data insights - summary data from the platform,https://opcrd.co.uk/platform-c19-new-2/,
,,Database of genetic association studies,New - April 2022,No,No,No,REDCap survey not sent,dbGSRV,dbGSRV,Catalog of databases or datasets,http://www.ehbio.com/dbGSRV/front/,,,,,,,,,,,,,,,Zhihu Zhao,zhaozh@bmi.ac.cn,,,,,,,,,https://doi.org/10.1371/journal.pone.0262373,,,,,,,,,,,,,,,,,,,,,,,,,,,,,,,,,,No,,,,,,,,,,,,,,,,,,,,,,,,,,,,,,,,,,,,,,,,,,,,,
PS,,,New - April 2022,No,No,No,No,SCANNER,Single-Cell Transcriptomics Annotated Viewer,Platform,https://www.thecailab.com/scanner/.,,,,,,,,Worldwide,,,,University of South Carolina,USA,,Guoshuai Cai;Feifei Xiao,GCAI@mailbox.sc.edu; xiaof@mailbox.sc.edu,,,,,,,,,https://doi.org/10.1093/database/baab086,,,,,,,,,,,,,,,,,,,,,,,,,,,,,,,,,,No,,,,,,,,,,,,,,,,,,,,,,,,,,,,,,,,,,,,,,,,,,,,,
,,Facilitates access to the data but does not host data. ,New - April 2022,No,No,No,N/A - doesn't meet inclusion criteria,GraphOmics,GraphOmics,,https://graphomics.glasgowcompbio.org/,,,,,,,,,,,,,,,,,,,,,,,,,,,,,,,,,,,,,,,,,,,,,,,,,,,,,,,,,,,No,,,,,,,,,,,,,,,,,,,,,,,,,,,,,,,,,,,,,,,,,,,,,GraphOmics provides an interactive platform that integrates data to Reactome pathways emphasising interactivity and biological contexts. This avoids the presentation of the integrated omics data as a large network graph or as numerous static tables.
,,No website ,New - April 2022,No,No,No,No,ALBACOVID Registry,ALBACOVID Registry,Registry,Not provided,Yes,,,,,,,ESP,No,,,,ESP,,Carlos Manuel Romero-Sanchez,carlosmanuelromerosanchez@gmail.com,,,,,,,,,https://n.neurology.org/content/95/8/e1060.long,Yes,No,N/A - no human OMICs data,N/A - no human OMICs data,N/A - no human OMICs data,No,N/A - no pathogen OMICs data,No,N/A - no imaging data,N/A - no imaging data,N/A - no imaging data,N/A - no imaging data,N/A - no imaging data,Longitudinal,Observational data only,Hospitalized,COVID-19 infected or suspected only,Clin-epi,No,,,,,,,,,,,,,,,No,,,,,,Retrospective,,,,,,,,,,,,,,,,,,,,,,,,,,,,,,,,,,,,,,,
,,No website ,New - April 2022,No,No,No,No,MUNCO Network Registry (Registry of COVID-19–Associated  Mucormycosis Cases),Mycotic Infections in COVID-19 Network Registry,Registry,Not provided,Yes,,Mucormycosis,Fungal infection,,,,IND,,,,Albert Einstein College of Medicine,USA,,Shitij Arora; Yoram Puius,sharora@montefiore.org; ypuius@montefiore.org,,,April 2021,,,,,,https://doi.org/10.3201/eid2711.211322,Yes,No,N/A - no human OMICs data,N/A - no human OMICs data,N/A - no human OMICs data,No,N/A - no pathogen OMICs data,No,N/A - no imaging data,N/A - no imaging data,N/A - no imaging data,N/A - no imaging data,N/A - no imaging data,Longitudinal,Observational data only,Hospitalized,COVID-19 infected or suspected only,Clin-epi,No,,,,,,,,,,,,,,,No,,,,,,,Repository CRF data entry screen (e.g. REDCap),Health care professionals,,REDcap,https://www.covidmucor.com,,,,,,,,,,,,,,,,,,,,,,,,,,,,,,,,,,
PS,,,New - April 2022,No,No,No,No,INSACOG,INDn SARS-CoV-2 Genomics Sequencing Consortium,Platform,https://clingen.igib.res.in/covid19genomes/,Yes,,,,Any,,All ages,IND,,INDn Ministry of Health and Family Welfare,Government,CSIR Institute of Genomics & Integrative Biology (CSIR-IGIB),IND,,Saumitra Das; . Sujeet Kr. Singh (more contacts if needed:  https://dbtIND.gov.in/sites/default/files/INSACOG-%20Institutions%20and%20Contact%20person%20list.pdf),director@nibmg.ac.in; dirnicd@nic.in,,,,,,,,,,No,No,N/A - no human OMICs data,N/A - no human OMICs data,N/A - no human OMICs data,Yes,Yes,No,N/A - no imaging data,N/A - no imaging data,N/A - no imaging data,N/A - no imaging data,N/A - no imaging data,Cross-sectional,Observational data only,Both,COVID-19 infected or suspected only,Pathogen OMICs (unlinked),No,,,,,,,,,,,,,,,No,,,,,,,,,,,,,,,,,,,,,,,,,,,,,,,,,,,,,,,,,,,Dashboard,https://clingen.igib.res.in/covid19genomes/,
PS,,,New - April 2022,No,No,No,No,Swedish Pregnancy Register,Swedish Pregnancy Register,Registry,https://www.medscinet.com/gr/default.aspx,No,,Pregnancy,Pregnancy,Any,Pregnant women,WRA (women of reproductive age),SWE,Yes,,Government,,SWE,info@graviditetsregistret.se,,,Michaela Granfors,info@graviditetsregistret.se,,,No,,,,,Yes,No,N/A - no human OMICs data,N/A - no human OMICs data,N/A - no human OMICs data,No,N/A - no pathogen OMICs data,No,N/A - no imaging data,N/A - no imaging data,N/A - no imaging data,N/A - no imaging data,N/A - no imaging data,Longitudinal,Observational data only,Both,Both,Clin-epi,No,,,,,,,,,,,,,,,No,,,,,,,,,,,,,,,,,,,,,,,,,,,,,,,,,,,,,,,,,,,Dashboard,https://www.medscinet.com/gr/resultat.aspx,Nordic countries have a variety of population-based registries that have tracked population health since the 70s.  In Denmark alone there are 200 registries. https://www.ncbi.nlm.nih.gov/pmc/articles/PMC8302231/pdf/clep-13-533.pdf
,,No website ,New - April 2022,No,No,No,REDCap survey not sent,Population based registry analysis,Population based registry analysis,Registry,Not provided,,,,,,,All ages,ESP,,,Government,,ESP,,Eduardo Gutiérrez-Abejón,egutierreza@saludcastillayleon.es,,,,,,,,,https://doi.org/10.3390/jcdd8120167,,,,,,,,,,,,,,,,,,,,,,,,,,,,,,,,,,No,,,,,,,,,,,,,,,,,,,,,,,,,,,,,,,,,,,,,,,,,,,,,
,,No website ,New - April 2022,No,No,No,No,CARDOVID Registry,CARDOVID Registry,Registry,Not provided,,,,,,,,,,GE Healthcare,Industry,,,,Francesca Raimondi,francesca.raimondi@gmail.com,,,March 2020,,,,,,https://doi.org/10.1186/s12968-021-00841-1,Yes,No,N/A - no human OMICs data,N/A - no human OMICs data,N/A - no human OMICs data,No,N/A - no pathogen OMICs data,Yes,CMR,Yes,Yes,Yes,Unsure,Longitudinal,Observational data only,Hospitalized for COVID-19 only,COVID-19 infected or suspected only,Clin-epi,Yes,,,,,,,,,,,,,,,No,,,,,,,,,,,,,,,,,,,,,,,,,,,,,,,,,,,,,,,,,,,,,
,,Hospital and country-level data,New - April 2022,No,No,No,N/A - doesn't meet inclusion criteria,COVID-19 Data Repository,COVID-19 Data Repository,,https://covidseverity.com,,,,,,,,,,,,,,,,,,,,,,,,,https://hdsr.mitpress.mit.edu/pub/p6isyf0g/release/4,,,,,,,,,,,,,,,,,,,,,,,,,,,,,,,,,,No,,,,,,,,,,,,,,,,,,,,,,,,,,,,,,,,,,,,,,,,,,,,,
,,Hospital and country-level data,New - April 2022,No,No,No,N/A - doesn't meet inclusion criteria,JHU CSSE COVID-19 Data Repository,Johns Hopkins University Center for Systems Science and Engineering COVID-19 Data Repository,,https://marketplace.redhat.com/en-us/products/covid-19-data-repository-by-csse-at-jhu,,,,,,,,,,,,,,,,,,,,,,,,,,,,,,,,,,,,,,,,,,,,,,,,,,,,,,,,,,,No,,,,,,,,,,,,,,,,,,,,,,,,,,,,,,,,,,,,,,,,,,,,,
,,Catalogue of databases or datasets,New - April 2022,No,No,No,N/A - doesn't meet inclusion criteria,COVID-19 Reasearch Resources Repository,COVID-19 Reasearch Resources Repository,Catalog of platforms or registries,https://ndl.iitkgp.ac.in/corona-research/datasets,,,,,,,,,,,,,,,,,,,,,,,,,,,,,,,,,,,,,,,,,,,,,,,,,,,,,,,,,,,No,,,,,,,,,,,,,,,,,,,,,,,,,,,,,,,,,,,,,,,,,,,,,
PS,Updated using website,,New - April 2022,No,No,Yes,REDCap survey not sent,COVID-19 Imaging Database,COVID-19 Imaging Database,Platform,https://bsticovid19.cimar.co.uk/worklist/?embedded=; https://bit.ly/BSTICovid19_Teaching_Library,Yes,"The British Society of Thoracic Imaging (BSTI), in conjunction with Cimar UK’s Imaging Cloud Technology (cimar.co.uk), have designed, built and deployed a simple, free to use, anonymised and encrypted online portal to upload and refer imaging of patients with either confirmed or suspected COVID-19. ",General,General,Any,Patients with imaging exams,All ages,UK,No,,,British Society of Thoracic Imaging,UK,,,,,,,Yes,British Society of Thoracic Imaging (BSTI),Not specified,N/A,N/A,,No,No,N/A - no human OMICs data,N/A - no human OMICs data,N/A - no human OMICs data,No,N/A - no pathogen OMICs data,Yes,CT scans,Yes,Yes,Unsure,Unsure,Cross-sectional,Observational data only,Hospitalized for COVID-19 only,COVID-19 infected or suspected only,Clin-epi - imaging (linked),Yes,,,,,,,,,,,,,,,No,Yes - NOT on FAIRsharing,No DOI assigned,N/A - doesn't have a DOI,None of the criteria are met,N/A,Prespecified standard (e.g. DICOM),Prespecified standard (e.g. DICOM),Health care professionals,Individual registration required for data entry,CIMAR,N/A,No,No clin-epi standard used,N/A - no OMICs data collected,DICOM,No,Yes,Publicly accessible teaching library of images (only viewable) and later access will be granted to halthcare professionald to the full database,Directions available on the website to a limited extent,"https://www.bsti.org.uk/media/resources/files/mmc2-2.pdf

https://bsticovid19.cimar.co.uk/worklist/?embedded=",No,No,No,Any group whose application is approved (for healthcare professionals),Participant-level data will be shared at a later time,N/A,Platform or registry management team,Information available on the website to a limited extent,https://www.bsti.org.uk/training-and-education/covid-19-bsti-imaging-database/,Not specified,Information not available on website,N/A,No,N/A,Anonymization,No central IRB or ERC review obtained - up to individual centres,N/A,No,Not specified,Not specified,Not specified,Not speciffied,Other,Teaching library of open access images: https://bsticovid19.cimar.co.uk/worklist/?embedded=,
PS,Updated using website,,New - April 2022,No,No,Yes,No,COVID-19 image data collection,COVID-19 image data collection,Platform,https://github.com/ieee8023/covid-chestxray-dataset,Yes,Build a public open dataset of chest X-ray and CT images of patients which are positive or suspected of COVID-19 or other viral and bacterial pneumonias,Patients with imaging exams,General,Any,General,> 18 years,Worldwide,Yes,CIFAR Catalyst Grant,Professional organization,University of Montreal,CAN,Not specified,"Lan Dao, Joseph Paul Cohen",joseph@josephpcohen.com,Not specified ,N/A ,April 24th 2020,No,Not specified,Not specified,,,"https://www.medrxiv.org/content/10.1101/2020.05.26.20113761v1
        
        
https://arxiv.org/pdf/2005.11856.pdf
https://arxiv.org/abs/2003.11597
https://arxiv.org/abs/2006.11988

",Yes,No,N/A - no human OMICs data,N/A - no human OMICs data,N/A - no human OMICs data,No,N/A - no pathogen OMICs data,Yes,"X-ray, CT scan, or ultrasound",Yes,Yes,Not specified,Not specified,Cross-sectional,Observational data only,Both,COVID-19 infected or suspected only,Clin-epi - imaging (linked),Yes,Not specified,Not specified,Not specified,468 (27.09.22),468 (27.09.22),N/A - no pathogen OMICs data,Not specified,https://github.com/ieee8023/covid-chestxray-dataset,Yes,Yes,Yes,Yes,Build a public open dataset of chest X-ray and CT images of patients which are positive or suspected of COVID-19 or other viral and bacterial pneumonias. ,https://docs.google.com/document/d/14b7cou98YhYcJ2jwOKznChtn5y6-mi9bgjeFv2DxOt0/edit#,No,Yes - NOT on FAIRsharing,https://github.com/ieee8023/covid-chestxray-dataset.git,No - FAIRsharing.org did not assign DOI but it has a DOI,Meets 3 of 4 criteria,N/A,Prospective and retrospective,Repository CRF data entry screen (e.g. REDCap) and prescpecified standards for images,Researchers and health care professionals,Individual registration required for data entry,Google form (Data + images are submitted via Google form and publications and webpages are scraped for images),https://docs.google.com/document/d/14b7cou98YhYcJ2jwOKznChtn5y6-mi9bgjeFv2DxOt0/edit#,No,No clin-epi standard used,N/A - no OMICs data collected,"For chest X-rays; DICOM, JPG, or PNG are preferred. For CTs; NIFTI (in gzip format) is preferred but also DICOM.",Yes,Yes,Images are openly available on the registry's GitHub page ,Directions available on the website,https://github.com/ieee8023/covid-chestxray-dataset,No,"Yes (For all submitted data, we will request that it be under one of the following licenses: 
- Creative Commons Attribution-ShareAlike 4.0 license 
(https://creativecommons.org/licenses/by-sa/4.0/) 
- Creative Commons Attribution-NonCommercial-ShareAlike (https://creativecommons.org/licenses/by-nc-sa/4.0/)

",Yes,Open access,Participant-level data are being shared,N/A,Open access,Information available on the website,https://github.com/ieee8023/covid-chestxray-dataset,Open access,Information available on the website,https://github.com/ieee8023/covid-chestxray-dataset,Yes,N/A,De-identification,IRB or ERC approval obtained,https://docs.google.com/document/d/14b7cou98YhYcJ2jwOKznChtn5y6-mi9bgjeFv2DxOt0/edit#,No,Not specified," All sources of data will be cited, including  submitters of data who agreed to be co-authors or included in the acknowledgements. ",Registry or platform and individual studies that upload data,Not specified,Open access repository on GitHub,https://github.com/ieee8023/covid-chestxray-dataset,
,,News related dataset,New - April 2022,No,No,No,N/A - doesn't meet inclusion criteria,MMCoVaR,Multimodal COVID-19 Vaccine Focused Data Repository for Fake News Detection and a Baseline Architecture for Classification,,,,,,,,,,,,,,,,,,,,,,,,,,,https://arxiv.org/abs/2109.06416,,,,,,,,,,,,,,,,,,,,,,,,,,,,,,,,,,No,,,,,,,,,,,,,,,,,,,,,,,,,,,,,,,,,,,,,,,,,,,,,
,,No website ,New - April 2022,No,No,No,No,French NeuroCOVID Registry,French NeuroCOVID Registry,Registry,Not provided,Yes,,Neurologic manifestations of COVID-19,,,,≥18 years,FRA,,,,"Centre Hospitalier de Saint-Denis, Hopital Delafontaine",FRA,,Elodie Meppiel,elodie.meppiel@ch-stdenis.fr,,,March 2020,,"National College of General Hospital Neurologists (CNNHG), the French Society for Infectious
Diseases (SPILF), the Association of French-Speaking Liberal Neurologists (ANLLF), the Multiple Sclerosis French Society (SF-SEP),
REACTing, a French multidisciplinary collaborative network working on emerging infectious diseases, and the CoCo Neurosciences
Study Group.",,,,"https://doi.org/10.1016/j.cmi.2020.11.005
",Yes,No,N/A - no human OMICs data,N/A - no human OMICs data,N/A - no human OMICs data,No,N/A - no pathogen OMICs data,No,N/A - no imaging data,N/A - no imaging data,N/A - no imaging data,N/A - no imaging data,N/A - no imaging data,Longitudinal,Observational data only,Hospitalized for COVID-19 only,COVID-19 infected or suspected only,Clin-epi,No,,https://www.clinicalmicrobiologyandinfection.com/cms/10.1016/j.cmi.2020.11.005/attachment/755d3954-798e-4845-8089-db5068b79e95/mmc2.docx,,,,,,,,,,,,,No,,,,,,,,,,,,,,,,,,,,,,,,,,,,,,,,,,,,,,,,,,,,,
LM,LM updated Oct 2020,Has COVID-19 data but looks to be data related to individual cells rather than including individual clinical or demographic data.,New - April 2022,No,No,No,No,DISCO,Deeply Integrated human Single-Cell Omics data,Platform,https://www.immunesinglecell.org/,No,,,,,,,Worldwide,,,,"Department of Microbiology and Immunology, National University of Singapore (NUS)",SGP,,Jinmiao Chen,Chen_Jinmiao@immunol.a-star.edu.sg,,,,,,,,,https://doi.org/10.1093/nar/gkab1020,,,,,,,,,,,,,,,,,,,,,,,,,,,,,,,,,,No,,,,,N/A,,,,,,,,,,,,,,,,,,,,,,,,,,,,,,,,,,,,,,,,
PS,,,New - April 2022,No,No,No,Yes,HVIDB,Human Virus Interaction Database,Platform,http://zzdlab.com/hvidb/,No,,,,,,,Worldwide,,,,China Agricultural University,CHN (China),,Ziding Zhang; Shiping Yang,zidingzhang@cau.edu.cn; shi_ping_yang@163.com,,xiao_di_yang@163.com,March 2021,,AIRR Community (www.airr-community.org),Survey says there is a connection to other platforms but connection is not there,,,https://doi.org/10.1093/bib/bbaa425,,,,,,,,,,,,,,,,,,,,,,,,,,,,,,,,,,No,,,,,,,,,,,,,,,,,Yes,,,,,,,,,,,,,,,,,,,,,,,,,,,,comprehensively annotated human–virus PPI data
PS,Updated using website,,New - April 2022,No,No,Yes,No,DDW,Dutch Data Warehouse COVID-19 (also called: Dutch ICU Data Sharing Against COVID-19),Platform,https://amsterdammedicaldatascience.nl/#ddw,No,All hospitals in the Netherlands were asked to participate and share pseudonymized EHR data from adult critically ill COVID-19 patients. ,General ,General ,Any,General,All ages,NLD,Yes,"Partially funded by grants from ZonMw (Project 10430012010003, file 50-55700-98-908), Zorgverzekeraars Nederland and the Corona Research Fund.",Government and Professional organization,Amsterdam UMC ,NLD,info@amsterdammedicaldatascience.nl,Lucas M. Fleuren,l.feuren@amsterdamumc.nl,,,March 2020,No,N/A,No,N/A,N/A,https://doi.org/10.1186/s13054-021-03733-z,Yes,No,N/A - no human OMICs data,N/A - no human OMICs data,N/A - no human OMICs data,No,N/A - no pathogen OMICs data,No,N/A - no imaging data,N/A - no imaging data,N/A - no imaging data,N/A - no imaging data,N/A - no imaging data,Longitudinal,Observational data only,Hospitalized for COVID-19 only,COVID-19 infected or suspected only,Clin-epi,No,,,,,,,,,,,,,,,No,Yes - NOT on FAIRsharing,No DOI assigned,N/A - doesn't have a DOI,Meets 1 criterion only,N/A,Prospective (e.g. same CRF),Automatic extraction from EHR systems ,Affiliated institution,Hospital - Centre - Institution registration required for data entry,N/A,Not provided,No,Their own data standard,N/A - no OMICs data collected,N/A - no participant level imaging data collected,Yes,No - resource is closed to new data,Have to email ddw@amsterdammedicaldatascience.nl to discuss collaboration and access.,Directions available on the website to a limited extent,https://amsterdammedicaldatascience.nl/dutch-datawarehouse-covid-19/,Not specified,Not specified,No,Any group whose application is approved,Participant-level data are being shared,N/A,Not specified,Not specified,N/A,"Within the boundaries of privacy laws, regulation and ethical considerations.",Information available on the website to a limited extent,https://amsterdammedicaldatascience.nl/dutch-datawarehouse-covid-19/,Not required – patient consent waived during COVId-19 crisis,N/A,Pseudonymization,Not required – patient consent waived during COVId-19 crisis,https://ccforum.biomedcentral.com/articles/10.1186/s13054-021-03733-z,Not required – patient consent waived during COVId-19 crisis,Not specified,Not specified,Not specified,Not specified,Not specified,N/A,
,,Social contact survey,New - April 2022,No,No,No,N/A - doesn't meet inclusion criteria,SOCRATES-CoMix,SOcial Contact RATES,,www.socialcontactdata.org/data,,,,,,,,,,,,,,,Lisa Hermans,lisa.hermans@uhasselt.be,,,,,,,,,https://doi.org/10.1186/s12916-021-02133-y,,,,,,,,,,,,,,,,,,,,,,,,,,,,,,,,,,No,,,,,,,,,,,,,,,,,,,,,,,,,,,,,,,,,,,,,,,,,,,,,
,,Not directly COVID-19 related,New - April 2022,No,No,No,N/A - doesn't meet inclusion criteria,Fight Retinal Blindness Registry,Fight Retinal Blindness Registry,,,,,,,,,,,,,,,,,,,,,,,,,,,doi: 10.1097/IAE.0000000000003368,,,,,,,,,,,,,,,,,,,,,,,,,,,,,,,,,,No,,,,,,,,,,,,,,,,,,,,,,,,,,,,,,,,,,,,,,,,,,,,,
,,"COVID-19 proteins, but no participant-level data",New - April 2022,No,No,No,N/A - doesn't meet inclusion criteria,CoV3D,CoV3D,,https://cov3d.ibbr.umd.edu,,,,,,,,,,,,,,,,,,,,,,,,,https://doi.org/10.1093/nar/gkaa731,,,,,,,,,,,,,,,,,,,,,,,,,,,,,,,,,,No,,,,,,,,,,,,,,,,,,,,,,,,,,,,,,,,,,,,,,,,,,,,,
LM,Updated using website,Enrollement ended mid-2018,New - April 2022,No,No,No,N/A - doesn't meet inclusion criteria,ESC EORP CICD-LT registry,European Society of Cardiology EURObservational Research Programme Chronic Ischaemic Cardiovascular Disease Long Term Registry,Multicenter cohort study where sites fixed at beginning and new sites cannot apply for inclusion,https://www.escardio.org/Research/Registries-&-surveys/Observational-research-programme/CICD-Long-Term-Registry,No,,chronic coronary syndrome,Cardiac disease,,,≥18 years,Europe,,,,,,,Michel Komajda,mkomajda@hpsj.fr,,,,,"Yes,  National Cardiac Societies manage registry contributions in each country",,,,https://doi.org/10.1177/2047487320912491,Yes,No,N/A - no human OMICs data,N/A - no human OMICs data,N/A - no human OMICs data,No,N/A - no pathogen OMICs data,No,N/A - no imaging data,N/A - no imaging data,N/A - no imaging data,N/A - no imaging data,N/A - no imaging data,Longitudinal,Observational data only,Both,Both,Clin-epi,No,,,,,,,,,,,,,,,No,,,,,,,,,,,,,,,,,,,,,,,,,,,,,,,,,,,,,,,,,,,,,
,,Metadata registry,New - April 2022,No,No,No,N/A - doesn't meet inclusion criteria,Pragmatic MDR,Pragmatic MDR,,,,,,,,,,,,,,,,,,,,,,,,,,,https://doi.org/10.1186/s12911-021-01524-8,,,,,,,,,,,,,,,,,,,,,,,,,,,,,,,,,,No,,,,,,,,,,,,,,,,,,,,,,,,,,,,,,,,,,,,,,,,,,,,,
,,Processes data from Protein Data Base rather than allowing for submission of data.,New - April 2022,No,No,No,N/A - doesn't meet inclusion criteria,CoV3D,CoV3D,Resource that doesn't generate-host-or share data,https://cov3d.ibbr.umd.edu,Yes,,,,,,,,,,,,,,,,,,,,,,,,https://doi.org/10.1093/nar/gkaa731,,,,,,,,,,,,,,,,,,,,,,,,,,,,,,,,,,No,,,,,,,,,,,,,,,,,,,,,,,,,,,,,,,,,,,,,,,,,,,,,
,,"Simulations, not participant-level data",New - April 2022,No,No,No,N/A - doesn't meet inclusion criteria,SuPepMem,SuPepMem,,https://supepmem.com/,,,,,,,,,,,,,,,,,,,,,,,,,10.1016/j.csbj.2022.01.025,,,,,,,,,,,,,,,,,,,,,,,,,,,,,,,,,,No,,,,,,,,,,,,,,,,,,,,,,,,,,,,,,,,,,,,,,,,,,,,,
,,Study metadata rather than participant level data,New - April 2022,No,No,No,N/A - doesn't meet inclusion criteria,COHG-SA,Coronavirus Host Genetics South Africa Database,,,,,,,,,,,,,,,,michael.pepper@up.ac.za,Michael Pepper,,,,,,,,,,https://doi.org/10.1038/s41431-022-01089-8,,,,,,,,,,,,,,,,,,,,,,,,,,,,,,,,,,No,,,,,,,,,,,,,,,,,,,,,,,,,,,,,,,,,,,,,,,,,,,,,
LM,Updated using website,,New - April 2022,No,No,Yes,No,COVID-19 HGE,COVID Human Genetic Effort,Platform,https://www.covidhge.com/getinvolved,Yes,"In collaboration with many colleagues around the world, our first project is focused on critical COVID-19 pneumonia and tackles three specific aims:

1) Recruit patients with critical COVID-19 pneumonia (and their family members, and seropositive individuals who had remained asymptomatic, when available, as controls).

2) Search for candidate disease-causing monogenic variants by whole-exome sequencing/whole-genome sequencing of patients and controls (including asymptomatic infected subjects).

3) Perform functional studies to characterize the products of the candidate variants biochemically, and to analyze the corresponding patients’ cells immunologically.
",General ,General,Any,General,All ages,Worldwide,Yes,"NIH-NIAID, EU Horizon 2020, INSERM, Hellenic Foundation for Research and Innovation, and many more",Government and University and Foundation,Multiple,USA,,Jean-Laurent Casanova; Helen Su,jean-laurent.casanova@rockefeller.edu;  hsu@niaid.nih.gov,,,,No,,No,,,https://doi.org/10.1038/s41590-021-01030-z,Yes,Yes,Whole genome sequencing,Yes,Yes,Yes,Yes,No,N/A - no imaging data,N/A - no imaging data,N/A - no imaging data,N/A - no imaging data,N/A - no imaging data,Both,Observational data only,Hospitalized for COVID-19 only,Both,Clin-epi - Human OMICs – Pathogen OMICs (linked),Yes,https://www.covidhge.com/participating-centers,,,,,,,,,No,,,"The COVID Human Genetic Effort is an international consortium aiming to discover the human genetic and immunological bases of the various clinical forms of SARS-CoV-2 infection. In particular, we search for:

(i) Monogenic (or digenic) inborn errors of immunity (IEI), rare or common, underlying severe forms of COVID-19 in previously healthy individuals, including hypoxemic pneumonia, multisystem inflammatory syndrome in children (MIS-C), Long COVID, COVID Toes, etc.

(ii) Phenocopies of these monogenic IEI, such as auto-antibodies neutralizing gene products of loci whose variants underlie these IEI (e.g. auto-antibodies to type I IFNs mimicking inborn errors of type I IFNs).

(iii) Single-gene variants, rare or common, which make certain individuals resistant to the infection by the SARS-CoV2 itself, despite repeated exposure, or resistant to the development of clinical manifestations despite infection.

With these three projects, the COVID Human Genetic Effort aims to discover truly causative genetic and/or immunological anomalies, rare or common, and decipher in depth the molecular, cellular, and immunological mechanisms by which they underlie resistance to viral infection or disease, or predisposition to one or another form of severe disease (Casanova JL & Su HC Cell 2020; Sancho-Shimizu V Journal of Experimental Medicine 2021; Arkin LM The Journal of Investigative Dermatology 2021; Andreakos E Nature Immunology 2022; Brodin P Nature Medicine 2022).

We have already discovered the genetic and immunological basis of at least 15% of cases of critical COVID-19 pneumonia, due to inborn errors of type I IFNs or auto-antibodies to type I IFNs (Zhang Q et al. Science 2020; Bastard P et al. Science 2020; Bastard P. et al. Science Immunology 2021; Asano T et al. Science Immunology 2021). These discoveries have already led to the development of therapeutic applications and suggest a general mechanism of disease (Casanova JL & Abel L, Science 2021; Zhang Q et al. Nature 2022).",https://www.covidhge.com/,No,Yes - NOT on FAIRsharing,No DOI assigned,N/A - doesn't have a DOI,None of the criteria are met,N/A,Not specified,Not specified,Affiliated institution,Hospital - Centre - Institution registration required for data entry,Not specified,Not provided,Not specified,No clin-epi standard used,No OMICs standard used,N/A - no participant level imaging data collected,No,Yes,Not specified,Directions not available on the website,N/A,Not specified,Not specified,No,Not specified,Not specified,N/A,Not specified,Information not available on website,N/A,Not provided,Information not available on website,N/A,Not specified,N/A,Not specified,Not specified,Not provided,Not specified,Not specified,Not specified,Not specified,N/A,Not specified,N/A,
,,Research study that does not have an online component,New - April 2022,No,No,No,N/A - doesn't meet inclusion criteria,GenOMICC,Genetics of Mortality in Critical Care,,https://genomicc.org/,,,,,,,,,,,,,,genomicc@roslin.ed.ac.uk,J Kenneth Baillie,j.k.baillie@ed.ac.uk,,,,,,,,,https://www.medrxiv.org/content/10.1101/2020.09.24.20200048v2,,,,,,,,,,,,,,,,,,,,,,,,,,,,,,,,,,No,,,,,,,,,,,,,,,,,,,,,,,,,,,,,,,,,,,,,,,,,,,,,
,,One health system only,New - April 2022,No,No,No,N/A - doesn't meet inclusion criteria,MGB Biobank Portal data repository,Mass General Brigham Biobank Portal data repository,,,,,,,,,,,,,,,,,,,,,,,,,,,https://doi.org/10.1093/jamia/ocab264,,,,,,,,,,,,,,,,,,,,,,,,,,,,,,,,,,No,,,,,,,,,,,,,,,,,,,,,,,,,,,,,,,,,,,,,,,,,,,,,
,,Simulations rather than participant-level data,New - April 2022,No,No,No,N/A - doesn't meet inclusion criteria,SCoV2-MD,Severe Acute Respiratory Syndrome Coronavirus 2 Molecular Dynamics Registry,,www.scov2-md.org,,,,,,,,,,,,,,,,,,,,,,,,,https://doi.org/10.1093/nar/gkab977,,,,,,,,,,,,,,,,,,,,,,,,,,,,,,,,,,No,,,,,,,,,,,,,,,,,,,,,,,,,,,,,,,,,,,,,,,,,,,,,
,,EMS hospital transport data,New - April 2022,No,No,No,N/A - doesn't meet inclusion criteria,ORION Registry,Osaka Emergency Information Research Intelligent Operation Network system registry,,,,,,,,,,,,,,,,,,,,,,,,,,,https://doi.org/10.1002/ijgo.14128,,,,,,,,,,,,,,,,,,,,,,,,,,,,,,,,,,No,,,,,,,,,,,,,,,,,,,,,,,,,,,,,,,,,,,,,,,,,,,,,
,,Predictions not IPD,New - April 2022,No,No,No,N/A - doesn't meet inclusion criteria,COVIEdb,COVIEdb,,,,,,,,,,,,,,,,,,,,,,,,,,,https://doi.org/10.3389/fphar.2020.572249,,,,,,,,,,,,,,,,,,,,,,,,,,,,,,,,,,No,,,,,,,,,,,,,,,,,,,,,,,,,,,,,,,,,,,,,,,,,,,,,
,,Concept not data sharing resource,New - April 2022,No,No,No,N/A - doesn't meet inclusion criteria,Infectome,Infectome,,,,,,,,,,,,,,,,,,,,,,,,,,,10.1016/j.autrev.2012.12.005,,,,,,,,,,,,,,,,,,,,,,,,,,,,,,,,,,No,,,,,,,,,,,,,,,,,,,,,,,,,,,,,,,,,,,,,,,,,,,,,
,,Not IPD,New - April 2022,No,No,No,N/A - doesn't meet inclusion criteria,COVerAGE-DB,COVerAGE-DB,,,,,,,,,,,,,,,,,,,,,,,,,,,https://doi.org/10.1093/ije/dyab027,,,,,,,,,,,,,,,,,,,,,,,,,,,,,,,,,,No,,,,,,,,,,,,,,,,,,,,,,,,,,,,,,,,,,,,,,,,,,,,,
,,No website ,New - April 2022,No,No,No,REDCap survey not sent,The German RHADAR Registry,The German RheumaDatenRhePort Registry,Registry,Not provided,Yes,,,,,,,,,,,,,,,,,,,,,,,,10.2196/28164,Yes,No,N/A - no human OMICs data,N/A - no human OMICs data,N/A - no human OMICs data,No,N/A - no pathogen OMICs data,No,N/A - no imaging data,N/A - no imaging data,N/A - no imaging data,N/A - no imaging data,N/A - no imaging data,Longitudinal,Observational data only,Hospitalized for COVID-19 only,COVID-19 infected or suspected only,Clin-epi,No,,,,,,,,,,,,,,,No,,,,,,,,,,,,,,,,,,,,,,,,,,,,,,,,,,,,,,,,,,,,,
,,This is a study by Abt and associates where people are called to complete post vaccine mHealth application,New - April 2022,No,No,No,N/A - doesn't meet inclusion criteria,CDC - V-Safe Surveillance System and Pregnancy Registry ,CDC - COVID-19 mRNA-Vaccine V-Safe Surveillance System and Pregnancy Registry ,Registry,https://www.cdc.gov/vaccinesafety/ensuringsafety/monitoring/v-safe/covid-preg-reg.html,Yes,,,,,,,,,,,,,,,,,,,,,,,,10.3390/v13081545; 10.1056/NEJMoa2104983,,,,,,,,,,,,,,,,,,,,,,,,,,,,,,,,,,No,,,,,,,,,,,,,,,,,,,,,,,,,,,,,,,,,,,,,,,,,,,,,
,,No website ,New - April 2022,No,No,No,REDCap survey not sent,Argentinian Oncopediatric Register (Argentinian National Pediatric Cancer Registry),Argentinian Oncopediatric Register (Argentinian National Pediatric Cancer Registry),Registry,Not provided,No,,,,,,,,No,,,,ARG,,Loren Baroni,,,,,,,,,,10.1093/neuonc/noaa215.109,,,,,,,,,,,,,,,,,,,,,,,,,,,,,,,,,,No,,,,,,,,,,,,,,,,,,,,,,,,,,,,,,,,,,,,,,,,,,,,,
,,No website ,New - April 2022,No,No,No,REDCap survey not sent,Rochester Regional COVID-19 Registry,Rochester Regional COVID-19 Registry,Registry,Not provided,Yes,,,,,,,USA,Yes,,,,USA,,John J. Hanna,,,,,,,,,,"10.1093/ofid/ofaa439.664
        
        ",,,,,,,,,,,,,,,,,,,,,,,,,,,,,,,,,,No,,,,,,,,,,,,,,,,,,,,,,,,,,,,,,,,,,,,,,,,,,,,,
,,No website ,New - April 2022,No,No,No,REDCap survey not sent,SCAR-19,COVID-19 Scottish Registry of AutoimmuneRheumatic Diseases,Registry,Not provided,Yes,,autoimmune rheumatic diseases,rheumatic disease,,,≥18 years,GBR (Scottland),Yes,,,Aberdeen Centre for Arthritis & Musculoskeletal Health,GBR (Scottland),,Maira Karabayas,,,,,,Scottish Systemic Vasculitis Network; Scottish Society for Rheumatology,,,,https://doi.org/10.1093/rheumatology/keab246.029,,,,,,,,,,,,,,,,,,,,,,,,,,,,,,,,,,No,,,,,,,,,,,,,,,,,,,,,,,,,,,,,,,,,,,,,,,,,,,,,
,,No website ,New - April 2022,No,No,No,No,COSA Registry,COVID-19 patients treated with the Seraph® 100 Microbind® Affinity filter Registry,Registry,Not provided,Yes,,Hospitalized patients treated with Seraph® 100 Microbind® Affinity filter,,,,≥19 years,,Yes,GORTA,Government,,,,,,,,,,,,,,,,,,,,,,,,,,,,,,,,,,,,,,,,,,,,,,,,No,,,,,,,,,,,,,,,,,,,,,,,,,,,,,,,,,,,,,,,,,,,,,
LM - 1,Updated using website,Can't find working website,New - April 2022,No,No,No,N/A - doesn't meet inclusion criteria,iSTEMI,Indonesia STEMI Registry,,http://www.isic.or.id/pages/istemi,,,,,,,,,,,,,,,,,,,,,,,,,https://doi.org/10.1093/eurheartjsupp/suab122.043,,,,,,,,,,,,,,,,,,,,,,,,,,,,,,,,,,No,,,,,,,,,,,,,,,,,,,,,,,,,,,,,,,,,,,,,,,,,,,,,
LM - 1,Updated using website,Could not find a website or eCRF,New - April 2022,No,No,No,N/A - doesn't meet inclusion criteria,CLAVIS-COVID,Clinical outcomes of SARS-CoV-2 infection in hospitalized patients with cardiovascular diseases and/or risk factors,,,,,,,,,,JAP,,,,,JAP,,,,,,,,Japanese Circulation Society,,,,10.1253/circj.CJ-21-0911,,,,,,,,,,,,,,,,,,,,,,,,,,,,,,,,,,No,,,,,,,,,,,,,,,,,,,,,,,,,,,,,,,,,,,,,,,,,,,,,
,,"Indicated that they don't collect COVId-19 data, and whatever old data was collected was not analyzed/No website",New - April 2022,No,No,"No (Indicated that they don't collect COVId-19 data, and whatever old data was collected was not analyzed)",No,International registry of otolaryngologist–head and neck surgeons with COVID-19,International registry of otolaryngologist–head and neck surgeons with COVID-19,Registry,Not provided,,,,,,,,,,,,"Stanford University, University of Miami",USA,,Leigh Sowerby,Leigh.Sowerby@sjhc.london.on.ca,,,,,International Federation of Otolaryngologic Societies (YO-IFOS),,,,https://doi.org/10.1002/alr.22677,Yes,No,N/A - no human OMICs data,N/A - no human OMICs data,N/A - no human OMICs data,No,N/A - no pathogen OMICs data,No,N/A - no imaging data,N/A - no imaging data,N/A - no imaging data,N/A - no imaging data,N/A - no imaging data,Cross-sectional,Observational data only,Both,COVID-19 infected or suspected only,Clin-epi,No,,,,,,,,,,,,,,,No,,,,,,Prospective (e.g. same CRF),,,,REDCap,,,,,,,,,,,,,,,,,,,,,,,,,,,,,,,,,,,
LM - 1,Updated using website,This is an important resource but can't find website.,New - April 2022,No,No,No,N/A - doesn't meet inclusion criteria,PRICE,Pakistan Registry of Intensive Care,Registry,,No,,,,,,,Asia,,Wellcome,,,PAK,,Abi Beane,abi@nicslk.com,,,,,,,,,10.2196/21939,,,,,,,,,,,,,,,,,,,,,,,,,,,,,,,,,,No,,,,,,,,,,,,,,,,,,,,,,,,,,,,,,,,,,,,,,,,,,,,,
,,"Only 1 hospital, but that is the 1 hospital for COVID in the country",New - April 2022,No,No,No,N/A - doesn't meet inclusion criteria,Kuwait COVID-19 Registry,Kuwait COVID-19 Registry,,,,,,,,,,,,,,,,,,,,,,,,,,,https://bmcpublichealth.biomedcentral.com/articles/10.1186/s12889-020-09490-y,,,,,,,,,,,,,,,,,,,,,,,,,,,,,,,,,,No,,,,,,,,,,,,,,,,,,,,,,,,,,,,,,,,,,,,,,,,,,,,,
,,No website ,New - April 2022,No,No,No,No,IRoc-GN,International Registry of COVID infection in glomerulonephritis,Registry,Not provided ,Yes,,Glomular disease,Kidney disease,,,,,,US NIH,Government,National Instituties of Health,USA,,Meryl Waldman; Paolo Cravedi,waldmanm@niddk.nih.gov; paolo.cravedi@mssm.edu,,,,,,,,,10.34067/KID.0006612021,Yes,No,N/A - no human OMICs data,N/A - no human OMICs data,N/A - no human OMICs data,No,N/A - no pathogen OMICs data,No,N/A - no imaging data,N/A - no imaging data,N/A - no imaging data,N/A - no imaging data,N/A - no imaging data,Longitudinal,Observational data only,Hospitalized for COVID-19 only,COVID-19 infected or suspected only,Clin-epi,No,,,,,,,,,,,,,,,No,,,,,,,,,,REDCap,"(https://redcapsurvey.niddk.nih.
gov/surveys/?s=FPM87NK7T4",,,,,,,,,,,,,,,,,,,,,,,,,,,,,,,,,,
LM - 1,Updated using website,Not clear that COVID-19-related data are hosted here,New - April 2022,No,No,No,N/A - doesn't meet inclusion criteria,RD-Connect GPAP,Rare Disease-Connect Genome-Phenome Analysis Platform,Platform,https://platform.rd-connect.eu/,,,,,,,,,,,,,,,,,,,,,,,,,https://doi.org/10.1002/humu.24353,,,,,,,,,,,,,,,,,,,,,,,,,,,,,,,,,,No,,,,,,,,,,,,,,,,,,,,,,,,,,,,,,,,,,,,,,,,,,,,,
,,,New - April 2022,No,No,No,N/A - doesn't meet inclusion criteria,CAMS NPHDC COVID-19 Data Sharing Platform,Chinese Academy of Medical Sciences COVID-19 Data Sharing Platform of the National Population Health Data Center,Catalog of databases or datasets,https://www.ncmi.cn/covid-19/,,,,,,,,,,,,,,,,,,,,,,,,,,,,,,,,,,,,,,,,,,,,,,,,,,,,,,,,,,,No,,,,,,,,,,,,,,,,,,,,,,,,,,,,,,,,,,,,,,,,,,,,,
LM,,Regina checked website and this does have COVID-19 data,New - April 2022,No,No,No,No,IHCC,International HundredK+ Cohorts Consortium,Catalogue of cohorts,https://ihccglobal.org/,No,COVID-19-related cohorts,General ,General,Any,Any,All ages,Worldwide,Yes,,Government and Foundation,NIH,USA,,Teri A. Manolio,manolio@nih.gov,Cales Garcia Linares,cgarcia@ebi.ac.uk,N/A,,Not related to professional organization,None,,,https://ihccglobal.org/wp-content/uploads/IHCC-Integrating-Large-Scale-Cohorts-to-Address-Global-Scientific-Challenges-1.pdf,Yes,Yes,,Yes,,Yes,,,,Yes,,,,,,,,,,,,,,,,,,,,,,,,No,,,,,N/A,,,,,,,,,,,,,,,,,,,,,,,,,,,,,,,,,,,,,,,,
,,Does not include participant-level data,New - April 2022,No,No,No,N/A - doesn't meet inclusion criteria,Lung Disease Knowledge Portal,Lung Disease Knowledge Portal,,lungdiseasegenetics.org,,,,,,,,,,,,,,,,,,,,,,,,,,,,,,,,,,,,,,,,,,,,,,,,,,,,,,,,,,,No,,,,,,,,,,,,,,,,,,,,,,,,,,,,,,,,,,,,,,,,,,,,,
LM - 1,Updated using website,Could not find webiste. Seems like cohort study that was not open to additional sites.,New - April 2022,No,No,No,REDCap survey not sent,ECMOVIBER,ECMOVIBER,,,,,,,,,,,,,,,,,,,,,,,,,,,10.1183/13993003.congress-2021.OA4027,,,,,,,,,,,,,,,,,,,,,,,,,,,,,,,,,,No,,,,,,,,,,,,,,,,,,,,,,,,,,,,,,,,,,,,,,,,,,,,,"The ECMOVIBER (use of ECMO during the coVid-19 pandemic in the IBERian peninsula) retrospective observational cohort study included data from 24 ECMO centers, 22 in Spain and 2 in Portugal."
,,Catalogue,New - April 2022,No,No,No,N/A - doesn't meet inclusion criteria,ICPSR - SBE CCC,"ICPSR Social, Behavioral, & Economic COVID Coordinating Center",,,,,,,,,,,,,,,,,,,,,,,,,,,,,,,,,,,,,,,,,,,,,,,,,,,,,,,,,,,,,No,,,,,,,,,,,,,,,,,,,,,,,,,,,,,,,,,,,,,,,,,,,,,
,,Antibodies rather than participant-level data,New - April 2022,No,No,No,N/A - doesn't meet inclusion criteria,CovAbDab,Coronavirus Antibody Database,,http://opig.stats.ox.ac.uk/webapps/covabdab/,,,,,,,,,,,,"Oxford University, Oxford Protein Informatics Group",GBR (UK),,,,,,,,,,,,10.1093/bioinformatics/btaa739,,,,,,,,,,,,,,,,,,,,,,,,,,,,,,,,,,No,,,,,,,,,,,,,,,,,,,,,,,,,,,,,,,,,,,,,,,,,,,,,
RG,Updated using website,,New - April 2022,No,No,Yes,REDCap survey not sent,UW COVID-19 Vaccine in Pregnancy and Lactation Registry,UW COVID-19 Vaccine in Pregnancy and Lactation Registry,Registry,https://redcap.iths.org/surveys/?s=87JFRCL8R8,Yes,,Pregnant,"Population of interest is pregnant or lactating women, as well as women with the intention to get pregnant in next 1-2 years with at least one dose of COVID vaccination already",Any,"Persons who receive the COVID-19 vaccine who are also pregnant, postpartum, lactating or contemplating pregnancy in the next 1-2 year",WRA (women of reproductive age),USA,Yes,"National Institute of Child Health and Human Development, National Institute of Allergy and Infectious Diseases, National Institutes of Health, UW Institute of Translational Health Science",Government and University,University of Washington,USA,COVIDVACCPREG@uw.edu,Dr. Alisa Kachikis,abk26@uw.edu,Not specified,Not specified,Jan 2021,,None specified,No,,,10.1001/jamanetworkopen.2021.21310,Yes,No,N/A - no human OMICs data,N/A - no human OMICs data,N/A - no human OMICs data,No,N/A - no pathogen OMICs data,No,N/A - no imaging data,N/A - no imaging data,N/A - no imaging data,N/A - no imaging data,N/A - no imaging data,Cross-sectional,Observational data only,Both,Both,Clin-epi,No,N/A (patient registry - individual sign up),N/A,N/A,"17 525 individuals enrolled (as of March 16, 2021, no current information found)","17 525 (as of March 16, 2021)",N/A,No,,Yes,No,,,,,No,Yes - NOT on FAIRsharing,No DOI assigned,N/A - doesn't have a DOI,None of the criteria are met,N/A,Prospective (e.g. same CRF),Repository CRF data entry screen (e.g. REDCap),Patients,Individual registration required for data entry,REDCap,https://redcap.iths.org/surveys/?s=87JFRCL8R8,No,Not specified,N/A - no OMICs data collected,N/A - no participant level imaging data collected,No,Yes,Not specified - data possibly will not be shared (no mention of data sharing at all),Directions not available on the website,N/A,Not specified,N/A,No,Not specified,Not specified,,Not clear,Not specified,,Not specified,Not specified,N/A,Not specified,Patients agree to consent on the website when registering. Recruitment not specified.,Not specified,Not specified,N/A,N/A - patient registry,Research on the impact of COVID-19 on minority and vulnerable groups,N/A,N/A,Not specified,No,N/A,
LM,,Catalogue of studies and datasets,New - April 2022,No,No,No,N/A - doesn't meet inclusion criteria,SND,Swedish National Data Service,Catalog of databases or datasets,https://snd.gu.se/en/catalogue/search/COVID-19?external=false,,,,,,,,,,,,,,,,,,,,,,,,,,,,,,,,,,,,,,,,,,,,,,,,,,,,,,,,,,,No,,,,,,,,,,,,,,,,,,,,,,,,,,,,,,,,,,,,,,,,,,,,,
LM,,Catalogue of studies and datasets,New - April 2022,No,No,No,N/A - doesn't meet inclusion criteria,RD-Connect Registry and Biobank Finder,RD-Connect Registry and Biobank Finder,Catalog of platforms or registries,http://catalogue.rd-connect.eu/,,,,,,,,,,,,,,,,,,,,,,,,,https://doi.org/10.1002/humu.24353,,,,,,,,,,,,,,,,,,,,,,,,,,,,,,,,,,No,,,,,,,,,,,,,,,,,,,,,,,,,,,,,,,,,,,,,,,,,,,,,
,,Collection of studies,New - April 2022,No,No,No,N/A - doesn't meet inclusion criteria,CCA Platform,CRITIcal CARE Asia Platform,Catalog of databases or datasets,https://www.tropmedres.ac/covid-19,,,,,,,,,,,,,,,,,,,,,,,,,,,,,,,,,,,,,,,,,,,,,,,,,,,,,,,,,,,No,,,,,,,,,,,,,,,,,,,,,,,,,,,,,,,,,,,,,,,,,,,,,
LM - 1,Updated using website,Fixed recruitement - doesn't allow more sites ,New - April 2022,No,No,No,N/A - doesn't meet inclusion criteria,UniversalDoctor - EpidemiXs Studies - CIBERESUCI COVID,Personalized Risk and Prognosis Factors and Follow-up at One Year of the Patients Hospitalized in the Spanish Intensive Care Units Infected with COVID-19,Multicenter cohort study where sites fixed at beginning and new sites cannot apply for inclusion,https://studies.epidemixs.org/en/proyecto/ciberes-uci-covid-19-critical-patients-study/,Yes,,,,,ICU,,ESP,,,,ESP,,info@ciberesucicovid.com; epidemixs@universaldoctor.com,Antoni Torres Martí,,,,,,"ciberes; Ministerio de Ciencia e Innovacion, Instituto de Salud Carlos III (ISC)",,,,,,,,,,,,,,,,,,,,,,,,,,,,,,,,,,,,,,,,,,,,,,,,,,,,,,,,,,,,,,,,,,,,,,,,,,,,,,,,,,,
LM,Updated using website,Could not find website. Confirmed by LM.,New - April 2022,No,No,No,N/A - doesn't meet inclusion criteria,CARDIO COVID 19-20 Registry,Latin-American Registry of Cardiovascular Disease and COVID-19 (Registro Latinoamericano de Enfermedad Cardiovascular y COVID-19),Registry,,Yes,,,,,,> 18 years,Latin America,Not specified,Fundación Valle del Lili,Private foundation,,COL,,Juan Esteban Gómez-Mesa,juan.gomez.me@fvl.org.co,,,May 2020,,"Council of Heart Failure and Pulmonary Hypertension (CIFACAH), Interamerican Society of Cardiology (IASC)",,,,http://doi.org/10.5334/gh.925,,,,,,,,,,,,,,,,,,,,,,,,,,,,,,,,,,No,,,,,,,,,,,,,,,,,,,,,,,,,,,,,,,,,,,,,,,,,,,,,
,,Does not seem to have website specific to the registry.,New - April 2022,No,No,No,N/A - doesn't meet inclusion criteria,HIV and COVID-19 International Registry,HIV and COVID-19 International Registry,Registry,https://www.catie.ca/treatmentupdate-238/hiv-and-covid-19-an-international-registry,,,,,,,,,,,,,,,,,,,,,,,,,,,,,,,,,,,,,,,,,,,,,,,,,,,,,,,,,,,No,,,,,,,,,,,,,,,,,,,,,,,,,,,,,,,,,,,,,,,,,,,,,
,,Does not seem to have website specific to the registry.,New - April 2022,No,No,No,N/A - doesn't meet inclusion criteria,BHIVA COVID-19 Registry,British HIV Association COVID-19 Registry,Registry,https://www.ucl.ac.uk/global-health/research/z-research/bhiva-covid-19-registry,,,,,,,,,,,,,GBR (UK),,,,,,,Yes,British HIV Association,,,,,,,,,,,,,,,,,,,,,,,,,,,,,,,,,,,,,,No,,,,,,,,,,,,,,,,,,,,,,,,,,,,,,,,,,,,,,,,,,,,,
,Updated using website,,New - April 2022,No,No,Yes,No,RICORD,RSNA International COVID-19 Open Radiology Database,Platform,"https://www.rsna.org/covid-19/COVID-19-RICORD/RICORD-FAQs
",Yes,"To achieve a large and heterogeneous database focused on COVID-19 chest imaging that represents a diversity of variables across patient populations, imaging equipment, and protocols. ",General,General,Any,General,All ages,North America,Yes,,,RSNA,USA,,,,,,June 2020.,,,Yes,Medical Imaging Data Resource Center (MIDRC),,https://pubs.rsna.org/doi/10.1148/radiol.2021203957; https://doi.org/10.1148/radiol.2020204214,Yes,No,N/A - no human OMICs data,N/A - no human OMICs data,N/A - no human OMICs data,No,N/A - no human OMICs data,Yes,Chest imaging (CT and/or Xray) ,Yes,Yes,Unsure,Unsure,Both,Both clinical trial and observational data,Hospitalized for COVID-19 only,Both,Clin-epi - imaging (linked),Yes,,,,,,,,,,No,,,,,No,Yes - NOT on FAIRsharing,No DOI assigned,N/A - doesn't have a DOI,Meets 3 of 4 criteria,N/A,Prespecified standard (e.g. DICOM),Prespecified standard (e.g. DICOM),Affiliated institution,Hospital - Centre - Institution registration required for data entry,MD.ai,https://www.rsna.org/covid-19/COVID-19-RICORD/RICORD-FAQs,No,No clin-epi standard used,N/A - no OMICs data collected,DICOM,Yes,Yes,Researchers and educators interested in using the data for non-commercial research and education can get free access by agreeing to the terms of the TCIA Data Use Agreement.,Directions available on the website,https://www.rsna.org/covid-19/COVID-19-RICORD/RICORD-FAQs,Yes,Not specified,Yes,Researchers and educators interested in using the data for non-commercial research ,Participant-level data are being shared,,Platform or registry management team,,,,,,,,,,,,Not specified,Not specified,Not specified,Not specified,Not specified,,
,Updated using website,,New - April 2022,No,No,Yes,REDCap survey not sent,ILDS COVID-19 Dermatology Registry,International League of Dermatological Societies (ILDS) Covid-19 Dermatology Registry,Registry,https://www.ilds.org/what-we-do/project-and-programme/international-dermatology-covid-19-registry/,Yes,To understand the dermatologic symptoms of COVID-19 to understand the relationship between the virus and skin. ,Skin conditions,Skin conditions,Skin,General,All ages,Worldwide,Yes,,,The International League of Dermatological Societies,UK,,,,,,April 2020,Yes,American Academy of Dermatology (AAD) ,Yes,Same eCRF,AAD COVID-19 Dermatology Registry ,https://www.ncbi.nlm.nih.gov/pmc/articles/PMC9528892/,Yes,No,N/A - no human OMICs data,N/A - no human OMICs data,N/A - no human OMICs data,No,N/A - no pathogen OMICs data,No,N/A - no imaging data,N/A - no imaging data,N/A - no imaging data,N/A - no imaging data,N/A - no imaging data,Cross-sectional,Observational data only,Both,COVID-19 infected or suspected only,Clin-epi,No,,,,,,,,,,No,,,,,No,Yes - NOT on FAIRsharing,No DOI assigned,N/A - doesn't have a DOI,None of the criteria are met,N/A,Prospective (e.g. same CRF),Repository CRF data entry screen (e.g. REDCap),Health care professionals,No registration required for data entry,REDCap,https://redcap.partners.org/redcap/surveys/index.php?s=YJWAJCX7TY,No,No clin-epi standard used,N/A - no OMICs data collected,N/A - no participant level imaging data collected,No,Yes,Not specified,Directions not available on the website,N/A,No,No,No,Not specified,Not specified,N/A,Not specified,Information not available on website,N/A,Not provided,Information not available on website,N/A,No,N/A,De-identification,Not specified,N/A,No,Not specified,Not specified,Not specified,Not specified,Not specified,N/A,
,,,,,,,,,,,,,,,,,,,,,,,,,,,,,,,,,,,,,,,,,,,,,,,,,,,,,,,,,,,,,,,,,,,,,,No,,,,,,,,,,,,,,,,,,,,,,,,,,,,,,,,,,,,,,,,,,,,,
,,,,,,,,,156,,,,,,,,,,,,,,,,,,,,,,,,,,,,,,,,,,,,,,,,,,,,,,,,,,,,,,,,,,,,,No,,,,,,,,,,,,,,,,,,,,,,,,,,,,,,,,,,,,,,,,,,,,,
,,,,,,,,,,,,,,,,,,,,,,,,,,,,,,,,,,,,,,,,,,,,,,,,,,,,,,,,,,,,,,,,,,,,,,No,,,,,,,,,,,,,,,,,,,,,,,,,,,,,,,,,,,,,,,,,,,,,
,,,,,,,,,,,,,,,,,,,,,,,,,,,,,,,,,,,,,,,,,,,,,,,,,,,,,,,,,,,,,,,,,,,,,,No,,,,,,,,,,,,,,,,,,,,,,,,,,,,,,,,,,,,,,,,,,,,,
,,,,,,,,,,,,,,,,,,,,,,,,,,,,,,,,,,,,,,,,,,,,,,,,,,,,,,,,,,,,,,,,,,,,,,No,,,,,,,,,,,,,,,,,,,,,,,,,,,,,,,,,,,,,,,,,,,,,
,,,,,,,,,,,,,,,,,,,,,,,,,,,,,,,,,,,,,,,,,,,,,,,,,,,,,,,,,,,,,,,,,,,,,,No,,,,,,,,,,,,,,,,,,,,,,,,,,,,,,,,,,,,,,,,,,,,,
,,,,,,,,,,,,,,,,,,,,,,,,,,,,,,,,,,,,,,,,,,,,,,,,,,,,,,,,,,,,,,,,,,,,,,No,,,,,,,,,,,,,,,,,,,,,,,,,,,,,,,,,,,,,,,,,,,,,
,,,,,,,,,,,,,,,,,,,,,,,,,,,,,,,,,,,,,,,,,,,,,,,,,,,,,,,,,,,,,,,,,,,,,,No,,,,,,,,,,,,,,,,,,,,,,,,,,,,,,,,,,,,,,,,,,,,,
,,,,,,,,,,,,,,,,,,,,,,,,,,,,,,,,,,,,,,,,,,,,,,,,,,,,,,,,,,,,,,,,,,,,,,No,,,,,,,,,,,,,,,,,,,,,,,,,,,,,,,,,,,,,,,,,,,,,
,,,,,,,,,,,,,,,,,,,,,,,,,,,,,,,,,,,,,,,,,,,,,,,,,,,,,,,,,,,,,,,,,,,,,,No,,,,,,,,,,,,,,,,,,,,,,,,,,,,,,,,,,,,,,,,,,,,,
,,,,,,,,,,,,,,,,,,,,,,,,,,,,,,,,,,,,,,,,,,,,,,,,,,,,,,,,,,,,,,,,,,,,,,No,,,,,,,,,,,,,,,,,,,,,,,,,,,,,,,,,,,,,,,,,,,,,
,,,,,,,,,,,,,,,,,,,,,,,,,,,,,,,,,,,,,,,,,,,,,,,,,,,,,,,,,,,,,,,,,,,,,,No,,,,,,,,,,,,,,,,,,,,,,,,,,,,,,,,,,,,,,,,,,,,,
,,,,,,,,,,,,,,,,,,,,,,,,,,,,,,,,,,,,,,,,,,,,,,,,,,,,,,,,,,,,,,,,,,,,,,No,,,,,,,,,,,,,,,,,,,,,,,,,,,,,,,,,,,,,,,,,,,,,
,,,,,,,,,,,,,,,,,,,,,,,,,,,,,,,,,,,,,,,,,,,,,,,,,,,,,,,,,,,,,,,,,,,,,,No,,,,,,,,,,,,,,,,,,,,,,,,,,,,,,,,,,,,,,,,,,,,,
,,,,,,,,,,,,,,,,,,,,,,,,,,,,,,,,,,,,,,,,,,,,,,,,,,,,,,,,,,,,,,,,,,,,,,No,,,,,,,,,,,,,,,,,,,,,,,,,,,,,,,,,,,,,,,,,,,,,
,,,,,,,,,,,,,,,,,,,,,,,,,,,,,,,,,,,,,,,,,,,,,,,,,,,,,,,,,,,,,,,,,,,,,,No,,,,,,,,,,,,,,,,,,,,,,,,,,,,,,,,,,,,,,,,,,,,,
,,,,,,,,,,,,,,,,,,,,,,,,,,,,,,,,,,,,,,,,,,,,,,,,,,,,,,,,,,,,,,,,,,,,,,No,,,,,,,,,,,,,,,,,,,,,,,,,,,,,,,,,,,,,,,,,,,,,
,,,,,,,,,,,,,,,,,,,,,,,,,,,,,,,,,,,,,,,,,,,,,,,,,,,,,,,,,,,,,,,,,,,,,,No,,,,,,,,,,,,,,,,,,,,,,,,,,,,,,,,,,,,,,,,,,,,,
,,,,,,,,,,,,,,,,,,,,,,,,,,,,,,,,,,,,,,,,,,,,,,,,,,,,,,,,,,,,,,,,,,,,,,No,,,,,,,,,,,,,,,,,,,,,,,,,,,,,,,,,,,,,,,,,,,,,
,,,,,,,,,,,,,,,,,,,,,,,,,,,,,,,,,,,,,,,,,,,,,,,,,,,,,,,,,,,,,,,,,,,,,,No,,,,,,,,,,,,,,,,,,,,,,,,,,,,,,,,,,,,,,,,,,,,,
,,,,,,,,,,,,,,,,,,,,,,,,,,,,,,,,,,,,,,,,,,,,,,,,,,,,,,,,,,,,,,,,,,,,,,No,,,,,,,,,,,,,,,,,,,,,,,,,,,,,,,,,,,,,,,,,,,,,
,,,,,,,,,,,,,,,,,,,,,,,,,,,,,,,,,,,,,,,,,,,,,,,,,,,,,,,,,,,,,,,,,,,,,,No,,,,,,,,,,,,,,,,,,,,,,,,,,,,,,,,,,,,,,,,,,,,,
,,,,,,,,,,,,,,,,,,,,,,,,,,,,,,,,,,,,,,,,,,,,,,,,,,,,,,,,,,,,,,,,,,,,,,No,,,,,,,,,,,,,,,,,,,,,,,,,,,,,,,,,,,,,,,,,,,,,
,,,,,,,,,,,,,,,,,,,,,,,,,,,,,,,,,,,,,,,,,,,,,,,,,,,,,,,,,,,,,,,,,,,,,,No,,,,,,,,,,,,,,,,,,,,,,,,,,,,,,,,,,,,,,,,,,,,,
,,,,,,,,,,,,,,,,,,,,,,,,,,,,,,,,,,,,,,,,,,,,,,,,,,,,,,,,,,,,,,,,,,,,,,No,,,,,,,,,,,,,,,,,,,,,,,,,,,,,,,,,,,,,,,,,,,,,
,,,,,,,,,,,,,,,,,,,,,,,,,,,,,,,,,,,,,,,,,,,,,,,,,,,,,,,,,,,,,,,,,,,,,,No,,,,,,,,,,,,,,,,,,,,,,,,,,,,,,,,,,,,,,,,,,,,,
,,,,,,,,,,,,,,,,,,,,,,,,,,,,,,,,,,,,,,,,,,,,,,,,,,,,,,,,,,,,,,,,,,,,,,No,,,,,,,,,,,,,,,,,,,,,,,,,,,,,,,,,,,,,,,,,,,,,
,,,,,,,,,,,,,,,,,,,,,,,,,,,,,,,,,,,,,,,,,,,,,,,,,,,,,,,,,,,,,,,,,,,,,,No,,,,,,,,,,,,,,,,,,,,,,,,,,,,,,,,,,,,,,,,,,,,,
,,,,,,,,,,,,,,,,,,,,,,,,,,,,,,,,,,,,,,,,,,,,,,,,,,,,,,,,,,,,,,,,,,,,,,No,,,,,,,,,,,,,,,,,,,,,,,,,,,,,,,,,,,,,,,,,,,,,
,,,,,,,,,,,,,,,,,,,,,,,,,,,,,,,,,,,,,,,,,,,,,,,,,,,,,,,,,,,,,,,,,,,,,,No,,,,,,,,,,,,,,,,,,,,,,,,,,,,,,,,,,,,,,,,,,,,,
,,,,,,,,,,,,,,,,,,,,,,,,,,,,,,,,,,,,,,,,,,,,,,,,,,,,,,,,,,,,,,,,,,,,,,No,,,,,,,,,,,,,,,,,,,,,,,,,,,,,,,,,,,,,,,,,,,,,
,,,,,,,,,,,,,,,,,,,,,,,,,,,,,,,,,,,,,,,,,,,,,,,,,,,,,,,,,,,,,,,,,,,,,,No,,,,,,,,,,,,,,,,,,,,,,,,,,,,,,,,,,,,,,,,,,,,,
,,,,,,,,,,,,,,,,,,,,,,,,,,,,,,,,,,,,,,,,,,,,,,,,,,,,,,,,,,,,,,,,,,,,,,No,,,,,,,,,,,,,,,,,,,,,,,,,,,,,,,,,,,,,,,,,,,,,
,,,,,,,,,,,,,,,,,,,,,,,,,,,,,,,,,,,,,,,,,,,,,,,,,,,,,,,,,,,,,,,,,,,,,,No,,,,,,,,,,,,,,,,,,,,,,,,,,,,,,,,,,,,,,,,,,,,,
,,,,,,,,,,,,,,,,,,,,,,,,,,,,,,,,,,,,,,,,,,,,,,,,,,,,,,,,,,,,,,,,,,,,,,No,,,,,,,,,,,,,,,,,,,,,,,,,,,,,,,,,,,,,,,,,,,,,
,,,,,,,,,,,,,,,,,,,,,,,,,,,,,,,,,,,,,,,,,,,,,,,,,,,,,,,,,,,,,,,,,,,,,,No,,,,,,,,,,,,,,,,,,,,,,,,,,,,,,,,,,,,,,,,,,,,,
,,,,,,,,,,,,,,,,,,,,,,,,,,,,,,,,,,,,,,,,,,,,,,,,,,,,,,,,,,,,,,,,,,,,,,No,,,,,,,,,,,,,,,,,,,,,,,,,,,,,,,,,,,,,,,,,,,,,
,,,,,,,,,,,,,,,,,,,,,,,,,,,,,,,,,,,,,,,,,,,,,,,,,,,,,,,,,,,,,,,,,,,,,,No,,,,,,,,,,,,,,,,,,,,,,,,,,,,,,,,,,,,,,,,,,,,,
,,,,,,,,,,,,,,,,,,,,,,,,,,,,,,,,,,,,,,,,,,,,,,,,,,,,,,,,,,,,,,,,,,,,,,No,,,,,,,,,,,,,,,,,,,,,,,,,,,,,,,,,,,,,,,,,,,,,
,,,,,,,,,,,,,,,,,,,,,,,,,,,,,,,,,,,,,,,,,,,,,,,,,,,,,,,,,,,,,,,,,,,,,,No,,,,,,,,,,,,,,,,,,,,,,,,,,,,,,,,,,,,,,,,,,,,,
,,,,,,,,,,,,,,,,,,,,,,,,,,,,,,,,,,,,,,,,,,,,,,,,,,,,,,,,,,,,,,,,,,,,,,No,,,,,,,,,,,,,,,,,,,,,,,,,,,,,,,,,,,,,,,,,,,,,
,,,,,,,,,,,,,,,,,,,,,,,,,,,,,,,,,,,,,,,,,,,,,,,,,,,,,,,,,,,,,,,,,,,,,,No,,,,,,,,,,,,,,,,,,,,,,,,,,,,,,,,,,,,,,,,,,,,,
,,,,,,,,,,,,,,,,,,,,,,,,,,,,,,,,,,,,,,,,,,,,,,,,,,,,,,,,,,,,,,,,,,,,,,No,,,,,,,,,,,,,,,,,,,,,,,,,,,,,,,,,,,,,,,,,,,,,
,,,,,,,,,,,,,,,,,,,,,,,,,,,,,,,,,,,,,,,,,,,,,,,,,,,,,,,,,,,,,,,,,,,,,,No,,,,,,,,,,,,,,,,,,,,,,,,,,,,,,,,,,,,,,,,,,,,,
,,,,,,,,,,,,,,,,,,,,,,,,,,,,,,,,,,,,,,,,,,,,,,,,,,,,,,,,,,,,,,,,,,,,,,No,,,,,,,,,,,,,,,,,,,,,,,,,,,,,,,,,,,,,,,,,,,,,
,,,,,,,,,,,,,,,,,,,,,,,,,,,,,,,,,,,,,,,,,,,,,,,,,,,,,,,,,,,,,,,,,,,,,,No,,,,,,,,,,,,,,,,,,,,,,,,,,,,,,,,,,,,,,,,,,,,,
,,,,,,,,,,,,,,,,,,,,,,,,,,,,,,,,,,,,,,,,,,,,,,,,,,,,,,,,,,,,,,,,,,,,,,No,,,,,,,,,,,,,,,,,,,,,,,,,,,,,,,,,,,,,,,,,,,,,
,,,,,,,,,,,,,,,,,,,,,,,,,,,,,,,,,,,,,,,,,,,,,,,,,,,,,,,,,,,,,,,,,,,,,,No,,,,,,,,,,,,,,,,,,,,,,,,,,,,,,,,,,,,,,,,,,,,,
,,,,,,,,,,,,,,,,,,,,,,,,,,,,,,,,,,,,,,,,,,,,,,,,,,,,,,,,,,,,,,,,,,,,,,No,,,,,,,,,,,,,,,,,,,,,,,,,,,,,,,,,,,,,,,,,,,,,
,,,,,,,,,,,,,,,,,,,,,,,,,,,,,,,,,,,,,,,,,,,,,,,,,,,,,,,,,,,,,,,,,,,,,,No,,,,,,,,,,,,,,,,,,,,,,,,,,,,,,,,,,,,,,,,,,,,,
,,,,,,,,,,,,,,,,,,,,,,,,,,,,,,,,,,,,,,,,,,,,,,,,,,,,,,,,,,,,,,,,,,,,,,No,,,,,,,,,,,,,,,,,,,,,,,,,,,,,,,,,,,,,,,,,,,,,
,,,,,,,,,,,,,,,,,,,,,,,,,,,,,,,,,,,,,,,,,,,,,,,,,,,,,,,,,,,,,,,,,,,,,,No,,,,,,,,,,,,,,,,,,,,,,,,,,,,,,,,,,,,,,,,,,,,,
,,,,,,,,,,,,,,,,,,,,,,,,,,,,,,,,,,,,,,,,,,,,,,,,,,,,,,,,,,,,,,,,,,,,,,No,,,,,,,,,,,,,,,,,,,,,,,,,,,,,,,,,,,,,,,,,,,,,
,,,,,,,,,,,,,,,,,,,,,,,,,,,,,,,,,,,,,,,,,,,,,,,,,,,,,,,,,,,,,,,,,,,,,,No,,,,,,,,,,,,,,,,,,,,,,,,,,,,,,,,,,,,,,,,,,,,,
,,,,,,,,,,,,,,,,,,,,,,,,,,,,,,,,,,,,,,,,,,,,,,,,,,,,,,,,,,,,,,,,,,,,,,No,,,,,,,,,,,,,,,,,,,,,,,,,,,,,,,,,,,,,,,,,,,,,
,,,,,,,,,,,,,,,,,,,,,,,,,,,,,,,,,,,,,,,,,,,,,,,,,,,,,,,,,,,,,,,,,,,,,,No,,,,,,,,,,,,,,,,,,,,,,,,,,,,,,,,,,,,,,,,,,,,,
,,,,,,,,,,,,,,,,,,,,,,,,,,,,,,,,,,,,,,,,,,,,,,,,,,,,,,,,,,,,,,,,,,,,,,No,,,,,,,,,,,,,,,,,,,,,,,,,,,,,,,,,,,,,,,,,,,,,
,,,,,,,,,,,,,,,,,,,,,,,,,,,,,,,,,,,,,,,,,,,,,,,,,,,,,,,,,,,,,,,,,,,,,,No,,,,,,,,,,,,,,,,,,,,,,,,,,,,,,,,,,,,,,,,,,,,,
,,,,,,,,,,,,,,,,,,,,,,,,,,,,,,,,,,,,,,,,,,,,,,,,,,,,,,,,,,,,,,,,,,,,,,No,,,,,,,,,,,,,,,,,,,,,,,,,,,,,,,,,,,,,,,,,,,,,
,,,,,,,,,,,,,,,,,,,,,,,,,,,,,,,,,,,,,,,,,,,,,,,,,,,,,,,,,,,,,,,,,,,,,,No,,,,,,,,,,,,,,,,,,,,,,,,,,,,,,,,,,,,,,,,,,,,,
,,,,,,,,,Overview,,Data types,,,,,Longitudinal/clinical trial data,,More details of different data types,,Sharing status,,Interoperability & FAIRness,,,,Governance mechanism for data access,,,,,,,,,,,,,,,,,,,,,,,,,,,,,,,,,,,,,,,,,,,,No,,,,,,,,,,,,,,,,,,,,,,,,,,,,,,,,,,,,,,,,,,,,,
,,Total New (including eligible and not eligible),394,,,,,SUMMARY STATS,Total COVID-19-related platforms,79,COVID-19-related data sharing resources with clin-epi data,217,COVID-19-related platforms with a specific coinfection or comorbitidy of interest,78,0,COVID-19-related platforms with longitudinal data,63,COVID-19-related platforms with pathogen OMICs data,23,COVID-19-related platforms data sharing status - data are being shared,35,COVID-19-related platforms with DOI,20,,,,,,,,,,,,,,,,,,,,,,,,,,,,,,,,,,,,,,,,,,,,,,,No,,,,,,,,,,,,,,,,,,,,,,,,,,,,,,,,,,,,,,,,,,,,,
,,"Relevant to the paper - Include in counts (platform, registry)",156,,,,,,Total COVID-19-related registry,238,COVID-19-related data sharing resources with human OMICs data,38,COVID-19-related registries with a specific coinfection or comorbitidy of interest,237,0,COVID-19-related registries with longitudinal data,186,COVID-19-related registries with pathogen OMICs data,0,COVID-19-related registries data sharing status - data are being shared,45,COVID-19-related registries with DOI,26,,,,,,,,,,,,,,,,,,,,,,,,,,,,,,,,,,,,,,,,,,,,,,,No,,,,,,,,,,,,,,,,,,,,,,,,,,,,,,,,,,,,,,,,,,,,,
,,Not relevant to include in the paper,292,,,,,,Total COVID-19-related platforms or registries,317,COVID-19-related data sharing resources with imaging data,32,COVID-19-related platforms with a specific organ or body system of interest,78,0,COVID-19-related platforms with clinical trial data,48,COVID-19-related platforms with both host and pathogen OMICs data,18,COVID-19-related platforms data sharing status - data will be shared,3,Platform/registry that uses ISARIC/WHO CRF,1,,,,,,,,,,,,,,,,,,,,,,,,,,,,,,,,,,,,,,,,,,,,,,,,,,,,,,,,,,,,,,,,,,,,,,,,,,,,,,,,,,,,,,,,,,,,
,,UNSURE if relevant to include in the paper,0,,,,,,Total catalogue of platforms,6,"COVID-19-related data sharing resources with clin-epi, human OMICs, and imaging data",13,COVID-19-related registries with a specific organ or body system of interest,237,0,COVID-19-related registries with clinical trial data,88,COVID-19-related registries with both host and pathogen OMICs data,0,COVID-19-related registries data sharing status - data will be shared,3,Platforms/registries that collect clin-epi data and apply a community-developed standard for clin-epi data,,Percentage of platforms or repositories that collect clin-epi data and apply a community-developed standard for clin-epi data,0%,,,,,,,,,,,,,,,,,,,,,,,,,,,,,,,,,,,,,,,,,,,,,,,,,,,,,,,,,,,,,,,,,,,,,,,,,,,,,,,,,,,,,,,,,,
,,,,,,,,,Total data lake or other data sharing resource,14,COVID-19-related data sharing resources with clin-epi and human OMICs data,26,COVID-19-related platforms with a specific population of interest,78,0,COVID-19-related platforms with data from hospitalized patients only,9,COVID-19-related platforms with clin-epi data,40,COVID-19-related platforms data sharing status - data are being or will be shared,38,Platforms/registries that collect OMICs data and apply a community-developed standard for OMICs data,,Percentage of platforms or repositories that collect OMICs data and apply a community-developed standard for OMICs data,0%,,,,,,,,,,,,,,,,,,,,,,,,,,,,,,,,,,,,,,,,,,,,,,,,,,,,,,,,,,,,,,,,,,,,,,,,,,,,,,,,,,,,,,,,,,
,,,,,,,,,Total,337,COVID-19-related platforms or registries with linked clin-epi and host OMICs data,17,COVID-19-related registries with a specific population of interest,238,0,COVID-19-related registries with data from hospitalized patients only,36,COVID-19-related registries with clin-epi data,159,COVID-19-related registries data sharing status - data are being or will be shared,48,Platforms or repositories that collect imaging data and apply a community-developed standard for imaging data,,Percentage of platforms or repositories that collect imaging data and apply a community-developed standard for imagnig data,0%,,,,,,,,,,,,,,,,,,,,,,,,,,,,,,,,,,,,,,,,,,,,,,,,,,,,,,,,,,,,,,,,,,,,,,,,,,,,,,,,,,,,,,,,,,
,,,,,,,,,Total data sharing resources contacted for more information through REDCap survey,245,COVID-19-related platforms or registries with linked clin-epi and imaging data,18,COVID-19-related platforms with a specific population of interest and clin-epi data,39,0,COVID-19-related platforms with longitudinal data and clin-epi data,35,COVID-19-related platforms with imaging data,19,COVID-19-related platforms data sharing status - data will NOT be shared,1,Data usage license,,,,,,,,,,,,,,,,,,,,,,,,,,,,,,,,,,,,,,,,,,,,,,,,,,,,,,,,,,,,,,,,,,,,,,,,,,,,,,,,,,,,,,,,,,,,,
,,,,,,,,,Total data sharing resources that responded to RedCAP survey,61,COVID-19-related data sharing resources with linked clin-epi and human OMICs data and pathogen OMICs data,13,COVID-19-related registries with a specific population of interest and clin-epi data,159,0,COVID-19-related registries with longitudinal data and clin-epi data,108,COVID-19-related registries with imaging data,6,COVID-19-related registries data sharing status - data will NOT be shared,30,Platforms or registries with a data usage license and clin-epi data,,,,,,,,,,,,,,,,,,,,,,,,,,,,,,,,,,,,,,,,,,,,,,,,,,,,,,,,,,,,,,,,,,,,,,,,,,,,,,,,,,,,,,,,,,,,,
,,,,,,,,,Response rate to RedCAP survey,25%,,,COVID-19-related platforms with a specific population of interest and imaging data,19,0,COVID-19-related platforms with longitudinal data and imaging data,13,,,,,Platforms or registries with a data usage license and imaging data,,,,,,,,,,,,,,,,,,,,,,,,,,,,,,,,,,,,,,,,,,,,,,,,,,,,,,,,,,,,,,,,,,,,,,,,,,,,,,,,,,,,,,,,,,,,,
,,,,,,,,,,,,,COVID-19-related registries with a specific population of interest and imaging data,6,0,COVID-19-related registries with longitudinal data and imaging data,5,,,,,Platforms or registries with a data usage license and host/pathogen data,,,,,,,,,,,,,,,,,,,,,,,,,,,,,,,,,,,,,,,,,,,,,,,,,,,,,,,,,,,,,,,,,,,,,,,,,,,,,,,,,,,,,,,,,,,,,
,,,,,,,,,,,,,COVID-19-related platforms with a specific population of interest and host/pathogen OMICs data,10,0,COVID-19-related platforms with longitudinal data and host/pathogen OMICs data,13,,,,,,,,,,,,,,,,,,,,,,,,,,,,,,,,,,,,,,,,,,,,,,,,,,,,,,,,,,,,,,,,,,,,,,,,,,,,,,,,,,,,,,,,,,,,,,,,,,
,,,,,,,,,,,,,COVID-19-related registries with a specific population of interest and host/pathogen OMICs data,0,0,COVID-19-related registries with longitudinal data and host/pathogen OMICs data,0,,,,,,,,,,,,,,,,,,,,,,,,,,,,,,,,,,,,,,,,,,,,,,,,,,,,,,,,,,,,,,,,,,,,,,,,,,,,,,,,,,,,,,,,,,,,,,,,,,
,,,,,,,,,,,,,COVID-19-related platforms with a specific coinfection or comorbitidy of interest and clin-epi data,39,0,,,,,,,,,,,,,,,,,,,,,,,,,,,,,,,,,,,,,,,,,,,,,,,,,,,,,,,,,,,,,,,,,,,,,,,,,,,,,,,,,,,,,,,,,,,,,,,,,,,,
,,,,,,,,,,,,,COVID-19-related registries with a specific coinfection or comorbitidy of interest and clin-epi data,158,0,,,,,,,,,,,,,,,,,,,,,,,,,,,,,,,,,,,,,,,,,,,,,,,,,,,,,,,,,,,,,,,,,,,,,,,,,,,,,,,,,,,,,,,,,,,,,,,,,,,,
,,,,,,,,,,,,,COVID-19-related platforms with a specific coinfection or comorbitidy of interest and imaging data,19,0,,,,,,,,,,,,,,,,,,,,,,,,,,,,,,,,,,,,,,,,,,,,,,,,,,,,,,,,,,,,,,,,,,,,,,,,,,,,,,,,,,,,,,,,,,,,,,,,,,,,
,,,,,,,,,,,,,COVID-19-related registries with a specific coinfection or comorbitidy of interest and imaging data,6,0,,,,,,,,,,,,,,,,,,,,,,,,,,,,,,,,,,,,,,,,,,,,,,,,,,,,,,,,,,,,,,,,,,,,,,,,,,,,,,,,,,,,,,,,,,,,,,,,,,,,
,,,,,,,,,,,,,COVID-19-related platforms with a specific coinfection or comorbitidy of interest and host/pathogen OMICs data,0,0,,,,,,,,,,,,,,,,,,,,,,,,,,,,,,,,,,,,,,,,,,,,,,,,,,,,,,,,,,,,,,,,,,,,,,,,,,,,,,,,,,,,,,,,,,,,,,,,,,,,
,,,,,,,,,,,,,COVID-19-related registries with a specific coinfection or comorbitidy of interest and host/pathogen OMICs data,0,0,,,,,,,,,,,,,,,,,,,,,,,,,,,,,,,,,,,,,,,,,,,,,,,,,,,,,,,,,,,,,,,,,,,,,,,,,,,,,,,,,,,,,,,,,,,,,,,,,,,,
,,,,,,,,,,,,,,,,,,,,,,,,,,,,,,,,,,Use the same eCRF,,,,,,,,,,,,,,,,,,,,,,,,,,,,,,,,,,,,,,,,,,,,,,,,,,,,,,,,,,,,,,,,,,,,,,,,,,,,,,,,,
,,,,,,,,24,,,,,,,21,,,,,,,,,,,,,,,,,,,,,,,,,,,,,,,,,,,,,,,,,,,,,,,,,,,,,,,,,,,,,,,,,,,,,,,,,,,,,,,,,,,,,,,,,,,,,,,,,,,,
,,,,,,,,0,,,,,,,,,,,,,,,,,,,,,,,,,,,,,,,,,,,,,,,,,,,,,,,,,,,,,,,,,,,,,,,,,,,,,,,,,,,,,,,,,,,,,,,,,,,,,,,,,,,,,,,,,,,