cord_uid,doi,sha,pdf_json_files,pmc_json_files,title,trigger_terms,appositive_phrases
02opdk0m,10.1093/nar/gkp278,b411e12b20d883ef2ee5ca19d48eff9fccedf05f,document_parses/pdf_json/b411e12b20d883ef2ee5ca19d48eff9fccedf05f.json,document_parses/pmc_json/PMC2703908.xml.json,CVTree update: a newly designed phylogenetic study platform using composition vectors and whole genomes,platform,CVTree update: a newly designed phylogenetic study platform
b66bb2ri,10.1093/nar/gkq1013,f7c0f747be302193f876a3d3ddf1e14098090e75,document_parses/pdf_json/f7c0f747be302193f876a3d3ddf1e14098090e75.json,document_parses/pmc_json/PMC3013642.xml.json,PhEVER: a database for the global exploration of virus–host evolutionary relationships,database,PhEVER: a database
ppzxvykb,10.1093/nar/gkr1064,2a17719f2c1d211a651060441bda8bc1c052e2aa,document_parses/pdf_json/2a17719f2c1d211a651060441bda8bc1c052e2aa.json,document_parses/pmc_json/PMC3245074.xml.json,ELM—the database of eukaryotic linear motifs,database,ELM—the database
s50g754b,10.3390/s120201648,7b00b9f04112c671d8c31227d31b3fea7ca10c7e,document_parses/pdf_json/7b00b9f04112c671d8c31227d31b3fea7ca10c7e.json,document_parses/pmc_json/PMC3304132.xml.json,Protein Reporter Bioassay Systems for the Phenotypic Screening of Candidate Drugs: A Mouse Platform for Anti-Aging Drug Screening,Platform,Protein Reporter Bioassay Systems for the Phenotypic Screening of Candidate Drugs: A Mouse Platform
nebf6u0z,10.1371/journal.pone.0042972,bf0e3ed6e8fa4adbfacbf76e9fa2f5aa1ccdef19,document_parses/pdf_json/bf0e3ed6e8fa4adbfacbf76e9fa2f5aa1ccdef19.json,document_parses/pmc_json/PMC3434151.xml.json,The VNTR Polymorphism of the DC-SIGNR Gene and Susceptibility to HIV-1 Infection: A Meta-Analysis,Meta-Analysis,The VNTR Polymorphism of the DC-SIGNR Gene and Susceptibility to HIV-1 Infection: A Meta-Analysis
d65r6q69,10.7555/jbr.28.20130162,22212b4c01be73b039da9396b7d20fb4a3429cb5,document_parses/pdf_json/22212b4c01be73b039da9396b7d20fb4a3429cb5.json,document_parses/pmc_json/PMC4250527.xml.json,"Associations of IFN-γ rs2430561 T/A, IL28B rs12979860 C/T and ERα rs2077647 T/C polymorphisms with outcomes of hepatitis B virus infection: a meta-analysis",meta-analysis,T/C polymorphisms with outcomes of hepatitis B virus infection: a meta-analysis
hmgmsviu,10.1093/nar/gkw1030,1c3abd60f3deefb350c36d0f51ba2ae27eff56b5,document_parses/pdf_json/1c3abd60f3deefb350c36d0f51ba2ae27eff56b5.json,document_parses/pmc_json/PMC5210529.xml.json,IMG/VR: a database of cultured and uncultured DNA Viruses and retroviruses,database,IMG/VR: a database
m9hmv8c8,10.1186/s13018-018-0836-8,6ccce7b6fb9a213959f56ae465bb75ad130d6c9a,document_parses/pdf_json/6ccce7b6fb9a213959f56ae465bb75ad130d6c9a.json,document_parses/pmc_json/PMC6031173.xml.json,Accuracy of MRI diagnosis of early osteonecrosis of the femoral head: a meta-analysis and systematic review,meta-analysis,Accuracy of MRI diagnosis of early osteonecrosis of the femoral head: a meta-analysis
p3gytbcr,10.1097/md.0000000000011876,5e93750f999d2d9a74e43f51d61de527957e8502,document_parses/pdf_json/5e93750f999d2d9a74e43f51d61de527957e8502.json,document_parses/pmc_json/PMC6155963.xml.json,The association between transforming growth factor beta1 polymorphism and susceptibility to pulmonary fibrosis: A meta-analysis (MOOSE compliant),meta-analysis,The association between transforming growth factor beta1 polymorphism and susceptibility to pulmonary fibrosis: A meta-analysis
hp8psl4s,10.3389/fphys.2018.01684,a69fd3fb91451692a0d45c306bd5c8c7dbc9debd,document_parses/pdf_json/a69fd3fb91451692a0d45c306bd5c8c7dbc9debd.json,document_parses/pmc_json/PMC6287043.xml.json,Lipid Transporter Activity-Related Genetic Polymorphisms Are Associated With Steroid-Induced Osteonecrosis of the Femoral Head: An Updated Meta-Analysis Based on the GRADE Guidelines,Meta-Analysis,-Related Genetic Polymorphisms Are Associated With Steroid-Induced Osteonecrosis of the Femoral Head: An Updated Meta-Analysis
a04veokb,10.1017/s0950268818002832,b03c7f6241f74f5934ebec0287004bf9ff784922,document_parses/pdf_json/b03c7f6241f74f5934ebec0287004bf9ff784922.json,document_parses/pmc_json/PMC6518565.xml.json,Association between rs12252 and influenza susceptibility and severity: an updated meta-analysis,meta-analysis,Association between rs12252 and influenza susceptibility and severity: an updated meta-analysis
bbupvms3,10.1186/s12931-020-1287-4,0aabcea32d4be54d0ebb50b8702ae26091b4b771,document_parses/pdf_json/0aabcea32d4be54d0ebb50b8702ae26091b4b771.json,document_parses/pmc_json/PMC6958940.xml.json,Neuromuscular blocking agents for acute respiratory distress syndrome: an updated meta-analysis of randomized controlled trials,meta-analysis,Neuromuscular blocking agents for acute respiratory distress syndrome: an updated meta-analysis
hceyy9w7,10.1186/s13054-020-2765-2,d6383dad32d5b375938a5adede9d482aa5174e98,document_parses/pdf_json/d6383dad32d5b375938a5adede9d482aa5174e98.json,document_parses/pmc_json/PMC7027110.xml.json,Validation of neuromuscular blocking agent use in acute respiratory distress syndrome: a meta-analysis of randomized trials,meta-analysis,Validation of neuromuscular blocking agent use in acute respiratory distress syndrome: a meta-analysis
8akovfxy,10.1038/s41430-019-0552-4,e279e7ca3a3617b831928ad657401d783d38ca07,document_parses/pdf_json/e279e7ca3a3617b831928ad657401d783d38ca07.json,document_parses/pmc_json/PMC7222151.xml.json,"Effects of oropharyngeal administration of colostrum on the incidence of necrotizing enterocolitis, late-onset sepsis, and death in preterm infants: a meta-analysis of RCTs",meta-analysis,"Effects of oropharyngeal administration of colostrum on the incidence of necrotizing enterocolitis, late-onset sepsis, and death in preterm infants: a meta-analysis"
090yk40o,10.1038/s41430-019-0522-x,96ef14616a3f711692c24b2702e491ef5ae67b91,document_parses/pdf_json/96ef14616a3f711692c24b2702e491ef5ae67b91.json,document_parses/pmc_json/PMC7222868.xml.json,Continuous feeding versus intermittent bolus feeding for premature infants with low birth weight: a meta-analysis of randomized controlled trials,meta-analysis,Continuous feeding versus intermittent bolus feeding for premature infants with low birth weight: a meta-analysis
0keb0wkn,10.1007/s12671-020-01342-5,3261807d62d9f13ad1cbf0f53336ba857ba7913a,document_parses/pdf_json/3261807d62d9f13ad1cbf0f53336ba857ba7913a.json,document_parses/pmc_json/PMC7223423.xml.json,Effects of Mindfulness-Based Interventions on Self-compassion in Health Care Professionals: a Meta-analysis,Meta-analysis,Effects of Mindfulness-Based Interventions on Self-compassion in Health Care Professionals: a Meta-analysis
ot7es8zd,10.1007/s12028-019-00773-w,a79135fc22955a78f8756c6cbb78764e72d0d640,document_parses/pdf_json/a79135fc22955a78f8756c6cbb78764e72d0d640.json,document_parses/pmc_json/PMC7223912.xml.json,"Incidence, Risk Factors, and Outcomes of Ventilator-Associated Pneumonia in Traumatic Brain Injury: A Meta-analysis",Meta-analysis,"Incidence, Risk Factors, and Outcomes of Ventilator-Associated Pneumonia in Traumatic Brain Injury: A Meta-analysis"
f4v5vpxt,10.1007/s12519-020-00366-0,30f9f8dd4536eea9368e9214f216cf40917eddb5,document_parses/pdf_json/30f9f8dd4536eea9368e9214f216cf40917eddb5.json,,Continuous positive airway pressure in children with severe pneumonia: a meta-analysis,meta-analysis,Continuous positive airway pressure in children with severe pneumonia: a meta-analysis
fyrbe8tw,10.1093/infdis/jiz152,98588a62f2fe1124d92ec78a961ea1eaa9e44929,document_parses/pdf_json/98588a62f2fe1124d92ec78a961ea1eaa9e44929.json,document_parses/pmc_json/PMC7313925.xml.json,Neuraminidase Inhibitors and Hospital Length of Stay: A Meta-analysis of Individual Participant Data to Determine Treatment Effectiveness Among Patients Hospitalized With Nonfatal 2009 Pandemic Influenza A(H1N1) Virus Infection,Meta-analysis,Neuraminidase Inhibitors and Hospital Length of Stay: A Meta-analysis
p3mb7r0v,10.1186/s13643-020-01401-x,3597f1835f9887c8eb25073c63b70d14934e2a7d,document_parses/pdf_json/3597f1835f9887c8eb25073c63b70d14934e2a7d.json,document_parses/pmc_json/PMC7477831.xml.json,Predicting the treatment response of certolizumab for individual adult patients with rheumatoid arthritis: protocol for an individual participant data meta-analysis,individual participant data meta-analysis; meta-analysis,for an individual participant data meta-analysis
y75rxurg,10.7554/elife.56829,ac2079902c983ef223e694b6752d745635689e9b,document_parses/pdf_json/ac2079902c983ef223e694b6752d745635689e9b.json,document_parses/pmc_json/PMC7535929.xml.json,"BiteOscope, an open platform to study mosquito biting behavior",platform,"BiteOscope, an open platform"
tp3nrbab,10.1038/s41386-020-0730-z,a2efac772aa17974c58bcd3c620c53db60294ac9; 186a8a9ccd17b3b97d084f896cf06cc49cf8bcb0,document_parses/pdf_json/a2efac772aa17974c58bcd3c620c53db60294ac9.json; document_parses/pdf_json/186a8a9ccd17b3b97d084f896cf06cc49cf8bcb0.json,document_parses/pmc_json/PMC7608351.xml.json,Opioid antagonists are associated with a reduction in the symptoms of schizophrenia: a meta-analysis of controlled trials,meta-analysis,Opioid antagonists are associated with a reduction in the symptoms of schizophrenia: a meta-analysis
zer1m4b6,10.1186/s12913-020-05903-1,bc190aebd0b4483225d4152abbc66f0595953a5f,document_parses/pdf_json/bc190aebd0b4483225d4152abbc66f0595953a5f.json,document_parses/pmc_json/PMC7677098.xml.json,Incident reports involving hospital administrative staff: analysis of data from the Japan Council for Quality Health care nationwide database,database,administrative staff: analysis of data from the Japan Council for Quality Health care nationwide database
41i9h3vq,10.1186/s12931-020-01574-y,389c02f9857ae25574c27ba639a3ab9ca1e594f9,document_parses/pdf_json/389c02f9857ae25574c27ba639a3ab9ca1e594f9.json,document_parses/pmc_json/PMC7677103.xml.json,The efficacy of mesenchymal stromal cell-derived therapies for acute respiratory distress syndrome—a meta-analysis of preclinical trials,meta-analysis,acute respiratory distress syndrome—a meta-analysis
4nmhla54,10.1093/nar/gkaa925,fbf6c5c60242ad4e92275e4969396045e48be008,document_parses/pdf_json/fbf6c5c60242ad4e92275e4969396045e48be008.json,document_parses/pmc_json/PMC7778973.xml.json,ThermoMutDB: a thermodynamic database for missense mutations,database,ThermoMutDB: a thermodynamic database
55by1rdf,10.1042/bsr20203624,f629def71e7146fe6e142d1f277d4cb58a436602,document_parses/pdf_json/f629def71e7146fe6e142d1f277d4cb58a436602.json,document_parses/pmc_json/PMC7786348.xml.json,Effects of physical activity on the progression of diabetic nephropathy: a meta-analysis,meta-analysis,Effects of physical activity on the progression of diabetic nephropathy: a meta-analysis
78lhhkc6,10.1016/j.asjsur.2021.02.015,228d33c3f4aa85fd8c4c809689ee64e9be44fef7,document_parses/pdf_json/228d33c3f4aa85fd8c4c809689ee64e9be44fef7.json,document_parses/pmc_json/PMC7979445.xml.json,Effect of perioperative mechanical ventilation strategies on postoperative pulmonary complications in patients undergoing thoracic surgery:a Meta-analysis,Meta-analysis,Effect of perioperative mechanical ventilation strategies on postoperative pulmonary complications in patients undergoing thoracic surgery:a Meta-analysis
kv5s7t8r,10.1161/circoutcomes.120.007187,3347778b7c4288bb26ec371847f9fd39aa021401,document_parses/pdf_json/3347778b7c4288bb26ec371847f9fd39aa021401.json,document_parses/pmc_json/PMC7982132.xml.json,Practical Application of Patient-Reported Health Status Measures for Transcatheter Valve Therapies: Insights From the Society of Thoracic Surgeons/American College of Cardiology Transcatheter Valve Therapies Registry,Registry,Valve Therapies: Insights From the Society of Thoracic Surgeons/American College of Cardiology Transcatheter Valve Therapies Registry
q7dwp3ow,10.3389/fpsyg.2021.582421,d1a7e07f8ad8a90aaee8a9489a0fc2b0ad3e81cd,document_parses/pdf_json/d1a7e07f8ad8a90aaee8a9489a0fc2b0ad3e81cd.json,document_parses/pmc_json/PMC8008126.xml.json,How I See Me—A Meta-Analysis Investigating the Association Between Identities and Pro-environmental Behaviour,Meta-Analysis,How I See Me—A Meta-Analysis
6qg2evgx,10.7150/thno.56471,f2e19ee7a584a63ee0b10683e67357580eb0455c,document_parses/pdf_json/f2e19ee7a584a63ee0b10683e67357580eb0455c.json,document_parses/pmc_json/PMC8039946.xml.json,Development of nucleic acid aptamer-based lateral flow assays: A robust platform for cost-effective point-of-care diagnosis,platform,Development of nucleic acid aptamer-based lateral flow assays: A robust platform
4f2o4kpz,10.1093/database/baab019,abdd26c877e409c5059dd09f65f611601837c36f,document_parses/pdf_json/abdd26c877e409c5059dd09f65f611601837c36f.json,document_parses/pmc_json/PMC8060004.xml.json,APICURON: a database to credit and acknowledge the work of biocurators,database,APICURON: a database
5m79ugfs,10.1186/s13019-021-01496-w,54dc37f156794149fe41c7150ced3ffd736075fa,document_parses/pdf_json/54dc37f156794149fe41c7150ced3ffd736075fa.json,document_parses/pmc_json/PMC8072735.xml.json,Risk factors of postoperative delirium after cardiac surgery: a meta-analysis,meta-analysis,Risk factors of postoperative delirium after cardiac surgery: a meta-analysis
84q3nh4y,10.1186/s12879-021-06064-0,875801c570b50fd4fbb7890aecc91f1fb098ffc2,document_parses/pdf_json/875801c570b50fd4fbb7890aecc91f1fb098ffc2.json,document_parses/pmc_json/PMC8072745.xml.json,"Diagnostic value of neutrophil CD64, procalcitonin, and interleukin-6 in sepsis: a meta-analysis",meta-analysis,"procalcitonin, and interleukin-6 in sepsis: a meta-analysis"
jpmwiqqz,10.1007/s00246-021-02644-8,63eee6239123658eadc2f76672e6138a11b32942,document_parses/pdf_json/63eee6239123658eadc2f76672e6138a11b32942.json,document_parses/pmc_json/PMC8162158.xml.json,Transfusion Strategies for Pediatric Cardiac Surgery: A Meta-Analysis and Trial Sequential Analysis,Meta-Analysis,Cardiac Surgery: A Meta-Analysis
yd44ojke,10.3390/jcm10112448,97732fd43ad7a033142ce40ce7f92683ecd2b642,document_parses/pdf_json/97732fd43ad7a033142ce40ce7f92683ecd2b642.json,document_parses/pmc_json/PMC8198834.xml.json,Repetitive Negative Thinking and Eating Disorders: A Meta-Analysis of the Role of Worry and Rumination,Meta-Analysis,Repetitive Negative Thinking and Eating Disorders: A Meta-Analysis
mxzp050s,10.1136/openhrt-2021-001687,92a57f5552b26301ca364147484724e0bedd46f6,document_parses/pdf_json/92a57f5552b26301ca364147484724e0bedd46f6.json,document_parses/pmc_json/PMC8191629.xml.json,Efficacy of interventions to increase physical activity for people with heart failure: a meta-analysis,meta-analysis,Efficacy of interventions to increase physical activity for people with heart failure: a meta-analysis
gt46n849,10.7759/cureus.15269,17f00fe4c631d04ee575a39419776acea706fd99,document_parses/pdf_json/17f00fe4c631d04ee575a39419776acea706fd99.json,document_parses/pmc_json/PMC8234363.xml.json,The Use of Vancomycin Versus Teicoplanin in Treating Febrile Neutropenia: A Meta-Analysis and Systematic Review,Meta-Analysis,The Use of Vancomycin Versus Teicoplanin in Treating Febrile Neutropenia: A Meta-Analysis
ifmz7lkl,10.1093/database/baab041,eae5f02086accfa27355ad46c2515cb76d719c57,document_parses/pdf_json/eae5f02086accfa27355ad46c2515cb76d719c57.json,document_parses/pmc_json/PMC8271126.xml.json,TIDB: a comprehensive database of trained immunity,database,TIDB: a comprehensive database
c0gpkv8p,10.1590/1518.8345.4281.3389,f11c5911b5841905fffc284f16b53808608a5199,document_parses/pdf_json/f11c5911b5841905fffc284f16b53808608a5199.json,document_parses/pmc_json/PMC8294794.xml.json,Effectiveness of health education in the self-care and adherence of patients with heart failure: a meta-analysis,meta-analysis,Effectiveness of health education in the self-care and adherence of patients with heart failure: a meta-analysis
q7rmmj04,10.1186/s13054-021-03692-5,,,document_parses/pmc_json/PMC8330173.xml.json,Correction to: Effects of early extubation followed by noninvasive ventilation versus standard extubation on the duration of invasive mechanical ventilation in hypoxemic non-hypercapnic patients: a systematic review and individual patient data meta-analysis of randomized controlled trials,meta-analysis,Correction to: Effects of early extubation followed by noninvasive ventilation versus standard extubation on the duration of invasive mechanical ventilation in hypoxemic non-hypercapnic patients: a systematic review and individual patient data meta-analysis
bqs95yqm,10.3389/fphar.2021.694741,94c99900d7c852deb9774d9eb8f8fc8a97bd7c06,document_parses/pdf_json/94c99900d7c852deb9774d9eb8f8fc8a97bd7c06.json,document_parses/pmc_json/PMC8353248.xml.json,Chinese Herbal Medicine for Irritable Bowel Syndrome: A Meta-Analysis and Trial Sequential Analysis of Randomized Controlled Trials,Meta-Analysis,Chinese Herbal Medicine for Irritable Bowel Syndrome: A Meta-Analysis
77zmc74i,10.1371/journal.pone.0256480,a266ebc2c525b4326a60fab4404f40584c3d963f,document_parses/pdf_json/a266ebc2c525b4326a60fab4404f40584c3d963f.json,document_parses/pmc_json/PMC8412363.xml.json,The prevalence and clinical features of pulmonary embolism in patients with AE-COPD: A meta-analysis and systematic review,meta-analysis,with AE-COPD: A meta-analysis
nspxfgl0,10.1186/s13019-021-01634-4,7ca4c8ea542cab0b48a22d446623ca60933b0b53,document_parses/pdf_json/7ca4c8ea542cab0b48a22d446623ca60933b0b53.json,document_parses/pmc_json/PMC8441241.xml.json,Liberal or conservative oxygen therapy for ventilated patients in the ICU: a meta-analysis of randomized controlled trials,meta-analysis,or conservative oxygen therapy for ventilated patients in the ICU: a meta-analysis
kda7al44,10.1161/strokeaha.120.033910,aba4812a3066fd659ae4c8602cc8c333204dcfec,document_parses/pdf_json/aba4812a3066fd659ae4c8602cc8c333204dcfec.json,document_parses/pmc_json/PMC8478106.xml.json,Association of Oral Anticoagulation With Stroke in Atrial Fibrillation or Heart Failure: A Comparative Meta-Analysis,Meta-Analysis,Association of Oral Anticoagulation With Stroke in Atrial Fibrillation or Heart Failure: A Comparative Meta-Analysis
24ci4glz,10.1245/s10434-021-10857-7,b87c94ef836ccf7c7c0cfd2f4c1cae6de963770f,document_parses/pdf_json/b87c94ef836ccf7c7c0cfd2f4c1cae6de963770f.json,document_parses/pmc_json/PMC8493945.xml.json,Comparison Between Wedge Resection and Lobectomy/Segmentectomy for Early-Stage Non-small Cell Lung Cancer: A Bayesian Meta-analysis and Systematic Review,Meta-analysis,Comparison Between Wedge Resection and Lobectomy/Segmentectomy for Early-Stage Non-small Cell Lung Cancer: A Bayesian Meta-analysis
s92dqw28,10.1093/database/baab065,feedc7b6118722a4f8f28db1cc84b5fb1a29b4a6,document_parses/pdf_json/feedc7b6118722a4f8f28db1cc84b5fb1a29b4a6.json,document_parses/pmc_json/PMC8516408.xml.json,HBFP: a new repository for human body fluid proteome,repository,HBFP: a new repository
owy8a5m8,10.1186/s40560-021-00578-0,9aa66cb51330c02eb7210cc61d9cfbbcbd795108,document_parses/pdf_json/9aa66cb51330c02eb7210cc61d9cfbbcbd795108.json,document_parses/pmc_json/PMC8517294.xml.json,Efficacy of probiotics in the prevention of diarrhea in ventilated critically ill ICU patients: meta-analysis of randomized control trials: author’s reply,meta-analysis,Efficacy of probiotics in the prevention of diarrhea in ventilated critically ill ICU patients: meta-analysis
9cw9fz3j,10.1186/s40560-021-00567-3,83862e8af048fd4aa2e0089c96d629147593b3e4,document_parses/pdf_json/83862e8af048fd4aa2e0089c96d629147593b3e4.json,document_parses/pmc_json/PMC8517300.xml.json,Efficacy of probiotics in the prevention of diarrhea in ventilated critically ill ICU patients: meta-analysis of randomized control trials,meta-analysis,Efficacy of probiotics in the prevention of diarrhea in ventilated critically ill ICU patients: meta-analysis
4ufrirlx,10.1097/md.0000000000027270,11ccd8a9e9bfefe6755a947434f740752f20dc4d,document_parses/pdf_json/11ccd8a9e9bfefe6755a947434f740752f20dc4d.json,document_parses/pmc_json/PMC8542155.xml.json,MRI versus CT for the detection of pulmonary nodules: A meta-analysis,meta-analysis,MRI versus CT for the detection of pulmonary nodules: A meta-analysis
2jbmncmk,10.1016/j.chest.2021.04.054,cdf0505d49efe8209b5ab004c8be4b40e3c05135,document_parses/pdf_json/cdf0505d49efe8209b5ab004c8be4b40e3c05135.json,document_parses/pmc_json/PMC8546241.xml.json,CT Findings and Patterns of e-Cigarette or Vaping Product Use-Associated Lung Injury: A Multicenter Cohort of 160 Cases,Multicenter Cohort,CT Findings and Patterns of e-Cigarette or Vaping Product Use-Associated Lung Injury: A Multicenter Cohort
0dag3gyw,10.1093/bioinformatics/btab570,ba07514dad1cccbb5265e036659ff3a779a4e4e4,document_parses/pdf_json/ba07514dad1cccbb5265e036659ff3a779a4e4e4.json,document_parses/pmc_json/PMC8570810.xml.json,NetControl4BioMed: a web-based platform for controllability analysis of protein–protein interaction networks,platform,NetControl4BioMed: a web-based platform
9da89nbg,10.1016/j.jtcme.2021.07.005,,,document_parses/pmc_json/PMC8572703.xml.json,"HerBChain, a blockchain-based informative platform for quality assurance and quality control of herbal products",platform,"HerBChain, a blockchain-based informative platform"
qclrbqzm,10.3390/vaccines9111245,5eb72e32647777d47158292d9a18f56d6435cff3,document_parses/pdf_json/5eb72e32647777d47158292d9a18f56d6435cff3.json,document_parses/pmc_json/PMC8618863.xml.json,"Potential Applications of Microparticulate-Based Bacterial Outer Membrane Vesicles (OMVs) Vaccine Platform for Sexually Transmitted Diseases (STDs): Gonorrhea, Chlamydia, and Syphilis",Platform,Bacterial Outer Membrane Vesicles (OMVs) Vaccine Platform
mnxchg8m,10.1177/10760296211063882,da7294e7ac566f6374b72cbe06357306c2076dd7,document_parses/pdf_json/da7294e7ac566f6374b72cbe06357306c2076dd7.json,document_parses/pmc_json/PMC8655473.xml.json,Medical Adjuvant Therapy in Reducing Thrombosis With Arteriovenous Grafts and Fistulae Use: A Meta-Analysis of Randomized Controlled Trials,Meta-Analysis,Medical Adjuvant Therapy in Reducing Thrombosis With Arteriovenous Grafts and Fistulae Use: A Meta-Analysis
cvxcg6fe,10.1016/j.mtbio.2021.100186,8c5b16990e135cea6c6e6a10d5db42bd4d69cbfc,document_parses/pdf_json/8c5b16990e135cea6c6e6a10d5db42bd4d69cbfc.json,,Smart/stimuli-responsive hydrogels: Cutting-edge platforms for tissue engineering and other biomedical applications,platforms,stimuli-responsive hydrogels: Cutting-edge platforms
yz244h21,10.3389/fphar.2021.659707,a3494a81320209fc95248591dc82cfbb6c48af2d,document_parses/pdf_json/a3494a81320209fc95248591dc82cfbb6c48af2d.json,document_parses/pmc_json/PMC8669995.xml.json,Efficacy and Safety of Traditional Chinese Medicine Injections for Heart Failure With Reduced Ejection Fraction: A Bayesian Network Meta-Analysis of Randomized Controlled Trials,Meta-Analysis,Efficacy and Safety of Traditional Chinese Medicine Injections for Heart Failure With Reduced Ejection Fraction: A Bayesian Network Meta-Analysis
rx4sc0t2,10.2196/33335,45ef032c9f887f6140a3030003467287d8ff6297,document_parses/pdf_json/45ef032c9f887f6140a3030003467287d8ff6297.json,document_parses/pmc_json/PMC8663581.xml.json,A Virtual Community for Disability Advocacy: Development of a Searchable Artificial Intelligence–Supported Platform,Platform,a Searchable Artificial Intelligence–Supported Platform
pv9jbm1s,10.1097/md.0000000000027750,69fe54efebd0858b41a71d0b4c5c9bec4c85da25,document_parses/pdf_json/69fe54efebd0858b41a71d0b4c5c9bec4c85da25.json,document_parses/pmc_json/PMC8718206.xml.json,Physicians’ religious/spiritual characteristics and their behavior regarding religiosity and spirituality in clinical practice: A meta-analysis of individual participant data,meta-analysis,religious/spiritual characteristics and their behavior regarding religiosity and spirituality in clinical practice: A meta-analysis
i5qpc7p4,10.1093/database/baab079,1a507c40035388a4b41e6916490afc33745b6137,document_parses/pdf_json/1a507c40035388a4b41e6916490afc33745b6137.json,document_parses/pmc_json/PMC8725190.xml.json,iCAV: an integrative database of cancer-associated viruses,database,iCAV: an integrative database
qnkqfou0,10.1093/nar/gkab1083,c93ca509387f79fb88bf19d74c8595a2c7bb2aee,document_parses/pdf_json/c93ca509387f79fb88bf19d74c8595a2c7bb2aee.json,document_parses/pmc_json/PMC8728126.xml.json,MODOMICS: a database of RNA modification pathways. 2021 update,database,MODOMICS: a database
ttnhuj8n,10.1093/nar/gkab986,538e504b9f723b59dce41f60ee2c931e43bdc123,document_parses/pdf_json/538e504b9f723b59dce41f60ee2c931e43bdc123.json,document_parses/pmc_json/PMC8728229.xml.json,RPS: a comprehensive database of RNAs involved in liquid–liquid phase separation,database,RPS: a comprehensive database
2213qf7h,10.1038/s41408-021-00598-x,26c87a4bc977ec1143f44da796a92aabc79aabfc,document_parses/pdf_json/26c87a4bc977ec1143f44da796a92aabc79aabfc.json,document_parses/pmc_json/PMC8728708.xml.json,Efficacy of front-line immunochemotherapy for follicular lymphoma: a network meta-analysis of randomized controlled trials,meta-analysis,Efficacy of front-line immunochemotherapy for follicular lymphoma: a network meta-analysis
w2t0b1ef,10.3390/cells11010091,5d22232f418643e4f181f82c3c5035a9626ea04b,document_parses/pdf_json/5d22232f418643e4f181f82c3c5035a9626ea04b.json,document_parses/pmc_json/PMC8750486.xml.json,Current Status and Future Perspectives on Machine Perfusion: A Treatment Platform to Restore and Regenerate Injured Lungs Using Cell and Cytokine Adsorption Therapy,Platform,Status and Future Perspectives on Machine Perfusion: A Treatment Platform
1w50a5sd,10.4081/ejtm.2021.10107,13e11cc598adc19a153271fb3e393e80ed98387e,document_parses/pdf_json/13e11cc598adc19a153271fb3e393e80ed98387e.json,document_parses/pmc_json/PMC8758963.xml.json,HIV infection and increased risk of COVID-19 mortality: A Meta-Analysis,Meta-Analysis,HIV infection and increased risk of COVID-19 mortality: A Meta-Analysis
1bql0ukh,10.1161/strokeaha.121.035187,f5a49dbb78f4c3e12410c849c7fb70df640db915; f910273d005d037f8b9ba6f739d324ab40e301a6,document_parses/pdf_json/f5a49dbb78f4c3e12410c849c7fb70df640db915.json; document_parses/pdf_json/f910273d005d037f8b9ba6f739d324ab40e301a6.json,document_parses/pmc_json/PMC8785514.xml.json,Sex Difference and Rupture Rate of Intracranial Aneurysms: An Individual Patient Data Meta-Analysis,Meta-Analysis,Difference and Rupture Rate of Intracranial Aneurysms: An Individual Patient Data Meta-Analysis
qi6xbphb,10.1097/md.0000000000028535,16f0d504967424bd7c5da2aa4405af2563b6bcf9,document_parses/pdf_json/16f0d504967424bd7c5da2aa4405af2563b6bcf9.json,document_parses/pmc_json/PMC8797486.xml.json,The application of ambroxol hydrochloride combined with fiberoptic bronchoscopy in elderly patients with severe pneumonia: A meta-analysis and systematic review,meta-analysis,The application of ambroxol hydrochloride combined with fiberoptic bronchoscopy in elderly patients with severe pneumonia: A meta-analysis
f0s6baik,10.3389/fmed.2021.814566,949b2c23c3b15c5489604d5035a264e8c5bc4962,document_parses/pdf_json/949b2c23c3b15c5489604d5035a264e8c5bc4962.json,document_parses/pmc_json/PMC8804204.xml.json,A Simple Weaning Model Based on Interpretable Machine Learning Algorithm for Patients With Sepsis: A Research of MIMIC-IV and eICU Databases,Databases,A Simple Weaning Model Based on Interpretable Machine Learning Algorithm for Patients With Sepsis: A Research of MIMIC-IV and eICU Databases
k3nz41kc,10.1093/nargab/lqac005,1be57466c27416dbb0f955e67264fc0ed4145d87,document_parses/pdf_json/1be57466c27416dbb0f955e67264fc0ed4145d87.json,document_parses/pmc_json/PMC8826781.xml.json,HKG: an open genetic variant database of 205 Hong Kong cantonese exomes,database,HKG: an open genetic variant database
a92wzmd1,10.1016/j.heliyon.2022.e08911,e4b1a5277e11bca8dc08232f565a841e1fdb1fea,document_parses/pdf_json/e4b1a5277e11bca8dc08232f565a841e1fdb1fea.json,document_parses/pmc_json/PMC8841366.xml.json,Drivers of digital transformation adoption: A weight and meta-analysis,meta-analysis,Drivers of digital transformation adoption: A weight and meta-analysis
nmfkoyvn,10.1155/2022/2671343,b20c63edd6ef638f79df455c1aac691dd9de7cf9,document_parses/pdf_json/b20c63edd6ef638f79df455c1aac691dd9de7cf9.json,document_parses/pmc_json/PMC8853789.xml.json,The Improvement of Cardiac and Endothelial Functions of Xue-Fu-Zhu-Yu Decoction for Patients with Acute Coronary Syndrome: A Meta-Analysis of Randomized Controlled Trials,Meta-Analysis,The Improvement of Cardiac and Endothelial Functions of Xue-Fu-Zhu-Yu Decoction for Patients with Acute Coronary Syndrome: A Meta-Analysis
831ia14i,10.1161/strokeaha.121.035216,5a91eb7f04ae271abcc365f3f7cc32a129af2105; 39ea0cb9db7b47bf3b0766ae6ab8da1756ca0098,document_parses/pdf_json/5a91eb7f04ae271abcc365f3f7cc32a129af2105.json; document_parses/pdf_json/39ea0cb9db7b47bf3b0766ae6ab8da1756ca0098.json,document_parses/pmc_json/PMC8884127.xml.json,"Dosage, Intensity, and Frequency of Language Therapy for Aphasia: A Systematic Review–Based, Individual Participant Data Network Meta-Analysis",Meta-Analysis,"Dosage, Intensity, and Frequency of Language Therapy for Aphasia: A Systematic Review–Based, Individual Participant Data Network Meta-Analysis"
n3wu0kb4,10.3390/nano12050778,7c7fbee3f7f68b28b692035fc88f6dd83a326eb7,document_parses/pdf_json/7c7fbee3f7f68b28b692035fc88f6dd83a326eb7.json,document_parses/pmc_json/PMC8911807.xml.json,Engineered Nanotechnology: An Effective Therapeutic Platform for the Chronic Cutaneous Wound,Platform,Engineered Nanotechnology: An Effective Therapeutic Platform
oml7uixm,10.1371/journal.pone.0265085,c02844bb45861b14820d55a8d27a475cf4548252,document_parses/pdf_json/c02844bb45861b14820d55a8d27a475cf4548252.json,document_parses/pmc_json/PMC8912150.xml.json,Efficacy of propylthiouracil in the treatment of pregnancy with hyperthyroidism and its effect on pregnancy outcomes: A meta-analysis,meta-analysis,Efficacy of propylthiouracil in the treatment of pregnancy with hyperthyroidism and its effect on pregnancy outcomes: A meta-analysis
bek6we4i,10.1001/jamapsychiatry.2022.0100,,,,Socioeconomic Indicators of Treatment Prognosis for Adults With Depression: A Systematic Review and Individual Patient Data Meta-analysis,Meta-analysis,Socioeconomic Indicators of Treatment Prognosis for Adults With Depression: A Systematic Review and Individual Patient Data Meta-analysis
cb71o228,10.3390/ijms23084430,370783ad9693bbffe4d2a5af5ed0d6ba38252340,document_parses/pdf_json/370783ad9693bbffe4d2a5af5ed0d6ba38252340.json,document_parses/pmc_json/PMC9024992.xml.json,Non-Coding RNAs in Tuberculosis Epidemiology: Platforms and Approaches for Investigating the Genome’s Dark Matter,Platforms,Non-Coding RNAs in Tuberculosis Epidemiology: Platforms
1fy7y487,10.18332/tid/146905,8fe31c4426432289948ed5e9619748d99cb6da6e,document_parses/pdf_json/8fe31c4426432289948ed5e9619748d99cb6da6e.json,document_parses/pmc_json/PMC8996217.xml.json,Association between prenatal or postpartum exposure to tobacco smoking and allergic rhinitis in the offspring: An updated meta-analysis of nine cohort studies,meta-analysis,Association between prenatal or postpartum exposure to tobacco smoking and allergic rhinitis in the offspring: An updated meta-analysis
8w4m1iu4,10.1038/s41598-022-10569-2,88ef0f6e75ed7ac93b9c9b8e68811fd2f7b2f660,document_parses/pdf_json/88ef0f6e75ed7ac93b9c9b8e68811fd2f7b2f660.json,,Prevalence and effect of Plasmodium spp. and hookworm co-infection on malaria parasite density and haemoglobin level: a meta-analysis,meta-analysis,Prevalence and effect of Plasmodium spp. and hookworm co-infection on malaria parasite density and haemoglobin level: a meta-analysis
l6eabqrc,10.1186/s12884-022-04690-3,75d6face8ad8a7a5db2cb58d5c9454a834166631,document_parses/pdf_json/75d6face8ad8a7a5db2cb58d5c9454a834166631.json,document_parses/pmc_json/PMC9055740.xml.json,The incidence of gestational diabetes mellitus among women with polycystic ovary syndrome: a meta-analysis of longitudinal studies,meta-analysis,The incidence of gestational diabetes mellitus among women with polycystic ovary syndrome: a meta-analysis
ipkrqbp1,10.3390/ijerph19095164,c95feeb812b1e22dda029ba5844f9edeb880c1ea,document_parses/pdf_json/c95feeb812b1e22dda029ba5844f9edeb880c1ea.json,document_parses/pmc_json/PMC9103874.xml.json,Time Spent on Social Media and Risk of Depression in Adolescents: A Dose–Response Meta-Analysis,Meta-Analysis,Adolescents: A Dose–Response Meta-Analysis
2qhi64p4,10.3389/fphar.2022.854292,fc311013c7531d2fa9341532ec456dc06de53f91,document_parses/pdf_json/fc311013c7531d2fa9341532ec456dc06de53f91.json,document_parses/pmc_json/PMC9117623.xml.json,Evidence and Characteristics of Traditional Chinese Medicine for Coronary Heart Disease Patients With Anxiety or Depression: A Meta-Analysis and Systematic Review,Meta-Analysis,Evidence and Characteristics of Traditional Chinese Medicine for Coronary Heart Disease Patients With Anxiety or Depression: A Meta-Analysis
3xuf456o,10.1007/s11356-022-19312-w,,,,Correction to: Mapping the knowledge of green consumption: a meta-analysis,meta-analysis,: Mapping the knowledge of green consumption: a meta-analysis
ijitms6y,10.1177/00048674211031486,225d2741010dfdf225a4c59adb8ade2605055b92,document_parses/pdf_json/225d2741010dfdf225a4c59adb8ade2605055b92.json,document_parses/pmc_json/PMC9131419.xml.json,Dietary patterns and internalizing symptoms in children and adolescents: A meta-analysis,meta-analysis,Dietary patterns and internalizing symptoms in children and adolescents: A meta-analysis
27h60z6m,10.1007/s11739-021-02919-1,0bcbcec921eaed4f28ef627db321819b04ca7d62,document_parses/pdf_json/0bcbcec921eaed4f28ef627db321819b04ca7d62.json,document_parses/pmc_json/PMC9135863.xml.json,Length of stay as quality indicator in emergency departments: analysis of determinants in the German Emergency Department Data Registry (AKTIN registry),registry,Emergency Department Data Registry (AKTIN registry
wts1a0t7,10.3390/mi13050682,048fde6b9cba28cd3c49d0a07823fc23fac126cc,document_parses/pdf_json/048fde6b9cba28cd3c49d0a07823fc23fac126cc.json,document_parses/pmc_json/PMC9144081.xml.json,"Early Notice Pointer, an IoT-like Platform for Point-of-Care Feet and Body Balance Screening",Platform,"Early Notice Pointer, an IoT-like Platform"
6kqnzkap,10.3390/tropicalmed7050065,216b96817b9214e640a50825366cd77051be38ef,document_parses/pdf_json/216b96817b9214e640a50825366cd77051be38ef.json,document_parses/pmc_json/PMC9145978.xml.json,Time Trend Analysis of Tuberculosis Treatment While Using Digital Adherence Technologies—An Individual Patient Data Meta-Analysis of Eleven Projects across Ten High Tuberculosis-Burden Countries,Meta-Analysis,Using Digital Adherence Technologies—An Individual Patient Data Meta-Analysis
hqy247cb,10.3390/ph15050565,dfc40a20c9f300d0ca44189a169d24aaeb004699,document_parses/pdf_json/dfc40a20c9f300d0ca44189a169d24aaeb004699.json,document_parses/pmc_json/PMC9146999.xml.json,A Focus on Abuse/Misuse and Withdrawal Issues with Selective Serotonin Reuptake Inhibitors (SSRIs): Analysis of Both the European EMA and the US FAERS Pharmacovigilance Databases,Databases,Selective Serotonin Reuptake Inhibitors (SSRIs): Analysis of Both the European EMA and the US FAERS Pharmacovigilance Databases
ypviren7,10.1016/j.bpj.2018.11.1007,,,,The SARS-CoV Fusion Peptide Forms an Extended Bipartite Fusion Platform that Perturbs Membrane Order in a Calcium-Dependent Manner,Platform,CoV Fusion Peptide Forms an Extended Bipartite Fusion Platform
1q9g19bs,10.1007/978-1-84882-285-6_1,c6f13290eb430f42bf08b57081e4a7dc79142399,document_parses/pdf_json/c6f13290eb430f42bf08b57081e4a7dc79142399.json,,Avida: A Software Platform for Research in Computational Evolutionary Biology,Platform,Avida: A Software Platform
xc4ae7c1,10.1007/978-3-642-39215-3_44,cea5280a48f1135f27d0a76572fc18e1a47692f7,document_parses/pdf_json/cea5280a48f1135f27d0a76572fc18e1a47692f7.json,,Mo-Buzz: Socially-Mediated Collaborative Platform for Ubiquitous Location Based Service,Platform,Mo-Buzz: Socially-Mediated Collaborative Platform
czqzsppq,10.1007/978-1-4939-1417-3_9,a065f219244a30fbfe0008ab3ca4ebb2a535a34d,document_parses/pdf_json/a065f219244a30fbfe0008ab3ca4ebb2a535a34d.json,document_parses/pmc_json/PMC7121566.xml.json,"Virus-Like Particles, a Versatile Subunit Vaccine Platform",Platform,"Virus-Like Particles, a Versatile Subunit Vaccine Platform"
veygbs1f,10.1007/0-387-32892-0_25,f623d9a234bd5de15e8c446774bc4671263c1add,document_parses/pdf_json/f623d9a234bd5de15e8c446774bc4671263c1add.json,,Bead-Based Flow Cytometric Assays: A Multiplex Assay Platform with Applications in Diagnostic Microbiology,Platform,Based Flow Cytometric Assays: A Multiplex Assay Platform
q3gj4raw,10.1007/978-3-642-12079-4_26,ec169902ebae6235510a3ece2c73946f9a278ec0,document_parses/pdf_json/ec169902ebae6235510a3ece2c73946f9a278ec0.json,,Gryphon: A Hybrid Agent-Based Modeling and Simulation Platform for Infectious Diseases,Platform,Gryphon: A Hybrid Agent-Based Modeling and Simulation Platform
1smox6p8,10.1007/978-3-030-49461-2_38,d85cd91a550bfdb5555c1f2a6ade739053b23d06,document_parses/pdf_json/d85cd91a550bfdb5555c1f2a6ade739053b23d06.json,document_parses/pmc_json/PMC7250617.xml.json,Piveau: A Large-Scale Open Data Management Platform Based on Semantic Web Technologies,Platform,Piveau: A Large-Scale Open Data Management Platform
gscm0v1d,10.1186/s12916-020-01592-z,26842341f67cf3c0f8265ae466161fb9cb24bb54; ed88d4e5b6d6287e6898818776c92f77f71a2872,document_parses/pdf_json/26842341f67cf3c0f8265ae466161fb9cb24bb54.json; document_parses/pdf_json/ed88d4e5b6d6287e6898818776c92f77f71a2872.json,document_parses/pmc_json/PMC7263905.xml.json,Pregnancy outcomes and risk of placental malaria after artemisinin-based and quinine-based treatment for uncomplicated falciparum malaria in pregnancy: a WorldWide Antimalarial Resistance Network systematic review and individual patient data meta-analysis,meta-analysis,and individual patient data meta-analysis
pnohfl7m,10.1186/s12889-020-08946-5,6d52f97cb057010306b87ff415a92d24bfeda388,document_parses/pdf_json/6d52f97cb057010306b87ff415a92d24bfeda388.json,document_parses/pmc_json/PMC7266116.xml.json,Another piece of the Zika puzzle: assessing the associated factors to microcephaly in a systematic review and meta-analysis,meta-analysis,Another piece of the Zika puzzle: assessing the associated factors to microcephaly in a systematic review and meta-analysis
avkh1yla,10.1007/s11695-020-04820-w,6794cbaf91662f852a957936c88028a760179d45,document_parses/pdf_json/6794cbaf91662f852a957936c88028a760179d45.json,document_parses/pmc_json/PMC7334624.xml.json,Outcomes of Bariatric Surgery in African Americans: an Analysis of the Metabolic and Bariatric Surgery Accreditation and Quality Improvement Program (MBSAQIP) Data Registry,Registry,Americans: an Analysis of the Metabolic and Bariatric Surgery Accreditation and Quality Improvement Program (MBSAQIP) Data Registry
55e6teg7,10.1007/s40259-020-00434-x,3943a9d9774266f9ae16f57f612428dd20af430f,document_parses/pdf_json/3943a9d9774266f9ae16f57f612428dd20af430f.json,document_parses/pmc_json/PMC7402079.xml.json,Designer Exosomes: A New Platform for Biotechnology Therapeutics,Platform,Designer Exosomes: A New Platform
pi259i8y,10.1007/s00607-020-00837-2,194c03adad7b37fb995b26b1bd7c0acd3958251a,document_parses/pdf_json/194c03adad7b37fb995b26b1bd7c0acd3958251a.json,document_parses/pmc_json/PMC7437110.xml.json,Ubiquitous Health Profile (UHPr): a big data curation platform for supporting health data interoperability,platform,Ubiquitous Health Profile (UHPr): a big data curation platform
7786vr0y,10.3389/fphar.2020.01260,bd1c4c4e0f4c098f0d19413cd8a6f6fd73be4bda,document_parses/pdf_json/bd1c4c4e0f4c098f0d19413cd8a6f6fd73be4bda.json,document_parses/pmc_json/PMC7485145.xml.json,Comparative Efficacy of Danshen Class Injections for Treating Acute Coronary Syndrome: A Multidimensional Bayesian Network Meta-Analysis of Randomized Controlled Trials,Meta-Analysis,Comparative Efficacy of Danshen Class Injections for Treating Acute Coronary Syndrome: A Multidimensional Bayesian Network Meta-Analysis
thlru18h,10.1002/uog.23048,,,,VP45.17: COVI‐PREG: an international COVID‐19 and pregnancy registry,registry,VP45.17: COVI‐PREG: an international COVID‐19 and pregnancy registry
3n80yc3y,10.1186/s13054-020-03438-9,2733c82c2a15c7bc0017f19cbecd49e487fad17f,document_parses/pdf_json/2733c82c2a15c7bc0017f19cbecd49e487fad17f.json,document_parses/pmc_json/PMC7787590.xml.json,Mortality in septic patients treated with vitamin C: a systematic meta-analysis,meta-analysis,Mortality in septic patients treated with vitamin C: a systematic meta-analysis
qd5i3q6k,10.1097/md.0000000000024128,4b837a7f58f50e278a9e433fbae283e3a75de2d5,document_parses/pdf_json/4b837a7f58f50e278a9e433fbae283e3a75de2d5.json,document_parses/pmc_json/PMC7837975.xml.json,Chinese herbal medicine injections (CHMIs) for chronic pulmonary heart disease: A protocol for a Bayesian network meta-analysis,meta-analysis,for a Bayesian network meta-analysis
3mt519sg,10.3390/ijerph18052375,a49cb4c40c830fd2eb4ed2a96bfca9ef9fe3f1d5,document_parses/pdf_json/a49cb4c40c830fd2eb4ed2a96bfca9ef9fe3f1d5.json,document_parses/pmc_json/PMC7967730.xml.json,The Association of Bisphenol A and Phthalates with Risk of Breast Cancer: A Meta-Analysis,Meta-Analysis,The Association of Bisphenol A and Phthalates with Risk of Breast Cancer: A Meta-Analysis
xtj3p9mz,10.1007/978-3-030-58796-3_45,ade980434c2c3d30709431aee0c1990afe19f0ac,document_parses/pdf_json/ade980434c2c3d30709431aee0c1990afe19f0ac.json,document_parses/pmc_json/PMC7972611.xml.json,EuroMath: A Web-Based Platform for Teaching of Accessible Mathematics,Platform,EuroMath: A Web-Based Platform
3ss0f6fp,10.1007/978-3-030-58811-3_50,01f53faa7c3f5c5a03226ef22f8be079fd973ea1,document_parses/pdf_json/01f53faa7c3f5c5a03226ef22f8be079fd973ea1.json,document_parses/pmc_json/PMC7974674.xml.json,Parallel Development of Comparable Photogrammetric Workflows Based on UAV Data Inside SW Platforms,Platforms,Parallel Development of Comparable Photogrammetric Workflows Based on UAV Data Inside SW Platforms
brtfiqce,10.1007/978-3-030-58802-1_61,298b732028ccb7607becb1ff58d39c21f7c8509f,document_parses/pdf_json/298b732028ccb7607becb1ff58d39c21f7c8509f.json,document_parses/pmc_json/PMC7978630.xml.json,i-CHANGE: A Platform for Managing Dockless Bike Sharing Systems,Platform,i-CHANGE: A Platform
ze0qimcn,10.1016/j.medine.2021.04.005,626cdabeb0752aba9d6acff3f16f3a3839d68ede; a3960a591eb1401ad65879bc60d162590de847fb,document_parses/pdf_json/626cdabeb0752aba9d6acff3f16f3a3839d68ede.json; document_parses/pdf_json/a3960a591eb1401ad65879bc60d162590de847fb.json,document_parses/pmc_json/PMC8084990.xml.json,Non-invasive ventilatory support in patients with COVID-19 pneumonia: A Spanish multicenter registry(),registry,-invasive ventilatory support in patients with COVID-19 pneumonia: A Spanish multicenter registry
shnb4qdh,10.1016/s0016-5085(21)01525-0,,,,Fr504 PREDICTORS OF MORTALITY OUTCOMES OF CLOSTRIDIOIDES DIFFICILE INFECTION IN THE UNITED STATES: RESULTS FROM NATIONAL INPATIENT SAMPLE DATABASE 2012 - 2017,DATABASE,Fr504 PREDICTORS OF MORTALITY OUTCOMES OF CLOSTRIDIOIDES DIFFICILE INFECTION IN THE UNITED STATES: RESULTS FROM NATIONAL INPATIENT SAMPLE DATABASE
o8rfqyw2,10.1093/bjs/znab134.286,,,,470 Could Covid-19 Change the Way We Do Clinics for The Better? A Comparison of Remote Versus Outpatient Clinic Follow-Up for Surgical Patients: A Meta-Analysis of Randomised Controlled Trials,Meta-Analysis,Better? A Comparison of Remote Versus Outpatient Clinic Follow-Up for Surgical Patients: A Meta-Analysis
m1shukzz,10.1007/s40299-021-00594-6,30fe9ba8d0c70fb86cd1258e9803a42543c4ecd6,document_parses/pdf_json/30fe9ba8d0c70fb86cd1258e9803a42543c4ecd6.json,document_parses/pmc_json/PMC8155179.xml.json,The Effects of Online Feedback on ESL/EFL Writing: A Meta-Analysis,Meta-Analysis,ESL/EFL Writing: A Meta-Analysis
wxmnx7or,10.1097/md.0000000000026524,1c6e28bf8e7180338bfd57839601d610b4411122,document_parses/pdf_json/1c6e28bf8e7180338bfd57839601d610b4411122.json,document_parses/pmc_json/PMC8294891.xml.json,Comparison of the efficacy and safety indicators of DMARDs for rheumatoid arthritis: A network meta-analysis,meta-analysis,Comparison of the efficacy and safety indicators of DMARDs for rheumatoid arthritis: A network meta-analysis
mlfsdwdi,10.1186/s40560-021-00563-7,8466f8d7c5cd156ab0c007cd928aa633ab1ba3a6,document_parses/pdf_json/8466f8d7c5cd156ab0c007cd928aa633ab1ba3a6.json,document_parses/pmc_json/PMC8295978.xml.json,Conservative oxygen therapy for critically ill patients: a meta-analysis of randomized controlled trials,meta-analysis,Conservative oxygen therapy for critically ill patients: a meta-analysis
y7htguil,10.3390/nu13072342,f207c3c803257af1ab814047fb72349d39031da6,document_parses/pdf_json/f207c3c803257af1ab814047fb72349d39031da6.json,document_parses/pmc_json/PMC8308510.xml.json,Intake of Fish and Marine n-3 Polyunsaturated Fatty Acids and Risk of Cardiovascular Disease Mortality: A Meta-Analysis of Prospective Cohort Studies,Meta-Analysis,Intake of Fish and Marine n-3 Polyunsaturated Fatty Acids and Risk of Cardiovascular Disease Mortality: A Meta-Analysis
pi13xnh2,10.1590/0100-3984.2020.0084,44b259ebb624dac8d6f36ded690e9dbc959050f6,document_parses/pdf_json/44b259ebb624dac8d6f36ded690e9dbc959050f6.json,document_parses/pmc_json/PMC8354191.xml.json,Diffusion-weighted magnetic resonance imaging for differentiating between benign and malignant thoracic lymph nodes: a meta-analysis,meta-analysis,weighted magnetic resonance imaging for differentiating between benign and malignant thoracic lymph nodes: a meta-analysis
75yxxgob,10.3389/fped.2021.713447,d1bab48cd5772958ccd055e6d1ba232109e4b932,document_parses/pdf_json/d1bab48cd5772958ccd055e6d1ba232109e4b932.json,document_parses/pmc_json/PMC8374148.xml.json,Clinical Utility of Molecular Tests for Guiding Therapeutic Decisions in Bloodstream Staphylococcal Infections: A Meta-Analysis,Meta-Analysis,Clinical Utility of Molecular Tests for Guiding Therapeutic Decisions in Bloodstream Staphylococcal Infections: A Meta-Analysis
v20gniem,10.3389/frai.2021.685298,0359f585182eab15ca602b02f380d7a624c1502b,document_parses/pdf_json/0359f585182eab15ca602b02f380d7a624c1502b.json,document_parses/pmc_json/PMC8374944.xml.json,Sysrev: A FAIR Platform for Data Curation and Systematic Evidence Review,Platform,Sysrev: A FAIR Platform
x1o86q7p,10.3389/fcvm.2021.710071,987e3406e8423e0c037ac1328014ff512db23f6f,document_parses/pdf_json/987e3406e8423e0c037ac1328014ff512db23f6f.json,document_parses/pmc_json/PMC8492974.xml.json,Sex-Specific Exposure–Effect Relationship Between Physical Activity and Incident Atrial Fibrillation in the General Population: A Dose–Response Meta-Analysis of 16 Prospective Studies,Meta-Analysis,Population: A Dose–Response Meta-Analysis
8l6ycjzi,10.3389/fbioe.2021.743322,e89a1b49317037e2054c9840b906eca0b604c1c2,document_parses/pdf_json/e89a1b49317037e2054c9840b906eca0b604c1c2.json,document_parses/pmc_json/PMC8529042.xml.json,"A CRISPR-Cas12b–Based Platform for Ultrasensitive, Rapid, and Highly Specific Detection of Hepatitis B Virus Genotypes B and C in Clinical Application",Platform,A CRISPR-Cas12b–Based Platform
z43a6fyn,10.1016/j.ssmph.2021.100955,1f918b4dbc12b0f154dd8f64c229b0101eb775f9,document_parses/pdf_json/1f918b4dbc12b0f154dd8f64c229b0101eb775f9.json,document_parses/pmc_json/PMC8581368.xml.json,"Prevalence of home birth among 880,345 women in 67 low- and middle-income countries: A meta-analysis of Demographic and Health Surveys",meta-analysis,"Prevalence of home birth among 880,345 women in 67 low- and middle-income countries: A meta-analysis"
j1d8kfok,10.3390/ijerph182312791,c759ceb8e7bee06e7e06390ea08803d1f93fa883,document_parses/pdf_json/c759ceb8e7bee06e7e06390ea08803d1f93fa883.json,document_parses/pmc_json/PMC8657667.xml.json,Effects of Physical Exercise on Women with Disabilities in South Korea: A Meta-Analysis,Meta-Analysis,Effects of Physical Exercise on Women with Disabilities in South Korea: A Meta-Analysis
nkpykilj,10.3389/fmed.2021.733724,0aba0ad53e69aa23d4721a85a0be28e3a08bcfa7,document_parses/pdf_json/0aba0ad53e69aa23d4721a85a0be28e3a08bcfa7.json,document_parses/pmc_json/PMC8662528.xml.json,Influence of Personal Protective Equipment on the Quality of Chest Compressions: A Meta-Analysis of Randomized Controlled Trials,Meta-Analysis,Influence of Personal Protective Equipment on the Quality of Chest Compressions: A Meta-Analysis
mvzskm0a,10.1016/j.lana.2021.100099,,,document_parses/pmc_json/PMC8863112.xml.json,"BIGG, the international database of GRADE Guidelines",database,"BIGG, the international database"
8cb4xhms,10.1016/j.msard.2022.103631,,,,Epidemiology of COVID-19 in Patients with MS: A Hospital-Based Registry,Registry,Epidemiology of COVID-19 in Patients with MS: A Hospital-Based Registry
b1vopzcd,10.3389/fmed.2022.875430,abb9bd5c0f64d28f1a8dd052184009e901260921,document_parses/pdf_json/abb9bd5c0f64d28f1a8dd052184009e901260921.json,document_parses/pmc_json/PMC9131026.xml.json,Obesity and Impaired Metabolic Health Increase Risk of COVID-19-Related Mortality in Young and Middle-Aged Adults to the Level Observed in Older People: The LEOSS Registry,Registry,Metabolic Health Increase Risk of COVID-19-Related Mortality in Young and Middle-Aged Adults to the Level Observed in Older People: The LEOSS Registry
scl7ipdn,10.1007/s00464-020-07758-3,,,,Endoscopic gallbladder drainage for symptomatic gallbladder disease: a cumulative systematic review meta-analysis.,meta-analysis,Endoscopic gallbladder drainage for symptomatic gallbladder disease: a cumulative systematic review meta-analysis
yobs4uvo,10.1111/jora.12569,,,,Culturally Relevant Resilience: A Psychometric Meta-Analysis of the Child and Youth Resilience Measure (CYRM).,Meta-Analysis,Culturally Relevant Resilience: A Psychometric Meta-Analysis
1c5y85w9,10.1097/hjh.0000000000001582,,,,Blood pressure response to renal denervation is correlated with baseline blood pressure variability: a patient-level meta-analysis.,meta-analysis,baseline blood pressure variability: a patient-level meta-analysis
df522wa7,10.1111/aas.13600,,,,Femoral nerve blocks for the treatment of acute prehospital pain: a systematic reviewwith meta-analysis.,meta-analysis,Femoral nerve blocks for the treatment of acute prehospital pain: a systematic reviewwith meta-analysis
yuogw6hy,10.1016/j.amjmed.2019.11.015,,,,Postponement of Death by Pharmacological Heart Failure Treatment: A Meta-Analysis of Randomized Clinical Trials.,Meta-Analysis,Postponement of Death by Pharmacological Heart Failure Treatment: A Meta-Analysis
xyy6rlyo,10.1691/ph.2020.0683,,,,Efficacy and safety of dual versus mono antiplatelet therapy in patients with stroke or transient ischemic attack: An updated meta-analysis of 18 randomized controlled trials.,meta-analysis,Efficacy and safety of dual versus mono antiplatelet therapy in patients with stroke or transient ischemic attack: An updated meta-analysis
r39xo91m,10.1001/jamanetworkopen.2021.21937,,,,"Sagittal Synostosis and Its Association With Cognitive, Behavioral, and Psychological Functioning: A Meta-analysis.",Meta-analysis,"Sagittal Synostosis and Its Association With Cognitive, Behavioral, and Psychological Functioning: A Meta-analysis"
in6n5ngc,10.1016/j.ajhg.2020.08.025,,,,Cancer PRSweb: An Online Repository with Polygenic Risk Scores for Major Cancer Traits and Their Evaluation in Two Independent Biobanks.,Repository,Cancer PRSweb: An Online Repository
gfcsrbk9,10.1186/s10194-021-01267-x,,,,MAB-MIG: registry of the spanish neurological society of erenumab for migraine prevention.,registry,MAB-MIG: registry
hv947usv,10.1136/neurintsurg-2018-013834,,,,Direct mechanical thrombectomy in tPA-ineligible and -eligible patients versus the bridging approach: a meta-analysis.,meta-analysis,versus the bridging approach: a meta-analysis
5ponl3eo,10.1016/j.surge.2020.06.014,,,,"The safety, feasibility, and cost-effectiveness of early laparoscopic cholecystectomy for patients with mild acute biliary pancreatitis: A meta-analysis.",meta-analysis,"The safety, feasibility, and cost-effectiveness of early laparoscopic cholecystectomy for patients with mild acute biliary pancreatitis: A meta-analysis"
t1b2faxi,10.3760/cma.j.cn501113-20200224-00067,,,,[Clinical features and outcome of treatment for novel coronavirus pneumonia: a meta-analysis].,meta-analysis,[Clinical features and outcome of treatment for novel coronavirus pneumonia: a meta-analysis
mhmhkqfx,10.1001/jamanetworkopen.2022.0595,,,,Development of Cancer Among Patients With Pediatric-Onset Inflammatory Bowel Disease: A Meta-analysis of Population-Based Studies.,Meta-analysis,Development of Cancer Among Patients With Pediatric-Onset Inflammatory Bowel Disease: A Meta-analysis
3qucotv5,10.1002/jcsm.12502,,,,"Muscle mass, strength, and physical performance predicting activities of daily living: a meta-analysis.",meta-analysis,"Muscle mass, strength, and physical performance predicting activities of daily living: a meta-analysis"
fm3k96wd,10.14245/ns.2040058.029,,,,Polyetheretherketone Versus Titanium Cages for Posterior Lumbar Interbody Fusion: Meta-Analysis and Review of the Literature.,Meta-Analysis,Polyetheretherketone Versus Titanium Cages for Posterior Lumbar Interbody Fusion: Meta-Analysis
mwsrfedz,10.7189/jogh.10.010409,,,,Psychosocial interventions for intimate partner violence in low and middle income countries: A meta-analysis of randomised controlled trials.,meta-analysis,Psychosocial interventions for intimate partner violence in low and middle income countries: A meta-analysis
anhsximm,10.1001/jama.2016.13647,,,,Time to Treatment With Endovascular Thrombectomy and Outcomes From Ischemic Stroke: A Meta-analysis.,Meta-analysis,Time to Treatment With Endovascular Thrombectomy and Outcomes From Ischemic Stroke: A Meta-analysis
sh8b9d6m,10.1016/j.otohns.2010.03.018,,,,Hemostasis in thyroid surgery: harmonic scalpel versus other techniques--a meta-analysis.,meta-analysis,scalpel versus other techniques--a meta-analysis
3fr58w17,10.26355/eurrev_202112_27435,,,,"Neuropsychological adverse drug reactions of Remdesivir: analysis using VigiBase, the WHO global database of individual case safety reports.",database,": analysis using VigiBase, the WHO global database"
epppma1z,10.1111/jch.13220,,,,"Subjective sleep quality, blood pressure, and hypertension: a meta-analysis.",meta-analysis,"pressure, and hypertension: a meta-analysis"
wywi11b5,10.19540/j.cnki.cjcmm.20200312.401,,,,[TCMATCOV--a bioinformatics platform to predict efficacy of TCM against COVID-19].,platform,[TCMATCOV--a bioinformatics platform
w6xj7nue,10.2176/nmc.oa.2019-0267,,,,Trends in Endovascular Reperfusion Therapy for Acute Stroke after Introduction of Mechanical Thrombectomy Devices: Japanese Registry of NeuroEndovascular Therapy (JR-NET)3.,Registry,Trends in Endovascular Reperfusion Therapy for Acute Stroke after Introduction of Mechanical Thrombectomy Devices: Japanese Registry
y4hxfxeo,10.1111/jch.13896,,,,Age-related difference of the association of cardiovascular risk factors with the cardio-ankle vascular index in the Cardiovascular Prognostic Coupling Study in Japan (the Coupling Registry).,Registry,Cardiovascular Prognostic Coupling Study in Japan (the Coupling Registry
yc8oeowr,10.1097/md.0000000000020947,,,,"Role of psychotherapy on antenatal depression, anxiety, and maternal quality of life: A meta-analysis.",meta-analysis,"Role of psychotherapy on antenatal depression, anxiety, and maternal quality of life: A meta-analysis"
t2fcb9n7,10.3389/fneur.2021.786065,,,,Academic Performance of Children With Sickle Cell Disease in the United States: A Meta-Analysis.,Meta-Analysis,Academic Performance of Children With Sickle Cell Disease in the United States: A Meta-Analysis
upsowo6s,10.1186/s13287-021-02496-2,,,,Mesenchymal stem cell therapy in pulmonary fibrosis: a meta-analysis of preclinical studies.,meta-analysis,Mesenchymal stem cell therapy in pulmonary fibrosis: a meta-analysis
1nzxaki4,10.1080/10641955.2022.2046050,,,,"Letter by Lu et al regarding article, ""the role of aspirin dose and initiation time in the prevention of preeclampsia and corresponding complications: a meta-analysis of RCTs"".",meta-analysis,", ""the role of aspirin dose and initiation time in the prevention of preeclampsia and corresponding complications: a meta-analysis"
fy0lbdfo,10.1097/meg.0000000000001953,,,,Liver injury could be associated with severe disease in COVID-19 patients: a meta-analysis.,meta-analysis,Liver injury could be associated with severe disease in COVID-19 patients: a meta-analysis
vdvaqesm,10.3389/fonc.2021.642382,,,,Cognitive Effects and Depression Associated With Taxane-Based Chemotherapy in Breast Cancer Survivors: A Meta-Analysis.,Meta-Analysis,Cognitive Effects and Depression Associated With Taxane-Based Chemotherapy in Breast Cancer Survivors: A Meta-Analysis
ikrs1k76,10.1016/j.jacc.2015.10.103,,,,Outcomes in Patients With Transcatheter Aortic Valve Replacement and Left Main Stenting: The TAVR-LM Registry.,Registry,Outcomes in Patients With Transcatheter Aortic Valve Replacement and Left Main Stenting: The TAVR-LM Registry
rp2m5pq8,10.1016/j.joca.2010.02.016,,,,Structure-modifying effects of chondroitin sulfate in knee osteoarthritis: an updated meta-analysis of randomized placebo-controlled trials of 2-year duration.,meta-analysis,Structure-modifying effects of chondroitin sulfate in knee osteoarthritis: an updated meta-analysis
37trayir,10.1111/sms.13567,,,,The ability of exercise to meaningfully improve glucose tolerance in people living with prediabetes: A meta-analysis.,meta-analysis,The ability of exercise to meaningfully improve glucose tolerance in people living with prediabetes: A meta-analysis
an9t0194,10.1186/s13018-020-02097-4,,,,Association between metabolic syndrome and venous thromboembolism after total joint arthroplasty: a meta-analysis of cohort studies.,meta-analysis,Association between metabolic syndrome and venous thromboembolism after total joint arthroplasty: a meta-analysis
lrly6cx0,10.1038/s41398-022-01949-3,,,,Neural correlates of co-occurring pain and depression: an activation-likelihood estimation (ALE) meta-analysis and systematic review.,meta-analysis,likelihood estimation (ALE) meta-analysis
3bpoa9my,10.1542/peds.2016-3003,,,,Efficacy and Safety of Nonoperative Treatment for Acute Appendicitis: A Meta-analysis.,Meta-analysis,Efficacy and Safety of Nonoperative Treatment for Acute Appendicitis: A Meta-analysis
92c8jvba,10.1080/09537104.2020.1786039,,,,Efficacy and safety of short-term 1-3 months versus standard 12 months dual antiplatelet therapy in patients undergoing percutaneous coronary intervention: a meta-analysis of randomized clinical trials.,meta-analysis,Efficacy and safety of short-term 1-3 months versus standard 12 months dual antiplatelet therapy in patients undergoing percutaneous coronary intervention: a meta-analysis
8xf6gy2m,10.2215/cjn.12901018,,,,Duration of Dual Antiplatelet Therapy in Patients with CKD and Drug-Eluting Stents: A Meta-Analysis.,Meta-Analysis,Duration of Dual Antiplatelet Therapy in Patients with CKD and Drug-Eluting Stents: A Meta-Analysis
zb3w2saq,10.1080/07481187.2021.1889097,,,,The relationship between fear of COVID-19 and mental health problems: A meta-analysis.,meta-analysis,The relationship between fear of COVID-19 and mental health problems: A meta-analysis
yt7xnkaf,10.1371/journal.pmed.1003120,,,,Sugary drink warnings: A meta-analysis of experimental studies.,meta-analysis,Sugary drink warnings: A meta-analysis
ekrnlk6x,10.2337/dc17-1985,,,,Effect of the Duodenal-Jejunal Bypass Liner on Glycemic Control in Patients With Type 2 Diabetes With Obesity: A Meta-analysis With Secondary Analysis on Weight Loss and Hormonal Changes.,Meta-analysis,Effect of the Duodenal-Jejunal Bypass Liner on Glycemic Control in Patients With Type 2 Diabetes With Obesity: A Meta-analysis
hisfva13,10.1136/thoraxjnl-2020-215613,,,,Nasal versus oronasal masks for home non-invasive ventilation in patients with chronic hypercapnia: a systematic review and individual participant data meta-analysis.,individual participant data; individual participant data meta-analysis,Nasal versus oronasal masks for home non-invasive ventilation in patients with chronic hypercapnia: a systematic review and individual participant data
tn9wq7ei,10.1007/s11325-020-02069-2,,,,Electrical stimulation as a therapeutic approach in obstructive sleep apnea - a meta-analysis.,meta-analysis,in obstructive sleep apnea - a meta-analysis
fg5wy1cp,10.1002/pon.5148,,,,Interventions to Enhance Self-Efficacy in Cancer Patients: A Meta-Analysis of Randomized Controlled Trials.,Meta-Analysis,Interventions to Enhance Self-Efficacy in Cancer Patients: A Meta-Analysis
t5b2av0x,10.26355/eurrev_202011_23632,,,,Arrhythmia in patients with severe coronavirus disease (COVID-19): a meta-analysis.,meta-analysis,with severe coronavirus disease (COVID-19): a meta-analysis
f35rcwh2,10.1080/02763869.2021.1873639,,,,LitCovid: A Database of Coronavirus Research.,Database,LitCovid: A Database
u27lpvxv,10.4414/smw.2020.20277,,,,icumonitoring.ch: a platform for short-term forecasting of intensive care unit occupancy during the COVID-19 epidemic in Switzerland.,platform,icumonitoring.ch: a platform
f5qdh1um,10.1111/ejn.14987,,,,Cortical neurophysiology of primary isolated dystonia and non-dystonic adults: a meta-analysis.,meta-analysis,Cortical neurophysiology of primary isolated dystonia and non-dystonic adults: a meta-analysis
mj15wtfo,10.4314/ahs.v21i1.36,,,,The impact of selenium administration on severe sepsis or septic shock: a meta-analysis of randomized controlled trials.,meta-analysis,The impact of selenium administration on severe sepsis or septic shock: a meta-analysis
2071y2x8,10.1161/circoutcomes.120.006967,,,,The American Heart Association COVID-19 CVD Registry powered by Get With The Guidelines®.,Registry,American Heart Association COVID-19 CVD Registry
9agn2xmo,10.26355/eurrev_202101_24685,,,,Epidemiological features of coronavirus disease 2019 in children: a meta-analysis.,meta-analysis,Epidemiological features of coronavirus disease 2019 in children: a meta-analysis
l1uymtut,10.1002/cncr.33269,,,,Comparative efficacy of chemoimmunotherapy versus immunotherapy for advanced non-small cell lung cancer: A network meta-analysis of randomized trials.,meta-analysis,Comparative efficacy of chemoimmunotherapy versus immunotherapy for advanced non-small cell lung cancer: A network meta-analysis
we6fh8ba,10.3233/ch-200978,,,,Elevated fibrinogen and fibrin degradation product are associated with poor outcome in COVID-19 patients: A meta-analysis.,meta-analysis,Elevated fibrinogen and fibrin degradation product are associated with poor outcome in COVID-19 patients: A meta-analysis
a44wjve7,10.3233/bmr-200161,,,,The factors of non-specific chronic low back pain in nurses: A meta-analysis.,meta-analysis,The factors of non-specific chronic low back pain in nurses: A meta-analysis
i4nyzx15,10.2165/00007256-200939060-00004,,,,The antidepressive effects of exercise: a meta-analysis of randomized trials.,meta-analysis,The antidepressive effects of exercise: a meta-analysis
v0qvwoeg,10.1093/bjsopen/zrab147,,,,Objective improvement with coronary anastomosis simulation training: meta-analysis.,meta-analysis,Objective improvement with coronary anastomosis simulation training: meta-analysis
iheqnvoc,10.1007/s11886-020-01333-x,,,,Comparison of Mitral Valve Replacement and Repair for Degenerative Mitral Regurgitation: a Meta-analysis and Implications for Transcatheter Mitral Procedures.,Meta-analysis,Comparison of Mitral Valve Replacement and Repair for Degenerative Mitral Regurgitation: a Meta-analysis
6qkhy8a9,10.1089/aid.2020.0307,,,,Human Immunodeficiency Virus (HIV) and outcomes from coronavirus disease 2019 (COVID-19) pneumonia: A Meta-Analysis and Meta-Regression.,Meta-Analysis,Human Immunodeficiency Virus (HIV) and outcomes from coronavirus disease 2019 (COVID-19) pneumonia: A Meta-Analysis
zc6hnnkp,10.1177/1553350608324933,,,,Operative time and other outcomes of the electrothermal bipolar vessel sealing system (LigaSure) versus other methods for surgical hemostasis: a meta-analysis.,meta-analysis,Operative time and other outcomes of the electrothermal bipolar vessel sealing system (LigaSure) versus other methods for surgical hemostasis: a meta-analysis
9ximzjpf,10.1080/08958378.2017.1346006,,,,Long-term use of inhaled corticosteroids and risk of upper respiratory tract infection in chronic obstructive pulmonary disease: a meta-analysis.,meta-analysis,chronic obstructive pulmonary disease: a meta-analysis
eqxa9q9n,10.1111/cea.13773,,,,The relationship between severe or dead COVID-19 and asthma: a meta-analysis.,meta-analysis,The relationship between severe or dead COVID-19 and asthma: a meta-analysis
bcf3eliz,10.1007/s00415-020-10178-x,,,,Efficacy of acupuncture for migraine prophylaxis: a trial sequential meta-analysis.,meta-analysis,Efficacy of acupuncture for migraine prophylaxis: a trial sequential meta-analysis
sjc9bmat,10.1136/tobaccocontrol-2021-056717,,,,Associations of tobacco retailer density and proximity with adult tobacco use behaviours and health outcomes: a meta-analysis.,meta-analysis,Associations of tobacco retailer density and proximity with adult tobacco use behaviours and health outcomes: a meta-analysis
w9bzaov9,10.1002/ehf2.12974,,,,Efficacy and safety of sacubitril-valsartan in heart failure: a meta-analysis of randomized controlled trials.,meta-analysis,Efficacy and safety of sacubitril-valsartan in heart failure: a meta-analysis
z3rfy4bz,10.1177/1747493019879655,,,,Fluoxetine for stroke recovery: Meta-analysis of randomized controlled trials.,Meta-analysis,Fluoxetine for stroke recovery: Meta-analysis
fah2veak,10.1136/bmj.k949,,,,"Endovascular treatment for acute ischaemic stroke in routine clinical practice: prospective, observational cohort study (MR CLEAN Registry).",Registry,", observational cohort study (MR CLEAN Registry"
ro65ujpb,10.1213/ane.0000000000005671,,,,Inflammatory Biomarker Levels After Propofol or Sevoflurane Anesthesia: A Meta-analysis.,Meta-analysis,Inflammatory Biomarker Levels After Propofol or Sevoflurane Anesthesia: A Meta-analysis
oib13teq,10.1111/ane.13476,,,,In-hospital systems interventions in acute stroke reperfusion therapy: a meta-analysis.,meta-analysis,-hospital systems interventions in acute stroke reperfusion therapy: a meta-analysis
jbhze1c6,10.1136/archdischild-2020-319791,,,,Incidence of SARS-CoV-2 vertical transmission: a meta-analysis.,meta-analysis,Incidence of SARS-CoV-2 vertical transmission: a meta-analysis
c6dr3v31,10.4314/ahs.v20i4.34,,,,Association between APOC3 polymorphisms and non-alcoholic fatty liver disease risk: a meta-analysis.,meta-analysis,Association between APOC3 polymorphisms and non-alcoholic fatty liver disease risk: a meta-analysis
xdwy5vho,10.1111/liv.14658,,,,Normal Liver Stiffness and Influencing Factors in Healthy Children: An Individual Participant Data Meta-analysis.,Individual Participant Data Meta-analysis; Meta-analysis,Normal Liver Stiffness and Influencing Factors in Healthy Children: An Individual Participant Data Meta-analysis
hwek68ha,10.1186/s12871-020-01147-y,,,,Efficacy of non-opioid analgesics to control postoperative pain: a network meta-analysis.,meta-analysis,Efficacy of non-opioid analgesics to control postoperative pain: a network meta-analysis
ocbhfak8,10.1111/resp.14150_13,,,,P1-13: Effect of bromhexine among COVID-19 patients - A meta-analysis.,meta-analysis,-13: Effect of bromhexine among COVID-19 patients - A meta-analysis
soggmwfc,10.3389/fneur.2018.00801,,,,First-Line A Direct Aspiration First-Pass Technique vs. First-Line Stent Retriever for Acute Ischemic Stroke Therapy: A Meta-Analysis.,Meta-Analysis,First-Pass Technique vs. First-Line Stent Retriever for Acute Ischemic Stroke Therapy: A Meta-Analysis
efsc1nlw,10.2105/ajph.2007.124610,,,,Effect of hand hygiene on infectious disease risk in the community setting: a meta-analysis.,meta-analysis,Effect of hand hygiene on infectious disease risk in the community setting: a meta-analysis
8sbcqiml,10.1007/s00132-019-03710-z,,,,Percutaneous endoscopic lumbar discectomy for LDH via a transforaminal approach versus an interlaminar approach: a meta-analysis.,meta-analysis,versus an interlaminar approach: a meta-analysis
44lgjd2g,10.1007/s00384-012-1537-0,,,,Single-incision laparoscopic colectomy versus conventional multiport laparoscopic colectomy: a meta-analysis of comparative studies.,meta-analysis,-incision laparoscopic colectomy versus conventional multiport laparoscopic colectomy: a meta-analysis
66bfaj9a,10.1016/j.genhosppsych.2020.04.001,,,,The prevalence of depression in men who have sex with men (MSM) living with HIV: A meta-analysis of comparative and epidemiological studies.,meta-analysis,The prevalence of depression in men who have sex with men (MSM) living with HIV: A meta-analysis
k7smwz6w,10.1002/aur.2499,,,,Prenatal maternal infection and risk for autism in offspring: A meta-analysis.,meta-analysis,Prenatal maternal infection and risk for autism in offspring: A meta-analysis
pgxb665h,10.1186/s12877-020-01741-2,,,,The protocol of a clinical quality registry for dementia and mild cognitive impairment (MCI): the Australian dementia network (ADNeT) Registry.,Registry,a clinical quality registry for dementia and mild cognitive impairment (MCI): the Australian dementia network (ADNeT) Registry
78g9codr,10.1111/ijcp.14739,,,,Pneumococcal vaccine effect on hospitalization rates of pneumonia in children: A meta-analysis.,meta-analysis,Pneumococcal vaccine effect on hospitalization rates of pneumonia in children: A meta-analysis
g5ftdku9,10.1001/jamacardio.2020.4511,,,,Association of SGLT2 Inhibitors With Cardiovascular and Kidney Outcomes in Patients With Type 2 Diabetes: A Meta-analysis.,Meta-analysis,Association of SGLT2 Inhibitors With Cardiovascular and Kidney Outcomes in Patients With Type 2 Diabetes: A Meta-analysis
0oovv137,10.1001/jamaneurol.2018.4510,,,,Association of Time From Stroke Onset to Groin Puncture With Quality of Reperfusion After Mechanical Thrombectomy: A Meta-analysis of Individual Patient Data From 7 Randomized Clinical Trials.,Meta-analysis,Association of Time From Stroke Onset to Groin Puncture With Quality of Reperfusion After Mechanical Thrombectomy: A Meta-analysis
tcv1hyrv,10.1136/bmjopen-2018-026925,,,,Delayed antibiotic prescribing for respiratory tract infections: protocol of an individual patient data meta-analysis.,meta-analysis,Delayed antibiotic prescribing for respiratory tract infections: protocol of an individual patient data meta-analysis
g5hqz42w,10.1007/s10741-018-9695-y,,,,Exercise rehabilitation in ventricular assist device recipients: a meta-analysis of effects on physiological and clinical outcomes.,meta-analysis,Exercise rehabilitation in ventricular assist device recipients: a meta-analysis
kihi0kre,10.5603/cj.a2021.0060,,,,Observational analysiS of out-of-hospital Cardiac Arrest occurRence and temporal variability patterns in subpopulation of southern POLand from 2006 to 2018: OSCAR-POL registry.,registry,Observational analysiS of out-of-hospital Cardiac Arrest occurRence and temporal variability patterns in subpopulation of southern POLand from 2006 to 2018: OSCAR-POL registry
k311agia,10.1155/2020/7097243,,,,Efficiency of High-Flow Nasal Cannula on Pulmonary Rehabilitation in COPD Patients: A Meta-Analysis.,Meta-Analysis,Efficiency of High-Flow Nasal Cannula on Pulmonary Rehabilitation in COPD Patients: A Meta-Analysis
ccdfwa6n,10.1007/s00405-020-06305-z,,,,Association between the 4G/5G polymorphism of plasminogen activator inhibitor-1 (PAI-1) gene and sudden sensorineural hearing loss in Caucasian population: a meta-analysis.,meta-analysis,Association between the 4G/5G polymorphism of plasminogen activator inhibitor-1 (PAI-1) gene and sudden sensorineural hearing loss in Caucasian population: a meta-analysis
hmk6ksur,10.2967/jnumed.113.135855,,,,The efficacy of hepatic 90Y resin radioembolization for metastatic neuroendocrine tumors: a meta-analysis.,meta-analysis,The efficacy of hepatic 90Y resin radioembolization for metastatic neuroendocrine tumors: a meta-analysis
9jszy2xf,10.1245/s10434-020-09313-9,,,,Diagnostic Accuracy of Nipple Aspirate Fluid Cytology in Asymptomatic Patients: A Meta-analysis and Systematic Review of the Literature.,Meta-analysis,Diagnostic Accuracy of Nipple Aspirate Fluid Cytology in Asymptomatic Patients: A Meta-analysis
1fwzhrv6,10.1007/s11605-022-05338-5,,,,Effectiveness of Roux-en-Y Gastric Bypass vs Sleeve Gastrectomy on Lipid Levels in Type 2 Diabetes: a Meta-analysis.,Meta-analysis,Effectiveness of Roux-en-Y Gastric Bypass vs Sleeve Gastrectomy on Lipid Levels in Type 2 Diabetes: a Meta-analysis
2xwy3skg,10.1016/s1474-4422(17)30407-6,,,,Effect of general anaesthesia on functional outcome in patients with anterior circulation ischaemic stroke having endovascular thrombectomy versus standard care: a meta-analysis of individual patient data.,meta-analysis,Effect of general anaesthesia on functional outcome in patients with anterior circulation ischaemic stroke having endovascular thrombectomy versus standard care: a meta-analysis
ggyp83yf,10.1017/thg.2021.27,,,,Genetic Susceptibility to Pneumonia: A GWAS Meta-Analysis Between the UK Biobank and FinnGen.,Meta-Analysis,Genetic Susceptibility to Pneumonia: A GWAS Meta-Analysis
9fr2srih,10.1016/s0140-6736(16)00163-x,,,,Endovascular thrombectomy after large-vessel ischaemic stroke: a meta-analysis of individual patient data from five randomised trials.,meta-analysis,-vessel ischaemic stroke: a meta-analysis
jwawk6vh,10.1007/s00464-017-5487-z,,,,The use of expanding ports in laparo-endoscopic single-site surgery may cause more pain: a meta-analysis of randomized clinical trials.,meta-analysis,The use of expanding ports in laparo-endoscopic single-site surgery may cause more pain: a meta-analysis
xrz8iyfh,10.1080/02770903.2021.1881970,,,,"Asthma and COVID-19; different entities, same outcome: A meta-analysis of 107,983 patients.",meta-analysis,"Asthma and COVID-19; different entities, same outcome: A meta-analysis"
chb5zhyu,10.1186/s12866-020-01825-4,,,,Effect of donor-recipient relatedness on the plasmid conjugation frequency: a meta-analysis.,meta-analysis,Effect of donor-recipient relatedness on the plasmid conjugation frequency: a meta-analysis
b17obgty,10.1093/rheumatology/keaa286,,,,Comment on: Cytopenias among patients with rheumatic diseases using methotrexate: a meta-analysis of randomized controlled clinical trials.,meta-analysis,Comment on: Cytopenias among patients with rheumatic diseases using methotrexate: a meta-analysis
q2g2dorl,10.1038/s41598-021-03778-8,,,,Long-term macrolide treatment for non-cystic fibrosis bronchiectasis in children: a meta-analysis.,meta-analysis,-term macrolide treatment for non-cystic fibrosis bronchiectasis in children: a meta-analysis
hoe4z6mx,10.1155/2020/6748530,,,,Treatment of Diabetic Foot with Autologous Stem Cells: A Meta-Analysis of Randomized Studies.,Meta-Analysis,Treatment of Diabetic Foot with Autologous Stem Cells: A Meta-Analysis
tsatvmy6,10.1177/1524838020967346,,,,"Effectiveness of Digital Health Interventions on Unintentional Injury, Violence, and Suicide: Meta-Analysis.",Meta-Analysis,"Effectiveness of Digital Health Interventions on Unintentional Injury, Violence, and Suicide: Meta-Analysis"
d8d66dal,10.3340/jkns.2017.0505.006,,,,Endovascular Treatment with Intravenous Thrombolysis versus Endovascular Treatment Alone for Acute Anterior Circulation Stroke : A Meta-Analysis of Observational Studies.,Meta-Analysis,Endovascular Treatment with Intravenous Thrombolysis versus Endovascular Treatment Alone for Acute Anterior Circulation Stroke : A Meta-Analysis
byk05isz,10.1542/peds.2016-2454,,,,Fruit Juice and Change in BMI: A Meta-analysis.,Meta-analysis,Fruit Juice and Change in BMI: A Meta-analysis
cieir5ep,10.15252/msb.20209698,,,,CEN-tools: an integrative platform to identify the contexts of essential genes.,platform,CEN-tools: an integrative platform
s5d7y6y9,10.1007/s00590-021-03028-7,,,,Correction to: Quadriceps tendon autograft for primary ACL reconstruction: a Bayesian network meta-analysis.,meta-analysis,: Quadriceps tendon autograft for primary ACL reconstruction: a Bayesian network meta-analysis
pc450n2z,10.1161/strokeaha.120.033246,,,,Cerebral Edema in Patients With Large Hemispheric Infarct Undergoing Reperfusion Treatment: A HERMES Meta-Analysis.,Meta-Analysis,Cerebral Edema in Patients With Large Hemispheric Infarct Undergoing Reperfusion Treatment: A HERMES Meta-Analysis
7nw1wr50,10.1542/peds.2017-1645,,,,Attention-Deficit/Hyperactivity Disorder and Very Preterm/Very Low Birth Weight: A Meta-analysis.,Meta-analysis,Very Low Birth Weight: A Meta-analysis
4xq5r69a,10.3174/ajnr.a6002,,,,Treatment of Unruptured Distal Anterior Circulation Aneurysms with Flow-Diverter Stents: A Meta-Analysis.,Meta-Analysis,Treatment of Unruptured Distal Anterior Circulation Aneurysms with Flow-Diverter Stents: A Meta-Analysis
cs18hefu,10.1007/s11695-020-04437-z,,,,Comparison of Single-Incision and Conventional Laparoscopic Sleeve Gastrectomy for Morbid Obesity: a Meta-Analysis.,Meta-Analysis,Comparison of Single-Incision and Conventional Laparoscopic Sleeve Gastrectomy for Morbid Obesity: a Meta-Analysis
yvbajg3b,10.1016/j.surge.2021.02.008,,,,The efficacy of remote virtual care in comparison to traditional clinical visits for elective orthopaedic patients: A meta-analysis of prospective randomised controlled trials.,meta-analysis,The efficacy of remote virtual care in comparison to traditional clinical visits for elective orthopaedic patients: A meta-analysis
htgcwx71,10.1097/mbc.0000000000000927,,,,D-Dimer serum levels as a biomarker associated for the lethality in patients with coronavirus disease 2019: a meta-analysis.,meta-analysis,-Dimer serum levels as a biomarker associated for the lethality in patients with coronavirus disease 2019: a meta-analysis
0u6b5ba8,10.1002/bmb.21523,,,,Comparison of the influence of massive open online courses and traditional teaching methods in medical education in China: A meta-analysis.,meta-analysis,Comparison of the influence of massive open online courses and traditional teaching methods in medical education in China: A meta-analysis
kma8fbsg,10.1080/10810730.2022.2044941,,,,Interventions to Mitigate Vaping Misinformation: A Meta-Analysis.,Meta-Analysis,Interventions to Mitigate Vaping Misinformation: A Meta-Analysis
p0avlryd,10.1542/peds.2017-0352,,,,Parent-Child Interaction Therapy: A Meta-analysis.,Meta-analysis,-Child Interaction Therapy: A Meta-analysis
2yf4s197,10.1093/nar/gkaa850,,,,LncExpDB: an expression database of human long non-coding RNAs.,database,LncExpDB: an expression database
lk9egxcy,10.1111/den.12399,,,,Dexmedetomidine versus midazolam for gastrointestinal endoscopy: a meta-analysis.,meta-analysis,Dexmedetomidine versus midazolam for gastrointestinal endoscopy: a meta-analysis
7r8457ys,10.1002/pon.5261,,,,The Effectiveness of Distance-based Interventions for Smoking Cessation and Alcohol Moderation Among Cancer Survivors: a Meta-Analysis.,Meta-Analysis,The Effectiveness of Distance-based Interventions for Smoking Cessation and Alcohol Moderation Among Cancer Survivors: a Meta-Analysis
1tmgdru1,10.1016/j.phrs.2020.105192,,,,"Renal protective effects of astragaloside IV, in diabetes mellitus kidney damage animal models: A systematic review, meta-analysis.",meta-analysis,": A systematic review, meta-analysis"
724ooba3,10.1093/nar/gky965,,,,CMAUP: a database of collective molecular activities of useful plants.,database,CMAUP: a database
hq94gjvg,10.3174/ajnr.a5030,,,,Flow Diversion in Ruptured Intracranial Aneurysms: A Meta-Analysis.,Meta-Analysis,Flow Diversion in Ruptured Intracranial Aneurysms: A Meta-Analysis
f8mjob80,10.1097/mcg.0000000000001552,,,,Association Between Gastroesophageal Flap Valve and Endoscopically Diagnosed Gastroesophageal Reflux Disease According to Lyon Consensus: A Meta-analysis of Asian Studies.,Meta-analysis,Association Between Gastroesophageal Flap Valve and Endoscopically Diagnosed Gastroesophageal Reflux Disease According to Lyon Consensus: A Meta-analysis
xz2pnfho,10.12688/f1000research.36396.2,,,,Association between convalescent plasma and the risk of mortality among patients with COVID-19: a meta-analysis.,meta-analysis,Association between convalescent plasma and the risk of mortality among patients with COVID-19: a meta-analysis
2h9qsmzl,10.1093/scan/nsab043,,,,Sexual Dimorphism in Hemispheric Processing of Faces in Humans: A Meta-Analysis of 817 Cases.,Meta-Analysis,Sexual Dimorphism in Hemispheric Processing of Faces in Humans: A Meta-Analysis
8ei7rfvm,10.1161/hypertensionaha.120.15997,,,,"Associations Between Systolic Interarm Differences in Blood Pressure and Cardiovascular Disease Outcomes and Mortality: Individual Participant Data Meta-Analysis, Development and Validation of a Prognostic Algorithm: The INTERPRESS-IPD Collaboration.",Individual Participant Data Meta-Analysis; Meta-Analysis,Associations Between Systolic Interarm Differences in Blood Pressure and Cardiovascular Disease Outcomes and Mortality: Individual Participant Data Meta-Analysis
su4us5qv,10.1002/ccd.25507,,,,Outcomes of preoperative bridging therapy for patients undergoing surgery after coronary stent implantation: a weighted meta-analysis of 280 patients from eight studies.,meta-analysis,Outcomes of preoperative bridging therapy for patients undergoing surgery after coronary stent implantation: a weighted meta-analysis
pkmuz6u2,10.4314/ahs.v21i1.2,,,,The efficacy of dapagliflozin for type 1 diabetes: a meta-analysis of randomized controlled studies.,meta-analysis,for type 1 diabetes: a meta-analysis
io4ksznf,10.1161/strokeaha.115.012360,,,,Safety and Efficacy of Solitaire Stent Thrombectomy: Individual Patient Data Meta-Analysis of Randomized Trials.,Meta-Analysis,Safety and Efficacy of Solitaire Stent Thrombectomy: Individual Patient Data Meta-Analysis
bjyy74by,10.21037/jgo.2019.01.02,,,,Optimal radiation dosing in concurrent neoadjuvant chemoradiation for resectable esophageal cancer: a meta-analysis.,meta-analysis,Optimal radiation dosing in concurrent neoadjuvant chemoradiation for resectable esophageal cancer: a meta-analysis
9d8go2sl,10.1111/liv.14465,,,,Coronavirus disease 2019 and prevalence of chronic liver disease: A meta-analysis.,meta-analysis,Coronavirus disease 2019 and prevalence of chronic liver disease: A meta-analysis
ror17ybe,10.3109/13645706.2014.995675,,,,Single-incision versus conventional three-port laparoscopic appendectomy: A meta-analysis of randomized controlled trials.,meta-analysis,Single-incision versus conventional three-port laparoscopic appendectomy: A meta-analysis
navb52zq,10.1111/bcp.15251,,,,Bivalirudin versus Heparin in Pediatric and Adult Patients on Extracorporeal Membrane Oxygenation: A Meta-analysis.,Meta-analysis,Bivalirudin versus Heparin in Pediatric and Adult Patients on Extracorporeal Membrane Oxygenation: A Meta-analysis
2qvkgx8g,10.3390/cancers13092031,,,,Ductal Dilatation of ≥5 mm in Intraductal Papillary Mucinous Neoplasm Should Trigger the Consideration for Pancreatectomy: A Meta-Analysis and Systematic Review of Resected Cases.,Meta-Analysis,Should Trigger the Consideration for Pancreatectomy: A Meta-Analysis
m7hihuda,10.1177/2048872615572599,,,,"Bivalirudin versus heparin with or without glycoprotein IIb/IIIa inhibitors in patients with STEMI undergoing primary PCI: An updated meta-analysis of 10,350 patients from five randomized clinical trials.",meta-analysis,Bivalirudin versus heparin with or without glycoprotein IIb/IIIa inhibitors in patients with STEMI undergoing primary PCI: An updated meta-analysis
5m4r8lif,10.1007/s12630-018-1065-7,,,,Intraoperative cerebral oximetry-based management for optimizing perioperative outcomes: a meta-analysis of randomized controlled trials.,meta-analysis,oximetry-based management for optimizing perioperative outcomes: a meta-analysis
9x41qr7u,10.1007/s10549-019-05352-3,,,,Muscle composition and outcomes in patients with breast cancer: meta-analysis and systematic review.,meta-analysis,Muscle composition and outcomes in patients with breast cancer: meta-analysis
8l5ggfhc,10.1016/j.carrev.2020.08.011,,,,Anticoagulation with or without antiplatelet therapy following transcatheter aortic valve replacement for patients with atrial fibrillation: A meta-analysis.,meta-analysis,Anticoagulation with or without antiplatelet therapy following transcatheter aortic valve replacement for patients with atrial fibrillation: A meta-analysis
30hrby2e,10.1007/s00415-021-10724-1,,,,Risk factors of impulsive-compulsive behaviors in PD patients: a meta-analysis.,meta-analysis,Risk factors of impulsive-compulsive behaviors in PD patients: a meta-analysis
2psmsosj,10.2105/ajph.2020.305963,,,,RiskScape: A Data Visualization and Aggregation Platform for Public Health Surveillance Using Routine Electronic Health Record Data.,Platform,RiskScape: A Data Visualization and Aggregation Platform
fg69m7o0,10.1515/cclm-2020-0369,,,,"Hematologic, biochemical and immune biomarker abnormalities associated with severe illness and mortality in coronavirus disease 2019 (COVID-19): a meta-analysis.",meta-analysis,and immune biomarker abnormalities associated with severe illness and mortality in coronavirus disease 2019 (COVID-19): a meta-analysis
rcfpnezk,10.1007/s40256-021-00504-7,,,,De-escalation from Prasugrel or Ticagrelor to Clopidogrel in Patients with Acute Coronary Syndrome Managed with Percutaneous Coronary Intervention: An Updated Meta-analysis of Randomized Clinical Trials.,Meta-analysis,De-escalation from Prasugrel or Ticagrelor to Clopidogrel in Patients with Acute Coronary Syndrome Managed with Percutaneous Coronary Intervention: An Updated Meta-analysis
zic27vcb,10.4143/crt.2020.624,,,,Green Tea Consumption and Stomach Cancer Risk in Women: A Meta-analysis of Population-based Cohort Studies.,Meta-analysis,Green Tea Consumption and Stomach Cancer Risk in Women: A Meta-analysis
lboxgqnx,10.1002/hon.2959,,,,Cardiotoxicity As An Adverse Effect Of Immunomodulatory Drugs And Proteasome Inhibitors In Multiple Myeloma: A Network Meta-analysis Of Randomized Clinical Trials.,Meta-analysis,Cardiotoxicity As An Adverse Effect Of Immunomodulatory Drugs And Proteasome Inhibitors In Multiple Myeloma: A Network Meta-analysis
qit8lgd3,10.1093/bjsopen/zraa066,,,,Virtual reality simulation in robot-assisted surgery: meta-analysis of skill transfer and predictability of skill.,meta-analysis,Virtual reality simulation in robot-assisted surgery: meta-analysis
cnin2jss,10.1016/j.psyneuen.2017.08.008,,,,"Yoga, mindfulness-based stress reduction and stress-related physiological measures: A meta-analysis.",meta-analysis,"Yoga, mindfulness-based stress reduction and stress-related physiological measures: A meta-analysis"
eww9v6b6,10.1111/jns.12419,,,,Guillain-Barré syndrome associated with SARS-CoV-2 infection: a systematic review and individual participant data meta-analysis.,individual participant data; individual participant data meta-analysis,Guillain-Barré syndrome associated with SARS-CoV-2 infection: a systematic review and individual participant data
p3yxqgpp,10.1186/s12888-020-02839-y,,,,Comparative efficacy of placebos in short-term antidepressant trials for major depression: a secondary meta-analysis of placebo-controlled trials.,meta-analysis,Comparative efficacy of placebos in short-term antidepressant trials for major depression: a secondary meta-analysis
3ubdnts6,10.1111/ane.13374,,,,CTP-guided reperfusion therapy in acute ischemic stroke: a meta-analysis.,meta-analysis,-guided reperfusion therapy in acute ischemic stroke: a meta-analysis
symsz03c,10.4414/smw.2021.20524,,,,A case study of short-term forecasting during the COVID-19 pandemic: the platform icumonitoring.ch.,platform,A case study of short-term forecasting during the COVID-19 pandemic: the platform
o309as3y,10.1016/j.drudis.2021.09.018,,,,dbDNA™: an advanced platform for genetic medicines.,platform,dbDNA™: an advanced platform
mtnn8nbl,10.1136/bmjopen-2020-037566,,,,Comprehensive database and individual patient data meta-analysis of randomised controlled trials on psychotherapies reducing suicidal thoughts and behaviour: study protocol.,meta-analysis,and individual patient data meta-analysis
8lxyx7mo,10.2337/dc20-2676,,,,"Diabetes and Overweight/Obesity Are Independent, Nonadditive Risk Factors for In-Hospital Severity of COVID-19: An International, Multicenter Retrospective Meta-analysis.",Meta-analysis,"COVID-19: An International, Multicenter Retrospective Meta-analysis"
xee1o19i,10.1093/ajh/hpz182,,,,Self-monitoring of blood pressure in patients with hypertension related multi-morbidity: Systematic review and individual patient data meta-analysis.,meta-analysis,and individual patient data meta-analysis
xa8i18rp,10.1177/15459683211017501,,,,Cognitive Recovery After Stroke: A Meta-analysis and Metaregression of Intervention and Cohort Studies.,Meta-analysis,Cognitive Recovery After Stroke: A Meta-analysis
blpnqnnk,10.1038/s41380-020-00951-9,,,,"The kynurenine pathway in major depressive disorder, bipolar disorder, and schizophrenia: a meta-analysis of 101 studies.",meta-analysis,"The kynurenine pathway in major depressive disorder, bipolar disorder, and schizophrenia: a meta-analysis"
yxfuimha,10.1016/j.jad.2020.06.016,,,,The association of HTR2A polymorphisms with obsessive-compulsive disorder and its subtypes: A meta-analysis.,meta-analysis,The association of HTR2A polymorphisms with obsessive-compulsive disorder and its subtypes: A meta-analysis
o23oxzb2,10.1016/j.eclinm.2021.100836,,,,Human papillomavirus vaccination uptake in low-and middle-income countries: a meta-analysis.,meta-analysis,Human papillomavirus vaccination uptake in low-and middle-income countries: a meta-analysis
wsn05z5l,10.21037/tp-20-148,,,,The burden of respiratory syncytial virus associated with acute lower respiratory tract infections in Chinese children: a meta-analysis.,meta-analysis,The burden of respiratory syncytial virus associated with acute lower respiratory tract infections in Chinese children: a meta-analysis
jd5xhde0,10.1007/s00330-019-06171-2,,,,"Acute adverse events in cardiac MR imaging with gadolinium-based contrast agents: results from the European Society of Cardiovascular Radiology (ESCR) MRCT Registry in 72,839 patients.",Registry,contrast agents: results from the European Society of Cardiovascular Radiology (ESCR) MRCT Registry
qisv5g5z,10.1007/s00384-021-04075-6,,,,Prostate radiotherapy and the risk of secondary rectal cancer-a meta-analysis.,meta-analysis,of secondary rectal cancer-a meta-analysis
vcj00ocd,10.1186/s12882-022-02763-1,,,,The effect of renin-angiotensin-aldosterone system inhibitors on continuous and binary kidney outcomes in subgroups of patients with diabetes: a meta-analysis of randomized clinical trials.,meta-analysis,The effect of renin-angiotensin-aldosterone system inhibitors on continuous and binary kidney outcomes in subgroups of patients with diabetes: a meta-analysis
9mjl0h4f,10.1002/acn3.50909,,,,Neurologic complications after allogeneic transplantation: a meta-analysis.,meta-analysis,Neurologic complications after allogeneic transplantation: a meta-analysis
rw45sa1y,10.1007/s11136-020-02519-0,,,,Health-related quality of life scores of typically developing children and adolescents around the world: a meta-analysis with meta-regression.,meta-analysis,Health-related quality of life scores of typically developing children and adolescents around the world: a meta-analysis
y3okb387,10.3233/shti210330,,,,EARS - A WHO Platform for AI-Supported Real-Time Online Social Listening of COVID-19 Conversations.,Platform,EARS - A WHO Platform
hmef57z0,10.1016/j.schres.2021.04.002,,,,The alliance-outcome relationship in individual psychosocial treatment for schizophrenia and early psychosis: A meta-analysis.,meta-analysis,alliance-outcome relationship in individual psychosocial treatment for schizophrenia and early psychosis: A meta-analysis
z6gka0l3,10.17219/acem/146273,,,,Impact of diabetes on clinical and safety outcomes in acute ischemic stroke patients receiving reperfusion therapy: A meta-analysis.,meta-analysis,Impact of diabetes on clinical and safety outcomes in acute ischemic stroke patients receiving reperfusion therapy: A meta-analysis
t8yhbn3r,10.1016/j.neubiorev.2021.10.027,,,,Neural basis of in-group bias and prejudices: a systematic meta-analysis.,meta-analysis,Neural basis of in-group bias and prejudices: a systematic meta-analysis
clt98h93,10.1177/1073191121994164,,,,The Fear of COVID-19 Scale: A Reliability Generalization Meta-Analysis.,Meta-Analysis,The Fear of COVID-19 Scale: A Reliability Generalization Meta-Analysis
9ht5foci,10.1038/s41598-020-64405-6,,,,The diagnostic accuracy of lung auscultation in adult patients with acute pulmonary pathologies: a meta-analysis.,meta-analysis,The diagnostic accuracy of lung auscultation in adult patients with acute pulmonary pathologies: a meta-analysis
39370wul,10.1159/000487944,,,,Conventional versus Single Port Laparoscopy for the Surgical Treatment of Ectopic Pregnancy: A Meta-Analysis.,Meta-Analysis,Conventional versus Single Port Laparoscopy for the Surgical Treatment of Ectopic Pregnancy: A Meta-Analysis
e5fsutn8,10.1161/strokeaha.116.014096,,,,"Leukoaraiosis, Cerebral Hemorrhage, and Outcome After Intravenous Thrombolysis for Acute Ischemic Stroke: A Meta-Analysis (v1).",Meta-Analysis,"Leukoaraiosis, Cerebral Hemorrhage, and Outcome After Intravenous Thrombolysis for Acute Ischemic Stroke: A Meta-Analysis"
w5tosfdp,10.5582/bst.2020.03082,,,,Neuropsychiatric adverse events of chloroquine: a real-world pharmacovigilance study using the FDA Adverse Event Reporting System (FAERS) database.,database,Adverse Event Reporting System (FAERS) database
j90uhkis,10.1007/s11136-021-02858-6,,,,The handgrip strength and risk of depressive symptoms: a meta-analysis of prospective cohort studies.,meta-analysis,The handgrip strength and risk of depressive symptoms: a meta-analysis
vy85zguq,10.1177/1359105319860185,,,,Stress management interventions for multiple sclerosis: A meta-analysis of randomized controlled trials.,meta-analysis,Stress management interventions for multiple sclerosis: A meta-analysis
gskb7szp,10.1177/0885066620957596,,,,"Etomidate, Adrenal Insufficiency and Mortality Associated With Severity of Illness: A Meta-Analysis.",Meta-Analysis,"Etomidate, Adrenal Insufficiency and Mortality Associated With Severity of Illness: A Meta-Analysis"
bmx62skk,10.1097/coc.0000000000000514,,,,Effect of Neutropenic Diet on Infection Rates in Cancer Patients With Neutropenia: A Meta-analysis of Randomized Controlled Trials.,Meta-analysis,Effect of Neutropenic Diet on Infection Rates in Cancer Patients With Neutropenia: A Meta-analysis
hkbv4jtz,10.1002/jmv.26498,,,,Mortality of COVID-19 with preadmission metformin use in patients with diabetes: a meta-analysis.,meta-analysis,Mortality of COVID-19 with preadmission metformin use in patients with diabetes: a meta-analysis
xypcgpk4,10.1080/0167482x.2021.1885025,,,,Anxiety among fathers during the prenatal and postpartum period: a meta-analysis.,meta-analysis,Anxiety among fathers during the prenatal and postpartum period: a meta-analysis
nd7yw9ec,10.1039/d0an01226b,,,,RespiDisk: a point-of-care platform for fully automated detection of respiratory tract infection pathogens in clinical samples.,platform,RespiDisk: a point-of-care platform
hhxux84l,10.18087/cardio.2020.12.n1342,,,,COVID-19 management in heart transplanted recipients: registry of Almazov National Medical Research Centre.,registry,COVID-19 management in heart transplanted recipients: registry
7ur14cr5,10.1021/acs.joc.0c02433,,,,"Doubly Strapped Redox-Switchable 5,10,15,20-Tetraaryl-5,15-diazaporphyrinoids: Promising Platforms for the Evaluation of Paratropic and Diatropic Ring-Current Effects.",Platforms,"-Tetraaryl-5,15-diazaporphyrinoids: Promising Platforms"
0o4ql3zo,10.1016/j.jcin.2012.10.011,,,,"Angiographic success and procedural complications in patients undergoing percutaneous coronary chronic total occlusion interventions: a weighted meta-analysis of 18,061 patients from 65 studies.",meta-analysis,Angiographic success and procedural complications in patients undergoing percutaneous coronary chronic total occlusion interventions: a weighted meta-analysis
plgfg38n,10.1111/joim.13183,,,,Use of proton pump inhibitors and risk of adverse clinical outcomes from COVID-19: a meta-analysis.,meta-analysis,Use of proton pump inhibitors and risk of adverse clinical outcomes from COVID-19: a meta-analysis
64h9tmsb,10.3174/ajnr.a4651,,,,Endovascular Treatment of Very Small Intracranial Aneurysms: Meta-Analysis.,Meta-Analysis,Endovascular Treatment of Very Small Intracranial Aneurysms: Meta-Analysis
ke3n5ae0,10.1080/03079457.2012.751485,,,,"The required sample size in vaccination-challenge experiments with infectious bronchitis virus, a meta-analysis.",meta-analysis,"with infectious bronchitis virus, a meta-analysis"
rmx8xgqr,10.18176/jiaci.0672,,,,Efficacy and Safety of Nemolizumab for Treatment of Adult Atopic Dermatitis: A Meta-analysis of Randomized Clinical Trials.,Meta-analysis,Efficacy and Safety of Nemolizumab for Treatment of Adult Atopic Dermatitis: A Meta-analysis
fvk6j3q4,10.1159/000512208,,,,"The Collaborative Aging Research Using Technology Initiative: An Open, Sharable, Technology-Agnostic Platform for the Research Community.",Platform,"Research Using Technology Initiative: An Open, Sharable, Technology-Agnostic Platform"
sf02fdsm,10.1017/cts.2022.376,,,,The IRB Reliance Exchange (IREx): A national web-based platform for operationalizing single IRB review.,platform,The IRB Reliance Exchange (IREx): A national web-based platform
tyfgc6g1,10.23736/s2724-5985.21.02863-4,,,,Higher risk of death in COVID-19 patients complicated by gastrointestinal bleeding events: a meta-analysis.,meta-analysis,by gastrointestinal bleeding events: a meta-analysis
s1lnojzu,10.1111/nph.16933,,,,Biomes are everybody's kingdom: a platform where ecology and biogeography meet.,platform,are everybody's kingdom: a platform
f5zvu6kw,10.1038/s41598-020-72685-1,,,,Machine learning prediction in cardiovascular diseases: a meta-analysis.,meta-analysis,Machine learning prediction in cardiovascular diseases: a meta-analysis
ofqrxgug,10.1002/rcs.1713,,,,Da Vinci single site© surgical platform in clinical practice: a systematic review.,platform,Da Vinci single site© surgical platform
dq21mrbb,10.1016/j.jmb.2020.11.004,,,,PolarProtDb: a database of transmembrane and secreted proteins showing apical-basal polarity.,database,PolarProtDb: a database
cdlxzlyp,10.1002/rmv.2237,,,,Global prevalence and genotype distribution of norovirus infection in children with gastroenteritis: A meta-analysis on 6 years of research from 2015 to 2020.,meta-analysis,Global prevalence and genotype distribution of norovirus infection in children with gastroenteritis: A meta-analysis
mx921pou,10.1136/neurintsurg-2013-010887,,,,Early results of the Axium MicroFX for Endovascular Repair of IntraCranial Aneurysm (AMERICA) study: a multicenter prospective observational registry.,registry,Early results of the Axium MicroFX for Endovascular Repair of IntraCranial Aneurysm (AMERICA) study: a multicenter prospective observational registry
ii678mpi,10.1583/jevt-12-3861c.1,,,,Commentary: The MISAGO registry: a rapid-exchange superficial femoral artery stent for a rapidly expanding field.,registry,Commentary: The MISAGO registry
otmujy50,10.1007/s00423-020-01884-1,,,,Routine versus selective computed tomography in non-traumatic acute abdominal pain: meta-analysis of randomised trials.,meta-analysis,Routine versus selective computed tomography in non-traumatic acute abdominal pain: meta-analysis
fcwts0k8,10.1186/s12890-022-01828-z,,,,Concurrent chemoradiotherapy with cisplatin + S-1 versus cisplatin + other third-generation agents for locally advanced non-small-cell lung cancer: a meta-analysis of individual participant data.,meta-analysis,Concurrent chemoradiotherapy with cisplatin + S-1 versus cisplatin + other third-generation agents for locally advanced non-small-cell lung cancer: a meta-analysis
6ll6i1cr,10.1016/j.cortex.2021.11.001,,,,Cognitive and visual processing performance in Parkinson's disease patients with vs without visual hallucinations: A meta-analysis.,meta-analysis,and visual processing performance in Parkinson's disease patients with vs without visual hallucinations: A meta-analysis
j2f6xut7,10.1097/pcc.0000000000002703,,,,Levetiracetam Versus Phenytoin or Fosphenytoin for Second-Line Treatment of Pediatric Status Epilepticus: A Meta-Analysis.,Meta-Analysis,Levetiracetam Versus Phenytoin or Fosphenytoin for Second-Line Treatment of Pediatric Status Epilepticus: A Meta-Analysis
lb71tzlu,10.1016/s0140-6736(14)60584-5,,,,"Effect of treatment delay, age, and stroke severity on the effects of intravenous thrombolysis with alteplase for acute ischaemic stroke: a meta-analysis of individual patient data from randomised trials.",meta-analysis,"Effect of treatment delay, age, and stroke severity on the effects of intravenous thrombolysis with alteplase for acute ischaemic stroke: a meta-analysis"
u3s7jetw,10.3174/ajnr.a5900,,,,Y-Stent-Assisted Coiling of Wide-Neck Bifurcation Intracranial Aneurysms: A Meta-Analysis.,Meta-Analysis,Stent-Assisted Coiling of Wide-Neck Bifurcation Intracranial Aneurysms: A Meta-Analysis
0g4bojce,10.1002/mds.28632,,,,Dopamine Receptors in Parkinson's Disease: A Meta-Analysis of Imaging Studies.,Meta-Analysis,Dopamine Receptors in Parkinson's Disease: A Meta-Analysis
ulc9mm6u,10.1111/jocs.14020,,,,Outcomes after Ross procedure in adult patients: A meta-analysis and microsimulation.,meta-analysis,Outcomes after Ross procedure in adult patients: A meta-analysis
ys3dbnxm,10.1089/lap.2017.0245,,,,Single Incision Versus Conventional Laparoscopic Sleeve Gastrectomy for Morbid Obesity: A Meta-Analysis.,Meta-Analysis,Conventional Laparoscopic Sleeve Gastrectomy for Morbid Obesity: A Meta-Analysis
yomodtf2,10.1001/jamainternmed.2018.0750,,,,Economics of Palliative Care for Hospitalized Adults With Serious Illness: A Meta-analysis.,Meta-analysis,Economics of Palliative Care for Hospitalized Adults With Serious Illness: A Meta-analysis
mv0xbkko,10.1177/15533506211018671,,,,Thoracic Point-of-Care Ultrasound: A SARS-CoV-2 Data Repository for Future Artificial Intelligence and Machine Learning.,Repository,of-Care Ultrasound: A SARS-CoV-2 Data Repository
lghgl9zx,10.1136/neurintsurg-2015-011708,,,,SILK flow diverter for complex intracranial aneurysms: a Canadian registry.,registry,for complex intracranial aneurysms: a Canadian registry
48kzjh5u,10.1186/s12877-020-01723-4,,,,A call to action for delirium research: Meta-analysis and regression of delirium associated mortality.,Meta-analysis,A call to action for delirium research: Meta-analysis
37u0lgr5,10.1016/j.ejvs.2020.08.034,,,,Five Year Patient Outcomes of Endovascular Abdominal Aortic Aneurysm Repair in the ENDURANT France Registry.,Registry,Repair in the ENDURANT France Registry
kq3itfya,10.1016/j.jclinane.2020.109849,,,,Intravenous administration of dexmedetomidine and quality of recovery after elective surgery in adult patients: A meta-analysis of randomized controlled trials.,meta-analysis,Intravenous administration of dexmedetomidine and quality of recovery after elective surgery in adult patients: A meta-analysis
p26deyo0,10.1371/journal.pone.0263345,,,,A protocol for the VISION study: An indiVidual patient data meta-analysis of randomised trials comparing MRI-targeted biopsy to standard transrectal ultraSound guided bIopsy in the detection of prOstate cancer.,meta-analysis,An indiVidual patient data meta-analysis
k8q7i9cu,10.1002/clc.23436,,,,N-terminal pro-brain natriuretic peptide and short-term mortality in acute aortic dissection: A meta-analysis.,meta-analysis,-brain natriuretic peptide and short-term mortality in acute aortic dissection: A meta-analysis
w3q41awj,10.3390/nu12072005,,,,Impact of a Ketogenic Diet on Metabolic Parameters in Patients with Obesity or Overweight and with or without Type 2 Diabetes: A Meta-Analysis of Randomized Controlled Trials.,Meta-Analysis,Impact of a Ketogenic Diet on Metabolic Parameters in Patients with Obesity or Overweight and with or without Type 2 Diabetes: A Meta-Analysis
mkon6jsu,10.1093/bjsopen/zraa026,,,,Effect of remote ischaemic preconditioning on mortality and morbidity after non-cardiac surgery: meta-analysis.,meta-analysis,Effect of remote ischaemic preconditioning on mortality and morbidity after non-cardiac surgery: meta-analysis
oo2q3scc,10.1016/j.clbc.2020.07.005,,,,Comparative Effectiveness of Adjuvant Chemotherapy in Early-Stage Breast Cancer: A Network Meta-analysis.,Meta-analysis,Comparative Effectiveness of Adjuvant Chemotherapy in Early-Stage Breast Cancer: A Network Meta-analysis
i3riibnq,10.1016/s1474-4422(18)30314-4,,,,Penumbral imaging and functional outcome in patients with anterior circulation ischaemic stroke treated with endovascular thrombectomy versus medical therapy: a meta-analysis of individual patient-level data.,meta-analysis,Penumbral imaging and functional outcome in patients with anterior circulation ischaemic stroke treated with endovascular thrombectomy versus medical therapy: a meta-analysis
m25sz781,10.1136/bmjopen-2021-049255,,,,Reducing Self-harm in Adolescents. An individual participant data meta-analysis (RISA-IPD): systematic review protocol.,individual participant data; individual participant data meta-analysis; meta-analysis,. An individual participant data; An individual participant data meta-analysis
7u99v0a5,10.1016/j.eclinm.2021.101080,,,,Efficacy of pharmacologic treatment in tinnitus patients without specific or treatable origin: A network meta-analysis of randomised controlled trials.,meta-analysis,Efficacy of pharmacologic treatment in tinnitus patients without specific or treatable origin: A network meta-analysis
kbxp0f7b,10.1186/s12970-021-00463-z,,,,Effect of dietary nitrate on human muscle power: a systematic review and individual participant data meta-analysis.,individual participant data; individual participant data meta-analysis; meta-analysis,and individual participant data meta-analysis; Effect of dietary nitrate on human muscle power: a systematic review and individual participant data
niai9301,10.1097/md.0000000000020713,,,,Association between the Wilms tumor-1 rs16754 polymorphism and acute myeloid leukemia: A MOOSE-compliant meta-analysis.,meta-analysis,Association between the Wilms tumor-1 rs16754 polymorphism and acute myeloid leukemia: A MOOSE-compliant meta-analysis
0lk0hbxs,10.1007/s40271-020-00443-6,,,,Shared Decision Making in Surgery: A Meta-Analysis of Existing Literature.,Meta-Analysis,Shared Decision Making in Surgery: A Meta-Analysis
z77y0ddx,10.20945/2359-3997000000256,,,,Type 2 diabetes as a major risk factor for COVID-19 severity: a meta-analysis.,meta-analysis,a major risk factor for COVID-19 severity: a meta-analysis
rvp17vku,10.1007/s00384-020-03666-z,,,,Diabetes mellitus and colorectal carcinoma outcomes: a meta-analysis.,meta-analysis,and colorectal carcinoma outcomes: a meta-analysis
br7776ui,10.1002/cncr.34211,,,,Impact of autologous transplantation on survival in patients with newly diagnosed multiple myeloma who have high-risk cytogenetics: A meta-analysis of randomized controlled trials.,meta-analysis,Impact of autologous transplantation on survival in patients with newly diagnosed multiple myeloma who have high-risk cytogenetics: A meta-analysis
f1bk9ryq,10.1097/psy.0000000000001043,,,,Psychosocial intervention in chronic obstructive pulmonary disease: meta-analysis of randomized controlled trials.,meta-analysis,Psychosocial intervention in chronic obstructive pulmonary disease: meta-analysis
xo47a9rs,10.1039/c7cs00877e,,,,Peptide and protein nanoparticle conjugates: versatile platforms for biomedical applications.,platforms,Peptide and protein nanoparticle conjugates: versatile platforms
xcyz0xil,10.1002/eat.23009,,,,Anorexia nervosa and perfectionism: A meta-analysis.,meta-analysis,Anorexia nervosa and perfectionism: A meta-analysis
usslrio6,10.3855/jidc.13256,,,,"Secondary attack rates of COVID-19 in diverse contact settings, a meta-analysis.",meta-analysis,"Secondary attack rates of COVID-19 in diverse contact settings, a meta-analysis"
qhykjwew,10.1016/j.iccn.2021.103028,,,,Meta-analysis of diagnostic test accuracy: Just another meta-analysis?,meta-analysis,Meta-analysis of diagnostic test accuracy: Just another meta-analysis
o76jstf1,10.1186/s40798-019-0197-9,,,,The Demands of Professional Rugby League Match-Play: a Meta-analysis.,Meta-analysis,League Match-Play: a Meta-analysis
1j22dl9x,10.1097/aco.0000000000000965,,,,"Atrial appendage angiotensin-converting enzyme-2, aging and cardiac surgical patients: a platform for understanding aging-related coronavirus disease-2019 vulnerabilities.",platform,"appendage angiotensin-converting enzyme-2, aging and cardiac surgical patients: a platform"
5mvw6sql,10.1016/j.jad.2016.12.032,,,,Characterization of brain blood flow and the amplitude of low-frequency fluctuations in major depressive disorder: A multimodal meta-analysis.,meta-analysis,flow and the amplitude of low-frequency fluctuations in major depressive disorder: A multimodal meta-analysis
6nshel2s,10.1007/s00277-020-04062-x,,,,Risk of kidney toxicity with carfilzomib in multiple myeloma: a meta-analysis of randomized controlled trials.,meta-analysis,Risk of kidney toxicity with carfilzomib in multiple myeloma: a meta-analysis
z7wzqmaj,10.1186/s13643-020-01518-z,,,,Preoperative prognostic factors associated with postoperative delirium in older people undergoing surgery: protocol for a systematic review and individual patient data meta-analysis.,meta-analysis,and individual patient data meta-analysis
za2ceg9f,10.3389/fnhum.2022.796712,,,,Effects of Exercise on Parkinson's Disease: A Meta-Analysis of Brain Imaging Studies.,Meta-Analysis,Effects of Exercise on Parkinson's Disease: A Meta-Analysis
pknvtj3q,10.1161/hypertensionaha.120.15572,,,,Decreased Mortality of COVID-19 with Renin-Angiotensin-Aldosterone System Inhibitors Therapy in Patients with Hypertension: A Meta-Analysis.,Meta-Analysis,Decreased Mortality of COVID-19 with Renin-Angiotensin-Aldosterone System Inhibitors Therapy in Patients with Hypertension: A Meta-Analysis
59ldi8fd,10.1177/1526602820938465,,,,Bypass Grafting vs Endovascular Therapy in Patients With Non-Dialysis-Dependent Chronic Kidney Disease and Chronic Limb-Threatening Ischemia (CRITISCH Registry).,Registry,Limb-Threatening Ischemia (CRITISCH Registry
glp6h7yf,10.1161/hypertensionaha.120.16160,,,,Effect and Acceptability of Mindfulness-Based Stress Reduction Program on Patients With Elevated Blood Pressure or Hypertension: A Meta-Analysis of Randomized Controlled Trials.,Meta-Analysis,Effect and Acceptability of Mindfulness-Based Stress Reduction Program on Patients With Elevated Blood Pressure or Hypertension: A Meta-Analysis
l09oymkh,10.1097/mbc.0000000000000974,,,,Factors associated with deep venous thrombosis in patients infected with coronavirus disease 2019: a meta-analysis.,meta-analysis,Factors associated with deep venous thrombosis in patients infected with coronavirus disease 2019: a meta-analysis
3ou5dv3q,10.1055/a-1554-9236,,,,"Current Status of Cardiovascular Imaging in Germany: Structured Data from the National Certification Program, ESCR Registry, and Survey among Radiologists.",Registry,"the National Certification Program, ESCR Registry"
ixtklogx,10.1007/s10029-018-1853-6,,,,Incidence of incisional hernias following single-incision versus traditional laparoscopic surgery: a meta-analysis.,meta-analysis,following single-incision versus traditional laparoscopic surgery: a meta-analysis
cnbwa1ys,10.1007/s00384-020-03641-8,,,,An evaluation of trans-anal rectoscopic-assisted minimally invasive surgery (ARAMIS): a new platform for transanal surgery.,platform,An evaluation of trans-anal rectoscopic-assisted minimally invasive surgery (ARAMIS): a new platform
aiozhs0g,10.1093/bja/aet466,,,,Cardiac complications associated with goal-directed therapy in high-risk surgical patients: a meta-analysis.,meta-analysis,Cardiac complications associated with goal-directed therapy in high-risk surgical patients: a meta-analysis
gc05234c,10.1159/000510040,,,,Dexamethasone in Patients with Spontaneous Intracerebral Hemorrhage: An Updated Meta-Analysis.,Meta-Analysis,Dexamethasone in Patients with Spontaneous Intracerebral Hemorrhage: An Updated Meta-Analysis
hwck0x5u,10.1002/jmv.26613,,,,Saliva-based testing for diagnosis of SARS-CoV-2 infection: A meta-analysis.,meta-analysis,Saliva-based testing for diagnosis of SARS-CoV-2 infection: A meta-analysis
i4n1r1ke,10.4103/sjg.sjg_201_20,,,,The association between SNPs rs1800591 and rs3816873 of the MTTP gene and nonalcoholic fatty liver disease: A meta-analysis.,meta-analysis,The association between SNPs rs1800591 and rs3816873 of the MTTP gene and nonalcoholic fatty liver disease: A meta-analysis
1c7aefsu,10.1097/sla.0000000000003672,,,,Survival Advantage of Laparoscopic Versus Open Resection For Colorectal Liver Metastases: A Meta-analysis of Individual Patient Data From Randomized Trials and Propensity-score Matched Studies.,Meta-analysis,Survival Advantage of Laparoscopic Versus Open Resection For Colorectal Liver Metastases: A Meta-analysis
fymx0w6r,10.1016/j.jcin.2020.08.037,,,,"Transcatheter Mitral Valve Repair in Cardiogenic Shock and Mitral Regurgitation: A Patient-Level, Multicenter Analysis.",Patient-Level,Transcatheter Mitral Valve Repair in Cardiogenic Shock and Mitral Regurgitation: A Patient-Level
01j2g9u9,10.1177/1591019919886405,,,,Mechanical thrombectomy with second-generation devices for acute cerebral middle artery M2 segment occlusion: A meta-analysis.,meta-analysis,Mechanical thrombectomy with second-generation devices for acute cerebral middle artery M2 segment occlusion: A meta-analysis
legnyhhh,10.1186/1744-859x-8-27,,,,Treatment of psychotic symptoms in bipolar disorder with aripiprazole monotherapy: a meta-analysis.,meta-analysis,Treatment of psychotic symptoms in bipolar disorder with aripiprazole monotherapy: a meta-analysis
aaueeoah,10.3390/nu12020440,,,,The Effects of Community Home Visit and Peer Group Nutrition Intervention Delivery Platforms on Nutrition Outcomes in Low and Middle-Income Countries: A Systematic Review and Meta-Analysis.,Platforms,The Effects of Community Home Visit and Peer Group Nutrition Intervention Delivery Platforms
2a8hojse,10.4103/ijmm.ijmm_20_330,,,,Effect of Chloroquine and Hydroxychloroquine on COVID-19 Virological Outcomes: An Updated Meta-Analysis.,Meta-Analysis,Effect of Chloroquine and Hydroxychloroquine on COVID-19 Virological Outcomes: An Updated Meta-Analysis
u81b5prz,10.1186/s40345-020-0178-4,,,,The effects of vagus nerve stimulation on the course and outcomes of patients with bipolar disorder in a treatment-resistant depressive episode: a 5-year prospective registry.,registry,The effects of vagus nerve stimulation on the course and outcomes of patients with bipolar disorder in a treatment-resistant depressive episode: a 5-year prospective registry
bsi5epb5,10.1093/eurheartj/ehab774,,,,Cardiology Update India 21: a growing Indio-European educational platform to fight cardiovascular disease.,platform,Cardiology Update India 21: a growing Indio-European educational platform
21ckbcx0,10.1093/rheumatology/keaa290,,,,Comment on: Cytopenias among patients with rheumatic diseases using methotrexate: a meta-analysis of randomized controlled clinical trials: reply.,meta-analysis,Comment on: Cytopenias among patients with rheumatic diseases using methotrexate: a meta-analysis
70t1ihwd,10.1001/jamapsychiatry.2018.3672,,,,Cognitive Performance in First-Degree Relatives of Individuals With vs Without Major Depressive Disorder: A Meta-analysis.,Meta-analysis,Cognitive Performance in First-Degree Relatives of Individuals With vs Without Major Depressive Disorder: A Meta-analysis
z5jxigyq,10.1111/lam.13677,,,,ChikvInt: A Chikungunya Virus-Host Protein-Protein Interaction Database.,Database,ChikvInt: A Chikungunya Virus-Host Protein-Protein Interaction Database
zcoxsk9f,10.1093/europace/euw073,,,,Antithrombotic therapy use in patients with atrial fibrillation before the era of non-vitamin K antagonist oral anticoagulants: the Global Registry on Long-Term Oral Antithrombotic Treatment in Patients with Atrial Fibrillation (GLORIA-AF) Phase I cohort.,Registry,K antagonist oral anticoagulants: the Global Registry
bbp3k6nr,10.1038/s41380-022-01594-8,,,,Brain metabolite alterations related to alcohol use: a meta-analysis of proton magnetic resonance spectroscopy studies.,meta-analysis,Brain metabolite alterations related to alcohol use: a meta-analysis
l6rgr5cf,10.15171/jcvtr.2019.37,,,,Better treatment option in chronic superficial femoral artery occlusive disease: comparison of methods (meta-analysis).,meta-analysis,: comparison of methods (meta-analysis
v3lmifna,10.1002/biot.202000087,,,,Self-Assembled Nanoparticles: Exciting Platforms for Vaccination.,Platforms,Self-Assembled Nanoparticles: Exciting Platforms
rqzvfue8,10.1111/jocs.14799,,,,Mitral valve repair with minimally invasive approaches vs sternotomy: A meta-analysis of early and late results in randomized and matched observational studies.,meta-analysis,Mitral valve repair with minimally invasive approaches vs sternotomy: A meta-analysis
g12mls4z,10.1097/md.0000000000020518,,,,Twice-daily vs higher-dose once-daily thoracic radiotherapy for limited-disease small-cell lung cancer: A PRISMA-compliant meta-analysis.,meta-analysis,-daily thoracic radiotherapy for limited-disease small-cell lung cancer: A PRISMA-compliant meta-analysis
nft96hv3,10.7861/clinmed.21-2-s29,,,,MedCanHub: a platform developed by Cellen aimed at reducing barriers of access to unlicensed cannabis-based medicinal products during the COVID-19 pandemic.,platform,MedCanHub: a platform
wt2di8o7,10.1007/s11548-015-1292-0,,,,CustusX: an open-source research platform for image-guided therapy.,platform,CustusX: an open-source research platform
f5q9e4mf,10.1055/s-0042-102483,,,,[First Results of the German consulting center for infection control outbreak registry].,registry,[First Results of the German consulting center for infection control outbreak registry
tg0rc4ch,10.3390/brainsci11081043,,,,Neural Activation in Risky Decision-Making Tasks in Healthy Older Adults: A Meta-Analysis of fMRI Data.,Meta-Analysis,Neural Activation in Risky Decision-Making Tasks in Healthy Older Adults: A Meta-Analysis
tqfra4qp,10.1161/jaha.120.017834,,,,Maternal and Neonatal Outcomes of Pregnancies in Women With Congenital Heart Disease: A Meta-Analysis.,Meta-Analysis,Maternal and Neonatal Outcomes of Pregnancies in Women With Congenital Heart Disease: A Meta-Analysis
04co0j5r,10.1093/jamia/ocab247,,,,The Biomedical Research Hub: a federated platform for patient research data.,platform,The Biomedical Research Hub: a federated platform
o2brd1sw,10.1177/00220345211014432,,,,The Human Salivary Proteome Wiki: A Community-Driven Research Platform.,Platform,Human Salivary Proteome Wiki: A Community-Driven Research Platform
ot4fp388,10.1111/ijlh.13336,,,,Relationship of D-dimer with severity and mortality in SARS-CoV-2 patients : A meta-analysis.,meta-analysis,Relationship of D-dimer with severity and mortality in SARS-CoV-2 patients : A meta-analysis
7xy6048i,10.1002/art.41580,,,,Venous thromboembolism risk with JAK inhibitors: A Meta-analysis.,Meta-analysis,Venous thromboembolism risk with JAK inhibitors: A Meta-analysis
a50nylxx,10.1080/09603123.2020.1789947,,,,Association between maternal cadmium exposure and preterm birth: a meta-analysis.,meta-analysis,Association between maternal cadmium exposure and preterm birth: a meta-analysis
2z7r6fft,10.1016/j.jshs.2020.12.005,,,,The effects of plyometric jump training on physical fitness attributes in basketball players: A meta-analysis.,meta-analysis,The effects of plyometric jump training on physical fitness attributes in basketball players: A meta-analysis
ry6pdr84,10.3168/jds.2020-18193,,,,Quantification of risk factors for bovine viral diarrhea virus in cattle herds: A systematic search and meta-analysis of observational studies.,meta-analysis,Quantification of risk factors for bovine viral diarrhea virus in cattle herds: A systematic search and meta-analysis
9dnyog5i,10.1136/bmjopen-2019-035302,,,,Effect of vitamin D supplementation on pain and physical function in patients with knee osteoarthritis (OA): an OA Trial Bank protocol for a systematic review and individual patient data (IPD) meta-analysis.,meta-analysis,and individual patient data (IPD) meta-analysis
z0gh5154,10.1016/j.amj.2021.04.008,,,,Safety Matters: A Meta-analysis of Interhospital Transport Adverse Events in Critically Ill Patients.,Meta-analysis,Safety Matters: A Meta-analysis
pbe3mam9,10.1002/lary.28616,,,,Radiologically Defined Sarcopenia Affects Survival in Head and Neck Cancer: A Meta-Analysis.,Meta-Analysis,Defined Sarcopenia Affects Survival in Head and Neck Cancer: A Meta-Analysis
dvnobj15,10.1007/s00384-021-03909-7,,,,Obesity and anastomotic leak rates in colorectal cancer: a meta-analysis.,meta-analysis,and anastomotic leak rates in colorectal cancer: a meta-analysis
i2eya4hh,10.1136/bmjdrc-2020-001787,,,,"Long-term safety and efficacy of alogliptin, a DPP-4 inhibitor, in patients with type 2 diabetes: a 3-year prospective, controlled, observational study (J-BRAND Registry).",Registry,"controlled, observational study (J-BRAND Registry"
lmypfntt,10.3174/ajnr.a6352,,,,Flow-Diversion Treatment for Unruptured Nonsaccular Intracranial Aneurysms of the Posterior and Distal Anterior Circulation: A Meta-Analysis.,Meta-Analysis,Flow-Diversion Treatment for Unruptured Nonsaccular Intracranial Aneurysms of the Posterior and Distal Anterior Circulation: A Meta-Analysis
456uzg0e,10.1007/s11764-019-00811-8,,,,Psychosocial interventions for cancer survivors: A meta-analysis of effects on positive affect.,meta-analysis,Psychosocial interventions for cancer survivors: A meta-analysis
o509d0fv,10.23736/s0375-9393.21.15254-x,,,,Non-specialist therapeutic strategies in acute respiratory distress syndrome: a meta-analysis.,meta-analysis,-specialist therapeutic strategies in acute respiratory distress syndrome: a meta-analysis
l3yf31b2,10.1161/strokeaha.116.015913,,,,Temporal Trends in Sex Differences With Regard to Stroke Incidence: The Dijon Stroke Registry (1987-2012).,Registry,Temporal Trends in Sex Differences With Regard to Stroke Incidence: The Dijon Stroke Registry
5qinu292,10.1002/ccd.26696,,,,Saphenous vein graft near-infrared spectroscopy imaging insights from the lipid core plaque association with clinical events near-infrared spectroscopy (ORACLE-NIRS) registry.,registry,near-infrared spectroscopy (ORACLE-NIRS) registry
6ct5h1dm,10.1002/cpz1.387,,,,Preparation and Use of Cellular Reagents: A Low-resource Molecular Biology Reagent Platform.,Platform,Preparation and Use of Cellular Reagents: A Low-resource Molecular Biology Reagent Platform
fg3y6i1c,10.1136/neurintsurg-2018-014678,,,,Efficacy of endovascular thrombectomy in patients with M2 segment middle cerebral artery occlusions: meta-analysis of data from the HERMES Collaboration.,meta-analysis,Efficacy of endovascular thrombectomy in patients with M2 segment middle cerebral artery occlusions: meta-analysis
c77sev6g,10.1111/jgs.17373,,,,Pharmacist-led interventions to improve medication adherence in older adults: A meta-analysis.,meta-analysis,Pharmacist-led interventions to improve medication adherence in older adults: A meta-analysis
rdkd0ggf,10.4314/ahs.v21i1.13,,,,Uric acid lowering improves insulin sensitivity and lowers blood pressure: a meta-analysis of randomized parallel-controlled clinical trials.,meta-analysis,lowering improves insulin sensitivity and lowers blood pressure: a meta-analysis
fflvk3ji,10.1002/uog.23563,,,,Foley catheter vs oral misoprostol for the induction of labor: an individual participant data meta-analysis.,individual participant data; individual participant data meta-analysis; meta-analysis,: an individual participant data; : an individual participant data meta-analysis; Foley catheter vs oral misoprostol for the induction of labor: an individual participant
uxcemfj5,10.1177/00368504211013647,,,,Association between interleukin-1 alpha rs1800587 polymorphism and rheumatoid arthritis: A meta-analysis.,meta-analysis,Association between interleukin-1 alpha rs1800587 polymorphism and rheumatoid arthritis: A meta-analysis
h2za8pwp,10.1161/circimaging.120.012315,,,,Right Ventricular Function and Region-Specific Adaptation in Athletes Engaged in High-Dynamic Sports: A Meta-Analysis.,Meta-Analysis,Region-Specific Adaptation in Athletes Engaged in High-Dynamic Sports: A Meta-Analysis
ql74fg2y,10.1002/ajh.26173,,,,WhiMSICAL: a global Waldenström's Macroglobulinemia patient-derived data registry capturing treatment and quality of life outcomes.,registry,WhiMSICAL: a global Waldenström's Macroglobulinemia patient-derived data registry
6ndw8pdi,10.3390/jcm10194390,,,,Association of Acute Kidney Injury with the Risk of Dementia: A Meta-Analysis.,Meta-Analysis,Association of Acute Kidney Injury with the Risk of Dementia: A Meta-Analysis
hq6mv78z,10.1007/s11605-012-1906-6,,,,Single-incision laparoscopic cholecystectomy vs. conventional laparoscopic cholecystectomy: a meta-analysis of randomized controlled trials.,meta-analysis,-incision laparoscopic cholecystectomy vs. conventional laparoscopic cholecystectomy: a meta-analysis
vrpou27e,10.1080/17441692.2020.1744679,,,,The impact of psychosocial interventions on condom and contraceptive use in LMICs: Meta-analysis of randomised controlled trials.,Meta-analysis,The impact of psychosocial interventions on condom and contraceptive use in LMICs: Meta-analysis
eh0h4mem,10.1002/phar.2172,,,,Re-evaluating the Utility of Stress Ulcer Prophylaxis in the Critically Ill Patient: A Clinical Scenario-Based Meta-Analysis.,Meta-Analysis,-evaluating the Utility of Stress Ulcer Prophylaxis in the Critically Ill Patient: A Clinical Scenario-Based Meta-Analysis
21qj2cxq,10.1016/j.repc.2020.11.007,,,,"Cardiac arrhythmias in patients presenting with COVID-19 treated in Portuguese hospitals: A national registry from the Portuguese Association of Arrhythmology, Pacing and Electrophysiology.",registry,Cardiac arrhythmias in patients presenting with COVID-19 treated in Portuguese hospitals: A national registry
ebl7427c,10.1002/sctm.18-0287,,,,Concise Review: Patency of Small-Diameter Tissue-Engineered Vascular Grafts: A Meta-Analysis of Preclinical Trials.,Meta-Analysis,Concise Review: Patency of Small-Diameter Tissue-Engineered Vascular Grafts: A Meta-Analysis
lhtpjlsh,10.1186/s13019-020-01199-8,,,,Both the presence of a micropapillary component and the micropapillary predominant subtype predict poor prognosis after lung adenocarcinoma resection: a meta-analysis.,meta-analysis,after lung adenocarcinoma resection: a meta-analysis
q5vn28ec,10.1002/joa3.12321,,,,Stroke prevention in atrial fibrillation changes after dabigatran availability in China: The GLORIA-AF registry.,registry,Stroke prevention in atrial fibrillation changes after dabigatran availability in China: The GLORIA-AF registry
i7apd6p2,10.1093/bib/bbaa251,,,,VPTMdb: a viral posttranslational modification database.,database,VPTMdb: a viral posttranslational modification database
njboel8h,10.1212/wnl.0000000000013049,,,,Blood Pressure After Endovascular Thrombectomy and Outcomes in Patients With Acute Ischemic Stroke: An Individual Patient Data Meta-analysis.,Meta-analysis,Blood Pressure After Endovascular Thrombectomy and Outcomes in Patients With Acute Ischemic Stroke: An Individual Patient Data Meta-analysis
y8ejho5n,10.1161/strokeaha.119.028323,,,,Association Between High-Sensitivity Cardiac Troponin and Risk of Stroke in 96 702 Individuals: A Meta-Analysis.,Meta-Analysis,Association Between High-Sensitivity Cardiac Troponin and Risk of Stroke in 96 702 Individuals: A Meta-Analysis
tfqtafov,10.1111/den.13470,,,,Superiority of endoscopic interventions over minimally invasive surgery for infected necrotizing pancreatitis: a meta-analysis of randomized trials.,meta-analysis,Superiority of endoscopic interventions over minimally invasive surgery for infected necrotizing pancreatitis: a meta-analysis
sn2d3exk,10.1017/ice.2020.1316,,,,The effect of type of ventilation used in the operating room and surgical site infection: A meta-analysis.,meta-analysis,The effect of type of ventilation used in the operating room and surgical site infection: A meta-analysis
19c853dw,10.1590/1806-9282.66.6.771,,,,Effects of four types of integrated Chinese and Western medicines for the treatment of COVID-19 in China: a network meta-analysis.,meta-analysis,Effects of four types of integrated Chinese and Western medicines for the treatment of COVID-19 in China: a network meta-analysis
vff4z1qv,10.1097/qad.0000000000003172,,,,Strategies to improve HIV care outcomes for people with HIV who are out of care: a meta-analysis.,meta-analysis,Strategies to improve HIV care outcomes for people with HIV who are out of care: a meta-analysis
lgrob1v0,10.1021/acs.est.5b03880,,,,Quantification of Food Waste Disposal in the United States: A Meta-Analysis.,Meta-Analysis,Quantification of Food Waste Disposal in the United States: A Meta-Analysis
6z63x7mz,10.1038/s41598-021-93149-0,,,,OpenHSV: an open platform for laryngeal high-speed videoendoscopy.,platform,OpenHSV: an open platform
ocbw4mol,10.1016/j.amjmed.2014.05.032,,,,Clinical outcomes with β-blockers for myocardial infarction: a meta-analysis of randomized trials.,meta-analysis,Clinical outcomes with β-blockers for myocardial infarction: a meta-analysis
2iumxiia,10.1016/j.gheart.2016.12.002,,,,The Health Systems Barriers and Facilitators for RHD Prevalence: An Epidemiological Meta-Analysis From Uganda and Tanzania.,Meta-Analysis,The Health Systems Barriers and Facilitators for RHD Prevalence: An Epidemiological Meta-Analysis
vk5ptxv2,10.1136/neurintsurg-2014-011102,,,,Endovascular coiling versus parent artery occlusion for treatment of cavernous carotid aneurysms: a meta-analysis.,meta-analysis,of cavernous carotid aneurysms: a meta-analysis
8cc26phd,10.1038/s41390-020-1015-2,,,,Coronavirus disease 2019 (COVID-19) in children and/or adolescents: a meta-analysis.,meta-analysis,Coronavirus disease 2019 (COVID-19) in children and/or adolescents: a meta-analysis
f004upmm,10.1111/jcpt.13232,,,,Association between inosine triphosphatase rs1127354 polymorphisms and ribavirin-induced anaemia and outcome in hepatitis C virus-infected patients: A meta-analysis.,meta-analysis,Association between inosine triphosphatase rs1127354 polymorphisms and ribavirin-induced anaemia and outcome in hepatitis C virus-infected patients: A meta-analysis
gir6pdpz,10.1213/ane.0000000000005609,,,,The Association of Preoperative Frailty and Postoperative Delirium: A Meta-analysis.,Meta-analysis,The Association of Preoperative Frailty and Postoperative Delirium: A Meta-analysis
mfvrmxr3,10.1101/2022.04.21.22273975,b95c4c406fbe0289f6c108b45a34b24fef3a6091,document_parses/pdf_json/b95c4c406fbe0289f6c108b45a34b24fef3a6091.json,,"Radiologist observations of chest X-rays (CXR) predict sputum smear microscopy status in TB Portals, a real-world database of tuberculosis (TB) cases",database,"sputum smear microscopy status in TB Portals, a real-world database"
pgq8k3rt,10.1101/2021.12.14.21267713,,,,Transmission of SARS-CoV-2 by children and young people in households and schools: a meta-analysis of population-based and contact-tracing studies,meta-analysis,Transmission of SARS-CoV-2 by children and young people in households and schools: a meta-analysis
qbrnl1en,10.12688/f1000research.110281.1,,,,Seroconversion rates among different designs of COVID-19 vaccines: a network meta-analysis of randomized controlled trials (preprint),meta-analysis,Seroconversion rates among different designs of COVID-19 vaccines: a network meta-analysis
o2f4z3pa,10.21203/rs.3.rs-616894/v1,,,,Indigenous Groups and Influenza: Protocol For A Systematic Review and Meta-Analysis,Meta-Analysis,Indigenous Groups and Influenza: Protocol For A Systematic Review and Meta-Analysis
wytic3it,10.1101/2022.03.14.484334,20f53ab9b077e471243748f2f58adecbc1c7878f,document_parses/pdf_json/20f53ab9b077e471243748f2f58adecbc1c7878f.json,,R-BIND 2.0: An Updated Database of Bioactive RNA-Targeting Small Molecules and Associated RNA Secondary Structures,Database,R-BIND 2.0: An Updated Database
wxve4i36,10.1002/adfm.202009602,,,,Skin Electronics: Next‐Generation Device Platform for Virtual and Augmented Reality,Platform,Skin Electronics: Next‐Generation Device Platform
mzpwf0rl,10.1109/ikt54664.2021.9685940,,,,UltraLearn: Next-Generation CyberSecurity Learning Platform,Platform,UltraLearn: Next-Generation CyberSecurity Learning Platform
0mrsa3m6,10.1016/j.diii.2022.05.006,0044d0fea160ce66e9053c700088b119bce59eb8,document_parses/pdf_json/0044d0fea160ce66e9053c700088b119bce59eb8.json,,French Imaging Database Against Coronavirus (FIDAC): A large COVID-19 multi-center chest CT database,database,French Imaging Database Against Coronavirus (FIDAC): A large COVID-19 multi-center chest CT database
z10z7dpm,10.1145/3507524.3507547,,,,Distansya: An IoT Platform to Physical Distancing Provision Notification,Platform,Distansya: An IoT Platform
84dl2d0p,10.1101/2021.04.05.438318,02dcd095ab00692d0f07ac7e17a3ca5f1d0449fb,document_parses/pdf_json/02dcd095ab00692d0f07ac7e17a3ca5f1d0449fb.json,,"cellxgene: a performant, scalable exploration platform for high dimensional sparse matrices",platform,"cellxgene: a performant, scalable exploration platform"
k9sa4ap4,10.1101/2022.05.26.22275650,5cb8a933c74b427becfd9bd79f5e923948ab2537,document_parses/pdf_json/5cb8a933c74b427becfd9bd79f5e923948ab2537.json,,pyTCR: a comprehensive and scalable platform for TCR-Seq data analysis to facilitate reproducibility and rigor of immunogenomics research,platform,pyTCR: a comprehensive and scalable platform
wnvgse38,10.21203/rs.3.rs-557453/v1,,,,Interim-analysis of the COSA (COVID-19 Patients Treated With the Seraph® 100 Microbind® Affinity Filter) Registry,Registry,With the Seraph® 100 Microbind® Affinity Filter) Registry
y9crkodp,10.1101/2021.07.29.21261312,,,,COVID-ONE-humoral immune: The One-stop Database for COVID-19-specific Antibody Responses and Clinical Parameters,Database,ONE-humoral immune: The One-stop Database
qvwergeu,10.1101/2020.09.17.302612,c06c7dbf1c6ea42d92c9190f3eead71f757c1a11,document_parses/pdf_json/c06c7dbf1c6ea42d92c9190f3eead71f757c1a11.json,,AlzGPS: A Genome-wide Positioning Systems Platform to Catalyze Multi-omics for Alzheimer’s Therapeutic Discovery,Platform,AlzGPS: A Genome-wide Positioning Systems Platform
dqcgv44q,10.1145/3494991,,,,FaceBit: Smart Face Masks Platform,Platform,FaceBit: Smart Face Masks Platform
546vx256,10.1101/2021.04.29.441999,,,,"Librator, a platform for optimized sequence editing, design, and expression of influenza virus proteins",platform,"Librator, a platform"
x2nzsiga,10.1200/jco.2021.39.15-suppl.e16205,,,,INTENSIVE: InterNaTional rEgistry oN Sars-cov-2 posItiVe nEuroendocrine neoplasm patients,rEgistry,INTENSIVE: InterNaTional rEgistry
m8esvcbb,10.1037/edu0000699,,,,Grit and academic achievement: A comparative cross-cultural meta-analysis,meta-analysis,Grit and academic achievement: A comparative cross-cultural meta-analysis
h1tpjy5j,10.1101/2020.10.14.337808,6bd238cd80726730f4df3114575c93c418fae91f,document_parses/pdf_json/6bd238cd80726730f4df3114575c93c418fae91f.json,,"Rapidemic, a versatile and label-free DNAzyme-based platform for visual nucleic acid detection",platform,"Rapidemic, a versatile and label-free DNAzyme-based platform"
vz3rld7e,10.2139/ssrn.3914653,,,,The Efficacy and Safety of Bamlanivimab Treatment Against COVID-19：A Meta-Analysis,Meta-Analysis,The Efficacy and Safety of Bamlanivimab Treatment Against COVID-19：A Meta-Analysis
ckoamdhy,10.21203/rs.3.rs-87123/v1,,,,Influence of Convalescent Plasma Therapy on the Mortality in COVID-19 Patients: A Meta-Analysis,Meta-Analysis,Influence of Convalescent Plasma Therapy on the Mortality in COVID-19 Patients: A Meta-Analysis
59e3c19a,10.1101/2022.01.20.22269202,676794b15080ede65124c79ae91fc9d59f72fcc2,document_parses/pdf_json/676794b15080ede65124c79ae91fc9d59f72fcc2.json,,PRICE COVID19 Data Report December 2021 Pakistan Registry of Intensive Care,Registry,COVID19 Data Report December 2021 Pakistan Registry
0oqa7dd8,10.21203/rs.3.rs-127768/v1,,,,The Inflammatory Markers of Multisystem Inflammatory Syndrome in children (MIS-C) and Adolescents During the COVID-19 Pandemic: A Meta-Analysis,Meta-Analysis,During the COVID-19 Pandemic: A Meta-Analysis
n5ybrt9a,10.3390/su12208390,,,,Factors Influencing Exhibitor Satisfaction and Loyalty: A Meta-Analysis on the Chinese Exhibition Market,Meta-Analysis,Factors Influencing Exhibitor Satisfaction and Loyalty: A Meta-Analysis
qqfvny55,10.20944/preprints202007.0551.v1,,,,Coronavirus Antiviral Research Database (CoV-RDB): An Online Database Designed to Facilitate Comparisons Between Candidate Anti-Coronavirus Compounds,Database,Coronavirus Antiviral Research Database (CoV-RDB): An Online Database
uezhyu5t,10.1109/fie49875.2021.9637329,,,,A novel Collaborative Online Robotics Platform to address engagement and social emotional challenges in remote learning environment,Platform,A novel Collaborative Online Robotics Platform
ew9eigh6,10.21203/rs.3.rs-551091/v1,,,,The Effectiveness of Tocilizumab in the Treatment of COVID-19 in Adults: A Meta-Analysis of Randomized Controlled Trials,Meta-Analysis,The Effectiveness of Tocilizumab in the Treatment of COVID-19 in Adults: A Meta-Analysis
cue0qku3,10.1101/2020.09.04.283689,db4b38fb7f2dbb46e1ccdb182cfc91a76600295b,document_parses/pdf_json/db4b38fb7f2dbb46e1ccdb182cfc91a76600295b.json,,MiREDiBase: a manually curated database of editing events in microRNAs,database,MiREDiBase: a manually curated database
83h21d6t,10.12114/j.issn.1007-9572.2021.00.548,,,,Prognostic Indicators for Severity in COVID-19 Patients:a Meta-analysis,Meta-analysis,Prognostic Indicators for Severity in COVID-19 Patients:a Meta-analysis
aczq29sj,10.1101/2021.05.26.445870,062944131f2a676f483dd7f0e3437118e7fe7c9c,document_parses/pdf_json/062944131f2a676f483dd7f0e3437118e7fe7c9c.json,,"Lecture-based, problem-based, digital problem-based and distance learning on knowledge improvement in medical education: a meta-analysis",meta-analysis,based and distance learning on knowledge improvement in medical education: a meta-analysis
vfh74fn2,10.1101/2021.09.13.459979,b08bfa14e4eaa62ac59212ac9fb208312e7aa001,document_parses/pdf_json/b08bfa14e4eaa62ac59212ac9fb208312e7aa001.json,,Visual Processing During the Interictal Period Between Migraines: A Meta-Analysis,Meta-Analysis,Visual Processing During the Interictal Period Between Migraines: A Meta-Analysis
gflplyc5,10.20944/preprints202106.0049.v1,,,,Peasant Agroecological Markets Network: Possible Platform for a Regional Eco-agri-food System,Platform,Peasant Agroecological Markets Network: Possible Platform
ea8ovusq,10.21203/rs.3.pex-1207/v1,,,,Generation of small interfering RNA (siRNA) database from SARS-CoV-2 genome sequences,database,of small interfering RNA (siRNA) database
elmq2r14,10.1007/978-3-030-86790-4_10,,,,Local Retail Under Fire: Local Shopping Platforms Revisited Pre and During the Corona Crisis,Platforms,Local Retail Under Fire: Local Shopping Platforms
rifz2chh,10.7507/1672-2531.202102056,,,,Safety of COVID-19 vaccine: A meta-analysis,meta-analysis,Safety of COVID-19 vaccine: A meta-analysis
f12b5x20,10.5194/gc-5-67-2022,,,,V3Geo: a cloud-based repository for virtual 3D models in geoscience,repository,V3Geo: a cloud-based repository
ovqu1uij,10.1093/eurheartj/ehab724.1462,,,,"Acute myocardial infarction in the Covid-19 era: incidence, clinical characteristics and in-hospital outcomes - a multicenter registry",registry,"Acute myocardial infarction in the Covid-19 era: incidence, clinical characteristics and in-hospital outcomes - a multicenter registry"
5iwnnaed,10.1080/08956308.2021.1945347,,,,"The Emergence of Community-Driven Platforms in Response to COVID-19 GetUsPPE, a multi-sided platform that emerged during the COVID-19 pandemic, offers key insights on how to mobilize and leverage diverse actors to provide solutions in emergencies",platform,"Response to COVID-19 GetUsPPE, a multi-sided platform"
k8t1qlni,10.1101/2021.03.31.21254664,1a03f019899cdf41e2586b112572407c8a634498,document_parses/pdf_json/1a03f019899cdf41e2586b112572407c8a634498.json,,Systematic review of the scrub typhus treatment landscape: Assessing the feasibility of an individual participant-level data (IPD) platform,platform,participant-level data (IPD) platform
fknvjy7r,10.1101/2022.05.15.492003,e6b07e62a80324ccba6145c5d38f198a0c2cc8e5,document_parses/pdf_json/e6b07e62a80324ccba6145c5d38f198a0c2cc8e5.json,,Hecatomb: An End-to-End Research Platform for Viral Metagenomics,Platform,Hecatomb: An End-to-End Research Platform
jlpex6r4,10.1101/2022.03.20.22272676,55392a46d4689a9ff15267803b5fac20f5d2fda6,document_parses/pdf_json/55392a46d4689a9ff15267803b5fac20f5d2fda6.json,,The outcome of Gynecologic Cancer Patients With The Covid-19 Infection: A Systematic Review And Meta-Analysis,Meta-Analysis,The outcome of Gynecologic Cancer Patients With The Covid-19 Infection: A Systematic Review And Meta-Analysis
xn0eszox,10.1136/annrheumdis-2021-eular.2049,,,,"Effect of the COVID19 pandemic on rheumatologist prescription behaviour of new advanced therapy: Data of the tardis-ra registry, a nationwide Belgian biologic registry",registry,"advanced therapy: Data of the tardis-ra registry, a nationwide Belgian biologic registry"
g7iz9trg,10.2139/ssrn.3940260,,,,Persistent Symptoms Following SARS-CoV-2 Infection Among Children and Young People: A Meta-Analysis of Controlled and Uncontrolled Studies,Meta-Analysis,Persistent Symptoms Following SARS-CoV-2 Infection Among Children and Young People: A Meta-Analysis
z09qlykk,10.1007/978-3-030-87202-1_38 10.1007/978-3-030-87202-1_38,2cc6d72936fe54267bbd6aad6ce521bfdba2bf9a,document_parses/pdf_json/2cc6d72936fe54267bbd6aad6ce521bfdba2bf9a.json,,hSDB-instrument: Instrument Localization Database for Laparoscopic and Robotic Surgeries,Database,hSDB-instrument: Instrument Localization Database
6qjcph9f,10.2139/ssrn.3840981,,,,The Dynamics of Non-Performing Loans during Banking Crises: A New Database with Post-COVID-19 Implications,Database,The Dynamics of Non-Performing Loans during Banking Crises: A New Database
jlmxisxl,10.1177/14614448211045660,,,,"Book Review: Platforms, Protests, and the Challenge of Networked Democracy",Platforms,Book Review: Platforms
erut1wgp,10.26911/thejhpm.2021.06.02.02,,,,Association between gender and anxiety among COVID-19 patients: a meta-analysis,meta-analysis,Association between gender and anxiety among COVID-19 patients: a meta-analysis
19dnqcac,10.21203/rs.3.rs-111264/v1,,,,Risk Factors for Acute Kidney Injury in Patients with Coronavirus Disease 2019 (COVID-19): A Meta-Analysis,Meta-Analysis,Risk Factors for Acute Kidney Injury in Patients with Coronavirus Disease 2019 (COVID-19): A Meta-Analysis
f47b7yeg,10.5114/fmpcr.2022.113013,,,,Frailty and gender on mortality risk in elderly with coronavirus disease-19 (COVID-19): a meta-analysis,meta-analysis,in elderly with coronavirus disease-19 (COVID-19): a meta-analysis
1qpqrrzt,10.1101/2020.06.24.168468,25012758dbec126f3de94e9a99017c55f2da2f64,document_parses/pdf_json/25012758dbec126f3de94e9a99017c55f2da2f64.json,,DREIMT: a drug repositioning database and prioritization tool for immunomodulation,database,DREIMT: a drug repositioning database
zpulm4tb,10.1101/2022.01.18.22269463,45ce0eaf150cde24ee635c9b6f5bb3ae6b2ac91d,document_parses/pdf_json/45ce0eaf150cde24ee635c9b6f5bb3ae6b2ac91d.json,,DRAGON-Data: A platform and protocol for integrating genomic and phenotypic data across large psychiatric cohorts,platform,DRAGON-Data: A platform
dpwra9go,10.1101/2022.01.07.22268878,09f80c076f52230faf0426f8a07c5fbbc6d0c2c5,document_parses/pdf_json/09f80c076f52230faf0426f8a07c5fbbc6d0c2c5.json,,Granulocyte-macrophage colony-stimulating factor (GM-CSF) antibodies treatment for COVID-19 patients: a meta-analysis,meta-analysis,CSF) antibodies treatment for COVID-19 patients: a meta-analysis
9mm784f9,10.21511/kpm.05(1).2021.05,,,,SDG 4 and SDG 8 in the knowledge economy: A meta-analysis in the context of post-COVID-19 recovery,meta-analysis,SDG 4 and SDG 8 in the knowledge economy: A meta-analysis
p0uo1ixb,10.1101/2021.10.26.466013,8c4e9ee8337c7cf00a22450757b7f3dbe25d4390,document_parses/pdf_json/8c4e9ee8337c7cf00a22450757b7f3dbe25d4390.json,,LungCancer3D: A Comprehensive Database for Integrating Lung Cancer Chromatin Architecture with Other Multi-omics,Database,LungCancer3D: A Comprehensive Database
qhftb6d7,10.1016/s1525-1578(10)60575-2,db732b73268d958bf73ae634a13e58df7b698c8f,document_parses/pdf_json/db732b73268d958bf73ae634a13e58df7b698c8f.json,,Scalable Transcriptional Analysis Routine—Multiplexed Quantitative Real-Time Polymerase Chain Reaction Platform for Gene Expression Analysis and Molecular Diagnostics,Platform,Scalable Transcriptional Analysis Routine—Multiplexed Quantitative Real-Time Polymerase Chain Reaction Platform
c6t55nnp,10.1136/leader-2020-fmlm.118,,,,"The positive impact of medic bleep, an asynchronous communication platform versus existing communication methods: an observational study",platform,"The positive impact of medic bleep, an asynchronous communication platform"
smdswwsh,10.1161/str.52.suppl_1.p82,,,,The Impact of SARS-COV-2 on Stroke Epidemiology and Care: A Meta-Analysis,Meta-Analysis,The Impact of SARS-COV-2 on Stroke Epidemiology and Care: A Meta-Analysis
inf0f68d,10.2139/ssrn.3924304,,,,Drivers of Digital Transformation Adoption: A Weight and Meta-Analysis,Meta-Analysis,Drivers of Digital Transformation Adoption: A Weight and Meta-Analysis
lv888x0n,10.1200/jco.2021.39.suppl.6509,,,,Mortality risk for patients undergoing cancer treatment who acquire SARS-CoV-2: ASCO registry,registry,Mortality risk for patients undergoing cancer treatment who acquire SARS-CoV-2: ASCO registry
hwelr3ob,10.1101/2020.08.14.249326,119d21251fec69557e837e8534900168f75ca39e,document_parses/pdf_json/119d21251fec69557e837e8534900168f75ca39e.json,,Multicellular Organoids of the Neurovascular Blood-Brain Barrier: A New Platform for Precision Neuronanomedicine,Platform,Multicellular Organoids of the Neurovascular Blood-Brain Barrier: A New Platform
l5dy275r,10.21203/rs.3.rs-28613/v1,,,,The performance of Chest CT and Its Imaging Features for Diagnosing Coronavirus Disease 2019: a Meta-analysis,Meta-analysis,The performance of Chest CT and Its Imaging Features for Diagnosing Coronavirus Disease 2019: a Meta-analysis
ug5brmgr,10.21203/rs.3.rs-37700/v1,,,,Cardiac Arrhythmias and COVID-19 – a Meta-analysis of Recent Reports,Meta-analysis,Cardiac Arrhythmias and COVID-19 – a Meta-analysis
ynjwdv80,10.1101/2021.03.15.435343,3dd5740f4d48d8e63de458c08daa555b1b7b7a5a,document_parses/pdf_json/3dd5740f4d48d8e63de458c08daa555b1b7b7a5a.json,,"SPIRO – the automated Petri plate imaging platform designed by biologists, for biologists",platform,SPIRO – the automated Petri plate imaging platform
v7cy1nlb,10.21203/rs.3.rs-29483/v1,,,,Renin-angiotensin system inhibitors and severity of SARS-CoV-2 infection: a meta-analysis,meta-analysis,-angiotensin system inhibitors and severity of SARS-CoV-2 infection: a meta-analysis
22e5w25q,10.1109/mits.2022.3168801,f9b9de58c30ef81f260e2c84237e5669afbfe685,document_parses/pdf_json/f9b9de58c30ef81f260e2c84237e5669afbfe685.json,,X-CAR: An Experimental Vehicle Platform for Connected Autonomy Research Powered by CARMA,Platform,X-CAR: An Experimental Vehicle Platform
miscxeap,10.1101/2021.02.22.432271,1a53e5e329a9e29e5a67dd395684bd12051ec403,document_parses/pdf_json/1a53e5e329a9e29e5a67dd395684bd12051ec403.json,,BiSEK: a platform for a reliable differential expression analysis,platform,BiSEK: a platform
7zgd45fl,10.1101/2020.04.24.058453,1e43c4a6fdab67e532a453a38fc4f2ed4ff20ebd,document_parses/pdf_json/1e43c4a6fdab67e532a453a38fc4f2ed4ff20ebd.json,,"Donut PCR: a rapid, portable, multiplexed, and quantitative DNA detection platform with single-nucleotide specificity",platform,"Donut PCR: a rapid, portable, multiplexed, and quantitative DNA detection platform"
vvhiz885,10.21203/rs.3.rs-553068/v1,,,,Combination therapy of Tocilizumab and steroid for COVID-19 patients: A meta-analysis,meta-analysis,Combination therapy of Tocilizumab and steroid for COVID-19 patients: A meta-analysis
dhrss7vk,10.1109/ai-csp52968.2021.9671151,,,,I-DERASSA: E-learning Platform based on Augmented and Virtual Reality interaction for Education and Training,Platform,I-DERASSA: E-learning Platform
zmd38dab,10.1109/aims52415.2021.9466044,,,,Viana Safe: Smart Safe and Secure Platform Based on CCTV Analytics in Pandemic Covid-19 Situation Use Case Railway Station,Platform,Viana Safe: Smart Safe and Secure Platform
tkcd5k2z,10.1101/2021.10.19.21265190,85bccd244e49b6d572d994d01f73bd68447bb9ea,document_parses/pdf_json/85bccd244e49b6d572d994d01f73bd68447bb9ea.json,,Can the Rapid Antigen Test for COVID-19 Replace RT-PCR: A Meta-analysis of Test Agreement,Meta-analysis,Replace RT-PCR: A Meta-analysis
3i5axjgr,10.1101/2021.12.13.21267748,0d9c6d7b8bf268d127792d88c5c99df92245a46c,document_parses/pdf_json/0d9c6d7b8bf268d127792d88c5c99df92245a46c.json,,Analysis: A meta-analysis of Early Results to predict Vaccine efficacy against Omicron,meta-analysis,Analysis: A meta-analysis
ruuv0v6m,10.15829/1560-4071-2021-4287,,,,"An open-label multicenter observational study (Registry) of patients recovered from coronavirus disease 2019 (covid-19) with involvement of the cardiovascular system or with baseline severe cardiovascular diseases: Rationale, design, and implications for clinical practice",Registry,label multicenter observational study (Registry
fh9tjs1d,10.31083/j.ejgo4301019,,,,Cervical cancer elimination in the era of COVID-19: The potential role of Artificial Intelligence (AI)-guided digital colposcope cloud platform,platform,: The potential role of Artificial Intelligence (AI)-guided digital colposcope cloud platform
ngmtday1,10.1177/10776990211068857,,,,Effects of Exposure to COVID-19 News and Information: A Meta-Analysis of Media Use and Uncertainty-Related Responses During the Pandemic,Meta-Analysis,Exposure to COVID-19 News and Information: A Meta-Analysis
91jpfbza,10.5603/ah.a2021.0018,,,,ACE gene I/D polymorphism and severity of SARS-CoV-2 infection in hospitalized patients: a meta-analysis,meta-analysis,I/D polymorphism and severity of SARS-CoV-2 infection in hospitalized patients: a meta-analysis
diwgu0h6,10.1101/716878,b6bf4373c9f619dd5b3d36d4bc3391fd9e272531,document_parses/pdf_json/b6bf4373c9f619dd5b3d36d4bc3391fd9e272531.json,,Quantitative intravital imaging of Plasmodium falciparum sporozoites: A novel platform to test malaria intervention strategies,platform,Quantitative intravital imaging of Plasmodium falciparum sporozoites: A novel platform
b0sao5j2,10.20944/preprints202111.0478.v1,,,,You + ME Registry: A Research Platform to Facilitate Clinical and Therapeutic Discoveries in ME/CFS and Related Diseases,Platform,You + ME Registry: A Research Platform
0dcq7yto,10.3390/electronics11070973,,,,Explaining the Factors Affecting Students' Attitudes to Using Online Learning (Madrasati Platform) during COVID-19,Platform,to Using Online Learning (Madrasati Platform
3n6gcsos,10.1101/2020.09.18.20197699,f391d6c3697d4e24c0b5c8d1aefa55e3651ee2c1,document_parses/pdf_json/f391d6c3697d4e24c0b5c8d1aefa55e3651ee2c1.json,,Health Heatmap of India: An Open Data Platform,Platform,Health Heatmap of India: An Open Data Platform
ekt2wztv,10.1111/emip.12495,,,,The Impact of COVID-19-Related School Closures on Student Achievement—A Meta-Analysis,Meta-Analysis,Closures on Student Achievement—A Meta-Analysis
eye8j9e3,10.1101/2021.08.26.21262523,e31503140953106feb2d57698156087ac211995f,document_parses/pdf_json/e31503140953106feb2d57698156087ac211995f.json,,"Association between tocilizumab, sarilumab and all-cause mortality at 28 days in hospitalized patients with COVID-19: A network meta-analysis",meta-analysis,"Association between tocilizumab, sarilumab and all-cause mortality at 28 days in hospitalized patients with COVID-19: A network meta-analysis"
5h6520rf,10.1097/01.ccm.0000808864.15258.db,,,,The 4ts score for predicting heparin-induced thrombocytopenia: A meta-analysis,meta-analysis,The 4ts score for predicting heparin-induced thrombocytopenia: A meta-analysis
1980rgs7,10.4103/2221-6189.336575,,,,Incidence of adverse reactions to COVID-19 vaccination: A meta-analysis of randomized controlled trials,meta-analysis,Incidence of adverse reactions to COVID-19 vaccination: A meta-analysis
3wc2xkh1,10.1101/2020.06.16.20132456,62531be6a5df4cfbec86737593d37809eec5c1a7,document_parses/pdf_json/62531be6a5df4cfbec86737593d37809eec5c1a7.json,,The King's College London Coronavirus Health and Experiences of Colleagues at King's Study (KCL CHECK) protocol paper: a platform for study of the effects of coronavirus pandemic on staff and postgraduate students.,platform,College London Coronavirus Health and Experiences of Colleagues at King's Study (KCL CHECK) protocol paper: a platform
1how6rgs,10.1109/bigdata52589.2021.9671441,,,,TemPredict: A Big Data Analytical Platform for Scalable Exploration and Monitoring of Personalized Multimodal Data for COVID-19,Platform,TemPredict: A Big Data Analytical Platform
eyzr4cto,10.1101/2020.08.10.244624,f2803185c330f4af206be4cf96f9a8eb3f2f5791,document_parses/pdf_json/f2803185c330f4af206be4cf96f9a8eb3f2f5791.json,,ViruSurf: an integrated database to investigate viral sequences,database,ViruSurf: an integrated database
e0cyrbag,10.1136/bmjno-2021-anzan.35,,,,Case-control study of risk factors for stroke among critically-ill patients with SARS-CoV-2: an analysis of the COVID-19 critical care consortium (CCCC) global registry,registry,COVID-19 critical care consortium (CCCC) global registry
uj068djz,10.1136/emermed-2022-rcem.16,,,,Diagnostic accuracy of point-of-care lung ultrasound for COVID-19: a meta-analysis of 19 studies including 3954 patients,meta-analysis,Diagnostic accuracy of point-of-care lung ultrasound for COVID-19: a meta-analysis
thuuqund,10.1097/01.ccm.0000806948.88692.80,,,,Discharge Outcomes of Patients with Covid-19 Admitted to the Icu: the Virus Registry,Registry,Admitted to the Icu: the Virus Registry
drj23gu3,10.37506/ijfmt.v15i3.15711,,,,Clinical characteristics of covid-19 in patients: A meta-analysis,meta-analysis,Clinical characteristics of covid-19 in patients: A meta-analysis
etllhzcc,10.21203/rs.3.rs-17871/v1,,,,"Clinical characteristics of 2019 novel coronavirus pneumonia and risk factors for severe cases: a meta-analysis involving 5,729 patients",meta-analysis,Clinical characteristics of 2019 novel coronavirus pneumonia and risk factors for severe cases: a meta-analysis
46ic8n3t,10.35434/rcmhnaaa.2021.144.1305,,,,Aló CMP: A multi-channel platform for remote care of doctors during the COVID-19 pandemic in Peru/ Aló CMP: Una plataforma multicanal para la atención remota de los médicos durante la pandemia del COVID-19 en el Perú,platform,Aló CMP: A multi-channel platform
d8uh12ik,10.1007/978-3-030-80621-7_36,,,,Ventilator Prototype Controlled and Monitored by an IoT Platform,Platform,Monitored by an IoT Platform
0pk22kre,10.1101/2021.11.24.469884,911956c5e5a91ba305456c9200e4056c671c6731,document_parses/pdf_json/911956c5e5a91ba305456c9200e4056c671c6731.json,,NucPosDB: a database of nucleosome positioning in vivo and nucleosomics of cell-free DNA,database,NucPosDB: a database
3z818wwx,10.21203/rs.3.rs-74207/v1,,,,"Identification of immunological, inflammatory, hematological, and coagulation abnormalities associated with severity and mortality of COVID-19: a meta-analysis of 64 observational studies",meta-analysis,"Identification of immunological, inflammatory, hematological, and coagulation abnormalities associated with severity and mortality of COVID-19: a meta-analysis"
vvigj1xi,10.1101/2021.12.26.474200,a9f36c86dc59eaf0636a7bc53f52f3e87df845af,document_parses/pdf_json/a9f36c86dc59eaf0636a7bc53f52f3e87df845af.json,,dbGSRV: a manually curated database of genetic susceptibility to respiratory virus,database,dbGSRV: a manually curated database
ji3az367,10.1101/2020.06.08.139949,b91a937079dfb5b58063e386c676b4f935f0e509,document_parses/pdf_json/b91a937079dfb5b58063e386c676b4f935f0e509.json,,BioDynaMo: a general platform for scalable agent-based simulation,platform,BioDynaMo: a general platform
miiu4ibh,10.1101/2021.01.13.426588,6b8826b37171ff4a9c9eb1f02f67f778a753acb6,document_parses/pdf_json/6b8826b37171ff4a9c9eb1f02f67f778a753acb6.json,,Comprehensive mapping of local and diaspora scientists: a database and analysis of 63951 Greek scientists,database,Comprehensive mapping of local and diaspora scientists: a database
5uw36v1f,10.1101/2020.06.22.20103556,3731d7a54119158bb58b185bec8ee7fbb9c71c12,document_parses/pdf_json/3731d7a54119158bb58b185bec8ee7fbb9c71c12.json,,Genetic susceptibility to pneumonia: A GWAS meta-analysis between UK Biobank and FinnGen,meta-analysis,Genetic susceptibility to pneumonia: A GWAS meta-analysis
w6jutrio,10.1109/telfor52709.2021.9653200,,,,Pandemic Symptoms Real-Time Ranking Platform,Platform,Pandemic Symptoms Real-Time Ranking Platform
2l5engqx,10.2139/ssrn.3857642,,,,Social Media Use and Mental Health During the COVID-19 Pandemic: A Meta-Analysis of Cross-Sectional Studies,Meta-Analysis,During the COVID-19 Pandemic: A Meta-Analysis
vryj5q8i,10.1101/2021.11.25.470064,,,,"MTSviewer: a database to visualize mitochondrial targeting sequences, cleavage sites, and mutations on protein structures",database,MTSviewer: a database
cjp5s412,10.2139/ssrn.3675423,,,,The Epidemiological and Mechanistic Understanding of the Neurological Manifestations of COVID-19: A Comprehensive Meta-Analysis and a Network Medicine Observation,Meta-Analysis,Epidemiological and Mechanistic Understanding of the Neurological Manifestations of COVID-19: A Comprehensive Meta-Analysis
0z9jwenv,10.1016/j.ijmmb.2021.08.200,,,,Invention is the need of the hour: A unique Data Accumulation and Analysis Platform for covid reporting,Platform,Invention is the need of the hour: A unique Data Accumulation and Analysis Platform
w3ts691t,10.21203/rs.3.rs-31142/v1,,,,Prognostic Impact of Coagulopathy in Patients with COVID-19: a Meta-analysis of 35 Studies and 6427 Patients,Meta-analysis,Prognostic Impact of Coagulopathy in Patients with COVID-19: a Meta-analysis
q0c4eeah,10.1109/tla.2021.9451249,,,,COVID-XR: A Web Management Platform for Coronavirus Detection on X-ray Chest Images,Platform,COVID-XR: A Web Management Platform
7e8zygq3,10.33263/briac125.58935900,,,,Neuraminidase inhibitors during pregnancy and adverse birth outcomes: A meta-analysis,meta-analysis,Neuraminidase inhibitors during pregnancy and adverse birth outcomes: A meta-analysis
llfoel0r,10.1109/embc46164.2021.9630187,,,,SCOPE2: A Platform for Sars-COv-2 Primer covErage Evaluation,Platform,SCOPE2: A Platform
finvtohl,10.21203/rs.3.rs-427787/v1,,,,Effects of Telerehabilitation on Occupational Therapy Services in the Coronavirus Disease 2019 Era: An Umbrella and Mapping Review with Meta–Meta-Analysis,Meta-Analysis,Mapping Review with Meta–Meta-Analysis
kgln9k6s,10.1101/2021.07.07.451425,,,,‘The Thousand Polish Genomes Project’ - a national database of Polish variant allele frequencies,database,Thousand Polish Genomes Project’ - a national database
kuvdbr09,10.1101/2021.09.22.21263977,99cc4b29c4a61bfdaf17c60a6f9362387b628a25,document_parses/pdf_json/99cc4b29c4a61bfdaf17c60a6f9362387b628a25.json,,"COVID-19 mortality risk correlates inversely with vitamin D3 status, and a mortality rate close to zero could theoretically be achieved at 50 ng/ml 25(OH)D3: Results of a systematic review and meta-analysis",meta-analysis,ml 25(OH)D3: Results of a systematic review and meta-analysis
13cqd96u,10.2139/ssrn.3738089,,,,Prolonged Symptom Onset to Admission Time Is Associated with Severe Coronavirus Disease: A Meta-Analysis and Single-Center Retrospective Study,Meta-Analysis,Prolonged Symptom Onset to Admission Time Is Associated with Severe Coronavirus Disease: A Meta-Analysis
ffimooij,10.12911/22998993/142207,,,,Airborne Bacteria from Wastewater Treatment and Their Antibiotic Resistance: A Meta-Analysis,Meta-Analysis,Airborne Bacteria from Wastewater Treatment and Their Antibiotic Resistance: A Meta-Analysis
aqdj4y8x,10.1067/j.cpradiol.2021.09.002,,,,The Radiology Lecture Exchange (RALEX): A Virtual Visiting Professorship Platform for All,Platform,The Radiology Lecture Exchange (RALEX): A Virtual Visiting Professorship Platform
z6jc5pwe,10.2139/ssrn.3834310,,,,Prognostic Indicators and Outcomes of Hospitalised COVID-19 Patients with Neurological Disease: A Systematic Review and Individual Patient Data Meta-Analysis,Meta-Analysis,Prognostic Indicators and Outcomes of Hospitalised COVID-19 Patients with Neurological Disease: A Systematic Review and Individual Patient Data Meta-Analysis
p3ktszn2,10.1101/2021.10.08.21264768,c5047c8591ffd5364eef123d164e96f3a9984340,document_parses/pdf_json/c5047c8591ffd5364eef123d164e96f3a9984340.json,,The Biomedical Research Hub: A Federated Platform for Patient Research Data,Platform,The Biomedical Research Hub: A Federated Platform
oarhmhb0,10.37575/h/edu/210026,,,,Saudi School Education During the COVID-19 Pandemic: The Madrasati Platform,Platform,During the COVID-19 Pandemic: The Madrasati Platform
jy2a1tyx,10.5603/dk.a2021.0035,,,,"Metformin therapy, severity and mortality of SARS-CoV-2 infection: A meta-analysis",meta-analysis,"Metformin therapy, severity and mortality of SARS-CoV-2 infection: A meta-analysis"
okntwmgk,10.20944/preprints202012.0493.v2,,,,Future Considerations for the mRNA–Lipid Nanoparticle Vaccine Platform,Platform,Considerations for the mRNA–Lipid Nanoparticle Vaccine Platform
upq41f1z,10.1101/2021.06.30.21259763,,,,Which children and young people are at higher risk of severe disease and death after SARS-CoV-2 infection: a systematic review and individual patient meta-analysis,meta-analysis,: a systematic review and individual patient meta-analysis
l7nap22d,10.1109/slae54202.2021.9686841,,,,Asynchronous Discussion Forum: A Reflective E-learning Platform during COVID-19,Platform,Asynchronous Discussion Forum: A Reflective E-learning Platform
etdgh0ht,10.1007/978-981-16-5792-4_11,,,,LatamCovidNewsCheck. Meta-classification of Fact Checking Platforms in Latin America During the Covid-19 Pandemic,Platforms,. Meta-classification of Fact Checking Platforms
09c4u4oy,10.21203/rs.3.rs-61338/v3,,,,"H2V: a database of human genes and proteins that respond to SARS-CoV-2, SARS-CoV, and MERS-CoV infection",database,H2V: a database
6e91xr98,10.21203/rs.3.rs-1270456/v1,,,,Social Media Use and Mental Health During the COVID-19 Pandemic: A Meta-Analysis of 14 Cross-Sectional Studies (preprint)/ en,Meta-Analysis,During the COVID-19 Pandemic: A Meta-Analysis
yxpr2gtq,,,,,Risk of death from methicillin-resistant Staphylococcus aureus bacteraemia: a meta-analysis.,meta-analysis,Risk of death from methicillin-resistant Staphylococcus aureus bacteraemia: a meta-analysis
tuva6tem,,,,,Development and Validation of a Scoring System for Predicting Periprocedural Complications During Percutaneous Coronary Interventions of Chronic Total Occlusions: The Prospective Global Registry for the Study of Chronic Total Occlusion Intervention (PROGRESS CTO) Complications Score.,Registry,Development and Validation of a Scoring System for Predicting Periprocedural Complications During Percutaneous Coronary Interventions of Chronic Total Occlusions: The Prospective Global Registry
o9zt36of,,,,,Elevated cardiac troponin I as a predictor of outcomes in COVID-19 hospitalizations: a meta-analysis.,meta-analysis,Elevated cardiac troponin I as a predictor of outcomes in COVID-19 hospitalizations: a meta-analysis
cxon74u3,,,,,Screen Time beyond Gaming and Social Media: Excessive and Problematic Use of Over the Top (OTT) Platforms among College Students during COVID-19 Pandemic.,Platforms,Screen Time beyond Gaming and Social Media: Excessive and Problematic Use of Over the Top (OTT) Platforms
7yqhnvhy,,,,,Consultation-Liaison Psychiatry Literature Database (2003 update). Part I: Consultation - Liaison Literature Database: 2003 update and national lists.,Database,). Part I: Consultation - Liaison Literature Database
sd6qb1a7,,,,,Commentary: The Covid-19 Registry.,Registry,Commentary: The Covid-19 Registry
44jpesyp,,,,,Guidelines for the use of the Attend Anywhere Platform for Telecommunications within the Pain Service.,Platform,Guidelines for the use of the Attend Anywhere Platform
r7flllm4,,,,,Parent artery occlusion for unruptured cerebral aneurysms: the Japanese Registry of Neuroendovascular Therapy (JR-NET) 1 and 2.,Registry,for unruptured cerebral aneurysms: the Japanese Registry
k7jjqqbt,,,,,Molecular evidence for the role of mycobacteria in sarcoidosis: a meta-analysis.,meta-analysis,evidence for the role of mycobacteria in sarcoidosis: a meta-analysis
8ojypu4m,,,,,The safety and efficacy of high versus low vancomycin trough levels in the treatment of patients with infections caused by methicillin-resistant Staphylococcus aureus: a meta-analysis.,meta-analysis,-resistant Staphylococcus aureus: a meta-analysis
2h44m27t,,,,,The expressed emotion of parents of children with developmental disabilities: A meta-analysis.,meta-analysis,The expressed emotion of parents of children with developmental disabilities: A meta-analysis
kd7cquwl,,,,,Prevalence of gastrointestinal symptoms in coronavirus disease 2019: a meta-analysis.,meta-analysis,Prevalence of gastrointestinal symptoms in coronavirus disease 2019: a meta-analysis
v7ervefu,,,,,PFDB: a generic protein family database integrating the CATH domain structure database with sequence based protein family resources.,database,PFDB: a generic protein family database
9fgk45jq,,bf344238d954315dd33e9bb9b310d565ce94f969,document_parses/pdf_json/bf344238d954315dd33e9bb9b310d565ce94f969.json,,IFoodCloud: A Platform for Real-time Sentiment Analysis of Public Opinion about Food Safety in China,Platform,IFoodCloud: A Platform
q8486aby,,,,,Nationwide Results of COVID-19 Contact Tracing in South Korea: Individual Participant Data From an Epidemiological Survey,Individual Participant Data,Nationwide Results of COVID-19 Contact Tracing in South Korea: Individual Participant Data
8rreruyo,,,,,Culturally Relevant Resilience: A Psychometric Meta-Analysis of the Child and Youth Resilience Measure (CYRM),Meta-Analysis,Culturally Relevant Resilience: A Psychometric Meta-Analysis
yp1ceyd2,,,,,Association of Body mass index (BMI) with Critical COVID-19 and in-hospital Mortality: a dose-response meta-analysis,meta-analysis,Association of Body mass index (BMI) with Critical COVID-19 and in-hospital Mortality: a dose-response meta-analysis
ycx30inf,,,,,Associations Between the Use of Renin-Angiotensin System Inhibitors and the Risks of Severe COVID-19 and Mortality in COVID-19 Patients With Hypertension: A Meta-Analysis of Observational Studies,Meta-Analysis,Associations Between the Use of Renin-Angiotensin System Inhibitors and the Risks of Severe COVID-19 and Mortality in COVID-19 Patients With Hypertension: A Meta-Analysis
dayl5ud3,,,,,Comorbid diabetes and the risk of disease severity or death among 8807 COVID-19 patients in China: a meta-analysis. (Special issue on diabetes and COVID-19: the IDF perspective.),meta-analysis,Comorbid diabetes and the risk of disease severity or death among 8807 COVID-19 patients in China: a meta-analysis
n2im2a84,,,,,The Effect of Outcome vs. Process Accountability-Focus on Performance: A Meta-Analysis,Meta-Analysis,The Effect of Outcome vs. Process Accountability-Focus on Performance: A Meta-Analysis
ibpyqrq4,,,,,Diabetes increases the mortality of patients with COVID-19: a meta-analysis,meta-analysis,Diabetes increases the mortality of patients with COVID-19: a meta-analysis
bqjslmy4,,,,,Faecal Calprotectin in Assessment of Mucosal Healing in Adults with Inflammatory Bowel Disease: A Meta-Analysis,Meta-Analysis,Faecal Calprotectin in Assessment of Mucosal Healing in Adults with Inflammatory Bowel Disease: A Meta-Analysis
f0tjnd5x,,,,,"The Association of Lymphocyte count, CRP, D-Dimer, and LDH with Severe Coronavirus Disease 2019 (COVID-19): A Meta-Analysis",Meta-Analysis,"The Association of Lymphocyte count, CRP, D-Dimer, and LDH with Severe Coronavirus Disease 2019 (COVID-19): A Meta-Analysis"
j2kivv6c,,,,,Asthma does not influence the severity of COVID-19: a meta-analysis,meta-analysis,not influence the severity of COVID-19: a meta-analysis
5s81oe15,,,,,Non-invasive ventilatory support in patients with COVID-19 pneumonia: A Spanish multicenter registry,registry,-invasive ventilatory support in patients with COVID-19 pneumonia: A Spanish multicenter registry
43s0n7iu,,,,,Examining the digitalisation of virtual enterprises amidst the COVID-19 pandemic: a systematic and meta-analysis,meta-analysis,Examining the digitalisation of virtual enterprises amidst the COVID-19 pandemic: a systematic and meta-analysis
5qq4x9qk,,,,,Efficacy and safety of dual versus mono antiplatelet therapy in patients with stroke or transient ischemic attack: An updated meta-analysis of 18 randomized controlled trials,meta-analysis,Efficacy and safety of dual versus mono antiplatelet therapy in patients with stroke or transient ischemic attack: An updated meta-analysis
a0we4cql,,,,,WiFiMon: A mobility analytics platform for building occupancy monitoring and contact tracing using wifi sensing: Poster abstract,platform,WiFiMon: A mobility analytics platform
9lf8o1rs,,,,,Cancer PRSweb: An Online Repository with Polygenic Risk Scores for Major Cancer Traits and Their Evaluation in Two Independent Biobanks,Repository,Cancer PRSweb: An Online Repository
6orevb7k,,,,,COVID-19 pandemic: Coroner's database of death inquiries with clinical epidemiology and total and excess mortality analyses in the District of Kildare March to June 2020,database,COVID-19 pandemic: Coroner's database
dr4d0m4r,,,,,The association between ABO blood group and SARS-CoV-2 infection: A meta-analysis,meta-analysis,The association between ABO blood group and SARS-CoV-2 infection: A meta-analysis
cmrksxzu,,,,,Lymphopenia as a marker for disease severity in COVID-19 patients: A meta-analysis,meta-analysis,Lymphopenia as a marker for disease severity in COVID-19 patients: A meta-analysis
0era543p,,,,,Design and Development of a New Cost-Effective Internet of Things Sensor Platform for Air Quality Measurements,Platform,Cost-Effective Internet of Things Sensor Platform
629u19ct,,,,,Multisystem inflammatory syndrome in pediatric COVID-19 patients: a meta-analysis,meta-analysis,Multisystem inflammatory syndrome in pediatric COVID-19 patients: a meta-analysis
e3l076xf,,,,,"The safety, feasibility, and cost-effectiveness of early laparoscopic cholecystectomy for patients with mild acute biliary pancreatitis: A meta-analysis",meta-analysis,"The safety, feasibility, and cost-effectiveness of early laparoscopic cholecystectomy for patients with mild acute biliary pancreatitis: A meta-analysis"
4t2tdgvy,,,,,Neurological complications of COVID-19 in hospitalized patients: The registry of a neurology department in the first wave of the pandemic,registry,Neurological complications of COVID-19 in hospitalized patients: The registry
6ousmz22,,,,,Efficacy and safety of oral phosphodiesterase 5 inhibitors for erectile dysfunction: a network meta-analysis and multicriteria decision analysis,meta-analysis,dysfunction: a network meta-analysis
i5rangti,,,,,Diagnostic and prognostic value of hematological and immunological markers in COVID-19 infection: A meta-analysis of 6320 patients,meta-analysis,Diagnostic and prognostic value of hematological and immunological markers in COVID-19 infection: A meta-analysis
a5jwv7aq,,,,,[Clinical features and outcome of treatment for novel coronavirus pneumonia: a meta-analysis],meta-analysis,[Clinical features and outcome of treatment for novel coronavirus pneumonia: a meta-analysis
f8fyxamo,,,,,"Rationale and Design of a Registry in a Referral and Educational Medical Center in Tehran, Iran: Sina Hospital Covid-19 Registry (SHCo-19R)",Registry,"Rationale and Design of a Registry in a Referral and Educational Medical Center in Tehran, Iran: Sina Hospital Covid-19 Registry"
p8nky6fs,,,,,The association between myocardial infarction and COVID-19 related mortality: A meta-analysis based on adjusted effect estimates,meta-analysis,The association between myocardial infarction and COVID-19 related mortality: A meta-analysis
qsjc03fv,,,,,"Neuropsychological adverse drug reactions of Remdesivir: analysis using VigiBase, the WHO global database of individual case safety reports",database,": analysis using VigiBase, the WHO global database"
gquyz5t6,,,,,Risk and Outcomes of COVID-19 Patients with Asthma: A Meta-Analysis,Meta-Analysis,Risk and Outcomes of COVID-19 Patients with Asthma: A Meta-Analysis
a95h0i34,,df83ef2f6281f9f8dedd75820b8aaca1431e25e8,document_parses/pdf_json/df83ef2f6281f9f8dedd75820b8aaca1431e25e8.json,,"HOPES -- An Integrative Digital Phenotyping Platform for Data Collection, Monitoring and Machine Learning",Platform,HOPES -- An Integrative Digital Phenotyping Platform
gj86y2up,,,,,"HOPES: An Integrative Digital Phenotyping Platform for Data Collection, Monitoring, and Machine Learning",Platform,HOPES: An Integrative Digital Phenotyping Platform
fqebwdy1,,,,,[TCMATCOV--a bioinformatics platform to predict efficacy of TCM against COVID-19],platform,[TCMATCOV--a bioinformatics platform
d7ijcw70,,,,,Age-related difference of the association of cardiovascular risk factors with the cardio-ankle vascular index in the Cardiovascular Prognostic Coupling Study in Japan (the Coupling Registry),Registry,Cardiovascular Prognostic Coupling Study in Japan (the Coupling Registry
t4077hud,,,,,Efficacy and safety of Jinhua Qinggan granules for coronavirus disease 2019 (COVID-19): A protocol of a systematic review and meta-analysis,meta-analysis,COVID-19): A protocol of a systematic review and meta-analysis
01gogefy,,,,,"Role of psychotherapy on antenatal depression, anxiety, and maternal quality of life: A meta-analysis",meta-analysis,"Role of psychotherapy on antenatal depression, anxiety, and maternal quality of life: A meta-analysis"
8ovr1ikg,,,,,Mesenchymal stem cell therapy in pulmonary fibrosis: a meta-analysis of preclinical studies,meta-analysis,Mesenchymal stem cell therapy in pulmonary fibrosis: a meta-analysis
5s00bfsn,,,,,The common risk factors for progression and mortality in COVID-19 patients: a meta-analysis,meta-analysis,The common risk factors for progression and mortality in COVID-19 patients: a meta-analysis
ekss98xb,,,,,Propedia: a database for protein-peptide identification based on a hybrid clustering algorithm,database,Propedia: a database
yc8mt0oz,,,,,Liver injury could be associated with severe disease in COVID-19 patients: a meta-analysis,meta-analysis,Liver injury could be associated with severe disease in COVID-19 patients: a meta-analysis
8n2drtod,,,,,Decreased mortality in acute respiratory distress syndrome patients treated with corticosteroids: an updated meta-analysis of randomized clinical trials with trial sequential analysis,meta-analysis,Decreased mortality in acute respiratory distress syndrome patients treated with corticosteroids: an updated meta-analysis
i0p1xo38,,,,,Prevalence and Impact of Coagulation Dysfunction in COVID-19 in China: A Meta-Analysis,Meta-Analysis,Prevalence and Impact of Coagulation Dysfunction in COVID-19 in China: A Meta-Analysis
ltysoyb3,,,,,CAPACITY-COVID: a European Registry to determine the role of cardiovascular disease in the COVID-19 pandemic,Registry,CAPACITY-COVID: a European Registry
1zoibg9r,,,,,"Rapid, multimodal, critical care knowledge-sharing platform for COVID-19 pandemics",platform,"Rapid, multimodal, critical care knowledge-sharing platform"
j64syuqe,,,,,NovidChain: Blockchain-based privacy-preserving platform for COVID-19 test/vaccine certificates,platform,NovidChain: Blockchain-based privacy-preserving platform
t52q9da0,,,,,"OxCOVID19 Database, a multimodal data repository for better understanding the global impact of COVID-19",repository,"OxCOVID19 Database, a multimodal data repository"
1edsm58s,,,,,Estimation of Renin-Angiotensin-Aldosterone-System (RAAS)-Inhibitor effect on COVID-19 outcome: A Meta-analysis,Meta-analysis,Estimation of Renin-Angiotensin-Aldosterone-System (RAAS)-Inhibitor effect on COVID-19 outcome: A Meta-analysis
t8o8yye0,,,,,Anticoagulation and Covid-19: a Meta-analysis,Meta-analysis,Anticoagulation and Covid-19: a Meta-analysis
zrmajqdn,,,,,GESS: a database of global evaluation of SARS-CoV-2/hCoV-19 sequences,database,GESS: a database
vg2rkr5t,,,,,"Kawasaki Disease Shock Syndrome versus classical Kawasaki Disease, a Meta-analysis and comparison with SARS-CoV-2 Multisystem Inflammatory Syndrome",Meta-analysis,"versus classical Kawasaki Disease, a Meta-analysis"
xiv8ufd8,,,,,Efficacy and safety of short-term 1-3 months versus standard 12 months dual antiplatelet therapy in patients undergoing percutaneous coronary intervention: a meta-analysis of randomized clinical trials,meta-analysis,Efficacy and safety of short-term 1-3 months versus standard 12 months dual antiplatelet therapy in patients undergoing percutaneous coronary intervention: a meta-analysis
eh57samt,,,,,Greater Toronto Area Heart Map Challenge: the First Crowd-sourced Automated External Defibrillator Registry in Canada,Registry,Area Heart Map Challenge: the First Crowd-sourced Automated External Defibrillator Registry
bs1b0q6v,,,,,"HIT-COVID, a global database tracking public health interventions to COVID-19",database,"HIT-COVID, a global database"
d9adeg4l,,,,,The relationship between fear of COVID-19 and mental health problems: A meta-analysis,meta-analysis,The relationship between fear of COVID-19 and mental health problems: A meta-analysis
rfp5nrzw,,,,,Does pulmonary embolism in critically ill COVID-19 patients worsen the in-hospital mortality: A meta-analysis,meta-analysis,in-hospital mortality: A meta-analysis
wtv2q43v,,,,,Effects of Tocilizumab on Adults With COVID-19 Pneumonia: A Meta-Analysis,Meta-Analysis,Effects of Tocilizumab on Adults With COVID-19 Pneumonia: A Meta-Analysis
wxlwo6i3,,,,,DBCOVP: A database of coronavirus virulent glycoproteins,database,DBCOVP: A database
r9hhtp3i,,,,,Phenomenological dynamics of COVID-19 pandemic: Meta-analysis for adjustment parameters,Meta-analysis,Phenomenological dynamics of COVID-19 pandemic: Meta-analysis
cle2i8uq,,,,,Phenomenological dynamics of COVID-19 pandemic: meta-analysis for adjustment parameters,meta-analysis,Phenomenological dynamics of COVID-19 pandemic: meta-analysis
7n85ucvw,,,,,"Prevalence of posttraumatic stress disorder after infectious disease pandemics in the twenty-first century, including COVID-19: a meta-analysis and systematic review",meta-analysis,"Prevalence of posttraumatic stress disorder after infectious disease pandemics in the twenty-first century, including COVID-19: a meta-analysis"
k1jrmodq,,,,,"Visualisation technologies-I can see clearly now but the feel is gone: Commentary on: Stereoscopic three-dimensional visualisation technology in anatomy learning: A meta-analysis, Bogomolova et al",meta-analysis,is gone: Commentary on: Stereoscopic three-dimensional visualisation technology in anatomy learning: A meta-analysis
ojztlcoc,,,,,"Vitamin D supplementation, COVID-19 & Disease Severity: A meta-analysis",meta-analysis,"Vitamin D supplementation, COVID-19 & Disease Severity: A meta-analysis"
kyt63akc,,,,,Cardiac markers of multisystem inflammatory syndrome in children (MIS-C) in COVID-19 patients: A meta-analysis,meta-analysis,Cardiac markers of multisystem inflammatory syndrome in children (MIS-C) in COVID-19 patients: A meta-analysis
ojcctlqo,,,,,Levels of alanine aminotransferase and aspartate aminotransferase in coronavirus disease 2019 patients: a meta-analysis,meta-analysis,Levels of alanine aminotransferase and aspartate aminotransferase in coronavirus disease 2019 patients: a meta-analysis
efno6sbd,,,,,Dyslipidaemia and mortality in COVID-19 patients - a meta-analysis,meta-analysis,mortality in COVID-19 patients - a meta-analysis
9j9dodcn,,,,,Electrical stimulation as a therapeutic approach in obstructive sleep apnea - a meta-analysis,meta-analysis,in obstructive sleep apnea - a meta-analysis
054184g9,,,,,Arrhythmia in patients with severe coronavirus disease (COVID-19): a meta-analysis,meta-analysis,with severe coronavirus disease (COVID-19): a meta-analysis
5tf5jzt4,,,,,Lymphocyte Subset Counts in COVID-19 Patients: A Meta-Analysis,Meta-Analysis,Lymphocyte Subset Counts in COVID-19 Patients: A Meta-Analysis
az0sxuy9,,,,,Editorial: A COVID-19 Support Platform for Long Term Care Facilities,Platform,Editorial: A COVID-19 Support Platform
uth3coky,,,,,LitCovid: A Database of Coronavirus Research,Database,LitCovid: A Database
9adit97k,,,,,icumonitoring.ch: a platform for short-term forecasting of intensive care unit occupancy during the COVID-19 epidemic in Switzerland,platform,icumonitoring.ch: a platform
ke30x3t4,,,,,Cortical neurophysiology of primary isolated dystonia and non-dystonic adults: a meta-analysis,meta-analysis,Cortical neurophysiology of primary isolated dystonia and non-dystonic adults: a meta-analysis
ifcealt7,,,,,Coronavirus disease 2019 (COVID-19) and cardiovascular risk: A meta-analysis,meta-analysis,) and cardiovascular risk: A meta-analysis
1oa8wjt0,,,,,The impact of selenium administration on severe sepsis or septic shock: a meta-analysis of randomized controlled trials,meta-analysis,The impact of selenium administration on severe sepsis or septic shock: a meta-analysis
00a355uo,,,,,The clinical characteristics of pediatric inpatients with SARS-CoV-2 infection: A meta-analysis and systematic review,meta-analysis,The clinical characteristics of pediatric inpatients with SARS-CoV-2 infection: A meta-analysis
3zkkk5yw,,,,,The clinical characteristics of pediatric inpatients with SARS-CoV-2 infection: a meta-analysis and systematic review,meta-analysis,The clinical characteristics of pediatric inpatients with SARS-CoV-2 infection: a meta-analysis
2u27pfvg,,,,,American Heart Association COVID-19 CVD Registry Powered by Get With The Guidelines,Registry,American Heart Association COVID-19 CVD Registry
053sl3by,,,,,Epidemiological features of coronavirus disease 2019 in children: a meta-analysis,meta-analysis,Epidemiological features of coronavirus disease 2019 in children: a meta-analysis
7cjln27v,,,,,AgAcademy: a modal platform for scaling up e-learning in Indian agriculture in COVID times,platform,AgAcademy: a modal platform
7073yr7l,,,,,NeedFull - a Tweet Analysis Platform to Study Human Needs During the COVID-19 Pandemic in New York State,Platform,NeedFull - a Tweet Analysis Platform
mn75yacq,,,,,Acute coronary syndromes in the era of SARS-CoV-2 Infection: A registry of the French group of acute cardiac care,registry,Acute coronary syndromes in the era of SARS-CoV-2 Infection: A registry
jg4mjd2q,,,,,INTENSIVE (InterNaTional rEgistry oN Sars-cov-2 positiVe nEuroendocrine neoplasm patients),rEgistry,INTENSIVE (InterNaTional rEgistry
6dbu0q1e,,,,,Sound Dr -- A database of Respiratory Sound and Baseline System for COVID-19 Detection (preprint)/ en,database,Sound Dr -- A database
he77861f,,,,,Clinical outcomes of patients hospitalized for COVID-19 versus SARS: a meta-analysis,meta-analysis,outcomes of patients hospitalized for COVID-19 versus SARS: a meta-analysis
644wg76j,,,,,DockCoV2: a drug database against SARS-CoV-2,database,DockCoV2: a drug database
jhcqubo8,,,,,Elevated fibrinogen and fibrin degradation product are associated with poor outcome in COVID-19 patients: A meta-analysis,meta-analysis,Elevated fibrinogen and fibrin degradation product are associated with poor outcome in COVID-19 patients: A meta-analysis
0xaxzwfu,,,,,VACCELERATE Volunteer Registry: A European Study Participant Database to Facilitate Clinical Trial Enrolment (preprint),Database,VACCELERATE Volunteer Registry: A European Study Participant Database
s0vqx1vx,,,,,Mesenchymal Stem Cell Derived Exosomes: a Nano Platform for Therapeutics and Drug Delivery in Combating COVID-19,Platform,Stem Cell Derived Exosomes: a Nano Platform
g5os8gei,,,,,Covid-19 Impact on Elderly Hemodialysis Population: Results from the Spanish Covid-19 Ckd Working Group Registry,Registry,from the Spanish Covid-19 Ckd Working Group Registry
kptbdumm,,,,,"DPL: a comprehensive database on sequences, structures, sources and functions of peptide ligands",database,DPL: a comprehensive database
siw4ivbs,,,,,"Coswara -- A Database of Breathing, Cough, and Voice Sounds for COVID-19 Diagnosis",Database,Coswara -- A Database
ar1o0s69,,,,,CORDITE: The Curated CORona Drug InTERactions Database for SARS-CoV-2,Database,CORDITE: The Curated CORona Drug InTERactions Database
7lqyxbhp,,,,,Obesity is associated with severe COVID-19 but not death: a dose-response meta-analysis,meta-analysis,COVID-19 but not death: a dose-response meta-analysis
f8x9e7l1,,,,,Elevated cardiac troponin I as a predictor of outcomes in COVID-19 hospitalizations: a meta-analysis,meta-analysis,Elevated cardiac troponin I as a predictor of outcomes in COVID-19 hospitalizations: a meta-analysis
acdi6tmf,,,,,Outcomes of Neonates Born to Mothers With Coronavirus Disease 2019 (COVID-19) - National Neonatology Forum (NNF) India COVID-19 Registry,Registry,- National Neonatology Forum (NNF) India COVID-19 Registry
953actrt,,,,,Outcomes of Neonates Born to Mothers with Coronavirus Disease 2019 (COVID-19) - National Neonatology Forum (NNF) India COVID-19 Registry,Registry,- National Neonatology Forum (NNF) India COVID-19 Registry
iuzxja0j,,,,,Efficacy and safety of OM-85 in paediatric recurrent respiratory tract infections which could have a possible protective effect on COVID-19 pandemic: A meta-analysis,meta-analysis,Efficacy and safety of OM-85 in paediatric recurrent respiratory tract infections which could have a possible protective effect on COVID-19 pandemic: A meta-analysis
jyc757b7,,,,,Pregnancy and SARS-CoV-2 Infection in Germany-the CRONOS Registry,Registry,Pregnancy and SARS-CoV-2 Infection in Germany-the CRONOS Registry
vmggzy8u,,,,,Comparison of Mitral Valve Replacement and Repair for Degenerative Mitral Regurgitation: a Meta-analysis and Implications for Transcatheter Mitral Procedures,Meta-analysis,Comparison of Mitral Valve Replacement and Repair for Degenerative Mitral Regurgitation: a Meta-analysis
di2o8civ,,,,,Lymphopenia and neutrophilia at admission predicts severity and mortality in patients with COVID-19: a meta-analysis,meta-analysis,Lymphopenia and neutrophilia at admission predicts severity and mortality in patients with COVID-19: a meta-analysis
e6r444kh,,,,,Human Immunodeficiency Virus (HIV) and outcomes from coronavirus disease 2019 (COVID-19) pneumonia: A Meta-Analysis and Meta-Regression,Meta-Analysis,Human Immunodeficiency Virus (HIV) and outcomes from coronavirus disease 2019 (COVID-19) pneumonia: A Meta-Analysis
59k2lbq0,,,,,Efficacy of IVIG (Intravenous Immunoglobulin) for Corona Virus Disease 2019 (COVID-19): a meta-analysis,meta-analysis,for Corona Virus Disease 2019 (COVID-19): a meta-analysis
pk1x14mk,,,,,Efficacy of IVIG (intravenous immunoglobulin) for corona virus disease 2019 (COVID-19): A meta-analysis,meta-analysis,Efficacy of IVIG (intravenous immunoglobulin) for corona virus disease 2019 (COVID-19): A meta-analysis
ha44e10i,,,,,"Gastroenterology manifestations and COVID-19 outcomes: A meta-analysis of 25,252 cohorts among the first and second waves",meta-analysis,Gastroenterology manifestations and COVID-19 outcomes: A meta-analysis
4zmikc4r,,,,,The relationship between severe or dead COVID-19 and asthma: A meta-analysis,meta-analysis,The relationship between severe or dead COVID-19 and asthma: A meta-analysis
h0uoeemf,,,,,Efficacy of acupuncture for migraine prophylaxis: a trial sequential meta-analysis,meta-analysis,Efficacy of acupuncture for migraine prophylaxis: a trial sequential meta-analysis
5jswksu8,,,,,Clinical characteristics of 4499 COVID-19 patients in Africa: A meta-analysis,meta-analysis,Clinical characteristics of 4499 COVID-19 patients in Africa: A meta-analysis
jarchwax,,,,,SARS-CoV-2 Neutralizing Antibodies: A Network Meta-Analysis across Vaccines,Meta-Analysis,-CoV-2 Neutralizing Antibodies: A Network Meta-Analysis
ms75vv74,,,,,Postdischarge thromboembolic outcomes and mortality of hospitalized patients with COVID-19: the CORE-19 registry,registry,Postdischarge thromboembolic outcomes and mortality of hospitalized patients with COVID-19: the CORE-19 registry
c5b6029a,,,,,Efficacy and safety of sacubitril-valsartan in heart failure: a meta-analysis of randomized controlled trials,meta-analysis,Efficacy and safety of sacubitril-valsartan in heart failure: a meta-analysis
m5ie3o2i,,,,,A non-contact integrated body-ambient temperature sensors platform to contrast COVID-19,platform,-ambient temperature sensors platform
avupxt53,,,,,Fungal co-infection in COVID-19 patients: evidence from a systematic review and meta-analysis,meta-analysis,COVID-19 patients: evidence from a systematic review and meta-analysis
evelu6cc,,,,,Survival of adults hospitalized with COVID-19 and remdesivir: Bayesian re-analysis and meta-analysis of two clinical trials/ Supervivencia de adultos hospitalizados con COVID-19 y remdesivir: reanálisis bayesiano y metaanálisis de dos ensayos clínicos,meta-analysis,Survival of adults hospitalized with COVID-19 and remdesivir: Bayesian re-analysis and meta-analysis
ylcltc0m,,,,,Survival of adults hospitalized with COVID-19 and remdesivir: Bayesian re-analysis and meta-analysis of two clinical trials,meta-analysis,Survival of adults hospitalized with COVID-19 and remdesivir: Bayesian re-analysis and meta-analysis
e2pjtjn8,,,,,Hydroxychloroquine safety: A meta-analysis of randomized controlled trials,meta-analysis,Hydroxychloroquine safety: A meta-analysis
auip5ntf,,,,,Hydroxychloroquine Safety: A Meta-Analysis of Randomized Controlled Trials,Meta-Analysis,Hydroxychloroquine Safety: A Meta-Analysis
qq9q5lfn,,,,,Randomized controlled trials of remdesivir in hospitalized coronavirus disease 2019 patients: A meta-analysis,meta-analysis,Randomized controlled trials of remdesivir in hospitalized coronavirus disease 2019 patients: A meta-analysis
4kvizzv2,,,,,Comparison of the Efficacy and Safety of PARP Inhibitors as a Monotherapy for Platinum-Sensitive Recurrent Ovarian Cancer: A Network Meta-Analysis,Meta-Analysis,Comparison of the Efficacy and Safety of PARP Inhibitors as a Monotherapy for Platinum-Sensitive Recurrent Ovarian Cancer: A Network Meta-Analysis
oqy248v6,,,,,"Point-of-Care program in HIV, tuberculosis, and associated conditions: A virtual global technical assistance platform to strengthen HIV and tuberculosis workforce capacity",platform,"of-Care program in HIV, tuberculosis, and associated conditions: A virtual global technical assistance platform"
ktws80dt,,,,,Cerebrovascular events and outcomes in hospitalized patients with COVID-19: The SVIN COVID-19 Multinational Registry,Registry,: The SVIN COVID-19 Multinational Registry
go6uu6cq,,,,,Risk factors of severe cases with COVID-19: a meta-analysis,meta-analysis,Risk factors of severe cases with COVID-19: a meta-analysis
z9u229yg,,,,,"Hypertension is associated with increased mortality and severity of disease in COVID-19 pneumonia: A systematic review, meta-analysis and meta-regression",meta-analysis,": A systematic review, meta-analysis"
ac9911d8,,,,,Incidence of SARS-CoV-2 vertical transmission: a meta-analysis,meta-analysis,Incidence of SARS-CoV-2 vertical transmission: a meta-analysis
3b166xeg,,,,,Association of acute kidney injury with the severity and mortality of SARS-CoV-2 infection: A meta-analysis,meta-analysis,Association of acute kidney injury with the severity and mortality of SARS-CoV-2 infection: A meta-analysis
vsbzpkey,,,,,The effect of cardiovascular disease and acute cardiac injury on fatal COVID-19: a meta-analysis,meta-analysis,The effect of cardiovascular disease and acute cardiac injury on fatal COVID-19: a meta-analysis
4aumz8i7,,,,,Association between APOC3 polymorphisms and non-alcoholic fatty liver disease risk: a meta-analysis,meta-analysis,Association between APOC3 polymorphisms and non-alcoholic fatty liver disease risk: a meta-analysis
1rqwm4ml,,,,,"MiREDiBase, a manually curated database of validated and putative editing events in microRNAs",database,"MiREDiBase, a manually curated database"
z6w7b1v3,,,,,Normal Liver Stiffness and Influencing Factors in Healthy Children: An Individual Participant Data Meta-analysis,Individual Participant Data Meta-analysis; Meta-analysis,Normal Liver Stiffness and Influencing Factors in Healthy Children: An Individual Participant Data Meta-analysis
ad9etjcl,,,,,Characteristics of SARS-CoV-2 in 64 children with CNS tumors: A report from the SIOP/St. Jude children's research hospital (SJCRH) global COVID-19 childhood cancer registry,registry,children's research hospital (SJCRH) global COVID-19 childhood cancer registry
q3lmzfan,,,,,Screen Time beyond Gaming and Social Media: Excessive and Problematic Use of Over the Top (OTT) Platforms among College Students during COVID-19 Pandemic,Platforms,Screen Time beyond Gaming and Social Media: Excessive and Problematic Use of Over the Top (OTT) Platforms
a0q5r5m6,,,,,"Relationship Between Myocardial Injury, Wall Motion Abnormalities and Mortality in Patients With Covid-19: The Circ-19 Registry",Registry,"Relationship Between Myocardial Injury, Wall Motion Abnormalities and Mortality in Patients With Covid-19: The Circ-19 Registry"
zspe3xcn,,,,,Severity of SARS-COV-2 infection and angiotensin converting enzyme inhibitors and angiotensin receptor blockers: A meta-analysis,meta-analysis,Severity of SARS-COV-2 infection and angiotensin converting enzyme inhibitors and angiotensin receptor blockers: A meta-analysis
n1fmdhll,,,,,Severity of SARS-COV-2 infection and angiotensin converting enzyme inhibitors and angiotensin receptor blockers: a meta-analysis,meta-analysis,Severity of SARS-COV-2 infection and angiotensin converting enzyme inhibitors and angiotensin receptor blockers: a meta-analysis
ma4sj149,,,,,"Anticovid, a comprehensive open-access real-time platform of registered clinical studies for COVID-19",platform,"Anticovid, a comprehensive open-access real-time platform"
iiwyo0kl,,,,,Pulmonary embolism in patients with COVID-19 and value of D-dimer assessment: a meta-analysis,meta-analysis,Pulmonary embolism in patients with COVID-19 and value of D-dimer assessment: a meta-analysis
5li6rxt9,,,,,In-Hospital Outcomes of CABG Candidates Undergoing PCI During the ICU Restricted COVID-19 Pandemic: The Multi-Center Prospective UK-REVASC Registry,Registry,ICU Restricted COVID-19 Pandemic: The Multi-Center Prospective UK-REVASC Registry
k1d5y14m,,,,,TCT CONNECT-226 In-Hospital Outcomes of CABG Candidates Undergoing PCI During the ICU Restricted COVID-19 Pandemic: The Multi-Center Prospective UK-REVASC Registry,Registry,ICU Restricted COVID-19 Pandemic: The Multi-Center Prospective UK-REVASC Registry
b9dg6l0j,,,,,The prevalence of depression in men who have sex with men (MSM) living with HIV: A meta-analysis of comparative and epidemiological studies,meta-analysis,The prevalence of depression in men who have sex with men (MSM) living with HIV: A meta-analysis
s92chxzv,,,,,"C-reactive protein, procalcitonin, D-dimer, and ferritin in severe coronavirus disease-2019: a meta-analysis",meta-analysis,"C-reactive protein, procalcitonin, D-dimer, and ferritin in severe coronavirus disease-2019: a meta-analysis"
y6fkset9,,,,,Cellinker: a platform of ligand-receptor interactions for intercellular communication analysis,platform,Cellinker: a platform
p3fz3r7k,,,,,Risk factors of covid-19 with acute kidney injury: A meta-analysis,meta-analysis,Risk factors of covid-19 with acute kidney injury: A meta-analysis
9gds8rtt,,,,,Risk Factors of Covid-19 with Acute Kidney Injury: a Meta-analysis,Meta-analysis,Risk Factors of Covid-19 with Acute Kidney Injury: a Meta-analysis
jkrf7zcd,,,,,Risk Factors for Severe Covid-19 Illness in Children: Analysis of the Virus: Covid-19 Registry,Registry,in Children: Analysis of the Virus: Covid-19 Registry
dvsie609,,,,,Risk factors for severe COVID-19 illness in children: Analysis of the virus: COVID-19 registry,registry,in children: Analysis of the virus: COVID-19 registry
tg0ujp5j,,,,,The protocol of a clinical quality registry for dementia and mild cognitive impairment (MCI): the Australian dementia network (ADNeT) Registry,Registry,The protocol of a clinical quality registry for dementia and mild cognitive impairment (MCI): the Australian dementia network (ADNeT) Registry
svvb9obo,,,,,Maternal and perinatal outcomes in pregnant women infected by SARS-CoV-2: A meta-analysis,meta-analysis,Maternal and perinatal outcomes in pregnant women infected by SARS-CoV-2: A meta-analysis
uu247ch4,,,,,The association between the use of ivermectin and mortality in patients with COVID-19: a meta-analysis,meta-analysis,The association between the use of ivermectin and mortality in patients with COVID-19: a meta-analysis
d3bu1874,,,,,"Whimsical (Waldenstrom's Macroglobulinemia Study Involving CArt-wheeL): A Global Patient-Derived Data Registry Capturing Treatment, Quality of Life and COVID-19 Data",Registry,Global Patient-Derived Data Registry
k4mnecde,,,,,The clinical manifestations and chest computed tomography findings of coronavirus disease 2019 (COVID-19) patients in China: A proportion meta-analysis,meta-analysis,China: A proportion meta-analysis
d303xnxt,,,,,"Global Public Health Database Support to Population-Based Management of Pandemics and Global Public Health Crises, Part II: The Database",Database,"Public Health Database Support to Population-Based Management of Pandemics and Global Public Health Crises, Part II: The Database"
x4n5nnof,,,,,Evaluation of a fully closed real time PCR platform for the detection of SARS-CoV-2 in nasopharyngeal swabs: a pilot study,platform,Evaluation of a fully closed real time PCR platform
tgfqmu8g,,,,,READ-COGvid: A Database From Reading and Media Habits During COVID-19 Confinement in Spain and Italy,Database,READ-COGvid: A Database
vphr1b3q,,,,,Chest CT findings of coronavirus disease 2019 (COVID-19): A comprehensive meta-analysis of 9907 confirmed patients,meta-analysis,Chest CT findings of coronavirus disease 2019 (COVID-19): A comprehensive meta-analysis
apyc1oum,,,,,Commentary: The Covid-19 Registry,Registry,Commentary: The Covid-19 Registry
07y5p3hd,,,,,"COVID-CANCER HUIL STUDY: Registry of oncologic patients diagnosed with Covid-19 in Infanta Leonor University Hospital in Madrid, Spain",Registry,-CANCER HUIL STUDY: Registry
vgm39jkv,,,,,"COVID-CANCER HUIL STUDY:Registry of oncologic patients diagnosed with Covid-19 inInfanta Leonor University Hospital in Madrid, Spain",Registry,-CANCER HUIL STUDY:Registry
v17h6krf,,,,,ARC: An Open Web-Platform for Request/Supply Matching for a Prioritized and Controlled COVID-19 Response,Platform,ARC: An Open Web-Platform
r3rc2cbx,,,,,Efficiency of High-Flow Nasal Cannula on Pulmonary Rehabilitation in COPD Patients: A Meta-Analysis,Meta-Analysis,Efficiency of High-Flow Nasal Cannula on Pulmonary Rehabilitation in COPD Patients: A Meta-Analysis
a2hjqphq,,,,,Neutrophil-to-lymphocyte ratio is independently associated with COVID-19 severity: An updated meta-analysis based on adjusted effect estimates,meta-analysis,to-lymphocyte ratio is independently associated with COVID-19 severity: An updated meta-analysis
fnzgc4q5,,,,,Association between the 4G/5G polymorphism of plasminogen activator inhibitor-1 (PAI-1) gene and sudden sensorineural hearing loss in Caucasian population: a meta-analysis,meta-analysis,Association between the 4G/5G polymorphism of plasminogen activator inhibitor-1 (PAI-1) gene and sudden sensorineural hearing loss in Caucasian population: a meta-analysis
rk80i1g4,,,,,"WeCareAdvisor, an Online Platform to Help Family Caregivers Manage Dementia-Related Behavioral Symptoms: an Efficacy Trial in the Time of COVID-19",Platform,"WeCareAdvisor, an Online Platform"
tmkc81qn,,,,,"A Brazilian Cohort of Patients With Immuno-Mediated Chronic Inflammatory Diseases Infected by SARS-CoV-2 (ReumaCoV-Brasil Registry): Protocol for a Prospective, Observational Study",Registry,by SARS-CoV-2 (ReumaCoV-Brasil Registry
youdn7s6,,,,,The diagnostic accuracy of seven commercial molecular in vitro SARS-CoV-2 detection tests: a rapid meta-analysis,meta-analysis,The diagnostic accuracy of seven commercial molecular in vitro SARS-CoV-2 detection tests: a rapid meta-analysis
7m42pzib,,,,,Hydroxychloroquine plus standard of care compared with standard of care alone in COVID-19: a meta-analysis of randomized controlled trials,meta-analysis,Hydroxychloroquine plus standard of care compared with standard of care alone in COVID-19: a meta-analysis
eg5ig2h4,,,,,SARS2020: An integrated platform for identification of novel coronavirus by a consensus sequence-function model,platform,SARS2020: An integrated platform
mqk5p7sc,,,,,Comparison of detection rate of 16 sampling methods for respiratory viruses: a Bayesian network meta-analysis of clinical data and systematic review,meta-analysis,Comparison of detection rate of 16 sampling methods for respiratory viruses: a Bayesian network meta-analysis
lxe4dz9w,,,,,"Asthma and COVID-19; different entities, same outcome: a meta-analysis of 107,983 patients",meta-analysis,"Asthma and COVID-19; different entities, same outcome: a meta-analysis"
ypgj1f99,,,,,Effect of sars-cov-2 infections on the male and female reproductive system (meta-analysis),meta-analysis,and female reproductive system (meta-analysis
s36ho7pl,,,,,Lower Urinary Tract Symptoms: A Unique Platform for Urologists’ Fundamental Role in Overall Health,Platform,Lower Urinary Tract Symptoms: A Unique Platform
hqtt2zy9,,,,,Antibody tests in detecting SARS-CoV-2 infection: A meta-analysis,meta-analysis,Antibody tests in detecting SARS-CoV-2 infection: A meta-analysis
5zpmwwyg,,,,,A Bibliometric Analysis of Scientific Output on COVID-19 Pandemic Outbreak using the Web of Science (WoS) database,database,A Bibliometric Analysis of Scientific Output on COVID-19 Pandemic Outbreak using the Web of Science (WoS) database
fbpwwff4,,,,,Reply: Correspondence-International Registry of Otolaryngologist-Head and Neck Surgeons with COVID-19,Registry,Reply: Correspondence-International Registry
6ro5wp9i,,,,,Virtual Intergenerational Therapy: New Platforms for Engagement of Older Adults During the COVID-19 Crisis,Platforms,Virtual Intergenerational Therapy: New Platforms
ovby8hnr,,,,,Infection-Mediated Clinical Biomarkers for a COVID-19 Electrical Biosensing Platform,Platform,Biomarkers for a COVID-19 Electrical Biosensing Platform
n61a3kqg,,,,,Comment on: Cytopenias among patients with rheumatic diseases using methotrexate: a meta-analysis of randomized controlled clinical trials,meta-analysis,Comment on: Cytopenias among patients with rheumatic diseases using methotrexate: a meta-analysis
bj3cldjx,,,,,Treatment of Diabetic Foot with Autologous Stem Cells: A Meta-Analysis of Randomized Studies,Meta-Analysis,Treatment of Diabetic Foot with Autologous Stem Cells: A Meta-Analysis
mhlok8tz,,,,,Correction to: Quadriceps tendon autograft for primary ACL reconstruction: a Bayesian network meta-analysis,meta-analysis,: Quadriceps tendon autograft for primary ACL reconstruction: a Bayesian network meta-analysis
xra5lv1q,,,,,Multiplexed Serum Antibody Screening Platform Using Virus Extracts from Endemic Coronaviridae and SARS-CoV-2,Platform,Multiplexed Serum Antibody Screening Platform
6olnhscn,,,,,Application of Artificial Intelligence for Screening COVID-19 Patients Using Digital Images: Meta-analysis,Meta-analysis,Application of Artificial Intelligence for Screening COVID-19 Patients Using Digital Images: Meta-analysis
g7olk3g8,,,,,Efficacy of lopinavir–ritonavir combination therapy for the treatment of hospitalized COVID-19 patients: a meta-analysis,meta-analysis,–ritonavir combination therapy for the treatment of hospitalized COVID-19 patients: a meta-analysis
5zs7qo7k,,,,,B-Type Natriuretic Peptide as Biomarker of COVID-19 Disease Severity—A Meta-Analysis,Meta-Analysis,-Type Natriuretic Peptide as Biomarker of COVID-19 Disease Severity—A Meta-Analysis
lxnk3ym8,,,,,B-Type Natriuretic Peptide as Biomarker of COVID-19 Disease Severity-A Meta-Analysis,Meta-Analysis,-Type Natriuretic Peptide as Biomarker of COVID-19 Disease Severity-A Meta-Analysis
wpnd9eqc,,,,,"Acute myocardial infarction in the Covid-19 era: Incidence, clinical characteristics and in-hospital outcomes-A multicenter registry",registry,"Covid-19 era: Incidence, clinical characteristics and in-hospital outcomes-A multicenter registry"
o6siqkly,,,,,The efficacy of remote virtual care in comparison to traditional clinical visits for elective orthopaedic patients: A meta-analysis of prospective randomised controlled trials,meta-analysis,The efficacy of remote virtual care in comparison to traditional clinical visits for elective orthopaedic patients: A meta-analysis
uqcz9e6v,,,,,D-Dimer serum levels as a biomarker associated for the lethality in patients with coronavirus disease 2019: a meta-analysis,meta-analysis,-Dimer serum levels as a biomarker associated for the lethality in patients with coronavirus disease 2019: a meta-analysis
jy4wodo0,,,,,Effectiveness of remdesivir for the treatment of hospitalized COVID-19 persons: A network meta-analysis,meta-analysis,Effectiveness of remdesivir for the treatment of hospitalized COVID-19 persons: A network meta-analysis
o6dtkzik,,b0ea8d8afabd625b54417a924484c32bc2d82f47,document_parses/pdf_json/b0ea8d8afabd625b54417a924484c32bc2d82f47.json,,MMCoVaR: Multimodal COVID-19 Vaccine Focused Data Repository for Fake News Detection and a Baseline Architecture for Classification,Repository,MMCoVaR: Multimodal COVID-19 Vaccine Focused Data Repository
w3089tk6,,,,,Acute kidney injury in hospitalized patients with coronavirus disease 2019 (COVID-19): A meta-analysis,meta-analysis,Acute kidney injury in hospitalized patients with coronavirus disease 2019 (COVID-19): A meta-analysis
j0o3vk6c,,,,,The Association Between Chronic Kidney Disease and New Onset Renal Replacement Therapy on the Outcome of COVID-19 Patients: A Meta-analysis,Meta-analysis,The Association Between Chronic Kidney Disease and New Onset Renal Replacement Therapy on the Outcome of COVID-19 Patients: A Meta-analysis
x2ygl5j6,,,,,"Coronavirus-associated kidney outcomes in COVID-19, SARS, and MERS: a meta-analysis and systematic review",meta-analysis,"-associated kidney outcomes in COVID-19, SARS, and MERS: a meta-analysis"
4lafnvhy,,,,,Risk factors of severe and critical coronavirus disease 2019: a meta-analysis,meta-analysis,Risk factors of severe and critical coronavirus disease 2019: a meta-analysis
a18glafy,,,,,The influence of corticosteroid on patients with COVID-19 infection: A meta-analysis,meta-analysis,The influence of corticosteroid on patients with COVID-19 infection: A meta-analysis
pk9rqxdj,,,,,Relationship between blood group and risk of infection and death in COVID-19: a live meta-analysis,meta-analysis,Relationship between blood group and risk of infection and death in COVID-19: a live meta-analysis
tj9p1fxh,,,,,"Elevation of d-dimer, but not pt and aptt, reflects the progression of covid-19 toward an unfavorable outcome: A meta-analysis",meta-analysis,toward an unfavorable outcome: A meta-analysis
x13b6qht,,,,,"Effect of hydroxychloroquine and azithromycin on SARS-CoV-2 clearance in COVID-19 patients, a meta-analysis",meta-analysis,"Effect of hydroxychloroquine and azithromycin on SARS-CoV-2 clearance in COVID-19 patients, a meta-analysis"
w2be0dqm,,,,,Corrigendum: COVIEdb: A Database for Potential Immune Epitopes of Coronaviruses,Database,Corrigendum: COVIEdb: A Database
0cqmao6n,,,,,Association Between Gastroesophageal Flap Valve and Endoscopically Diagnosed Gastroesophageal Reflux Disease According to Lyon Consensus: A Meta-analysis of Asian Studies,Meta-analysis,Association Between Gastroesophageal Flap Valve and Endoscopically Diagnosed Gastroesophageal Reflux Disease According to Lyon Consensus: A Meta-analysis
4v1xjmj6,,,,,Halo—A Universal Fluorescence Reader Based Threat Agent Detection Platform—A Proof of Concept Study Using SARS-CoV-2 Assays,Platform,Halo—A Universal Fluorescence Reader Based Threat Agent Detection Platform
r7kn0qks,,,,,Clinicopathological characteristics of 8697 patients with COVID-19 in China: a meta-analysis,meta-analysis,Clinicopathological characteristics of 8697 patients with COVID-19 in China: a meta-analysis
c9c3ibiv,,,,,"Development of a semi-structured, multifaceted, computer-aided questionnaire for outbreak investigation: e-Outbreak Platform",Platform,"Development of a semi-structured, multifaceted, computer-aided questionnaire for outbreak investigation: e-Outbreak Platform"
9pal2j18,,,,,Stroke etiologies in patients with COVID-19: the svin COVID-19 multinational registry,registry,Stroke etiologies in patients with COVID-19: the svin COVID-19 multinational registry
hc8anufc,,,,,Stroke etiologies in patients with COVID-19: the SVIN COVID-19 multinational registry,registry,Stroke etiologies in patients with COVID-19: the SVIN COVID-19 multinational registry
jfbuzahb,,,,,Guidelines for the use of the Attend Anywhere Platform for Telecommunications within the Pain Service,Platform,Guidelines for the use of the Attend Anywhere Platform
1hnstic5,,,,,"Differences of blood cells, lymphocyte subsets and cytokines in COVID-19 patients with different clinical stages: a network meta-analysis",meta-analysis,"Differences of blood cells, lymphocyte subsets and cytokines in COVID-19 patients with different clinical stages: a network meta-analysis"
6xho1tas,,,,,LitCovid: an open database of COVID-19 literature,database,LitCovid: an open database
uoahua60,,,,,Treating Acute Leukemia during the COVID-19 Pandemic: A Multicenter Latin American Registry,Registry,during the COVID-19 Pandemic: A Multicenter Latin American Registry
smyp9fyo,,,,,Coronavirus disease 2019 and prevalence of chronic liver disease: A meta-analysis,meta-analysis,Coronavirus disease 2019 and prevalence of chronic liver disease: A meta-analysis
8eun4m4h,,,,,Commentary: A Human Pluripotent Stem Cell-Based Platform to Study SARS-CoV-2 Tropism and Model Virus Infection in Human Cells and Organoids,Platform,Commentary: A Human Pluripotent Stem Cell-Based Platform
lqwd2k39,,,,,Reading in the (post)digital age: Large databases and the future of literature in secondary English classrooms,databases,Reading in the (post)digital age: Large databases
r8f5rc7u,,,,,Tocilizumab in the treatment of COVID-19 - a meta-analysis,meta-analysis,Tocilizumab in the treatment of COVID-19 - a meta-analysis
tevmjf32,,,,,Differences in coagulopathy indices in patients with severe versus non-severe COVID-19: a meta-analysis of 35 studies and 6427 patients,meta-analysis,Differences in coagulopathy indices in patients with severe versus non-severe COVID-19: a meta-analysis
vhhxo7gf,,,,,Gi symptoms impact outcomes in hospitalized COVID-19 patients: A meta-analysis of u.s. studies,meta-analysis,Gi symptoms impact outcomes in hospitalized COVID-19 patients: A meta-analysis
3rsxfq50,,,,,Anticoagulation with or without antiplatelet therapy following transcatheter aortic valve replacement for patients with atrial fibrillation: A meta-analysis,meta-analysis,Anticoagulation with or without antiplatelet therapy following transcatheter aortic valve replacement for patients with atrial fibrillation: A meta-analysis
doxzi2td,,,,,Risk factors of impulsive-compulsive behaviors in PD patients: a meta-analysis,meta-analysis,Risk factors of impulsive-compulsive behaviors in PD patients: a meta-analysis
9uqn25sq,,,,,RiskScape: A Data Visualization and Aggregation Platform for Public Health Surveillance Using Routine Electronic Health Record Data,Platform,RiskScape: A Data Visualization and Aggregation Platform
yysu5osg,,,,,Association of Cardiovascular Disease With Coronavirus Disease 2019 (COVID-19) Severity: A Meta-Analysis,Meta-Analysis,(COVID-19) Severity: A Meta-Analysis
apgh3j3r,,,,,"Hematologic, biochemical and immune biomarker abnormalities associated with severe illness and mortality in coronavirus disease 2019 (COVID-19): a meta-analysis",meta-analysis,and immune biomarker abnormalities associated with severe illness and mortality in coronavirus disease 2019 (COVID-19): a meta-analysis
hbs99047,,,,,SECURE-Psoriasis: a de-identified registry of psoriasis patients diagnosed with COVID-19,registry,SECURE-Psoriasis: a de-identified registry
m3yfg22b,,,,,Right Ventricular Dysfunction in Patients with Covid-19 Infection: a Meta-analysis,Meta-analysis,Right Ventricular Dysfunction in Patients with Covid-19 Infection: a Meta-analysis
8nwve83h,,,,,"The relationship among primary anatomic subsite and risk and distribution of second malignant neoplasms in patients with stage I/II diffuse large B-cell lymphoma: An analysis of the surveillance, epidemiology, and end results database",database,"lymphoma: An analysis of the surveillance, epidemiology, and end results database"
6omk3xzb,,,,,Safety and Efficacy of the Covid-19 Vaccine in children andor adolescents: A meta-analysis,meta-analysis,Safety and Efficacy of the Covid-19 Vaccine in children andor adolescents: A meta-analysis
ot5asugf,,,,,Green Tea Consumption and Stomach Cancer Risk in Women: A Meta-analysis of Population-based Cohort Studies,Meta-analysis,Green Tea Consumption and Stomach Cancer Risk in Women: A Meta-analysis
u06k0sel,,,,,Pos-527 Continuum of Care among Participants of Dialysis Outcomes Registry in India during the Covid-19 Pandemic Lockdown,Registry,of Care among Participants of Dialysis Outcomes Registry
mhfi9lod,,,,,Comparison of comorbidities in relation to critical conditions among coronavirus disease 2019 patients: a network meta-analysis,meta-analysis,Comparison of comorbidities in relation to critical conditions among coronavirus disease 2019 patients: a network meta-analysis
a5gg1504,,,,,Comparison of comorbidities in relation to critical conditions among coronavirus disease 2019 patients: A network meta-analysis,meta-analysis,Comparison of comorbidities in relation to critical conditions among coronavirus disease 2019 patients: A network meta-analysis
713g7tpn,,,,,Renin-angiotensin system inhibitor use and the risk of mortality in hospitalized patients with COVID-19: a meta-analysis of randomized controlled trials,meta-analysis,angiotensin system inhibitor use and the risk of mortality in hospitalized patients with COVID-19: a meta-analysis
o36jfd54,,,,,RNA Vaccines: A Suitable Platform for Tackling Emerging Pandemics?,Platform,RNA Vaccines: A Suitable Platform
uj31u4am,,,,,Systemic Corticosteroid Administration in Coronavirus Disease 2019 Outcomes: An Umbrella Meta-Analysis Incorporating Both Mild and Pulmonary Fibrosis-Manifested Severe Disease,Meta-Analysis,Systemic Corticosteroid Administration in Coronavirus Disease 2019 Outcomes: An Umbrella Meta-Analysis
kyktaic2,,,,,Guillain-Barré syndrome associated with SARS-CoV-2 infection: a systematic review and individual participant data meta-analysis,individual participant data meta-analysis; meta-analysis,Guillain-Barré syndrome associated with SARS-CoV-2 infection: a systematic review and individual participant data meta-analysis
orxgnewc,,,,,Guillain-Barré syndrome associated with SARS-CoV-2 infection: A systematic review and individual participant data meta-analysis,individual participant data meta-analysis; meta-analysis,Guillain-Barré syndrome associated with SARS-CoV-2 infection: A systematic review and individual participant data meta-analysis
6csxpitv,,,,,Comparative efficacy of placebos in short-term antidepressant trials for major depression: a secondary meta-analysis of placebo-controlled trials,meta-analysis,Comparative efficacy of placebos in short-term antidepressant trials for major depression: a secondary meta-analysis
2cguifbo,,c587a286e83a7c78ff29086d348466059f1943c1,document_parses/pdf_json/c587a286e83a7c78ff29086d348466059f1943c1.json,,IoT with a Soft Touch: A Modular Remote Sensing Platform for STE(A)M Applications,Platform,IoT with a Soft Touch: A Modular Remote Sensing Platform
k5cqsoup,,,,,A case study of short-term forecasting during the COVID-19 pandemic: the platform icumonitoring.ch,platform,A case study of short-term forecasting during the COVID-19 pandemic: the platform
m7n8xff7,,,,,Clinical Symptom Differences Between Mild and Severe COVID-19 Patients in China: A Meta-Analysis,Meta-Analysis,Clinical Symptom Differences Between Mild and Severe COVID-19 Patients in China: A Meta-Analysis
hgx9aqgg,,,,,"Diabetes and Overweight/Obesity Are Independent, Nonadditive Risk Factors for In-Hospital Severity of COVID-19: An International, Multicenter Retrospective Meta-analysis",Meta-analysis,"COVID-19: An International, Multicenter Retrospective Meta-analysis"
k1cea71g,,,,,The association of HTR2A polymorphisms with obsessive-compulsive disorder and its subtypes: A meta-analysis,meta-analysis,The association of HTR2A polymorphisms with obsessive-compulsive disorder and its subtypes: A meta-analysis
r4us8b56,,,,,Disease Severity and Time since Transplantation Determine Patient Mortality among Liver Transplant Recipients with Covid-19 Infection: a Meta-analysis,Meta-analysis,Disease Severity and Time since Transplantation Determine Patient Mortality among Liver Transplant Recipients with Covid-19 Infection: a Meta-analysis
8l7i8057,,,,,Rapid Detection of COVID-19 Coronavirus Using a Reverse Transcriptional Loop-Mediated Isothermal Amplification (RT-LAMP) Diagnostic Platform,Platform,-Mediated Isothermal Amplification (RT-LAMP) Diagnostic Platform
zhf7nkie,,,,,The efficacy and safety of hydroxychloroquine (HCQ) in treatment of COVID19 -a systematic review and meta-analysis,meta-analysis,The efficacy and safety of hydroxychloroquine (HCQ) in treatment of COVID19 -a systematic review and meta-analysis
j34kvqp2,,9ce08b71639d8966d58cfdf8d7f1a6a54da3527f,document_parses/pdf_json/9ce08b71639d8966d58cfdf8d7f1a6a54da3527f.json,,Re-discovering micro-emulsion electrolytes: a biphasic electrolyte platform for Organic redox flow batteries,platform,micro-emulsion electrolytes: a biphasic electrolyte platform
01is1778,,,,,COVID-19 associated brain/spinal cord lesions and leptomeningeal enhancement: A meta-analysis of the relationship to CSF SARS-CoV-2,meta-analysis,/spinal cord lesions and leptomeningeal enhancement: A meta-analysis
xuwl6f2k,,,,,Prevalence of anxiety and depression among pregnant women during the COVID-19 pandemic: a meta-analysis,meta-analysis,Prevalence of anxiety and depression among pregnant women during the COVID-19 pandemic: a meta-analysis
5eszj2js,,,,,Prognostic value of fasting hyperglycemia in patients with COVID-19 - Diagnostic test accuracy meta-analysis,meta-analysis,- Diagnostic test accuracy meta-analysis
96trle73,,,,,EARS - A WHO Platform for AI-Supported Real-Time Online Social Listening of COVID-19 Conversations,Platform,EARS - A WHO Platform
9bkrsdgx,,99ad042e52b52252dc201dd0f1172ccfda0b5a50,document_parses/pdf_json/99ad042e52b52252dc201dd0f1172ccfda0b5a50.json,,MedPerf: Open Benchmarking Platform for Medical Artificial Intelligence using Federated Evaluation,Platform,MedPerf: Open Benchmarking Platform
bh6bjwac,,,,,Efficacy and Safety of First-Line Therapeutic Drugs with Potential for the Treatment of Novel Coronavirus Pneumonia: A Meta-Analysis,Meta-Analysis,Efficacy and Safety of First-Line Therapeutic Drugs with Potential for the Treatment of Novel Coronavirus Pneumonia: A Meta-Analysis
wqc49r9a,,39be6c9305844a23812f7ab9b42337ab73b80c49,document_parses/pdf_json/39be6c9305844a23812f7ab9b42337ab73b80c49.json,,"DiVA: A Scalable, Interactive and Customizable Visual Analytics Platform for Information Diffusion on Large Networks",Platform,"DiVA: A Scalable, Interactive and Customizable Visual Analytics Platform"
4eerjuw6,,,,,COVID-19 anosmia and gustatory symptoms as a prognosis factor: a subanalysis of the HOPE COVID-19 (Health Outcome Predictive Evaluation for COVID-19) registry,registry,as a prognosis factor: a subanalysis of the HOPE COVID-19 (Health Outcome Predictive Evaluation for COVID-19) registry
cc9v28tq,,,,,The Fear of COVID-19 Scale: A Reliability Generalization Meta-Analysis,Meta-Analysis,The Fear of COVID-19 Scale: A Reliability Generalization Meta-Analysis
qyh4fno8,,,,,Hyperglycemia at admission is a strong predictor of mortality and severe/critical complications in COVID-19 patients: a meta-analysis,meta-analysis,is a strong predictor of mortality and severe/critical complications in COVID-19 patients: a meta-analysis
hocbjg4h,,,,,Immunosuppression as a risk factor for COVID-19: a meta-analysis,meta-analysis,Immunosuppression as a risk factor for COVID-19: a meta-analysis
u20cv79u,,,,,Prevalence of diabetes mellitus in 2019 novel coronavirus: A meta-analysis,meta-analysis,Prevalence of diabetes mellitus in 2019 novel coronavirus: A meta-analysis
kaodt5dg,,,,,Neuropsychiatric adverse events of chloroquine: a real-world pharmacovigilance study using the FDA Adverse Event Reporting System (FAERS) database,database,Adverse Event Reporting System (FAERS) database
i94xevpb,,,,,"COVID-19 and its sequelae: a platform for optimal patient care, discovery and training",platform,COVID-19 and its sequelae: a platform
vn4ql92h,,,,,The handgrip strength and risk of depressive symptoms: a meta-analysis of prospective cohort studies,meta-analysis,The handgrip strength and risk of depressive symptoms: a meta-analysis
2fhycawc,,,,,A small interfering RNA (siRNA) database for SARS-CoV-2,database,A small interfering RNA (siRNA) database
jmuatchb,,,,,Prevalence of depression during the COVID-19 outbreak: A meta-analysis of community-based studies,meta-analysis,Prevalence of depression during the COVID-19 outbreak: A meta-analysis
8mb52eli,,,,,"Etomidate, Adrenal Insufficiency and Mortality Associated With Severity of Illness: A Meta-Analysis",Meta-Analysis,"Etomidate, Adrenal Insufficiency and Mortality Associated With Severity of Illness: A Meta-Analysis"
9w855lvz,,,,,Children requiring intensive care with SARS-CoV-2 infection during the first wave of pandemic in spain: A multi-centre national registry,registry,Children requiring intensive care with SARS-CoV-2 infection during the first wave of pandemic in spain: A multi-centre national registry
9gfrt7fd,,,,,Health Café Series: a Potential Platform to Reduce Health Disparities,Platform,Health Café Series: a Potential Platform
k8cwqrov,,,,,Mortality risk with preadmission metformin use in patients with COVID-19 and diabetes: A meta-analysis,meta-analysis,Mortality risk with preadmission metformin use in patients with COVID-19 and diabetes: A meta-analysis
s1ord3tt,,,,,Mortality of COVID-19 with preadmission metformin use in patients with diabetes: a meta-analysis,meta-analysis,Mortality of COVID-19 with preadmission metformin use in patients with diabetes: a meta-analysis
4j2ndqm4,,,,,National Sample Vital Registration System: A sustainable platform for COVID-19 and other infectious diseases surveillance in low and middle-income countries,platform,Sample Vital Registration System: A sustainable platform
rv8ddtld,,,,,Sofosbuvir/daclatasvir regimens for the treatment of COVID-19: an individual patient data meta-analysis,meta-analysis,an individual patient data meta-analysis
9wze4vu0,,,,,COVID-19 management in heart transplanted recipients: registry of Almazov National Medical Research Centre,registry,COVID-19 management in heart transplanted recipients: registry
omtmnyrs,,,,,"The epidemiological burden and overall distribution of chronic comorbidities in coronavirus disease-2019 among 202,005 infected patients: evidence from a systematic review and meta-analysis",meta-analysis,"The epidemiological burden and overall distribution of chronic comorbidities in coronavirus disease-2019 among 202,005 infected patients: evidence from a systematic review and meta-analysis"
4kwnohut,,,,,Use of proton pump inhibitors and risk of adverse clinical outcomes from COVID-19: a meta-analysis,meta-analysis,Use of proton pump inhibitors and risk of adverse clinical outcomes from COVID-19: a meta-analysis
vzyj5fjh,,,,,Use of an Adaptive e-Learning Platform as a Formative Assessment Tool in the Cardiovascular System Course Component of an MBBS Programme,Platform,Use of an Adaptive e-Learning Platform
gzavzid5,,,,,Coronavirus Antiviral Research Database (CoV-RDB): An Online Database Designed to Facilitate Comparisons between Candidate Anti-Coronavirus Compounds,Database,Coronavirus Antiviral Research Database (CoV-RDB): An Online Database
cc490wb0,,,,,Viral pandemic preparedness: A pluripotent stem cell-based machine-learning platform for simulating SARS-CoV-2 infection to enable drug discovery and repurposing,platform,Viral pandemic preparedness: A pluripotent stem cell-based machine-learning platform
dj6xs4e7,,,,,HVIDB: a comprehensive database for human-virus protein-protein interactions,database,HVIDB: a comprehensive database
azo3roiu,,,,,The spectrum of COVID-19-associated dermatologic manifestations: An international registry of 716 patients from 31 countries,registry,The spectrum of COVID-19-associated dermatologic manifestations: An international registry
42uru5lt,,,,,"Proportion and mortality of Iranian diabetes mellitus, chronic kidney disease, hypertension and cardiovascular disease patients with COVID-19: a meta-analysis",meta-analysis,"Proportion and mortality of Iranian diabetes mellitus, chronic kidney disease, hypertension and cardiovascular disease patients with COVID-19: a meta-analysis"
dg7mdpb3,,,,,Lack of Significant Association Between Gastrointestinal Symptoms and COVID-19 Mortality: An Updated Meta-Analysis Based on Adjusted Effect Estimates,Meta-Analysis,Lack of Significant Association Between Gastrointestinal Symptoms and COVID-19 Mortality: An Updated Meta-Analysis
p3av6eph,,,,,Lack of Marked Association Between Gastrointestinal Symptoms and COVID-19 Mortality: An Updated Meta-analysis Based on Adjusted Effect Estimates,Meta-analysis,Lack of Marked Association Between Gastrointestinal Symptoms and COVID-19 Mortality: An Updated Meta-analysis
ygwvef27,,,,,Efficacy and Safety of COVID-19 Vaccines in Phase III Trials: A Meta-Analysis,Meta-Analysis,Efficacy and Safety of COVID-19 Vaccines in Phase III Trials: A Meta-Analysis
0ktamndx,,,,,"Conventional, remote, virtual and simulated work-integrated learning: A meta-analysis of existing practice",meta-analysis,work-integrated learning: A meta-analysis
3tdyj3ev,,,,,Biomes are everybody's kingdom: a platform where ecology and biogeography meet,platform,are everybody's kingdom: a platform
lm3fikv9,,,,,Clinical Efficacy of Chloroquine derivatives in COVID-19 Infection: Comparative meta-analysis between the Big data and the real world,meta-analysis,Clinical Efficacy of Chloroquine derivatives in COVID-19 Infection: Comparative meta-analysis
56c9jmx6,,,,,Prevalence and Associated Risk Factors of Mortality Among COVID-19 Patients: A Meta-Analysis,Meta-Analysis,Prevalence and Associated Risk Factors of Mortality Among COVID-19 Patients: A Meta-Analysis
68c2m8gz,,,,,Burden of diabetes mellitus and its impact on COVID-19 patients: A meta-analysis of real-world evidence,meta-analysis,Burden of diabetes mellitus and its impact on COVID-19 patients: A meta-analysis
7sxjrteg,,,,,PolarProtDb: A Database of Transmembrane and Secreted Proteins showing Apical-Basal Polarity,Database,PolarProtDb: A Database
4htx7c6q,,,,,Plastic mulching reduces nitrogen footprint of food crops in China: A meta-analysis,meta-analysis,mulching reduces nitrogen footprint of food crops in China: A meta-analysis
tuniozx2,,,,,Association of Race and Ethnicity With COVID-19 Outcomes in Rheumatic Disease: Data From the COVID-19 Global Rheumatology Alliance Physician Registry,Registry,Association of Race and Ethnicity With COVID-19 Outcomes in Rheumatic Disease: Data From the COVID-19 Global Rheumatology Alliance Physician Registry
cketbo3y,,,,,Impact of COVID-19 Pandemic on the National PPM Tuberculosis Control Project in Korea: the Korean PPM Monitoring Database between July 2019 and June 2020,Database,Impact of COVID-19 Pandemic on the National PPM Tuberculosis Control Project in Korea: the Korean PPM Monitoring Database
j4nybfp9,,,,,Use of aspirin in reduction of mortality of COVID-19 patients: A meta-analysis,meta-analysis,Use of aspirin in reduction of mortality of COVID-19 patients: A meta-analysis
3w30eu05,,,,,SPDB: a specialized database and web-based analysis platform for swine pathogens,database,SPDB: a specialized database
5i01ep3w,,,,,Prevalence of anxiety in the COVID-19 pandemic: An updated meta-analysis of community-based studies,meta-analysis,Prevalence of anxiety in the COVID-19 pandemic: An updated meta-analysis
241op10q,,,,,Effect of hirudin on serum matrix metalloproteinase-9 of acute cerebral infarction: A protocol of systematic review and meta-analysis,meta-analysis,infarction: A protocol of systematic review and meta-analysis
h1vfg5pa,,,,,Assessment of basic reproductive number for COVID-19 at global level: A meta-analysis,meta-analysis,Assessment of basic reproductive number for COVID-19 at global level: A meta-analysis
dhmie789,,,,,Effects of COVID-19 on sexual life – a meta-analysis,meta-analysis,Effects of COVID-19 on sexual life – a meta-analysis
4v9r1ub4,,,,,Risk factors and prognosis for COVID-19-induced acute kidney injury: a meta-analysis,meta-analysis,Risk factors and prognosis for COVID-19-induced acute kidney injury: a meta-analysis
ewiimiph,,,,,The Viral Infection and Respiratory Illness Universal Study (VIRUS): An International Registry of Coronavirus 2019-Related Critical Illness,Registry,Respiratory Illness Universal Study (VIRUS): An International Registry
j49v9uor,,,,,Beyond Antibodies: The DARPin® Drug Platform,Platform,: The DARPin® Drug Platform
77tb9iop,,,,,Sofosbuvir/daclatasvir in the treatment of COVID-19 infection: A meta-analysis,meta-analysis,Sofosbuvir/daclatasvir in the treatment of COVID-19 infection: A meta-analysis
axfheqf0,,,,,The Prediction of miRNAs in SARS-CoV-2 Genomes: hsa-miR Databases Identify 7 Key miRs Linked to Host Responses and Virus Pathogenicity-Related KEGG Pathways Significant for Comorbidities,Databases,The Prediction of miRNAs in SARS-CoV-2 Genomes: hsa-miR Databases
t14raamn,,,,,Suicide behaviors during the COVID-19 pandemic: A meta-analysis of 54 studies,meta-analysis,Suicide behaviors during the COVID-19 pandemic: A meta-analysis
7qhc4r2b,,,,,The REMAP-CAP (Randomized Embedded Multifactorial Adaptive Platform for Community-acquired Pneumonia) Study. Rationale and Design,Platform,The REMAP-CAP (Randomized Embedded Multifactorial Adaptive Platform
lbp6fquk,,,,,Treatment with ACE inhibitors or ARBs and risk of severe/lethal COVID-19: a meta-analysis,meta-analysis,Treatment with ACE inhibitors or ARBs and risk of severe/lethal COVID-19: a meta-analysis
iqbryilv,,,,,Dopamine Receptors in Parkinson's Disease: A Meta-Analysis of Imaging Studies,Meta-Analysis,Dopamine Receptors in Parkinson's Disease: A Meta-Analysis
i3wszhdm,,,,,Frequency of Long QT in Patients with SARS-CoV-2 Infection Treated with Hydroxychloroquine: A Meta-analysis,Meta-analysis,Frequency of Long QT in Patients with SARS-CoV-2 Infection Treated with Hydroxychloroquine: A Meta-analysis
qxix6vbx,,8a1471a6bd5766046a15f1f53c28d017c00755eb,document_parses/pdf_json/8a1471a6bd5766046a15f1f53c28d017c00755eb.json,,BatteryLab: A Collaborative Platform for Power Monitoring,Platform,BatteryLab: A Collaborative Platform
83ezus4c,,,,,Insomnia and sleep quality in healthcare workers fighting against COVID-19: A systematic review of the literature and meta-analysis,meta-analysis,: A systematic review of the literature and meta-analysis
7ky519kl,,b3e90781c1eb96f77d07f6c5a663921c57336864,document_parses/pdf_json/b3e90781c1eb96f77d07f6c5a663921c57336864.json,,GLSD: The Global Large-Scale Ship Database and Baseline Evaluations,Database,GLSD: The Global Large-Scale Ship Database
6newrwte,,,,,Comparative efficacy of respiratory personal protective equipment against viral respiratory infectious diseases in healthcare workers: a network meta-analysis,meta-analysis,Comparative efficacy of respiratory personal protective equipment against viral respiratory infectious diseases in healthcare workers: a network meta-analysis
2264cvqh,,,,,Thoracic Point-of-Care Ultrasound: A SARS-CoV-2 Data Repository for Future Artificial Intelligence and Machine Learning,Repository,of-Care Ultrasound: A SARS-CoV-2 Data Repository
qa0x0vzz,,,,,Coronavirus Disease 2019-Associated PICU Admissions: A Report From the Society of Critical Care Medicine Discovery Network Viral Infection and Respiratory Illness Universal Study Registry,Registry,Admissions: A Report From the Society of Critical Care Medicine Discovery Network Viral Infection and Respiratory Illness Universal Study Registry
963af27o,,,,,Use of antiplatelet drugs and the risk of mortality in patients with COVID-19: a meta-analysis,meta-analysis,Use of antiplatelet drugs and the risk of mortality in patients with COVID-19: a meta-analysis
tar15z07,,,,,Manifestations and Virus Detection in the Ocular Surface of Adult COVID-19 Patients: A Meta-Analysis,Meta-Analysis,Manifestations and Virus Detection in the Ocular Surface of Adult COVID-19 Patients: A Meta-Analysis
5jv1s6j3,,,,,Sensitivity and Features of Computed Tomography in Diagnosis of COVID-19 Pneumonia: Meta-Analysis,Meta-Analysis,Sensitivity and Features of Computed Tomography in Diagnosis of COVID-19 Pneumonia: Meta-Analysis
z7uffk3q,,,,,Comparative practicability and analytical performances of Credo VitaPCR™ Flu A&B and Cepheid Xpert® Xpress Flu/RSV platforms,platforms,and Cepheid Xpert® Xpress Flu/RSV platforms
61a0kuco,,,,,A call to action for delirium research: Meta-analysis and regression of delirium associated mortality,Meta-analysis,A call to action for delirium research: Meta-analysis
kov1d9c8,,,,,COVIEdb: A Database for Potential Immune Epitopes of Coronaviruses,Database,COVIEdb: A Database
w4or9r2x,,,,,Prevalence of anxiety symptom and depressive symptom among college students during COVID-19 pandemic: A meta-analysis,meta-analysis,Prevalence of anxiety symptom and depressive symptom among college students during COVID-19 pandemic: A meta-analysis
orj0aml9,,,,,Five Year Patient Outcomes of Endovascular Abdominal Aortic Aneurysm Repair in the ENDURANT France Registry,Registry,Repair in the ENDURANT France Registry
q3pxfd9u,,,,,In-Hospital Outcomes of Coronary Artery Bypass Grafting Candidates Undergoing Percutaneous Coronary Intervention During the Intensive Care Unit Restricted Covid-19 Pandemic: The Multi-Centre Prospective UK-REVASC Registry,Registry,Unit Restricted Covid-19 Pandemic: The Multi-Centre Prospective UK-REVASC Registry
fj3brw8v,,,,,"The prevalence of depression, anxiety, and sleep disturbances in COVID-19 patients: a meta-analysis",meta-analysis,"The prevalence of depression, anxiety, and sleep disturbances in COVID-19 patients: a meta-analysis"
1nlnru8p,,,,,Covid-19 in liver transplant recipients: the French SOT COVID registry,registry,: the French SOT COVID registry
8p2mgpgg,,,,,N-terminal pro-brain natriuretic peptide and short-term mortality in acute aortic dissection: A meta-analysis,meta-analysis,-brain natriuretic peptide and short-term mortality in acute aortic dissection: A meta-analysis
k6gg0rwy,,,,,Impact of a Ketogenic Diet on Metabolic Parameters in Patients with Obesity or Overweight and with or without Type 2 Diabetes: A Meta-Analysis of Randomized Controlled Trials,Meta-Analysis,Impact of a Ketogenic Diet on Metabolic Parameters in Patients with Obesity or Overweight and with or without Type 2 Diabetes: A Meta-Analysis
4ipt18js,,,,,Comparative Effectiveness of Adjuvant Chemotherapy in Early-Stage Breast Cancer: A Network Meta-analysis,Meta-analysis,Comparative Effectiveness of Adjuvant Chemotherapy in Early-Stage Breast Cancer: A Network Meta-analysis
xi22s84i,,,,,"Tocilizumab in COVID-19: a meta-analysis, trial sequential analysis, and meta-regression of randomized-controlled trials",meta-analysis,Tocilizumab in COVID-19: a meta-analysis
dtynqilu,,,,,ReCOVery: A Multimodal Repository for COVID-19 News Credibility Research,Repository,ReCOVery: A Multimodal Repository
mqhg8faw,,,,,"Association of angiotensin-converting enzyme inhibitors and angiotensin-receptor blockers with risk of mortality, severity or SARS-CoV-2 test positivity in COVID-19 patients: meta-analysis",meta-analysis,"Association of angiotensin-converting enzyme inhibitors and angiotensin-receptor blockers with risk of mortality, severity or SARS-CoV-2 test positivity in COVID-19 patients: meta-analysis"
vawmmq6c,,,,,Prognostic accuracy of cardiovascular disease biomarkers in patients with COVID-19: a diagnostic test accuracy meta-analysis,meta-analysis,a diagnostic test accuracy meta-analysis
w5gu3637,,,,,Prognostic accuracy of cardiovascular disease biomarkers in patients with covid-19: A diagnostic test accuracy meta-analysis,meta-analysis,A diagnostic test accuracy meta-analysis
5cdqh8ep,,,,,Changes in blood coagulation in patients with severe coronavirus disease 2019 (COVID-19): a meta-analysis,meta-analysis,Changes in blood coagulation in patients with severe coronavirus disease 2019 (COVID-19): a meta-analysis
qziho1we,,,,,Association between the Wilms tumor-1 rs16754 polymorphism and acute myeloid leukemia: A MOOSE-compliant meta-analysis,meta-analysis,Association between the Wilms tumor-1 rs16754 polymorphism and acute myeloid leukemia: A MOOSE-compliant meta-analysis
c16a68dd,,,,,The Relationship Between Hepcidin-Mediated Iron Dysmetabolism and COVID-19 Severity: A Meta-Analysis,Meta-Analysis,The Relationship Between Hepcidin-Mediated Iron Dysmetabolism and COVID-19 Severity: A Meta-Analysis
nwq95in0,,,,,Type 2 diabetes as a major risk factor for COVID-19 severity: a meta-analysis,meta-analysis,a major risk factor for COVID-19 severity: a meta-analysis
keb3q4qu,,,,,Clinical Characteristics and Risk Factors for Fatality and Severity in Patients with Coronavirus Disease in Korea: A Nationwide Population-Based Retrospective Study Using the Korean Health Insurance Review and Assessment Service (HIRA) Database,Database,Clinical Characteristics and Risk Factors for Fatality and Severity in Patients with Coronavirus Disease in Korea: A Nationwide Population-Based Retrospective Study Using the Korean Health Insurance Review and Assessment Service (HIRA) Database
vtayivg6,,,,,Potential SARS-COV preclinical (in vivo) compounds targeting COVID-19 main protease: a meta-analysis and molecular docking studies,meta-analysis,targeting COVID-19 main protease: a meta-analysis
xuo47fh0,,,,,Association between markers of immune response at hospital admission and COVID-19 disease severity and mortality: A meta-analysis and meta-regression,meta-analysis,Association between markers of immune response at hospital admission and COVID-19 disease severity and mortality: A meta-analysis
bsift0pe,,,,,"Secondary attack rates of COVID-19 in diverse contact settings, a meta-analysis",meta-analysis,"Secondary attack rates of COVID-19 in diverse contact settings, a meta-analysis"
5ool2fnb,,,,,"Impact of age, sex, comorbidities and clinical symptoms on the severity of COVID-19 cases: A meta-analysis with 55 studies and 10014 cases",meta-analysis,"Impact of age, sex, comorbidities and clinical symptoms on the severity of COVID-19 cases: A meta-analysis"
njeytj35,,,,,Liver profile in COVID-19: a meta-analysis,meta-analysis,Liver profile in COVID-19: a meta-analysis
ibx322nj,,,,,Thrombocytopenia is associated with severe coronavirus disease 2019 (COVID-19) infections: A meta-analysis,meta-analysis,(COVID-19) infections: A meta-analysis
21a8hsks,,,,,"Atrial appendage angiotensin-converting enzyme-2, aging and cardiac surgical patients: a platform for understanding aging-related coronavirus disease-2019 vulnerabilities",platform,"appendage angiotensin-converting enzyme-2, aging and cardiac surgical patients: a platform"
6rj2m7po,,,,,"Landscape of epitopes targeted by T cells in 852 convalescent COVID-19 patients: Meta-analysis, immunoprevalence and web platform",Meta-analysis,Landscape of epitopes targeted by T cells in 852 convalescent COVID-19 patients: Meta-analysis
a3p16mo8,,,,,Liver Chemistries in Patients with COVID-19 Who Discharged alive or Died: A Meta-analysis,Meta-analysis,Liver Chemistries in Patients with COVID-19 Who Discharged alive or Died: A Meta-analysis
xng8az1j,,,,,Acute Coronary Syndromes in the Era of SARS-CoV-2 Infection: A Registry of the French Group of Acute Cardiac Care,Registry,Acute Coronary Syndromes in the Era of SARS-CoV-2 Infection: A Registry
0vewi8o0,,,,,Association of elevated inflammatory markers and severe COVID-19: a meta-analysis,meta-analysis,Association of elevated inflammatory markers and severe COVID-19: a meta-analysis
3r6z8qrz,,,,,Computation analysis of brand experience dimensions: Indian online food delivery platforms,platforms,Computation analysis of brand experience dimensions: Indian online food delivery platforms
r3zualko,,,,,JAK-inhibitors for coronavirus disease-2019 (COVID-19): a meta-analysis,meta-analysis,JAK-inhibitors for coronavirus disease-2019 (COVID-19): a meta-analysis
ryswfm9h,,,,,Authors' response: Meta-analysis of statin and outcomes of coronavirus disease 2019 (COVID-19),Meta-analysis,Authors' response: Meta-analysis
b1vdr6wz,,,,,"Severity and mortality of COVID 19 in patients with diabetes, hypertension and cardiovascular disease: a meta-analysis",meta-analysis,"Severity and mortality of COVID 19 in patients with diabetes, hypertension and cardiovascular disease: a meta-analysis"
cnb3a25g,,,,,Impact of COVID-19 pandemic and infection on in hospital survival for patients presenting with acute coronary syndromes: A multicenter registry,registry,Impact of COVID-19 pandemic and infection on in hospital survival for patients presenting with acute coronary syndromes: A multicenter registry
5kmugtjp,,,,,Anosmia/Hyposmia is a Good Predictor of Coronavirus Disease 2019 (COVID-19) Infection: A Meta-Analysis,Meta-Analysis,(COVID-19) Infection: A Meta-Analysis
dhoiwejq,,,,,Area Deprivation and COVID-19 Outcomes in Patients With and Without Cardiovascular Disease: The Curator Registry of Houston Methodist,Registry,Area Deprivation and COVID-19 Outcomes in Patients With and Without Cardiovascular Disease: The Curator Registry
32p4oa4w,,,,,Decreased Mortality of COVID-19 With Renin-Angiotensin-Aldosterone System Inhibitors Therapy in Patients With Hypertension: A Meta-Analysis,Meta-Analysis,Decreased Mortality of COVID-19 With Renin-Angiotensin-Aldosterone System Inhibitors Therapy in Patients With Hypertension: A Meta-Analysis
rx1yj1ug,,,,,Bypass Grafting vs Endovascular Therapy in Patients With Non-Dialysis-Dependent Chronic Kidney Disease and Chronic Limb-Threatening Ischemia (CRITISCH Registry),Registry,Limb-Threatening Ischemia (CRITISCH Registry
u6dasgqi,,,,,Mental Health During the Covid-19 Outbreak in China: a Meta-Analysis,Meta-Analysis,Mental Health During the Covid-19 Outbreak in China: a Meta-Analysis
fmdbywig,,,,,Saliva as a Candidate for COVID-19 Diagnostic Testing: A Meta-Analysis,Meta-Analysis,Saliva as a Candidate for COVID-19 Diagnostic Testing: A Meta-Analysis
grrmmomm,,,,,SalivaDirect: A Simplified and Flexible Platform to Enhance SARS-CoV-2 Testing Capacity,Platform,SalivaDirect: A Simplified and Flexible Platform
bi852r9k,,,,,Factors associated with SARS-COV-2 attack rates in aged care– a meta-analysis,meta-analysis,Factors associated with SARS-COV-2 attack rates in aged care– a meta-analysis
09khecml,,,,,Factors associated with deep venous thrombosis in patients infected with coronavirus disease 2019: a meta-analysis,meta-analysis,Factors associated with deep venous thrombosis in patients infected with coronavirus disease 2019: a meta-analysis
tnawfh8t,,,,,COVID-19 antibody therapeutics tracker: a global online database of antibody therapeutics for the prevention and treatment of COVID-19,database,COVID-19 antibody therapeutics tracker: a global online database
bwqfunit,,,,,COVID-19 Antibody Therapeutics Tracker: A Global Online Database of Antibody Therapeutics for the Prevention and Treatment of COVID-19,Database,COVID-19 Antibody Therapeutics Tracker: A Global Online Database
s50f4d50,,,,,Impact of myocardial injury on mortality in patients with COVID-19: a meta-analysis,meta-analysis,Impact of myocardial injury on mortality in patients with COVID-19: a meta-analysis
cuy29phu,,,,,Glucose control in diabetes during home confinement for the first pandemic wave of COVID-19: a meta-analysis of observational studies,meta-analysis,Glucose control in diabetes during home confinement for the first pandemic wave of COVID-19: a meta-analysis
9qdg14an,,acd0fa5fbad406f309ed3915ec45b21f47395cf4,document_parses/pdf_json/acd0fa5fbad406f309ed3915ec45b21f47395cf4.json,,mEBAL: A Multimodal Database for Eye Blink Detection and Attention Level Estimation,Database,mEBAL: A Multimodal Database
klyo1nyb,,,,,Preadmission use of inhaled corticosteroids and risk of fatal or severe COVID-19: a meta-analysis,meta-analysis,Preadmission use of inhaled corticosteroids and risk of fatal or severe COVID-19: a meta-analysis
i4ne1nku,,,,,Neurologic manifestations associated with COVID-19: a multicentre registry,registry,Neurologic manifestations associated with COVID-19: a multicentre registry
a6ukujyo,,,,,Pregnancy and Perinatal Outcomes in Women with SARS-CoV-2 Infection: A Meta-Analysis with Meta-Regressions,Meta-Analysis,Pregnancy and Perinatal Outcomes in Women with SARS-CoV-2 Infection: A Meta-Analysis
4z9juhtw,,,,,Saliva-based testing for diagnosis of SARS-CoV-2 infection: A meta-analysis,meta-analysis,Saliva-based testing for diagnosis of SARS-CoV-2 infection: A meta-analysis
htqubzlu,,,,,Lactate dehydrogenase elevations is associated with severity of COVID-19: a meta-analysis,meta-analysis,Lactate dehydrogenase elevations is associated with severity of COVID-19: a meta-analysis
qf9twpy6,,,,,The association between SNPs rs1800591 and rs3816873 of the MTTP gene and nonalcoholic fatty liver disease: A meta-analysis,meta-analysis,The association between SNPs rs1800591 and rs3816873 of the MTTP gene and nonalcoholic fatty liver disease: A meta-analysis
6mn64xtp,,,,,Efficacy of Lianhua Qingwen Compared with Conventional Drugs in the Treatment of Common Pneumonia and COVID-19 Pneumonia: A Meta-Analysis,Meta-Analysis,Efficacy of Lianhua Qingwen Compared with Conventional Drugs in the Treatment of Common Pneumonia and COVID-19 Pneumonia: A Meta-Analysis
va565o48,,,,,Mental Health Outcomes of Coronavirus Infection Survivors: A Rapid Meta-Analysis,Meta-Analysis,Mental Health Outcomes of Coronavirus Infection Survivors: A Rapid Meta-Analysis
4ek1w65q,,,,,Risk profiles of severe illness in children with COVID-19: a meta-analysis of individual patients,meta-analysis,Risk profiles of severe illness in children with COVID-19: a meta-analysis
k6w4bhk8,,,,,Correction: Clinicopathological characteristics of 8697 patients with COVID-19 in China: a meta-analysis,meta-analysis,Correction: Clinicopathological characteristics of 8697 patients with COVID-19 in China: a meta-analysis
mwi3yj8v,,,,,"Transcatheter Mitral Valve Repair in Cardiogenic Shock and Mitral Regurgitation: A Patient-Level, Multicenter Analysis",Patient-Level,Transcatheter Mitral Valve Repair in Cardiogenic Shock and Mitral Regurgitation: A Patient-Level
0797wh7t,,,,,Crucial laboratory parameters in COVID-19 diagnosis and prognosis: An updated meta-analysis,meta-analysis,Crucial laboratory parameters in COVID-19 diagnosis and prognosis: An updated meta-analysis
n3nhq6v3,,,,,Hydroxychloroquine and Covid-19: a Meta-analysis,Meta-analysis,Hydroxychloroquine and Covid-19: a Meta-analysis
39vnycdm,,,,,[Cooperative approach of pathology and neuropathology in the COVID-19 pandemic : German registry for COVID-19 autopsies (DeRegCOVID) and German network for autopsies in pandemics (DEFEAT PANDEMIcs)]./ Kooperatives Vorgehen der Pathologie und Neuropathologie in der COVID-19-Pandemie : Deutsches Register für COVID-19-Obduktionen (DeRegCOVID) und Deutsches Netzwerk für Autopsien in Pandemien (DEFEAT PANDEMIcs),registry,[Cooperative approach of pathology and neuropathology in the COVID-19 pandemic : German registry
g5emgsam,,,,,Cooperative approach of pathology and neuropathology in the COVID-19 pandemic : German registry for COVID-19 autopsies (DeRegCOVID) and German network for autopsies in pandemics (DEFEAT PANDEMIcs),registry,Cooperative approach of pathology and neuropathology in the COVID-19 pandemic : German registry
b32xvsnq,,,,,[Cooperative approach of pathology and neuropathology in the COVID-19 pandemic : German registry for COVID-19 autopsies (DeRegCOVID) and German network for autopsies in pandemics (DEFEAT PANDEMIcs)],registry,[Cooperative approach of pathology and neuropathology in the COVID-19 pandemic : German registry
ju973g1a,,,,,"Covigie, a platform for caregivers and care team coordinators",platform,"Covigie, a platform"
0q1l7j65,,,,,FEEdBACk: An ICT-Based Platform to Increase Energy Efficiency through Buildings’ Consumer Engagement,Platform,FEEdBACk: An ICT-Based Platform
0dbmxq3y,,,,,Relation of Cardiovascular Risk Factors to Mortality and Cardiovascular Events in Hospitalized Patients With Coronavirus Disease 2019 (from the Yale COVID-19 Cardiovascular Registry),Registry,from the Yale COVID-19 Cardiovascular Registry
0591zxc7,,,,,Incidence of acute kidney injury and its association with mortality in patients with COVID-19: a meta-analysis,meta-analysis,Incidence of acute kidney injury and its association with mortality in patients with COVID-19: a meta-analysis
v3qqzstx,,,,,Prevalence of olfactory dysfunction in coronavirus disease 2019 (COVID-19): A meta-analysis of 27492 patients,meta-analysis,Prevalence of olfactory dysfunction in coronavirus disease 2019 (COVID-19): A meta-analysis
w33z9ff9,,,,,"Prevalence of Olfactory Dysfunction in Coronavirus Disease 2019 (COVID-19): A Meta-analysis of 27,492 Patients",Meta-analysis,Prevalence of Olfactory Dysfunction in Coronavirus Disease 2019 (COVID-19): A Meta-analysis
jfgaq5wj,,,,,Comment on: Cytopenias among patients with rheumatic diseases using methotrexate: a meta-analysis of randomized controlled clinical trials: reply,meta-analysis,Comment on: Cytopenias among patients with rheumatic diseases using methotrexate: a meta-analysis
qfxdydgp,,,,,Clinical characteristics of 3062 COVID-19 patients: A meta-analysis,meta-analysis,Clinical characteristics of 3062 COVID-19 patients: A meta-analysis
kdkl9a1p,,,,,"Neurological Manifestations in Hospitalized Patients with COVID-19: A Retrospective, Observational Study from a Spanish Population The ALBACOVID Registry",Registry,from a Spanish Population The ALBACOVID Registry
1bx0hil6,,,,,Comparative effectiveness of N95 respirators and surgical/face masks in preventing airborne infections in the era of SARS-CoV2 pandemic: A meta-analysis of randomized trials,meta-analysis,Comparative effectiveness of N95 respirators and surgical/face masks in preventing airborne infections in the era of SARS-CoV2 pandemic: A meta-analysis
juo3hbo0,,,,,The expressed emotion of parents of children with developmental disabilities: A meta-analysis,meta-analysis,The expressed emotion of parents of children with developmental disabilities: A meta-analysis
ik5ihvf8,,,,,Smartpathk: a platform for teaching glomerulopathies using machine learning,platform,Smartpathk: a platform
am24sxit,,,,,Visualisation of epidemiological map using an Internet of Things infectious disease surveillance platform,platform,Visualisation of epidemiological map using an Internet of Things infectious disease surveillance platform
j7i3bv0x,,,,,Self-Assembled Nanoparticles: Exciting Platforms for Vaccination,Platforms,Self-Assembled Nanoparticles: Exciting Platforms
v19jgjyv,,,,,"COVID-19, Chikungunya, Dengue and Zika Diseases: An Analytical Platform Based on MALDI-TOF MS, IR Spectroscopy and RT-qPCR for Accurate Diagnosis and Accelerate Epidemics Control",Platform,"COVID-19, Chikungunya, Dengue and Zika Diseases: An Analytical Platform"
gqbbd1oi,,,,,Twice-daily vs higher-dose once-daily thoracic radiotherapy for limited-disease small-cell lung cancer: A PRISMA-compliant meta-analysis,meta-analysis,-daily thoracic radiotherapy for limited-disease small-cell lung cancer: A PRISMA-compliant meta-analysis
bzm8pgcx,,,,,MedCanHub: a platform developed by Cellen aimed at reducing barriers of access to unlicensed cannabis-based medicinal products during the COVID-19 pandemic,platform,MedCanHub: a platform
2oh8dpwq,,,,,Diagnostic Performance of CO-RADS and the RSNA Classification System in Evaluating COVID-19 at Chest CT: A Meta-Analysis,Meta-Analysis,Diagnostic Performance of CO-RADS and the RSNA Classification System in Evaluating COVID-19 at Chest CT: A Meta-Analysis
dvvy9rco,,,,,Racial and Ethnic Differences in Presentation and Outcomes for Patients Hospitalized with COVID-19: Findings from the American Heart Association's COVID-19 Cardiovascular Disease Registry,Registry,Heart Association's COVID-19 Cardiovascular Disease Registry
ds482pdd,,,,,Incidence of Guillain-Barre syndrome following SARS-CoV-2 immunization in Mexico: A nationwide registry of seven COVID-19 vaccines,registry,Incidence of Guillain-Barre syndrome following SARS-CoV-2 immunization in Mexico: A nationwide registry
1hd1nbtz,,2c5bfe2ad6b8c17f70ec4afab66ee3d84cf5be31,document_parses/pdf_json/2c5bfe2ad6b8c17f70ec4afab66ee3d84cf5be31.json,,StudyU: a platform for designing and conducting innovative digital N-of-1 trials,platform,StudyU: a platform
exoq8b0a,,,,,Regional and Chronological Variation of Chemosensory Dysfunction in COVID-19: a Meta-Analysis,Meta-Analysis,Regional and Chronological Variation of Chemosensory Dysfunction in COVID-19: a Meta-Analysis
d2fz07vg,,00bb5afff3f0045b3ea9515140ae74cd752e6d7d,document_parses/pdf_json/00bb5afff3f0045b3ea9515140ae74cd752e6d7d.json,,DeepShovel: An Online Collaborative Platform for Data Extraction in Geoscience Literature with AI Assistance,Platform,DeepShovel: An Online Collaborative Platform
4855owbv,,,,,Risk factors for the exacerbation of patients with 2019 novel coronavirus: A meta-analysis,meta-analysis,Risk factors for the exacerbation of patients with 2019 novel coronavirus: A meta-analysis
9dk2aor7,,,,,Prognostic value of Cardiac Biomarkers in COVID-19 Infection: A Meta-analysis,Meta-analysis,Prognostic value of Cardiac Biomarkers in COVID-19 Infection: A Meta-analysis
zvsromke,,,,,Prevalence of gastrointestinal symptoms in coronavirus disease 2019: a meta-analysis,meta-analysis,Prevalence of gastrointestinal symptoms in coronavirus disease 2019: a meta-analysis
hzcq1vv3,,,,,Laboratory findings that predict a poor prognosis in COVID-19 patients with diabetes: A meta-analysis,meta-analysis,Laboratory findings that predict a poor prognosis in COVID-19 patients with diabetes: A meta-analysis
rleae8ez,,,,,D-dimer levels is associated with severe COVID-19 infections: A meta-analysis,meta-analysis,D-dimer levels is associated with severe COVID-19 infections: A meta-analysis
6gi28wwu,,,,,Characteristics of pediatric multi-system inflammatory syndrome (PMIS) associated with COVID-19: a meta-analysis and insights into pathogenesis,meta-analysis,Characteristics of pediatric multi-system inflammatory syndrome (PMIS) associated with COVID-19: a meta-analysis
0efxcbxz,,,,,Evidence for action: a One Health learning platform on interventions to tackle antimicrobial resistance,platform,Evidence for action: a One Health learning platform
0ojl2vc9,,,,,Relationship of D-dimer with severity and mortality in SARS-CoV-2 patients : A meta-analysis,meta-analysis,Relationship of D-dimer with severity and mortality in SARS-CoV-2 patients : A meta-analysis
e2568dih,,,,,Association between maternal cadmium exposure and preterm birth: a meta-analysis,meta-analysis,Association between maternal cadmium exposure and preterm birth: a meta-analysis
u8h0f3o8,,,,,Clinical characteristics of hospitalized patients with SARS-CoV-2 infection: A single arm meta-analysis,meta-analysis,Clinical characteristics of hospitalized patients with SARS-CoV-2 infection: A single arm meta-analysis
lnrwtyql,,,,,The risk of mortality in patients with COVID-19 with pre-diagnosis use of NSAIDs: a meta-analysis,meta-analysis,diagnosis use of NSAIDs: a meta-analysis
49solekk,,,,,COVIDep: a web-based platform for real-time reporting of vaccine target recommendations for SARS-CoV-2,platform,COVIDep: a web-based platform
qkc0v9xq,,f851697e29615d3f74c34b0c566b517e0e34a8e7,document_parses/pdf_json/f851697e29615d3f74c34b0c566b517e0e34a8e7.json,,MLFW: A Database for Face Recognition on Masked Faces,Database,MLFW: A Database
vn3jzwav,,,,,MLFW: A Database for Face Recognition on Masked Faces (preprint)/ en,Database,MLFW: A Database
74cjqgmt,,,,,SARS-Cov2: a meta-analysis of symptom distribution by continent in 7310 adult COVID-19 infected patients,meta-analysis,SARS-Cov2: a meta-analysis
sa4rdxdm,,,,,The Association of Cerebrovascular Disease with Adverse Outcomes in COVID-19 Patients: A Meta-Analysis Based on Adjusted Effect Estimates,Meta-Analysis,The Association of Cerebrovascular Disease with Adverse Outcomes in COVID-19 Patients: A Meta-Analysis
10u5rh4k,,,,,Can training in diagnostic radiology be moved online during the COVID-19 pandemic? UK trainee perceptions of the Radiology-Integrated Training Initiative (R-ITI) e-learning platform,platform,? UK trainee perceptions of the Radiology-Integrated Training Initiative (R-ITI) e-learning platform
us668g43,,,,,Non-specialist therapeutic strategies in acute respiratory distress syndrome: a meta-analysis,meta-analysis,-specialist therapeutic strategies in acute respiratory distress syndrome: a meta-analysis
g7k24w0s,,,,,Pfam: The protein families database in 2021,database,Pfam: The protein families database
vnfncmrh,,,,,The J-shaped relationship between body mass index and mortality in patients with COVID-19: A dose-response meta-analysis,meta-analysis,J-shaped relationship between body mass index and mortality in patients with COVID-19: A dose-response meta-analysis
29ygb00o,,,,,Use of Dexmedetomidine in Critically Ill Patients Receiving Noninvasive Ventilation: a Meta-analysis of Randomized Controlled Trials,Meta-analysis,Use of Dexmedetomidine in Critically Ill Patients Receiving Noninvasive Ventilation: a Meta-analysis
zn0eyjxr,,,,,Impact of COVID-19 outbreak on patients with ST-segment elevation myocardial infarction (STEMI) in Turkey: results from TURSER study (TURKISH St-segment elevation myocardial infarction registry),registry,in Turkey: results from TURSER study (TURKISH St-segment elevation myocardial infarction registry
yjpyi20g,,,,,Uric acid lowering improves insulin sensitivity and lowers blood pressure: a meta-analysis of randomized parallel-controlled clinical trials,meta-analysis,lowering improves insulin sensitivity and lowers blood pressure: a meta-analysis
vamdqr19,,,,,The Involvement of Chronic Kidney Disease and Acute Kidney Injury in Disease Severity and Mortality in Patients with COVID-19: A Meta-Analysis,Meta-Analysis,The Involvement of Chronic Kidney Disease and Acute Kidney Injury in Disease Severity and Mortality in Patients with COVID-19: A Meta-Analysis
flg5z8oo,,,,,Covid-19 Associated Risks and Effects in Myasthenia Gravis (care-mg): an International Physician-reported Registry,Registry,Covid-19 Associated Risks and Effects in Myasthenia Gravis (care-mg): an International Physician-reported Registry
34zkpuu0,,,,,The Impact of SARS-CoV-2 on Stroke Epidemiology and Care: A Meta-analysis,Meta-analysis,The Impact of SARS-CoV-2 on Stroke Epidemiology and Care: A Meta-analysis
vpzo535s,,,,,The impact of SARS-COV-2 on stroke epidemiology and care: A meta-analysis,meta-analysis,The impact of SARS-COV-2 on stroke epidemiology and care: A meta-analysis
opt63j8h,,,,,Author Correction: A global database of COVID-19 vaccinations,database,Author Correction: A global database
adtgwv14,,,,,Global Hidradenitis Suppurativa COVID-19 Registry: a registry to inform data-driven management practices,registry,Hidradenitis Suppurativa COVID-19 Registry: a registry
u7fqjti5,,,,,Association of hypertension with the severity and fatality of SARS-CoV-2 infection: A meta-analysis,meta-analysis,Association of hypertension with the severity and fatality of SARS-CoV-2 infection: A meta-analysis
ncfa7p3v,,,,,"The endoscope-assisted supraorbital ""keyhole"" approach for anterior skull base meningiomas: an updated meta-analysis",meta-analysis,"""keyhole"" approach for anterior skull base meningiomas: an updated meta-analysis"
72htp2ae,,,,,"Clinical characteristics of 2,459 severe or critically ill COVID-19 patients: A meta-analysis",meta-analysis,"Clinical characteristics of 2,459 severe or critically ill COVID-19 patients: A meta-analysis"
ynum48vd,,,,,"The AHA COVID-19 Cardiovascular Disease Registry: Design, Implementation, and Initial Results",Registry,The AHA COVID-19 Cardiovascular Disease Registry
jocqhv9b,,,,,Coronavirus disease 2019 and gender-related mortality in European countries: A meta-analysis,meta-analysis,Coronavirus disease 2019 and gender-related mortality in European countries: A meta-analysis
the6msuu,,,,,Association of frailty and mortality in patients with COVID-19: a meta-analysis,meta-analysis,Association of frailty and mortality in patients with COVID-19: a meta-analysis
v5ia45v6,,,,,Prevalence of Clinical and Subclinical Myocarditis in Competitive Athletes With Recent SARS-CoV-2 Infection: Results From the Big Ten COVID-19 Cardiac Registry,Registry,the Big Ten COVID-19 Cardiac Registry
5m911fzj,,,,,The Spatiotemporal Bias in Proinflammatory p38 Signaling Revealed by a Forster's Resonance Energy Transfer (FRET)-based Platform for Mapping GPCR-induced Vascular Inflammation,Platform,'s Resonance Energy Transfer (FRET)-based Platform
qsxe1nvc,,,,,"EatLOCAL: a platform that connects local farmers, consumers, municipalities and non-governmental organisations",platform,EatLOCAL: a platform
0n9vio38,,,,,"Cardiac arrhythmias in patients presenting with COVID-19 treated in Portuguese hospitals: A national registry from the Portuguese Association of Arrhythmology, Pacing and Electrophysiology",registry,Cardiac arrhythmias in patients presenting with COVID-19 treated in Portuguese hospitals: A national registry
tz5fplen,,,,,The effect of tocilizumab on mortality in hospitalized patients with COVID-19: a meta-analysis of randomized controlled trials,meta-analysis,The effect of tocilizumab on mortality in hospitalized patients with COVID-19: a meta-analysis
g63v03lt,,,,,COVID-19 and conjunctivitis: a meta-analysis,meta-analysis,COVID-19 and conjunctivitis: a meta-analysis
c6ckr2ga,,,,,Effect of chloroquine and hydroxychloroquine on COVID-19 virological outcomes: An updated meta-analysis,meta-analysis,Effect of chloroquine and hydroxychloroquine on COVID-19 virological outcomes: An updated meta-analysis
8a6itbqf,,,,,Both the presence of a micropapillary component and the micropapillary predominant subtype predict poor prognosis after lung adenocarcinoma resection: a meta-analysis,meta-analysis,after lung adenocarcinoma resection: a meta-analysis
got7apw9,,,,,The chest CT features of coronavirus disease 2019 (COVID-19) in China: a meta-analysis of 19 retrospective studies,meta-analysis,The chest CT features of coronavirus disease 2019 (COVID-19) in China: a meta-analysis
o5ex1ykv,,,,,Finding value in social media: A collaborative online communication platform linking providers to education and an online tumor board across a large community of oncology practices,platform,Finding value in social media: A collaborative online communication platform
uf36bxci,,,,,"ODT FLOW: A Scalable Platform for Extracting, Analyzing, and Sharing Multi-source Multi-scale Human Mobility",Platform,ODT FLOW: A Scalable Platform
53hfz2p0,,,,,Gender and COVID-19 related fear and anxiety: A meta-analysis,meta-analysis,Gender and COVID-19 related fear and anxiety: A meta-analysis
rp0hxc0k,,7bd7a39fcefb3e905235169f5034593fbdd48eb6,document_parses/pdf_json/7bd7a39fcefb3e905235169f5034593fbdd48eb6.json,,ProNet DB: A proteome-wise database for protein surface property representations and RNA-binding profiles,database,ProNet DB: A proteome-wise database
t7equzmb,,,,,VPTMdb: a viral posttranslational modification database,database,VPTMdb: a viral posttranslational modification database
bgrtfadc,,,,,Erratum to: Sofosbuvir/daclatasvir regimens for the treatment of COVID-19: an individual patient data meta-analysis,meta-analysis,an individual patient data meta-analysis
m5szvndy,,,,,"Comment on ""The spectrum of COVID-19-associated dermatologic manifestations: An international registry of 716 patients from 31 countries""",registry,"on ""The spectrum of COVID-19-associated dermatologic manifestations: An international registry"
azvb81md,,,,,The efficacy and tolerance of prone positioning in non-intubation patients with acute hypoxemic respiratory failure and ARDS: a meta-analysis,meta-analysis,The efficacy and tolerance of prone positioning in non-intubation patients with acute hypoxemic respiratory failure and ARDS: a meta-analysis
asg0fz14,,,,,opvCRISPR: One-pot visual RT-LAMP-CRISPR platform for SARS-cov-2 detection,platform,opvCRISPR: One-pot visual RT-LAMP-CRISPR platform
etfy67jp,,,,,Cardiovascular Complications from Covid-19 May Be Predicted by the Increased Level of C-reactive Protein: a Meta-analysis,Meta-analysis,by the Increased Level of C-reactive Protein: a Meta-analysis
aiexqp77,,,,,Effects of four types of integrated Chinese and Western medicines for the treatment of COVID-19 in China: a network meta-analysis,meta-analysis,Effects of four types of integrated Chinese and Western medicines for the treatment of COVID-19 in China: a network meta-analysis
11msvb0q,,,,,The efficiency of hospitals: platform for sustainable health care system,platform,The efficiency of hospitals: platform
qae0i0aq,,,,,Clinicopathological characteristics of 8697 patients with COVID-19 in China: meta-analysis,meta-analysis,Clinicopathological characteristics of 8697 patients with COVID-19 in China: meta-analysis
xvak8tmm,,,,,Remdesivir for the treatment of coronavirus COVID-19: a meta-analysis of randomised controlled trials,meta-analysis,Remdesivir for the treatment of coronavirus COVID-19: a meta-analysis
wylgeswj,,,,,COVID19-CT-dataset: an open-access chest CT image repository of 1000+ patients with confirmed COVID-19 diagnosis,repository,-CT-dataset: an open-access chest CT image repository
fyxeukc2,,,,,DatAC: A visual analytics platform to explore climate and air quality indicators associated with the COVID-19 pandemic in Spain,platform,DatAC: A visual analytics platform
5l3m8erw,,,,,Laparoscopic surgery reduces the incidence of surgical site infections compared to the open approach for colorectal procedures: a meta-analysis,meta-analysis,surgery reduces the incidence of surgical site infections compared to the open approach for colorectal procedures: a meta-analysis
9kfiioj8,,,,,Relationship between chronic kidney disease and adverse outcomes of coronavirus disease 2019: a meta-analysis based on adjusted risk estimates,meta-analysis,Relationship between chronic kidney disease and adverse outcomes of coronavirus disease 2019: a meta-analysis
sxitvwls,,,,,CoV-AbDab: the Coronavirus Antibody Database,Database,CoV-AbDab: the Coronavirus Antibody Database
nv3hna3l,,,,,Early prediction keys for COVID-19 cases progression: A meta-analysis,meta-analysis,Early prediction keys for COVID-19 cases progression: A meta-analysis
v353sod9,,,,,Bovine leukemia virus relation to human breast cancer: Meta-analysis,Meta-analysis,Bovine leukemia virus relation to human breast cancer: Meta-analysis
zur62p7q,,,,,Use of hydroxychloroquine and chloroquine in patients with COVID-19: a meta-analysis of randomized clinical trials,meta-analysis,Use of hydroxychloroquine and chloroquine in patients with COVID-19: a meta-analysis
m3j3gjbb,,,,,Fibrosis-4 index and mortality in coronavirus disease 2019: a meta-analysis,meta-analysis,Fibrosis-4 index and mortality in coronavirus disease 2019: a meta-analysis
iphq3amc,,,,,Interventions for the prevention and treatment of COVID-19: a living mapping of research and living network meta-analysis (Protocol),meta-analysis,Interventions for the prevention and treatment of COVID-19: a living mapping of research and living network meta-analysis
hw4kgs6h,,,,,Coronavirus disease 2019 (COVID-19) in children and/or adolescents: a meta-analysis,meta-analysis,Coronavirus disease 2019 (COVID-19) in children and/or adolescents: a meta-analysis
f68z60qx,,,,,Association between inosine triphosphatase rs1127354 polymorphisms and ribavirin-induced anaemia and outcome in hepatitis C virus-infected patients: A meta-analysis,meta-analysis,Association between inosine triphosphatase rs1127354 polymorphisms and ribavirin-induced anaemia and outcome in hepatitis C virus-infected patients: A meta-analysis
2wczynh6,,,,,"Response to: ""Comment on 'The spectrum of COVID-19-associated dermatologic manifestations: An international registry of 716 patients from 31 countries'""",registry,"to: ""Comment on 'The spectrum of COVID-19-associated dermatologic manifestations: An international registry"
vmmw5un8,,,,,Reply To “Comment on ‘The spectrum of COVID-19-associated dermatologic manifestations: an international registry of 716 patients from 31 countries’”,registry,on ‘The spectrum of COVID-19-associated dermatologic manifestations: an international registry
bjun3tmr,,,,,DrugComb update: a more comprehensive drug sensitivity data repository and analysis portal,repository,DrugComb update: a more comprehensive drug sensitivity data repository
fqz6sbjz,,,,,Clinical Properties and Diagnostic Methods of COVID-19 Infection in Pregnancies: Meta-Analysis,Meta-Analysis,Clinical Properties and Diagnostic Methods of COVID-19 Infection in Pregnancies: Meta-Analysis
9nabxyt2,,,,,Cardiac injury associated with severe disease or ICU admission and death in hospitalized patients with COVID-19: a meta-analysis and systematic review,meta-analysis,Cardiac injury associated with severe disease or ICU admission and death in hospitalized patients with COVID-19: a meta-analysis
jdln3pbn,,5122b9b525f18a353f0a519e680a55c638ccbe41,document_parses/pdf_json/5122b9b525f18a353f0a519e680a55c638ccbe41.json,,Molecule Generation Experience: An Open Platform of Material Design for Public Users,Platform,Molecule Generation Experience: An Open Platform
n4308f13,10.1007/s11747-020-00751-1,e5c05d342fab0bff65a4ac3dd46a5a6c16aaf5f9,document_parses/pdf_json/e5c05d342fab0bff65a4ac3dd46a5a6c16aaf5f9.json,document_parses/pmc_json/PMC7661814.xml.json,Conflict and performance in channels: a meta-analysis,meta-analysis,Conflict and performance in channels: a meta-analysis
u7u13k0d,10.3389/fcell.2021.713188,d8962be0b932e0da7e6ab45bd6fef92c0eabad7a,document_parses/pdf_json/d8962be0b932e0da7e6ab45bd6fef92c0eabad7a.json,document_parses/pmc_json/PMC8488377.xml.json,SAS: A Platform of Spike Antigenicity for SARS-CoV-2,Platform,SAS: A Platform
daz3ex90,10.1016/j.jinf.2022.04.029,243c6db0898bc4cac093f0ae72af4bc92d727f78; 2874550e6f7e5a7d56817cdce584018443be7401,document_parses/pdf_json/243c6db0898bc4cac093f0ae72af4bc92d727f78.json; document_parses/pdf_json/2874550e6f7e5a7d56817cdce584018443be7401.json,document_parses/pmc_json/PMC9022375.xml.json,Interferon-induced transmembrane protein 3 gene polymorphisms are associated with COVID-19 susceptibility and severity: A meta-analysis,meta-analysis,protein 3 gene polymorphisms are associated with COVID-19 susceptibility and severity: A meta-analysis
rm2f96qa,10.1002/psp4.12681,54b72b43f5a135547751fcddb24c77a24a93fb71,document_parses/pdf_json/54b72b43f5a135547751fcddb24c77a24a93fb71.json,document_parses/pmc_json/PMC8420371.xml.json,Anti–SARS‐CoV‐2 Repurposing Drug Database: Clinical Pharmacology Considerations,Database,Anti–SARS‐CoV‐2 Repurposing Drug Database
kaunicaa,10.3803/enm.2021.1048,1914a8b7a2b3efdd7b72745f4d03bf2913bcf9e4,document_parses/pdf_json/1914a8b7a2b3efdd7b72745f4d03bf2913bcf9e4.json,document_parses/pmc_json/PMC8419608.xml.json,Dipeptidyl Peptidase-4 Inhibitors and COVID-19-Related Deaths among Patients with Type 2 Diabetes Mellitus: A Meta-Analysis of Observational Studies,Meta-Analysis,Dipeptidyl Peptidase-4 Inhibitors and COVID-19-Related Deaths among Patients with Type 2 Diabetes Mellitus: A Meta-Analysis
dccue6md,10.1101/2020.07.15.20154260,2bd5496eddf8430898e6f0e7655be129b18b7ac6,document_parses/pdf_json/2bd5496eddf8430898e6f0e7655be129b18b7ac6.json,,Neurological manifestations associated with COVID-19: a nationwide registry,registry,Neurological manifestations associated with COVID-19: a nationwide registry
9e8j0mwl,10.1101/2022.03.22.22272790,3f6db3192cb46700479b3629e4e29cb8d115312d,document_parses/pdf_json/3f6db3192cb46700479b3629e4e29cb8d115312d.json,,The World Health Organization's Disease Outbreak News: a retrospective database,database,'s Disease Outbreak News: a retrospective database
2wvqm6h1,10.3390/ijerph19052612,d8c14cdbffe2e1b7762db8aac38497cd499f46be,document_parses/pdf_json/d8c14cdbffe2e1b7762db8aac38497cd499f46be.json,document_parses/pmc_json/PMC8909504.xml.json,The Comparative Efficacy of Treatments for Children and Young Adults with Internet Addiction/Internet Gaming Disorder: An Updated Meta-Analysis,Meta-Analysis,The Comparative Efficacy of Treatments for Children and Young Adults with Internet Addiction/Internet Gaming Disorder: An Updated Meta-Analysis
f1aka0dx,10.1016/j.jinf.2022.03.011,15dc1dd1f112f858a9b8e217050ec03b100b5f51,document_parses/pdf_json/15dc1dd1f112f858a9b8e217050ec03b100b5f51.json,document_parses/pmc_json/PMC8920470.xml.json,The effect of canakinumab on clinical outcomes in patients with COVID-19: a meta-analysis,meta-analysis,The effect of canakinumab on clinical outcomes in patients with COVID-19: a meta-analysis
e7busr8r,10.1101/2020.09.14.20191098,,,,Neutrophil-to-lymphocyte ratio on admission to predict the severity and mortality of COVID-19 patients: a meta-analysis,meta-analysis,to-lymphocyte ratio on admission to predict the severity and mortality of COVID-19 patients: a meta-analysis
m9o0br8p,10.1016/j.diabres.2020.108346,5388902f854c055a20b3276e46f725dd2158057d,document_parses/pdf_json/5388902f854c055a20b3276e46f725dd2158057d.json,document_parses/pmc_json/PMC7375287.xml.json,Comorbid diabetes and the risk of disease severity or death among 8807 COVID-19 patients in China: a meta-analysis,meta-analysis,Comorbid diabetes and the risk of disease severity or death among 8807 COVID-19 patients in China: a meta-analysis
b0f0r2at,10.1007/s00198-021-06161-5,,,,Associations of osteoprotegerin (OPG) TNFRSF11B gene polymorphisms with risk of fractures in older adult populations: meta-analysis of genetic and genome-wide association studies,meta-analysis,) TNFRSF11B gene polymorphisms with risk of fractures in older adult populations: meta-analysis
buxp80j7,10.1128/spectrum.02564-21,13817a6fb99b416569fc425d2b05d974c5f12f55; caff4055f6d80dbe84b103414f533463be8cf16b,document_parses/pdf_json/13817a6fb99b416569fc425d2b05d974c5f12f55.json; document_parses/pdf_json/caff4055f6d80dbe84b103414f533463be8cf16b.json,document_parses/pmc_json/PMC8941893.xml.json,VPipe: an Automated Bioinformatics Platform for Assembly and Management of Viral Next-Generation Sequencing Data,Platform,VPipe: an Automated Bioinformatics Platform
3i2jhvwn,10.1101/2020.04.09.20059683,be905efa72cca903d9c578c4f905b98822089106,document_parses/pdf_json/be905efa72cca903d9c578c4f905b98822089106.json,,Case- fatality rate in COVID- 19 patients: A meta-analysis of publicly accessible database,meta-analysis,in COVID- 19 patients: A meta-analysis
ctmv8fx0,10.1111/bjd.19345,2e7cb60f01e0a25469d12c494d5196b0d3e05a8c,document_parses/pdf_json/2e7cb60f01e0a25469d12c494d5196b0d3e05a8c.json,,Global Hidradenitis Suppurativa COVID‐19 Registry: A Registry to Inform Data‐Driven Management Practices,Registry,Hidradenitis Suppurativa COVID‐19 Registry: A Registry
vfo2qonx,10.1186/s40001-021-00587-7,e9e3d2e4072933fb4c319ddd4fa8b079fae0aedb,document_parses/pdf_json/e9e3d2e4072933fb4c319ddd4fa8b079fae0aedb.json,document_parses/pmc_json/PMC8515156.xml.json,The efficacy and safety of high-flow nasal cannula therapy in patients with COPD and type II respiratory failure: a meta-analysis and systematic review,meta-analysis,type II respiratory failure: a meta-analysis
18t7586x,10.1016/j.jctube.2021.100238,4e6e24077afd4f6d5e3b18276ade2e0c286f7151,document_parses/pdf_json/4e6e24077afd4f6d5e3b18276ade2e0c286f7151.json,document_parses/pmc_json/PMC8102617.xml.json,"Point-of-care program in HIV, tuberculosis, and associated conditions: A virtual global technical assistance platform to strengthen HIV and tuberculosis workforce capacity",platform,"of-care program in HIV, tuberculosis, and associated conditions: A virtual global technical assistance platform"
0lp63sht,10.3390/v14050885,3d1af7c66662a7ba1b6c3bf7e86745579a2e6a11,document_parses/pdf_json/3d1af7c66662a7ba1b6c3bf7e86745579a2e6a11.json,document_parses/pmc_json/PMC9147251.xml.json,Ubiquitous Micro-Modular Homologies among Genomes from Viruses to Bacteria to Human Mitochondrial DNA: Platforms for Recombination during Evolution?,Platforms,Micro-Modular Homologies among Genomes from Viruses to Bacteria to Human Mitochondrial DNA: Platforms
jwqh9axr,10.1136/archdischild-2021-321565,,,,Neurodevelopmental outcomes of preterm infants after randomisation to initial resuscitation with lower (FiO2<</u>0.3) or higher (FiO2>0.6) initial oxygen levels. An individual patient meta-analysis,meta-analysis,. An individual patient meta-analysis
nds2dcrk,10.1002/pds.5440,ef782de45bb63a16cbe39c92db2cc11256233c44,document_parses/pdf_json/ef782de45bb63a16cbe39c92db2cc11256233c44.json,document_parses/pmc_json/PMC9088478.xml.json,COVID‐19 pharmacotherapy utilization patterns during pregnancy: International Registry of Coronavirus Exposure in Pregnancy,Registry,COVID‐19 pharmacotherapy utilization patterns during pregnancy: International Registry
sycoxbvi,10.1186/s12957-021-02451-8,,,,The efficacy and safety of Apatinib combined with TACE in the treatment of hepatocellular carcinoma: a meta-analysis,meta-analysis,The efficacy and safety of Apatinib combined with TACE in the treatment of hepatocellular carcinoma: a meta-analysis
8dj9caqp,10.1016/j.ymthe.2022.02.016,1a47d27c0b74ae09c650f3b5415fdf1f8e4f6646,document_parses/pdf_json/1a47d27c0b74ae09c650f3b5415fdf1f8e4f6646.json,,COVID-19 mRNA vaccines: platforms and current developments,platforms,COVID-19 mRNA vaccines: platforms
21ch1mfs,10.5853/jos.2021.01571,49b3abf95405a768d74ed7736b1ea8a64b7c6dee,document_parses/pdf_json/49b3abf95405a768d74ed7736b1ea8a64b7c6dee.json,document_parses/pmc_json/PMC8829489.xml.json,Trends in Stroke Presentations before and during the COVID-19 Pandemic: A Meta-Analysis,Meta-Analysis,during the COVID-19 Pandemic: A Meta-Analysis
ewgpsyf4,10.3390/bios11110423,508629d7140e8e816d233a288919c97acb0bd50d,document_parses/pdf_json/508629d7140e8e816d233a288919c97acb0bd50d.json,document_parses/pmc_json/PMC8615610.xml.json,OralDisk: A Chair-Side Compatible Molecular Platform Using Whole Saliva for Monitoring Oral Health at the Dental Practice,Platform,OralDisk: A Chair-Side Compatible Molecular Platform
ucgfxffc,10.1101/2020.07.17.20155986,71854e4f6ec7624ae15a36016e795a2dc80ecc0b,document_parses/pdf_json/71854e4f6ec7624ae15a36016e795a2dc80ecc0b.json,,ABO polymorphism and SARS-CoV-2 infection - a meta-analysis,meta-analysis,SARS-CoV-2 infection - a meta-analysis
c5hizgn5,10.1016/j.phymed.2022.153942,,,,Comparative effectiveness of glycyrrhizic acid preparations aimed at preventing and treating anti-tuberculosis drug-induced liver injury: A network meta-analysis of 97 randomized controlled trials,meta-analysis,injury: A network meta-analysis
1tw9vw1q,10.1111/1742-6723.13558,4f04c06e0a4b75435bb1bb5e418d8f50ed6e725a,document_parses/pdf_json/4f04c06e0a4b75435bb1bb5e418d8f50ed6e725a.json,,Informing Emergency Care for all patients: The Registry for Emergency Care (REC) Project Protocol,Registry,Informing Emergency Care for all patients: The Registry
7lyzrmzb,10.1186/s12948-022-00167-y,e26805f297aed90a4d2b355305f98bfa0ea7be20,document_parses/pdf_json/e26805f297aed90a4d2b355305f98bfa0ea7be20.json,document_parses/pmc_json/PMC8762434.xml.json,The risk of anaphylaxis behind authorized COVID-19 vaccines: a meta-analysis,meta-analysis,behind authorized COVID-19 vaccines: a meta-analysis
65yym1sa,10.1016/j.annepidem.2021.07.028,,,,Risk Factors for SARS-CoV-2 Related Mortality and Hospitalization: a Meta-Analysis,Meta-Analysis,Risk Factors for SARS-CoV-2 Related Mortality and Hospitalization: a Meta-Analysis
vxjn00on,10.1016/j.jinf.2022.01.032,152be645beb39298fcaa5d8c4fc72389a0edac5e; 75b4597354c5b46068f773e177af36bdbdc4432a,document_parses/pdf_json/152be645beb39298fcaa5d8c4fc72389a0edac5e.json; document_parses/pdf_json/75b4597354c5b46068f773e177af36bdbdc4432a.json,document_parses/pmc_json/PMC8802164.xml.json,Safety and efficacy of the COVID-19 vaccine in children and/or adolescents:A meta-analysis,meta-analysis,Safety and efficacy of the COVID-19 vaccine in children and/or adolescents:A meta-analysis
haivzuzs,10.3389/fpubh.2021.697642,dca1de713319de92e845b664213f3eadf95aeb25,document_parses/pdf_json/dca1de713319de92e845b664213f3eadf95aeb25.json,document_parses/pmc_json/PMC8416059.xml.json,Anxiety and Depression in Chinese Students During the COVID-19 Pandemic: A Meta-Analysis,Meta-Analysis,During the COVID-19 Pandemic: A Meta-Analysis
n7uus9f3,10.21203/rs.3.rs-1130796/v1,,,,Effectiveness of COVID-19 vaccines against delta variant (B.1.617.2): A meta-analysis,meta-analysis,vaccines against delta variant (B.1.617.2): A meta-analysis
7xs9wmwh,10.1101/2021.06.24.449741,1910fa4f0a0a351c679c3676f123c0bc49613ae3,document_parses/pdf_json/1910fa4f0a0a351c679c3676f123c0bc49613ae3.json,,GraphOmics: An Interactive Platform To Explore And Integrate Multi-Omics Data,Platform,GraphOmics: An Interactive Platform
47a9kt87,10.1186/s42358-022-00236-5,,,,The effect of initiation of urate-lowering treatment during a gout flare on the current episode: a meta-analysis of randomized controlled trials,meta-analysis,The effect of initiation of urate-lowering treatment during a gout flare on the current episode: a meta-analysis
bd0nk0n8,10.2217/fvl-2021-0176,d0a65e22f49301ccef269a43c27a25181482223f,document_parses/pdf_json/d0a65e22f49301ccef269a43c27a25181482223f.json,document_parses/pmc_json/PMC8629369.xml.json,"Non-SARS, non-MERS human coronavirus infections and risk of Kawasaki disease: a meta-analysis",meta-analysis,"Non-SARS, non-MERS human coronavirus infections and risk of Kawasaki disease: a meta-analysis"
l4y7df2f,10.1016/j.cpcardiol.2020.100617,ec11ddf2eedb7f015cd487a816b04acaf95292d9,document_parses/pdf_json/ec11ddf2eedb7f015cd487a816b04acaf95292d9.json,document_parses/pmc_json/PMC7187816.xml.json,Association of Cardiovascular Disease with Coronavirus Disease 2019 (COVID-19) Severity: A Meta-Analysis,Meta-Analysis,(COVID-19) Severity: A Meta-Analysis
w7c3l6r9,10.1016/j.medcli.2020.12.017,513cd96eabe3931724f4fa17d3e8129d0bafe3f4,document_parses/pdf_json/513cd96eabe3931724f4fa17d3e8129d0bafe3f4.json,,Coronary heart disease and COVID-19: a meta-analysis,meta-analysis,Coronary heart disease and COVID-19: a meta-analysis
ukvxy8r4,10.18502/ijph.v50i8.6797,dfa4f1cdd4fcfaf2badac3faf873e33c4b1a6876,document_parses/pdf_json/dfa4f1cdd4fcfaf2badac3faf873e33c4b1a6876.json,document_parses/pmc_json/PMC8643525.xml.json,Association between Thyroid Disease and Severe Coronavirus Disease 2019 (COVID-19) Infection: A Meta-Analysis,Meta-Analysis,(COVID-19) Infection: A Meta-Analysis
3qdjykfu,10.1101/2021.04.12.21255333,,,,The impact of technology systems and professional support in digital mental health interventions: a secondary meta-analysis,meta-analysis,The impact of technology systems and professional support in digital mental health interventions: a secondary meta-analysis
3opmg537,10.1136/bmjstel-2020-000653,f709d4888f59540859389c2c3f9ef7f6f53cc2e2,document_parses/pdf_json/f709d4888f59540859389c2c3f9ef7f6f53cc2e2.json,document_parses/pmc_json/PMC8936585.xml.json,Death notification: a digital communication platform for simulated patient-based training with medical students,platform,Death notification: a digital communication platform
4dgumknb,10.1371/journal.pone.0263932,,,,Effect of trimetazidine on the functional capacity of ischemic heart disease patients not suitable for revascularization: Meta-analysis of randomized controlled trials,Meta-analysis,Effect of trimetazidine on the functional capacity of ischemic heart disease patients not suitable for revascularization: Meta-analysis
molaj7lh,10.1101/2022.01.20.477133,16ab691f62f5ff53bc189b5afdd49195b17051f0; 4777ce4c29ac5776e868b136445ea9f5cd27ff96,document_parses/pdf_json/16ab691f62f5ff53bc189b5afdd49195b17051f0.json; document_parses/pdf_json/4777ce4c29ac5776e868b136445ea9f5cd27ff96.json,document_parses/pmc_json/PMC8820656.xml.json,"Outbreak.info Research Library: A standardized, searchable platform to discover and explore COVID-19 resources and data",platform,"Outbreak.info Research Library: A standardized, searchable platform"
nfao4q1p,10.1016/j.invent.2021.100373,4a6bcdfef6ff3cd5fabc794bed1fde4526ef7396,document_parses/pdf_json/4a6bcdfef6ff3cd5fabc794bed1fde4526ef7396.json,document_parses/pmc_json/PMC7941178.xml.json,Efficacy of digital health interventions in youth with chronic medical conditions: A meta-analysis,meta-analysis,Efficacy of digital health interventions in youth with chronic medical conditions: A meta-analysis
ftea4iwg,10.3390/ijerph18168592,6be122ff00224c303d20d94988273acdaad51689,document_parses/pdf_json/6be122ff00224c303d20d94988273acdaad51689.json,document_parses/pmc_json/PMC8393625.xml.json,Exploring the Leadership–Engagement Nexus: A Moderated Meta-Analysis and Review of Explaining Mechanisms,Meta-Analysis,Leadership–Engagement Nexus: A Moderated Meta-Analysis
6zrn3g9z,10.1093/nar/gkab1020,12c3294d3c677b4155ae7499d690269bb21c981e,document_parses/pdf_json/12c3294d3c677b4155ae7499d690269bb21c981e.json,document_parses/pmc_json/PMC8728243.xml.json,DISCO: a database of Deeply Integrated human Single-Cell Omics data,database,DISCO: a database
44b3r3ti,10.1093/bib/bbac125,,,,deepHPI: a comprehensive deep learning platform for accurate prediction and visualization of host-pathogen protein-protein interactions,platform,deepHPI: a comprehensive deep learning platform
89hntro2,10.1093/cid/ciab639,fbc149487deb4e4646d727499d1da336c147d7e2,document_parses/pdf_json/fbc149487deb4e4646d727499d1da336c147d7e2.json,document_parses/pmc_json/PMC9049274.xml.json,Chest X-ray Analysis With Deep Learning-Based Software as a Triage Test for Pulmonary Tuberculosis: An Individual Patient Data Meta-Analysis of Diagnostic Accuracy,Meta-Analysis,X-ray Analysis With Deep Learning-Based Software as a Triage Test for Pulmonary Tuberculosis: An Individual Patient Data Meta-Analysis
5q7deeby,10.1093/nar/gkx932,1e4181fec183b68f1c863a6465c4a39c867008dc,document_parses/pdf_json/1e4181fec183b68f1c863a6465c4a39c867008dc.json,document_parses/pmc_json/PMC5753373.xml.json,Virus taxonomy: the database of the International Committee on Taxonomy of Viruses (ICTV),database,Virus taxonomy: the database
e4vcqkkg,10.1177/17474930211041202,6f632f4a3964ec7fe92560f7d0c157bb576156cd; 43c57bf5a42f9c6701a80e6d88c8b8f49866cfe0,document_parses/pdf_json/6f632f4a3964ec7fe92560f7d0c157bb576156cd.json; document_parses/pdf_json/43c57bf5a42f9c6701a80e6d88c8b8f49866cfe0.json,document_parses/pmc_json/PMC8521356.xml.json,Stroke network performance during the first COVID-19 pandemic stage: A meta-analysis based on stroke network models,meta-analysis,Stroke network performance during the first COVID-19 pandemic stage: A meta-analysis
bvnabm6h,10.47665/tb.39.1.015,,,,The association of ABO and Rhesus blood type with the risks of developing SARS-CoV-2 infection: A meta-analysis,meta-analysis,The association of ABO and Rhesus blood type with the risks of developing SARS-CoV-2 infection: A meta-analysis
de0dd7q0,10.1016/j.jcv.2016.05.015,3cf8a96491c33a316065475c1f25d454016aaae4,document_parses/pdf_json/3cf8a96491c33a316065475c1f25d454016aaae4.json,document_parses/pmc_json/PMC7106388.xml.json,Human metapneumovirus in patients hospitalized with acute respiratory infections: A meta-analysis,meta-analysis,Human metapneumovirus in patients hospitalized with acute respiratory infections: A meta-analysis
ws0s2qk1,10.1101/2020.04.13.20063669,6fffd29da38651e79d21fe3d018164d10d336653,document_parses/pdf_json/6fffd29da38651e79d21fe3d018164d10d336653.json,,Smoking is Associated with COVID-19 Progression: A Meta-Analysis,Meta-Analysis,Associated with COVID-19 Progression: A Meta-Analysis
sfwxhnz0,10.3389/fpubh.2021.729559,e95c82c17ea46316a1f108de9e02fc73945fb22b,document_parses/pdf_json/e95c82c17ea46316a1f108de9e02fc73945fb22b.json,document_parses/pmc_json/PMC8506153.xml.json,Efficacy of COVID-19 Treatments: A Bayesian Network Meta-Analysis of Randomized Controlled Trials,Meta-Analysis,Efficacy of COVID-19 Treatments: A Bayesian Network Meta-Analysis
hac47dtl,10.1007/s13312-021-2234-2,6d2e1b4e0de50ea69dc33016f22637956f20d2d4,document_parses/pdf_json/6d2e1b4e0de50ea69dc33016f22637956f20d2d4.json,,Outcomes of Neonates Born to Mothers With Coronavirus Disease 2019 (COVID-19) — National Neonatology Forum (NNF) India COVID-19 Registry,Registry,— National Neonatology Forum (NNF) India COVID-19 Registry
kbru1618,10.1016/j.jcv.2016.08.067,,,,Fully automated diagnosis of MERS-CoV infection in respiratory specimen on the IdyllaTM MDx Platform,Platform,Fully automated diagnosis of MERS-CoV infection in respiratory specimen on the IdyllaTM MDx Platform
1ctg0hpn,10.1136/heartjnl-2021-319552,ac39cede89142cd522a6ab2a120c4c55f0c793da,document_parses/pdf_json/ac39cede89142cd522a6ab2a120c4c55f0c793da.json,document_parses/pmc_json/PMC8494537.xml.json,Antiplatelet therapy and outcome in COVID-19: the Health Outcome Predictive Evaluation Registry,Registry,Antiplatelet therapy and outcome in COVID-19: the Health Outcome Predictive Evaluation Registry
brjvt3ng,10.1093/jamiaopen/ooaa061,12a8383e7430c3ee3b89792e72b88f31390827e6,document_parses/pdf_json/12a8383e7430c3ee3b89792e72b88f31390827e6.json,document_parses/pmc_json/PMC7886578.xml.json,The FDA MyStudies app: a reusable platform for distributed clinical trials and real-world evidence studies,platform,The FDA MyStudies app: a reusable platform
t1bphw8f,10.1186/s12887-019-1473-z,97e4ef6563c15d0a2291272e99cdc11dd4c02134,document_parses/pdf_json/97e4ef6563c15d0a2291272e99cdc11dd4c02134.json,document_parses/pmc_json/PMC6477747.xml.json,Faster recovery and reduced paracetamol use – a meta-analysis of EPs 7630 in children with acute respiratory tract infections,meta-analysis,Faster recovery and reduced paracetamol use – a meta-analysis
y3yc5r2m,10.1101/2021.05.04.21256472,d6ea0cb96bb6e7fee5820a565dc865d6f7dfe20c,document_parses/pdf_json/d6ea0cb96bb6e7fee5820a565dc865d6f7dfe20c.json,,Multicentric Evaluation of a Novel Point of Care Electrochemical ELISA Platform for SARS-CoV-2 Specific IgG and IgM Antibody Assay,Platform,Multicentric Evaluation of a Novel Point of Care Electrochemical ELISA Platform
4hvfyxsd,10.1186/1471-2164-9-622,eb824213356f63dbaabe4c3f454914e24d6e6a71,document_parses/pdf_json/eb824213356f63dbaabe4c3f454914e24d6e6a71.json,document_parses/pmc_json/PMC2631582.xml.json,DDESC: Dragon database for exploration of sodium channels in human,database,DDESC: Dragon database
s3nm7kon,10.3390/nu14040818,c0f620742bfabeb59008b87b75d8f11937315458,document_parses/pdf_json/c0f620742bfabeb59008b87b75d8f11937315458.json,document_parses/pmc_json/PMC8879485.xml.json,Efficacy of Vitamin D Supplements in Prevention of Acute Respiratory Infection: A Meta-Analysis for Randomized Controlled Trials,Meta-Analysis,Efficacy of Vitamin D Supplements in Prevention of Acute Respiratory Infection: A Meta-Analysis
lsp07of4,10.1007/s10661-022-09808-w,c7629147f65e430d4bc94e15dd558c9cbea1cc5f,document_parses/pdf_json/c7629147f65e430d4bc94e15dd558c9cbea1cc5f.json,document_parses/pmc_json/PMC8887805.xml.json,"Urban greenery for air pollution control: a meta-analysis of current practice, progress, and challenges",meta-analysis,Urban greenery for air pollution control: a meta-analysis
46e6qae9,10.1016/j.autrev.2012.12.005,1f0ab2bee5fde00f2e1a9a2abd5bc05267d23f7d,document_parses/pdf_json/1f0ab2bee5fde00f2e1a9a2abd5bc05267d23f7d.json,document_parses/pmc_json/PMC7105216.xml.json,Infectome: A platform to trace infectious triggers of autoimmunity,platform,Infectome: A platform
8p2wj5do,10.1136/svn-2021-001423,,,,Dual antiplatelet therapy with ticagrelor may increase the risk of all bleeding events in patients with minor strokes or high risk TIAs: a meta-analysis,meta-analysis,may increase the risk of all bleeding events in patients with minor strokes or high risk TIAs: a meta-analysis
298stx14,10.1002/sim.9372,,,,Bayesian models for aggregate and individual patient data component network meta-analysis,meta-analysis,patient data component network meta-analysis
b0069h4q,10.3389/fimmu.2022.802672,,,,Safety of Neoadjuvant Immunotherapy in Resectable Cancers: A Meta-Analysis,Meta-Analysis,Safety of Neoadjuvant Immunotherapy in Resectable Cancers: A Meta-Analysis
054d2m2r,10.1155/2021/5104102,082db0a8f097b97585f15f7e0fe3d6da8301ebd4,document_parses/pdf_json/082db0a8f097b97585f15f7e0fe3d6da8301ebd4.json,document_parses/pmc_json/PMC8718301.xml.json,"Effects of Physical Exercises on Pulmonary Rehabilitation, Exercise Capacity, and Quality of Life in Children with Asthma: A Meta-Analysis",Meta-Analysis,"Effects of Physical Exercises on Pulmonary Rehabilitation, Exercise Capacity, and Quality of Life in Children with Asthma: A Meta-Analysis"
0n4jq1m3,10.1016/j.cjco.2021.03.001,989c6f20a2b32e9fb429d8d808033a601bafd891,document_parses/pdf_json/989c6f20a2b32e9fb429d8d808033a601bafd891.json,,ANGIOTENSIN RECEPTOR BLOCKERS AND ANGIOTENSIN CONVERTING ENZYME INHIBITORS IN COVID-19 –META-ANALYSIS/META-REGRESSION ADJUSTED FOR CONFOUNDING FACTORS,META-ANALYSIS,BLOCKERS AND ANGIOTENSIN CONVERTING ENZYME INHIBITORS IN COVID-19 –META
0acrqgb7,10.1089/tmj.2020.0555,522f00879e035c02930f4d09ebbe310710081dbf,document_parses/pdf_json/522f00879e035c02930f4d09ebbe310710081dbf.json,document_parses/pmc_json/PMC9058879.xml.json,Effectiveness of Evidence-Based Telecoaching Delivered Through an Employer-Sponsored Mental Health Benefits Platform,Platform,Effectiveness of Evidence-Based Telecoaching Delivered Through an Employer-Sponsored Mental Health Benefits Platform
3xb3ti9s,10.1016/j.csbj.2022.03.026,3767e4365db35c2e503c3dd65a09bc58a421de56,document_parses/pdf_json/3767e4365db35c2e503c3dd65a09bc58a421de56.json,,Precision health in Taiwan: A data-driven diagnostic platform for the future of disease prevention,platform,Precision health in Taiwan: A data-driven diagnostic platform
ultl3rpu,10.1001/jamanetworkopen.2022.3079,,,document_parses/pmc_json/PMC8938718.xml.json,Comparison of Trials Using Ivermectin for COVID-19 Between Regions With High and Low Prevalence of Strongyloidiasis: A Meta-analysis,Meta-analysis,Comparison of Trials Using Ivermectin for COVID-19 Between Regions With High and Low Prevalence of Strongyloidiasis: A Meta-analysis
6wllnt2y,10.3389/fmicb.2021.790121,3f0574e6e1bba912ef85d573cbb6098cd251a8e6,document_parses/pdf_json/3f0574e6e1bba912ef85d573cbb6098cd251a8e6.json,document_parses/pmc_json/PMC8761975.xml.json,Virus-Like Particles: Revolutionary Platforms for Developing Vaccines Against Emerging Infectious Diseases,Platforms,Virus-Like Particles: Revolutionary Platforms
29dcexxp,10.2147/ndt.s347579,650d0047060f8e8be29c9b20e95c9ab65f8557eb,document_parses/pdf_json/650d0047060f8e8be29c9b20e95c9ab65f8557eb.json,document_parses/pmc_json/PMC9012238.xml.json,Risk Factors for Depression in Tuberculosis Patients: A Meta-Analysis,Meta-Analysis,Risk Factors for Depression in Tuberculosis Patients: A Meta-Analysis
pul97730,10.1101/2020.10.31.363044,38906da248c811429e21e55422a6e1a118ea2318,document_parses/pdf_json/38906da248c811429e21e55422a6e1a118ea2318.json,,RAPPID: a platform of ratiometric bioluminescent sensors for homogeneous immunoassays,platform,RAPPID: a platform
nn1t8rwd,10.1017/s0950268820002022,482402e1aee6ed75882f7af9e45bb7c86fe0f93d,document_parses/pdf_json/482402e1aee6ed75882f7af9e45bb7c86fe0f93d.json,document_parses/pmc_json/PMC7487805.xml.json,D-dimer levels on admission and all-cause mortality risk in COVID-19 patients: a meta-analysis,meta-analysis,D-dimer levels on admission and all-cause mortality risk in COVID-19 patients: a meta-analysis
6ckblrvj,10.1186/s40249-021-00910-8,7dbaf0522327068c717888f540893392ac4a8eec,document_parses/pdf_json/7dbaf0522327068c717888f540893392ac4a8eec.json,document_parses/pmc_json/PMC8529575.xml.json,Diagnostic value of chest computed tomography imaging for COVID-19 based on reverse transcription-polymerase chain reaction: a meta-analysis,meta-analysis,-polymerase chain reaction: a meta-analysis
bjqb4j81,10.2196/27921,,,document_parses/pmc_json/PMC8929407.xml.json,Lessons From a Rapid Project Management Exercise in the Time of Pandemic: Methodology for a Global COVID-19 VIRUS Registry Database,Database,of Pandemic: Methodology for a Global COVID-19 VIRUS Registry Database
9bosi20h,10.1101/2021.01.05.425384,926b0f80947f256a825e70cbede012619d8e9651,document_parses/pdf_json/926b0f80947f256a825e70cbede012619d8e9651.json,,Covid19Risk.ai: An open source repository and online calculator of prediction models for early diagnosis and prognosis of Covid-19,repository,: An open source repository
wo8ug7yx,10.1136/bmjgh-2021-007468,b512bd2d1029ba42c76de9b8dc4e196c061dedc6,document_parses/pdf_json/b512bd2d1029ba42c76de9b8dc4e196c061dedc6.json,document_parses/pmc_json/PMC8689120.xml.json,"Oxygen systems strengthening as an intervention to prevent childhood deaths due to pneumonia in low-resource settings: systematic review, meta-analysis and cost-effectiveness",meta-analysis,"Oxygen systems strengthening as an intervention to prevent childhood deaths due to pneumonia in low-resource settings: systematic review, meta-analysis"
gpmr6foy,10.1182/blood-2021-152948,,,,COVID-19 Vaccination in Adults with Immune Thrombocytopenia (ITP): Data from the Platelet Disorder Support Association (PDSA) Patient Registry,Registry,Platelet Disorder Support Association (PDSA) Patient Registry
d0uitw8o,10.1053/j.gastro.2021.02.028,be1e8f39e5f6f8dec11a7256bd4210fcd9d4b669,document_parses/pdf_json/be1e8f39e5f6f8dec11a7256bd4210fcd9d4b669.json,,Lack of consistent associations between pharmacological gastric acid suppression and adverse outcomes in patients with COVID-19: meta-analysis of observational studies.,meta-analysis,Lack of consistent associations between pharmacological gastric acid suppression and adverse outcomes in patients with COVID-19: meta-analysis
tx4wr5h3,10.3389/fcvm.2022.850447,6d79da5649989e87a0f429157a970679227b8408,document_parses/pdf_json/6d79da5649989e87a0f429157a970679227b8408.json,document_parses/pmc_json/PMC9108210.xml.json,Myocardial Injury Predicts Risk of Short-Term All-Cause Mortality in Patients With COVID-19: A Dose–Response Meta-Analysis,Meta-Analysis,COVID-19: A Dose–Response Meta-Analysis
n1pxihnx,10.20524/aog.2021.0655,4b534d3c2f0def14b4e5b8ff9eedfa2755b33c76,document_parses/pdf_json/4b534d3c2f0def14b4e5b8ff9eedfa2755b33c76.json,document_parses/pmc_json/PMC8596209.xml.json,Adverse events of fecal microbiota transplantation: a meta-analysis of high-quality studies,meta-analysis,Adverse events of fecal microbiota transplantation: a meta-analysis
0qzldwhw,10.1136/bmj.n736,ba5bddfa5225a3741d0b3370b117c192a4d0f557,document_parses/pdf_json/ba5bddfa5225a3741d0b3370b117c192a4d0f557.json,document_parses/pmc_json/PMC8054226.xml.json,The methodological quality of individual participant data meta-analysis on intervention effects: systematic review,individual participant data meta-analysis; meta-analysis,The methodological quality of individual participant data meta-analysis
rb0eci2w,10.1136/bmjopen-2021-054442,b2330fc72bd720b13e8ab44b93054f0b00cc6a70; c3b24b605faecbab044509465ef64b909824aa64,document_parses/pdf_json/b2330fc72bd720b13e8ab44b93054f0b00cc6a70.json; document_parses/pdf_json/c3b24b605faecbab044509465ef64b909824aa64.json,document_parses/pmc_json/PMC8678561.xml.json,Evaluation of new or repurposed treatments for COVID-19: protocol for the phase Ib/IIa DEFINE trial platform,platform,Evaluation of new or repurposed treatments for COVID-19: protocol for the phase Ib/IIa DEFINE trial platform
7emiap4h,10.2147/copd.s335579,c97c80d0d21b4a9d3dc80b326c2fe5514e6db093,document_parses/pdf_json/c97c80d0d21b4a9d3dc80b326c2fe5514e6db093.json,document_parses/pmc_json/PMC8691136.xml.json,Chinese Medical Injections for Acute Exacerbation of Chronic Obstructive Pulmonary Disease: A Network Meta-analysis,Meta-analysis,Chinese Medical Injections for Acute Exacerbation of Chronic Obstructive Pulmonary Disease: A Network Meta-analysis
4071idnl,10.1016/j.csbj.2022.01.025,d50f7627541dd581dc1dcd4588834543d6d0f678,document_parses/pdf_json/d50f7627541dd581dc1dcd4588834543d6d0f678.json,document_parses/pmc_json/PMC8844400.xml.json,SuPepMem: A database of innate immune system peptides and their cell membrane interactions,database,SuPepMem: A database
xx8s0jea,10.1016/s1473-3099(07)70160-3,483e7cca05d9d7f861d2b6eddca54b686858122d,document_parses/pdf_json/483e7cca05d9d7f861d2b6eddca54b686858122d.json,document_parses/pmc_json/PMC7106401.xml.json,Evaluation of echinacea for the prevention and treatment of the common cold: a meta-analysis,meta-analysis,Evaluation of echinacea for the prevention and treatment of the common cold: a meta-analysis
9phlylce,10.1002/biot.201400438,5715f607a90d87b6659d0a848315b705b42f9b3e,document_parses/pdf_json/5715f607a90d87b6659d0a848315b705b42f9b3e.json,document_parses/pmc_json/PMC7159335.xml.json,The baculovirus expression vector system: A commercial manufacturing platform for viral vaccines and gene therapy vectors,platform,baculovirus expression vector system: A commercial manufacturing platform
cbqkdvsq,10.1093/labmed/lmab069,54337e53e78cad871a0bbf9e2bd57394ecbae000,document_parses/pdf_json/54337e53e78cad871a0bbf9e2bd57394ecbae000.json,document_parses/pmc_json/PMC8499806.xml.json,Lean Principles to Improve Quality in High-Throughput COVID-19 Testing Using SwabSeq: A Barcoded Sequencing-Based Testing Platform,Platform,-Throughput COVID-19 Testing Using SwabSeq: A Barcoded Sequencing-Based Testing Platform
dkj0qbcm,10.1016/j.jinf.2020.06.012,5501ea96e42577c082f9fc5bb8635aca9e72a40c; de4e078a7efad3e250a53ea68a5f0dc01ff93ce5,document_parses/pdf_json/5501ea96e42577c082f9fc5bb8635aca9e72a40c.json; document_parses/pdf_json/de4e078a7efad3e250a53ea68a5f0dc01ff93ce5.json,document_parses/pmc_json/PMC7289116.xml.json,Detection of SARS-CoV-2 RNA in fecal specimens of patients with confirmed COVID-19: a meta-analysis,meta-analysis,Detection of SARS-CoV-2 RNA in fecal specimens of patients with confirmed COVID-19: a meta-analysis
gbvmmdz3,10.1186/s12913-021-06593-z,f62afd512e354040f23f0702a7a98c42ecd2fcba,document_parses/pdf_json/f62afd512e354040f23f0702a7a98c42ecd2fcba.json,document_parses/pmc_json/PMC8178900.xml.json,"Validity of algorithms for identifying five chronic conditions in MedicineInsight, an Australian national general practice database",database,"chronic conditions in MedicineInsight, an Australian national general practice database"
ofltrkrj,10.3389/fendo.2022.856958,449054a4a48f0c913cb5771026e60ca62e769e29,document_parses/pdf_json/449054a4a48f0c913cb5771026e60ca62e769e29.json,document_parses/pmc_json/PMC8959619.xml.json,Incidence of Diabetic Ketoacidosis Among Pediatrics With Type 1 Diabetes Prior to and During COVID-19 Pandemic: A Meta-Analysis of Observational Studies,Meta-Analysis,and During COVID-19 Pandemic: A Meta-Analysis
8fo2nawz,10.1016/j.neubiorev.2022.104661,,,,"The consequences of neonatal pain, stress and opiate administration in animal models: An extensive meta-analysis concerning neuronal cell death, motor and behavioral outcomes",meta-analysis,"The consequences of neonatal pain, stress and opiate administration in animal models: An extensive meta-analysis"
jh3zuc3n,10.1080/17512433.2022.2044792,,,,Pharmacological management of fibromyalgia: a Bayesian network meta-analysis.,meta-analysis,Pharmacological management of fibromyalgia: a Bayesian network meta-analysis
9xr7i1p5,10.7189/jogh.10.020352,36a01455fe1b0fc13cc7ecce14d46df352ba1f90,document_parses/pdf_json/36a01455fe1b0fc13cc7ecce14d46df352ba1f90.json,document_parses/pmc_json/PMC7562788.xml.json,Modeling the future of cancer registration and research: The Martinique Cancer Data Hub Platform,Platform,Modeling the future of cancer registration and research: The Martinique Cancer Data Hub Platform
k0nt4k5r,10.1007/s00248-021-01781-0,658f15d1a2e463c11d2c0c91a78a55aca6033ce9,document_parses/pdf_json/658f15d1a2e463c11d2c0c91a78a55aca6033ce9.json,document_parses/pmc_json/PMC8255117.xml.json,Extended Ecological Restoration of Bacterial Communities in the Godavari River During the COVID-19 Lockdown Period: a Spatiotemporal Meta-analysis,Meta-analysis,Extended Ecological Restoration of Bacterial Communities in the Godavari River During the COVID-19 Lockdown Period: a Spatiotemporal Meta-analysis
20xgdws8,10.1038/s41419-021-04397-x,def5ce202c02100e242db3dc99b5a185a9947090,document_parses/pdf_json/def5ce202c02100e242db3dc99b5a185a9947090.json,document_parses/pmc_json/PMC8669630.xml.json,XDeathDB: a visualization platform for cell death molecular interactions,platform,XDeathDB: a visualization platform
965j5tpz,10.1093/nar/gkab1136,35aad7eaadc44dc0ba091dde6f95a8cf9b4bab0d,document_parses/pdf_json/35aad7eaadc44dc0ba091dde6f95a8cf9b4bab0d.json,document_parses/pmc_json/PMC8728119.xml.json,"IMGT(®) databases, related tools and web resources through three main axes of research and development",databases,IMGT(®) databases
tlw3dq9p,10.1016/j.jns.2022.120162,640ff113493b0b6782f1bef294470d4a21d3674e; b92f32623bb764a5c1477e4bd4719a472525bb90,document_parses/pdf_json/640ff113493b0b6782f1bef294470d4a21d3674e.json; document_parses/pdf_json/b92f32623bb764a5c1477e4bd4719a472525bb90.json,document_parses/pmc_json/PMC8798975.xml.json,Mid and long-term neurological and neuropsychiatric manifestations of post-COVID-19 syndrome: A meta-analysis,meta-analysis,neurological and neuropsychiatric manifestations of post-COVID-19 syndrome: A meta-analysis
1or2i89p,10.3390/brainsci12030366,d55412e1de7e63a6f0480d82f917e70937cf01e7,document_parses/pdf_json/d55412e1de7e63a6f0480d82f917e70937cf01e7.json,document_parses/pmc_json/PMC8945921.xml.json,Substance Use in the Transgender Population: A Meta-Analysis,Meta-Analysis,Substance Use in the Transgender Population: A Meta-Analysis
eush8xv5,10.3389/fmed.2020.592472,5a52a85f6011f5460ed67513eed628fe2ed852da,document_parses/pdf_json/5a52a85f6011f5460ed67513eed628fe2ed852da.json,document_parses/pmc_json/PMC7793883.xml.json,Efficacy and Safety of Glecaprevir/Pibrentasvir in HCV Patients With Previous Direct-Acting Antiviral Therapy Failures: A Meta-Analysis,Meta-Analysis,Efficacy and Safety of Glecaprevir/Pibrentasvir in HCV Patients With Previous Direct-Acting Antiviral Therapy Failures: A Meta-Analysis
s0eylgw1,10.1016/j.cct.2021.106525,373ae3d893c6c5c3fcc036e3ebce546513309f75,document_parses/pdf_json/373ae3d893c6c5c3fcc036e3ebce546513309f75.json,,Design of the healthcare worker exposure response and outcomes (HERO) research platform,platform,exposure response and outcomes (HERO) research platform
q0ln8a1l,10.1186/1476-069x-9-72,2cb75a42281bf540c142bec979a4bc66da597a3a,document_parses/pdf_json/2cb75a42281bf540c142bec979a4bc66da597a3a.json,document_parses/pmc_json/PMC3000394.xml.json,Association of residential dampness and mold with respiratory tract infections and bronchitis: a meta-analysis,meta-analysis,Association of residential dampness and mold with respiratory tract infections and bronchitis: a meta-analysis
u9yc6loh,10.3390/ijerph16081475,fc1c7fe95eca6c5aba24577043ad02c15bfce43a,document_parses/pdf_json/fc1c7fe95eca6c5aba24577043ad02c15bfce43a.json,document_parses/pmc_json/PMC6518176.xml.json,Different Associations between DC-SIGN Promoter-336G/A (rs4804803) Polymorphism with Severe Dengue in Asians and South-Central Americans: a Meta-Analysis,Meta-Analysis,Different Associations between DC-SIGN Promoter-336G/A (rs4804803) Polymorphism with Severe Dengue in Asians and South-Central Americans: a Meta-Analysis
3dv11vk1,10.1093/nar/gkaa894,dc56a73e795f110667587432a189a2625d65c3dc,document_parses/pdf_json/dc56a73e795f110667587432a189a2625d65c3dc.json,document_parses/pmc_json/PMC7779027.xml.json,Aging Atlas: a multi-omics database for aging biology,database,Aging Atlas: a multi-omics database
is0pa52m,10.1080/15476286.2022.2055923,302a52a15dcd970932fe1bc4960655dac8b660dd,document_parses/pdf_json/302a52a15dcd970932fe1bc4960655dac8b660dd.json,document_parses/pmc_json/PMC8973339.xml.json,Demystifying mRNA vaccines: an emerging platform at the forefront of cryptic diseases,platform,Demystifying mRNA vaccines: an emerging platform
i9jh1wqi,10.1186/s12909-022-03465-w,06125dac0068822f771871e3a33e2b08f6176973,document_parses/pdf_json/06125dac0068822f771871e3a33e2b08f6176973.json,document_parses/pmc_json/PMC9123921.xml.json,Piloting ‘Virtual Ward’: a novel platform for delivering medical student education by residents,platform,Piloting ‘Virtual Ward’: a novel platform
ns6y6snc,10.1097/md.0000000000025487,cf95a166c67454642da35ecee9fcc3beced484d7,document_parses/pdf_json/cf95a166c67454642da35ecee9fcc3beced484d7.json,document_parses/pmc_json/PMC8084099.xml.json,"The association between 5, 10 – methylenetetrahydrofolate reductase and the risk of unexplained recurrent pregnancy loss in China: A Meta-analysis",Meta-analysis,"The association between 5, 10 – methylenetetrahydrofolate reductase and the risk of unexplained recurrent pregnancy loss in China: A Meta-analysis"
5b2py0r0,10.1186/s13014-021-01974-4,d8281bb69be2eaefb99306ebec97c24514901607,document_parses/pdf_json/d8281bb69be2eaefb99306ebec97c24514901607.json,document_parses/pmc_json/PMC8785003.xml.json,Preoperative short-course radiotherapy followed by consolidation chemotherapy for treatment with locally advanced rectal cancer: a meta-analysis,meta-analysis,short-course radiotherapy followed by consolidation chemotherapy for treatment with locally advanced rectal cancer: a meta-analysis
jqwoxfsc,10.1001/jamanetworkopen.2022.8873,,,document_parses/pmc_json/PMC9055450.xml.json,Association of Influenza Vaccination With Cardiovascular Risk: A Meta-analysis,Meta-analysis,Association of Influenza Vaccination With Cardiovascular Risk: A Meta-analysis
s1n6ikqa,10.7507/1672-2531.202105079,,,,Prevalence of depression and anxiety among health care workers in designated hospitals during the COVID-19 epidemic: A meta-analysis,meta-analysis,Prevalence of depression and anxiety among health care workers in designated hospitals during the COVID-19 epidemic: A meta-analysis
g7dpiwc2,10.3389/fmed.2021.637446,a662f8d5d672649a652ce7e32e100e02c84ec40b,document_parses/pdf_json/a662f8d5d672649a652ce7e32e100e02c84ec40b.json,document_parses/pmc_json/PMC8521007.xml.json,Association of Frailty With the Risk of Mortality and Resource Utilization in Elderly Patients in Intensive Care Units: A Meta-Analysis,Meta-Analysis,Association of Frailty With the Risk of Mortality and Resource Utilization in Elderly Patients in Intensive Care Units: A Meta-Analysis
c3a85ld0,10.21203/rs.3.rs-798175/v1,ea8be7869e588ca3829aa6cfd1946de3166614bc,document_parses/pdf_json/ea8be7869e588ca3829aa6cfd1946de3166614bc.json,,"Receipt of mRNA COVID-19 vaccines preconception and during pregnancy and risk of self-reported spontaneous abortions, CDC v-safe COVID-19 Vaccine Pregnancy Registry 2020-21",Registry,v-safe COVID-19 Vaccine Pregnancy Registry
jap2u1th,10.1136/bmjhci-2021-100452,7a2e1bc574f917705d4046ae0245d621370df205,document_parses/pdf_json/7a2e1bc574f917705d4046ae0245d621370df205.json,document_parses/pmc_json/PMC8914395.xml.json,‘Refbin’ an online platform to extract and classify large-scale information: a pilot study of COVID-19 related papers,platform,‘Refbin’ an online platform
90f8spxe,10.1101/2020.05.23.111385,d8e4962035ab87b01f850f54a836fa5cbb4e5f23,document_parses/pdf_json/d8e4962035ab87b01f850f54a836fa5cbb4e5f23.json,,COVIDep: A web-based platform for real-time reporting of vaccine target recommendations for SARS-CoV-2,platform,COVIDep: A web-based platform
x6q2nfim,10.1186/s13019-022-01811-z,fdde1523509d800bfb15535dd96c39e3ef2f4bf2,document_parses/pdf_json/fdde1523509d800bfb15535dd96c39e3ef2f4bf2.json,document_parses/pmc_json/PMC8979706.xml.json,The effect of Ulinastatin on postoperative course in cardiopulmonary bypass patients in Asia: a meta-analysis of randomized controlled trials,meta-analysis,The effect of Ulinastatin on postoperative course in cardiopulmonary bypass patients in Asia: a meta-analysis
uvdwxnly,10.1186/s12885-022-09320-x,b9780975129fe0fbf3b466b4fdc2b5d64cf67ef9,document_parses/pdf_json/b9780975129fe0fbf3b466b4fdc2b5d64cf67ef9.json,document_parses/pmc_json/PMC8895689.xml.json,The impact of anti-tumor approaches on the outcomes of cancer patients with COVID-19: a meta-analysis based on 52 cohorts incorporating 9231 participants,meta-analysis,The impact of anti-tumor approaches on the outcomes of cancer patients with COVID-19: a meta-analysis
pbhvz1k0,10.1093/nar/gkl1004,20f863c8fc0ff956ea9f902a2f9d1299ab8514a6,document_parses/pdf_json/20f863c8fc0ff956ea9f902a2f9d1299ab8514a6.json,document_parses/pmc_json/PMC1781101.xml.json,Genome Information Broker for Viruses (GIB-V): database for comparative analysis of virus genomes,database,Genome Information Broker for Viruses (GIB-V): database
6twwcp47,10.1007/s00134-020-06248-3,3a1f3dfe61ba349642fbd5d34ee14b3d1ef5e2b6,document_parses/pdf_json/3a1f3dfe61ba349642fbd5d34ee14b3d1ef5e2b6.json,document_parses/pmc_json/PMC7537368.xml.json,ECMO for severe ARDS: systematic review and individual patient data meta-analysis,meta-analysis,and individual patient data meta-analysis
nvcbxfw9,10.3389/fphar.2022.764774,938947ec99518d7ebd8691ba8a70c5b5f468aea2,document_parses/pdf_json/938947ec99518d7ebd8691ba8a70c5b5f468aea2.json,document_parses/pmc_json/PMC8830515.xml.json,The Adverse Reactions of Lianhua Qingwen Capsule/Granule Compared With Conventional Drug in Clinical Application: A Meta-Analysis,Meta-Analysis,The Adverse Reactions of Lianhua Qingwen Capsule/Granule Compared With Conventional Drug in Clinical Application: A Meta-Analysis
lqf383dl,10.1097/gox.0000000000003705,9f93be594c17ea107704398159759be86c82e5ff,document_parses/pdf_json/9f93be594c17ea107704398159759be86c82e5ff.json,document_parses/pmc_json/PMC8376315.xml.json,Warm Weather and Surgical Site Infections: A Meta-analysis,Meta-analysis,Warm Weather and Surgical Site Infections: A Meta-analysis
3aoxplp3,10.3390/diagnostics10050319,65aa04e87ad3d1509a37a38c56343157e475140c,document_parses/pdf_json/65aa04e87ad3d1509a37a38c56343157e475140c.json,document_parses/pmc_json/PMC7278002.xml.json,Antibody Tests in Detecting SARS-CoV-2 Infection: A Meta-Analysis,Meta-Analysis,Antibody Tests in Detecting SARS-CoV-2 Infection: A Meta-Analysis
x6nc7udg,10.1371/journal.pone.0124985,396312dfae0562afce275a99e96c903e91aa96c9,document_parses/pdf_json/396312dfae0562afce275a99e96c903e91aa96c9.json,document_parses/pmc_json/PMC4420464.xml.json,Interferon-Inducible Transmembrane Protein 3 Genetic Variant rs12252 and Influenza Susceptibility and Severity: A Meta-Analysis,Meta-Analysis,-Inducible Transmembrane Protein 3 Genetic Variant rs12252 and Influenza Susceptibility and Severity: A Meta-Analysis
de8q2t92,10.1161/strokeaha.120.031208,c45dba3d5249a8d3d3f5a711cd6d3c482ac7ed69,document_parses/pdf_json/c45dba3d5249a8d3d3f5a711cd6d3c482ac7ed69.json,document_parses/pmc_json/PMC7359900.xml.json,Characteristics and Outcomes in Patients With COVID-19 and Acute Ischemic Stroke: The Global COVID-19 Stroke Registry,Registry,Characteristics and Outcomes in Patients With COVID-19 and Acute Ischemic Stroke: The Global COVID-19 Stroke Registry
pi40yuhq,10.1186/s12889-022-13409-0,ae0a32dec02c12e4245b3120440306db57b40aa1,document_parses/pdf_json/ae0a32dec02c12e4245b3120440306db57b40aa1.json,document_parses/pmc_json/PMC9112239.xml.json,Social media use and mental health during the COVID-19 pandemic in young adults: a meta-analysis of 14 cross-sectional studies,meta-analysis,Social media use and mental health during the COVID-19 pandemic in young adults: a meta-analysis
bj7km9z9,10.1155/2021/2571912,752e0a349229f4c7832bc4108b185cbd12b31bb1,document_parses/pdf_json/752e0a349229f4c7832bc4108b185cbd12b31bb1.json,document_parses/pmc_json/PMC8510823.xml.json,Value of the Neutrophil-Lymphocyte Ratio in Predicting COVID-19 Severity: A Meta-analysis,Meta-analysis,Value of the Neutrophil-Lymphocyte Ratio in Predicting COVID-19 Severity: A Meta-analysis
1fupm5xa,10.3389/fimmu.2021.637399,5bfb772bd3c4d4c3a245f2a752a064122b980004,document_parses/pdf_json/5bfb772bd3c4d4c3a245f2a752a064122b980004.json,document_parses/pmc_json/PMC7940176.xml.json,"Cyclic Guanosine Monophosphate–Adenosine Monophosphate Synthase (cGAS), a Multifaceted Platform of Intracellular DNA Sensing",Platform,"–Adenosine Monophosphate Synthase (cGAS), a Multifaceted Platform"
kg7lleem,10.1016/j.jad.2020.06.022,b0c34cf69199e9ae99d90af192f2712e25b00ccf,document_parses/pdf_json/b0c34cf69199e9ae99d90af192f2712e25b00ccf.json,document_parses/pmc_json/PMC7314697.xml.json,IMPACT OF CORONAVIRUS SYNDROMES ON PHYSICAL AND MENTAL HEALTH OF HEALTH CARE WORKERS: SYSTEMATIC REVIEW AND META-ANALYSIS,META-ANALYSIS,IMPACT OF CORONAVIRUS SYNDROMES ON PHYSICAL AND MENTAL HEALTH OF HEALTH CARE WORKERS: SYSTEMATIC REVIEW AND META-ANALYSIS
9ekoqasy,10.3389/fcell.2021.792597,,,,Effect of Brachytherapy vs. External Beam Radiotherapy on Sexual Function in Patients With Clinically Localized Prostate Cancer: A Meta-Analysis,Meta-Analysis,Effect of Brachytherapy vs. External Beam Radiotherapy on Sexual Function in Patients With Clinically Localized Prostate Cancer: A Meta-Analysis
joic5enl,10.1101/2020.07.23.20160895,42873aaa76cca2e380a7f8435081ae75c5406a5c,document_parses/pdf_json/42873aaa76cca2e380a7f8435081ae75c5406a5c.json,,ASSESSING THE AGE SPECIFICITY OF INFECTION FATALITY RATES FOR COVID-19: META-ANALYSIS & PUBLIC POLICY IMPLICATIONS,META-ANALYSIS,FOR COVID-19: META-ANALYSIS
hsezuawo,10.1038/s41398-021-01501-9,9574ee5a58b070a02e1c9384d6c107e83a7ae04a,document_parses/pdf_json/9574ee5a58b070a02e1c9384d6c107e83a7ae04a.json,document_parses/pmc_json/PMC8266633.xml.json,Public mental health problems during COVID-19 pandemic: a large-scale meta-analysis of the evidence,meta-analysis,Public mental health problems during COVID-19 pandemic: a large-scale meta-analysis
wokw6w62,10.1111/cen.14699,a16420e936b5f180d113cf128a27951838dcc9e6,document_parses/pdf_json/a16420e936b5f180d113cf128a27951838dcc9e6.json,document_parses/pmc_json/PMC9111656.xml.json,Association of hypothyroidism with outcomes in hospitalized adults with COVID‐19: Results from the International SCCM Discovery Viral Infection and Respiratory Illness Universal Study (VIRUS): COVID‐19 Registry,Registry,SCCM Discovery Viral Infection and Respiratory Illness Universal Study (VIRUS): COVID‐19 Registry
5x1cqkk1,10.1016/j.ymthe.2022.01.034,7c21a8c70c6ab8dbdb96d257fe624368a67c0728,document_parses/pdf_json/7c21a8c70c6ab8dbdb96d257fe624368a67c0728.json,,Adenovirus-based vaccines – a platform for pandemic preparedness against emerging viral pathogens,platform,Adenovirus-based vaccines – a platform
x9dzl536,10.1016/j.envres.2021.111679,e9204a31f3625caf0b0b245cc0226ad5f8b574df,document_parses/pdf_json/e9204a31f3625caf0b0b245cc0226ad5f8b574df.json,document_parses/pmc_json/PMC8566017.xml.json,Transmission risks of respiratory infectious diseases in various confined spaces: A meta-analysis for future pandemics,meta-analysis,Transmission risks of respiratory infectious diseases in various confined spaces: A meta-analysis
0suc6pt6,10.1101/2020.09.18.20197228,a97ada72ed0be64d435241ae7ea8f97fbf2b00a1,document_parses/pdf_json/a97ada72ed0be64d435241ae7ea8f97fbf2b00a1.json,,COVeAGE-DB: A database of age-structured COVID-19 cases and deaths.,database,COVeAGE-DB: A database
633cx8rs,10.1007/s42001-022-00170-y,ba62d4267d9f646a046f7ebedfcdfe17588d5684,document_parses/pdf_json/ba62d4267d9f646a046f7ebedfcdfe17588d5684.json,document_parses/pmc_json/PMC9109455.xml.json,VisualCommunity: a platform for archiving and studying communities,platform,VisualCommunity: a platform
bbg4069x,10.1371/journal.pone.0255034,45f98494f14233a3c986990d9b78ca4878307874,document_parses/pdf_json/45f98494f14233a3c986990d9b78ca4878307874.json,document_parses/pmc_json/PMC8354436.xml.json,Diagnostic performance of deep-learning-based screening methods for diabetic retinopathy in primary care—A meta-analysis,meta-analysis,Diagnostic performance of deep-learning-based screening methods for diabetic retinopathy in primary care—A meta-analysis
5crzyu9n,10.1136/bmjopen-2021-058976,31346cd4da9f13270d7eb6c886b77200bdba9f70; 03a4a6864959830280c72c91de4352282a594069; aed2263c6c57242fb1f5b3f5782da4a81a32a772,document_parses/pdf_json/31346cd4da9f13270d7eb6c886b77200bdba9f70.json; document_parses/pdf_json/03a4a6864959830280c72c91de4352282a594069.json; document_parses/pdf_json/aed2263c6c57242fb1f5b3f5782da4a81a32a772.json,document_parses/pmc_json/PMC9003609.xml.json,Mindfulness-based programmes for mental health promotion in adults in non-clinical settings: protocol of an individual participant data meta-analysis of randomised controlled trials,individual participant data; individual participant data meta-analysis,of an individual participant data
dt20ue99,10.1016/j.jaad.2021.02.055,,,,Comment on “The spectrum of COVID-19-associated dermatologic manifestations: An international registry of 716 patients from 31 countries”,registry,on “The spectrum of COVID-19-associated dermatologic manifestations: An international registry
cbuuvi4s,10.1093/bib/bbac147,,,,D3AI-CoV: a deep learning platform for predicting drug targets and for virtual screening against COVID-19,platform,D3AI-CoV: a deep learning platform
a7eabvvo,10.1016/j.nmni.2020.100709,1f002d34c9fcb4d1a72e4b4c2b179c3be9168fa8; 374da81208b7d1dd262790e86e5b9b02725b09f7,document_parses/pdf_json/1f002d34c9fcb4d1a72e4b4c2b179c3be9168fa8.json; document_parses/pdf_json/374da81208b7d1dd262790e86e5b9b02725b09f7.json,document_parses/pmc_json/PMC7558783.xml.json,Clinical efficacy of chloroquine derivatives in COVID-19 infection: comparative meta-analysis between the big data and the real world,meta-analysis,Clinical efficacy of chloroquine derivatives in COVID-19 infection: comparative meta-analysis
enal09tj,10.2147/ijn.s327577,,,,Gold Nanostars: A Novel Platform for Developing 211At-Labeled Agents for Targeted Alpha-Particle Therapy,Platform,Gold Nanostars: A Novel Platform
nfzym5oj,10.1021/acsomega.0c05701,03abe171160fd9e8b6876a737819b711bb558c4e,document_parses/pdf_json/03abe171160fd9e8b6876a737819b711bb558c4e.json,document_parses/pmc_json/PMC7839156.xml.json,SARSCOVIDB—A New Platform for the Analysis of the Molecular Impact of SARS-CoV-2 Viral Infection,Platform,SARSCOVIDB—A New Platform
4cjqh2qv,10.1016/j.compbiolchem.2007.05.004,dc16bda747bf057fc2d5f0a433dc709f369e6720,document_parses/pdf_json/dc16bda747bf057fc2d5f0a433dc709f369e6720.json,document_parses/pmc_json/PMC7185369.xml.json,FSDB: A frameshift signal database,database,FSDB: A frameshift signal database
tpqc95c9,10.3389/fphar.2021.627751,4b4ad6a1d7384186d4056c6353aff7efbfdb62ac,document_parses/pdf_json/4b4ad6a1d7384186d4056c6353aff7efbfdb62ac.json,document_parses/pmc_json/PMC7985440.xml.json,Comparative Efficacy of Seven Kinds of Chinese Medicine Injections in Acute Lung Injury and Acute Respiratory Distress Syndrome: A Network Meta-analysis of Randomized Controlled Trials,Meta-analysis,Comparative Efficacy of Seven Kinds of Chinese Medicine Injections in Acute Lung Injury and Acute Respiratory Distress Syndrome: A Network Meta-analysis
m1y1cpgm,10.1097/md.0000000000026573,18071fbacdf0377b4204a2fbdcb0ea4c0c261d1a,document_parses/pdf_json/18071fbacdf0377b4204a2fbdcb0ea4c0c261d1a.json,document_parses/pmc_json/PMC8257842.xml.json,HIV infection and risk of COVID-19 mortality: A meta-analysis,meta-analysis,HIV infection and risk of COVID-19 mortality: A meta-analysis
8fnlxbxo,10.1002/lio2.652,,,,Balloon dilation of the Eustachian tube with a seeker-based device: A registry of 169 patients,registry,Balloon dilation of the Eustachian tube with a seeker-based device: A registry
jtn15oo2,10.1007/s11948-021-00338-1,2c1c18aea3a4a56daaf8a80a5eeec96d2c7dd85e,document_parses/pdf_json/2c1c18aea3a4a56daaf8a80a5eeec96d2c7dd85e.json,document_parses/pmc_json/PMC8454010.xml.json,"Touching at a Distance: Digital Intimacies, Haptic Platforms, and the Ethics of Consent",Platforms,"Distance: Digital Intimacies, Haptic Platforms"
fj5ed3e4,10.1016/j.clnesp.2022.01.033,fd80ea80fdf0e48b4caf79109bc4b0dfed9ae016,document_parses/pdf_json/fd80ea80fdf0e48b4caf79109bc4b0dfed9ae016.json,,The prevalence of mental health outcomes among eating disorder patients during the COVID-19 pandemic: A meta-analysis,meta-analysis,The prevalence of mental health outcomes among eating disorder patients during the COVID-19 pandemic: A meta-analysis
fvcbhpg1,10.3389/fmed.2021.779914,f8290ce48be5472ce5a1ac587b3d98df51cedf17,document_parses/pdf_json/f8290ce48be5472ce5a1ac587b3d98df51cedf17.json,document_parses/pmc_json/PMC8634335.xml.json,Prevalence of Insomnia Symptoms in Older Chinese Adults During the COVID-19 Pandemic: A Meta-Analysis,Meta-Analysis,During the COVID-19 Pandemic: A Meta-Analysis
moxq6wrq,10.1021/acschemneuro.1c00353,6f80231233c66a1dfaed9ce9ee6aee9bc5d5e9f8,document_parses/pdf_json/6f80231233c66a1dfaed9ce9ee6aee9bc5d5e9f8.json,document_parses/pmc_json/PMC8291134.xml.json,Neurological Manifestations in COVID-19 Patients: A Meta-Analysis,Meta-Analysis,Neurological Manifestations in COVID-19 Patients: A Meta-Analysis
xc61osdx,10.1093/nar/gkt1191,a135f7028fe8bfd36c791323bf28623c06c7b7fb,document_parses/pdf_json/a135f7028fe8bfd36c791323bf28623c06c7b7fb.json,document_parses/pmc_json/PMC3964995.xml.json,AVPdb: a database of experimentally validated antiviral peptides targeting medically important viruses,database,AVPdb: a database
yy8av3cq,10.3389/fnut.2022.837719,4171c83ae80dd96e059d74cda121683e68947bc9,document_parses/pdf_json/4171c83ae80dd96e059d74cda121683e68947bc9.json,,Function Over Mass: A Meta-Analysis on the Importance of Skeletal Muscle Quality in COVID-19 Patients,Meta-Analysis,Function Over Mass: A Meta-Analysis
viqe5te3,10.1038/s41430-022-01073-x,,,,Effect of enteral ecoimmunonutrition support for patients undergoing hepatectomy: A meta-analysis of randomized controlled trials,meta-analysis,Effect of enteral ecoimmunonutrition support for patients undergoing hepatectomy: A meta-analysis
6bwshsqt,10.1001/jamanetworkopen.2021.47331,,,document_parses/pmc_json/PMC8790669.xml.json,Association of Convalescent Plasma Treatment With Clinical Status in Patients Hospitalized With COVID-19: A Meta-analysis,Meta-analysis,Association of Convalescent Plasma Treatment With Clinical Status in Patients Hospitalized With COVID-19: A Meta-analysis
nmjwzk4e,10.1016/s0002-9343(99)00167-9,c0c8280395b9ac6b028ef64dd7a64ee05213bcae,document_parses/pdf_json/c0c8280395b9ac6b028ef64dd7a64ee05213bcae.json,document_parses/pmc_json/PMC7124195.xml.json,Antibiotics in acute bronchitis: a meta-analysis,meta-analysis,Antibiotics in acute bronchitis: a meta-analysis
bh2q8lyq,10.3390/mps5010014,cb2ccebcacc41ceaa77a7fa820f258f9942ac4b7,document_parses/pdf_json/cb2ccebcacc41ceaa77a7fa820f258f9942ac4b7.json,document_parses/pmc_json/PMC8876629.xml.json,Knotify: An Efficient Parallel Platform for RNA Pseudoknot Prediction Using Syntactic Pattern Recognition,Platform,Knotify: An Efficient Parallel Platform
3sdtpqur,10.1016/j.carrev.2020.11.024,9d680a2aabd865618b9c891752db8820a015643b,document_parses/pdf_json/9d680a2aabd865618b9c891752db8820a015643b.json,,Does Pulmonary Embolism In Critically Ill COVID-19 Patients Worsen The In-Hospital Mortality: A Meta-Analysis,Meta-Analysis,In-Hospital Mortality: A Meta-Analysis
od3i4og7,10.1186/s12859-021-04349-4,32616705b2911a8dedae40c8888f59de059de2f8,document_parses/pdf_json/32616705b2911a8dedae40c8888f59de059de2f8.json,document_parses/pmc_json/PMC8424408.xml.json,RPocket: an intuitive database of RNA pocket topology information with RNA-ligand data resources,database,RPocket: an intuitive database
fsftjem1,10.1177/17151635211006446,48734e53f9b45b98788f56eaf3d09fd6f4149a6c,document_parses/pdf_json/48734e53f9b45b98788f56eaf3d09fd6f4149a6c.json,document_parses/pmc_json/PMC8165893.xml.json,User experience with the Ask Your Pharmacist teleconsultation platform,platform,User experience with the Ask Your Pharmacist teleconsultation platform
4i751uaa,10.1101/2020.08.24.20180638,,,,Evaluation of the current therapeutic approaches for COVID-19: a meta-analysis,meta-analysis,Evaluation of the current therapeutic approaches for COVID-19: a meta-analysis
zamf8deg,10.2991/jegh.k.210527.001,035cc168c9d6c30bd824200cd0a6a4ae2fefc2ef,document_parses/pdf_json/035cc168c9d6c30bd824200cd0a6a4ae2fefc2ef.json,document_parses/pmc_json/PMC8435869.xml.json,Factors Associated with the Incidence and Mortality of Coronavirus Disease 2019 (COVID-19) after 126-million Cases: A Meta-analysis,Meta-analysis,Factors Associated with the Incidence and Mortality of Coronavirus Disease 2019 (COVID-19) after 126-million Cases: A Meta-analysis
9h6ccfws,10.1186/s12916-021-02133-y,1ea4a9afcab837bdc7d95f6914adc2ab81803d62; 063f06657853c7f8a59e4a39455199be05d69fe8,document_parses/pdf_json/1ea4a9afcab837bdc7d95f6914adc2ab81803d62.json; document_parses/pdf_json/063f06657853c7f8a59e4a39455199be05d69fe8.json,document_parses/pmc_json/PMC8478607.xml.json,SOCRATES-CoMix: a platform for timely and open-source contact mixing data during and in between COVID-19 surges and interventions in over 20 European countries,platform,SOCRATES-CoMix: a platform
9qk09nb9,10.1007/s11409-021-09287-3,b7bd84f8a9461ef75bceed75b50d43d55d9f2f92,document_parses/pdf_json/b7bd84f8a9461ef75bceed75b50d43d55d9f2f92.json,document_parses/pmc_json/PMC8883023.xml.json,Association and dissociation between judgments of learning and memory: A Meta-analysis of the font size effect,Meta-analysis,Association and dissociation between judgments of learning and memory: A Meta-analysis
y0mbzzx0,10.1080/07315724.2021.1951891,338f18504993a131e33351dac336016fead75cc1,document_parses/pdf_json/338f18504993a131e33351dac336016fead75cc1.json,document_parses/pmc_json/PMC8425440.xml.json,Association between Vitamin D Status and Risk of Developing Severe COVID-19 Infection: A Meta-Analysis of Observational Studies,Meta-Analysis,Developing Severe COVID-19 Infection: A Meta-Analysis
xlfjg5lf,10.1093/nar/gkaa941,ee493d7dac74d67dacc9774cff7a604ad499bbbe,document_parses/pdf_json/ee493d7dac74d67dacc9774cff7a604ad499bbbe.json,document_parses/pmc_json/PMC7778992.xml.json,ADPriboDB 2.0: an updated database of ADP-ribosylated proteins,database,ADPriboDB 2.0: an updated database
7oaerpee,10.21053/ceo.2020.00570,6c67581ce68c56cde4844516de17f65a17391229,document_parses/pdf_json/6c67581ce68c56cde4844516de17f65a17391229.json,document_parses/pmc_json/PMC7248616.xml.json,The Clinical Manifestations and Chest Computed Tomography Findings of Coronavirus Disease 2019 (COVID-19) Patients in China: A Proportion Meta-Analysis,Meta-Analysis,(COVID-19) Patients in China: A Proportion Meta-Analysis
b4sanmow,10.1007/s12328-022-01615-7,,,,Greater than or equal to 8 mm is a safe diameter of common bile duct for primary duct closure: single-arm meta-analysis and systematic review,meta-analysis,: single-arm meta-analysis
hovok5kt,10.5492/wjccm.v11.i2.102,c4c98bbf09eceb99837a58945a378b3a11851063,document_parses/pdf_json/c4c98bbf09eceb99837a58945a378b3a11851063.json,document_parses/pmc_json/PMC8968480.xml.json,Association of latitude and altitude with adverse outcomes in patients with COVID-19: The VIRUS registry,registry,Association of latitude and altitude with adverse outcomes in patients with COVID-19: The VIRUS registry
8cr2y7lh,10.1183/13993003.02921-2021,22b6fdbc0bdcd04f45001b3a0f68d3c9e294bc09,document_parses/pdf_json/22b6fdbc0bdcd04f45001b3a0f68d3c9e294bc09.json,,Inhaled corticosteroids for outpatients with COVID-19: a meta-analysis,meta-analysis,Inhaled corticosteroids for outpatients with COVID-19: a meta-analysis
ybtwdhnl,10.3389/fnut.2022.850425,358d49cefac80b4758a3edf1f94195bdd34ab74d,document_parses/pdf_json/358d49cefac80b4758a3edf1f94195bdd34ab74d.json,document_parses/pmc_json/PMC9015659.xml.json,"Probiotics, Prebiotics, and Synbiotics Improve Uremic, Inflammatory, and Gastrointestinal Symptoms in End-Stage Renal Disease With Dialysis: A Network Meta-Analysis of Randomized Controlled Trials",Meta-Analysis,"Probiotics, Prebiotics, and Synbiotics Improve Uremic, Inflammatory, and Gastrointestinal Symptoms in End-Stage Renal Disease With Dialysis: A Network Meta-Analysis"
m3doc3d6,10.17305/bjbms.2020.4934,c44fb139c2e47b2c28331af168ac496e3848ee60,document_parses/pdf_json/c44fb139c2e47b2c28331af168ac496e3848ee60.json,document_parses/pmc_json/PMC7861627.xml.json,"Rapid, multimodal, critical care knowledge-sharing platform for COVID-19 pandemic",platform,"Rapid, multimodal, critical care knowledge-sharing platform"
kqhbfnq3,10.1016/j.virol.2019.05.009,7f3ca4133a2788e02072b7c38d2fd7dca26b7458,document_parses/pdf_json/7f3ca4133a2788e02072b7c38d2fd7dca26b7458.json,document_parses/pmc_json/PMC7112030.xml.json,Recombinant vesicular stomatitis virus expressing the spike protein of genotype 2b porcine epidemic diarrhea virus: A platform for vaccine development against emerging epidemic isolates,platform,Recombinant vesicular stomatitis virus expressing the spike protein of genotype 2b porcine epidemic diarrhea virus: A platform
fju6f33n,10.1055/s-0040-1715456,814af6370e3cece1daa70d391d50e82fac343bbd,document_parses/pdf_json/814af6370e3cece1daa70d391d50e82fac343bbd.json,document_parses/pmc_json/PMC7645842.xml.json,COVID-19 and Venous Thromboembolism: A Meta-analysis of Literature Studies,Meta-analysis,COVID-19 and Venous Thromboembolism: A Meta-analysis
ls5gychz,10.1186/s12889-021-11546-6,fcd2cd47ed83cdfa23d9cbc34a3ef5cd15361844,document_parses/pdf_json/fcd2cd47ed83cdfa23d9cbc34a3ef5cd15361844.json,document_parses/pmc_json/PMC8334342.xml.json,Obesity is associated with severe disease and mortality in patients with coronavirus disease 2019 (COVID-19): a meta-analysis,meta-analysis,Obesity is associated with severe disease and mortality in patients with coronavirus disease 2019 (COVID-19): a meta-analysis
uxqj5jw1,10.1016/j.diabres.2020.108200,479ab3612c236046bd0f8b627ad3b56f94e9060e,document_parses/pdf_json/479ab3612c236046bd0f8b627ad3b56f94e9060e.json,,Prevalence of diabetes mellitus in 2019 novel coronavirus: a Meta-analysis,Meta-analysis,Prevalence of diabetes mellitus in 2019 novel coronavirus: a Meta-analysis
sij2tlkl,10.1016/j.hlpt.2022.100596,1d8e52f787dac33da66a0141a8b4d3377c541ee8,document_parses/pdf_json/1d8e52f787dac33da66a0141a8b4d3377c541ee8.json,document_parses/pmc_json/PMC8739364.xml.json,Jordanian Experience: the Internet Pharmacy Drug Delivery Platform during the COVID-19,Platform,Jordanian Experience: the Internet Pharmacy Drug Delivery Platform
nkw4wqyb,10.1101/2020.04.24.20074179,00611e5391fc7ebadaf8cd0932b91a3abe98e231,document_parses/pdf_json/00611e5391fc7ebadaf8cd0932b91a3abe98e231.json,,Liver Chemistries in Patients with Severe or Non-Severe COVID-19: a Meta-Analysis,Meta-Analysis,Liver Chemistries in Patients with Severe or Non-Severe COVID-19: a Meta-Analysis
2oi8i2gf,10.1016/s2213-2600(20)30417-3,9abc2a125869bbdefbc541c58892f59f25e145fd; 1daf5eb13e53109d4dbe7eb132a486d0306e1871,document_parses/pdf_json/9abc2a125869bbdefbc541c58892f59f25e145fd.json; document_parses/pdf_json/1daf5eb13e53109d4dbe7eb132a486d0306e1871.json,document_parses/pmc_json/PMC7550106.xml.json,"Age-sex specific pulmonary embolism-related mortality in the USA and Canada, 2000–18: an analysis of the WHO Mortality Database and of the CDC Multiple Cause of Death database",database,2000–18: an analysis of the WHO Mortality Database and of the CDC Multiple Cause of Death database
18ffkt1k,10.1021/acs.jcim.1c01285,dd17aba6a3620b25c2c994765bea2fd7c2f4ef78,document_parses/pdf_json/dd17aba6a3620b25c2c994765bea2fd7c2f4ef78.json,document_parses/pmc_json/PMC8610010.xml.json,COVID-19 Knowledge Extractor (COKE): A Curated Repository of Drug–Target Associations Extracted from the CORD-19 Corpus of Scientific Publications on COVID-19,Repository,COVID-19 Knowledge Extractor (COKE): A Curated Repository
1k4beh7a,10.23750/abm.v93i1.12208,1a91cccc1db4ac90c48328c11e4c36de4fd754e1,document_parses/pdf_json/1a91cccc1db4ac90c48328c11e4c36de4fd754e1.json,document_parses/pmc_json/PMC8972884.xml.json,Tocilizumab in addition to standard of care in the management of COVID-19: a meta-analysis of RCTs,meta-analysis,Tocilizumab in addition to standard of care in the management of COVID-19: a meta-analysis
n9ulz80t,10.1371/journal.pone.0258689,a0478344c4d65ecb2229c72b18d4b50ab7a62cb8; 6814eaaece29b1787cfe9ffcd4ff34892d8e4f5b,document_parses/pdf_json/a0478344c4d65ecb2229c72b18d4b50ab7a62cb8.json; document_parses/pdf_json/6814eaaece29b1787cfe9ffcd4ff34892d8e4f5b.json,document_parses/pmc_json/PMC8525750.xml.json,"Characteristics of patients in platform C19, a COVID-19 research database combining primary care electronic health record and patient reported information",database,"patients in platform C19, a COVID-19 research database"
6yk1dkyv,10.1007/s10278-021-00574-8,03eaed7b8170d35d936af960178548c57e6037c3,document_parses/pdf_json/03eaed7b8170d35d936af960178548c57e6037c3.json,document_parses/pmc_json/PMC8782222.xml.json,Studierfenster: an Open Science Cloud-Based Medical Imaging Analysis Platform,Platform,Studierfenster: an Open Science Cloud-Based Medical Imaging Analysis Platform
t7n9t1i1,10.1097/cce.0000000000000514,3b63afd856b6d70a6370b4da0bbb96f585b20e75,document_parses/pdf_json/3b63afd856b6d70a6370b4da0bbb96f585b20e75.json,document_parses/pmc_json/PMC8382320.xml.json,Risk Factors for Critical Coronavirus Disease 2019 and Mortality in Hospitalized Young Adults: An Analysis of the Society of Critical Care Medicine Discovery Viral Infection and Respiratory Illness Universal Study (VIRUS) Coronavirus Disease 2019 Registry,Registry,VIRUS) Coronavirus Disease 2019 Registry
x5q9g8p3,10.12688/f1000research.74972.1,338d40183669a25b9a567c5d0610d4f8d5077ceb,document_parses/pdf_json/338d40183669a25b9a567c5d0610d4f8d5077ceb.json,document_parses/pmc_json/PMC8749910.xml.json,The association between therapeutic plasma exchange and the risk of mortality among patients critically ill with COVID-19: a meta-analysis,meta-analysis,The association between therapeutic plasma exchange and the risk of mortality among patients critically ill with COVID-19: a meta-analysis
76tdil9k,10.1016/j.ijcard.2021.03.063,f2caca611163c8fdc5e414a9c9b11268e8307135; 6e25d3b17c1c16fc8ed2e834490c7e00345138ea,document_parses/pdf_json/f2caca611163c8fdc5e414a9c9b11268e8307135.json; document_parses/pdf_json/6e25d3b17c1c16fc8ed2e834490c7e00345138ea.json,document_parses/pmc_json/PMC8006512.xml.json,Impact of COVID-19 pandemic and infection on in hospital survival for patients presenting with acute coronary syndromes: A multicenter registry(),registry,Impact of COVID-19 pandemic and infection on in hospital survival for patients presenting with acute coronary syndromes: A multicenter registry
x050hlr3,10.1371/journal.pcbi.1009594,e4e0777a6aad63ed22cfcfd089f21a91f6fa76ac,document_parses/pdf_json/e4e0777a6aad63ed22cfcfd089f21a91f6fa76ac.json,document_parses/pmc_json/PMC8610268.xml.json,"MitoScape: A big-data, machine-learning platform for obtaining mitochondrial DNA from next-generation sequencing data",platform,"MitoScape: A big-data, machine-learning platform"
ggsadtez,10.2196/26220,,,document_parses/pmc_json/PMC8437400.xml.json,Virtual Clinical and Precision Medicine Tumor Boards—Cloud-Based Platform–Mediated Implementation of Multidisciplinary Reviews Among Oncology Centers in the COVID-19 Era: Protocol for an Observational Study,Platform,Precision Medicine Tumor Boards—Cloud-Based Platform
wklv676s,10.1177/17534666221091931,2ec37506242f35419bc1fe1307a66c3dd4fca795,document_parses/pdf_json/2ec37506242f35419bc1fe1307a66c3dd4fca795.json,document_parses/pmc_json/PMC9047804.xml.json,Effectiveness of the use of a high-flow nasal cannula to treat COVID-19 patients and risk factors for failure: a meta-analysis,meta-analysis,Effectiveness of the use of a high-flow nasal cannula to treat COVID-19 patients and risk factors for failure: a meta-analysis
e0ge4p76,10.1002/ehf2.13549,bfee5803a992163fecdcb0c73a083383ffc579a8,document_parses/pdf_json/bfee5803a992163fecdcb0c73a083383ffc579a8.json,document_parses/pmc_json/PMC8653014.xml.json,"Heart failure in COVID‐19: the multicentre, multinational PCHF‐COVICAV registry",registry,"Heart failure in COVID‐19: the multicentre, multinational PCHF‐COVICAV registry"
dquztf5l,10.2147/rrtm.s190300,76ff7132a40f3044bbe371bf98e950738da20b74,document_parses/pdf_json/76ff7132a40f3044bbe371bf98e950738da20b74.json,document_parses/pmc_json/PMC7573302.xml.json,The State of Affairs in Post-Exposure Leprosy Prevention: A Descriptive Meta-Analysis on Immuno- and Chemo-Prophylaxis,Meta-Analysis,The State of Affairs in Post-Exposure Leprosy Prevention: A Descriptive Meta-Analysis
gk8ely05,10.1186/s12859-018-2330-z,3a3c6a9ff71461bd81862fc711d5605cfbbb975d,document_parses/pdf_json/3a3c6a9ff71461bd81862fc711d5605cfbbb975d.json,document_parses/pmc_json/PMC6196407.xml.json,outbreaker2: a modular platform for outbreak reconstruction,platform,outbreaker2: a modular platform
ebv16roi,10.18632/aging.203522,a77339f256dfa22213d6d966c49c8e8f13eb6321,document_parses/pdf_json/a77339f256dfa22213d6d966c49c8e8f13eb6321.json,document_parses/pmc_json/PMC8507270.xml.json,Efficacy and safety of current medications for treating severe and non-severe COVID-19 patients: an updated network meta-analysis of randomized placebo-controlled trials,meta-analysis,Efficacy and safety of current medications for treating severe and non-severe COVID-19 patients: an updated network meta-analysis
n5b9dcvo,10.1016/j.ijid.2020.05.055,8000f5db938ef5d33bb461bb57051faac8337187,document_parses/pdf_json/8000f5db938ef5d33bb461bb57051faac8337187.json,,Association of inflammatory markers with the severity of COVID-19: a meta-analysis,meta-analysis,Association of inflammatory markers with the severity of COVID-19: a meta-analysis
d1k3myo5,10.1155/2018/1837634,90570e69d4ac4b2e72385123ba09f6b754707b61,document_parses/pdf_json/90570e69d4ac4b2e72385123ba09f6b754707b61.json,document_parses/pmc_json/PMC6057395.xml.json,Extra Dose of Vitamin C Based on a Daily Supplementation Shortens the Common Cold: A Meta-Analysis of 9 Randomized Controlled Trials,Meta-Analysis,Extra Dose of Vitamin C Based on a Daily Supplementation Shortens the Common Cold: A Meta-Analysis
t5vib7wy,10.3390/nu14061144,378fd01d83e663478db311d424da6f7c60cc5a0a,document_parses/pdf_json/378fd01d83e663478db311d424da6f7c60cc5a0a.json,document_parses/pmc_json/PMC8955452.xml.json,Efficacy of Vitamin D Supplements in Treatment of Acute Respiratory Infection: A Meta-analysis for Randomized Controlled Trials,Meta-analysis,Efficacy of Vitamin D Supplements in Treatment of Acute Respiratory Infection: A Meta-analysis
ic4p02mm,10.1136/bmjgh-2021-007433,cad8a7176a5af5d44c0c4f85bde7bc7efa3503ee; 1f3ba2e90d07b954cc9b08991b8e1ec5db22edb0,document_parses/pdf_json/cad8a7176a5af5d44c0c4f85bde7bc7efa3503ee.json; document_parses/pdf_json/1f3ba2e90d07b954cc9b08991b8e1ec5db22edb0.json,document_parses/pmc_json/PMC8573300.xml.json,"Ethnic minority status as social determinant for COVID-19 infection, hospitalisation, severity, ICU admission and deaths in the early phase of the pandemic: a meta-analysis",meta-analysis,"Ethnic minority status as social determinant for COVID-19 infection, hospitalisation, severity, ICU admission and deaths in the early phase of the pandemic: a meta-analysis"
ivbp868e,10.1093/ndt/gfab145.002,,,,FC 026 COVID-19 IMPACT ON ELDERLY HEMODIALYSIS POPULATION: RESULTS FROM THE SPANISH COVID-19 CKD WORKING GROUP REGISTRY,REGISTRY,FROM THE SPANISH COVID-19 CKD WORKING GROUP REGISTRY
7otfupye,10.1007/s11423-021-10032-5,e6948b53f56924d10cafd895a053da18a822f680,document_parses/pdf_json/e6948b53f56924d10cafd895a053da18a822f680.json,document_parses/pmc_json/PMC8327896.xml.json,Factors influencing university teachers’ use of a mobile technology-enhanced teaching (MTT) platform,platform,Factors influencing university teachers’ use of a mobile technology-enhanced teaching (MTT) platform
mrk51ghb,10.1016/s0735-1097(21)04513-7,,,,META-ANALYSIS OF SAFETY AND EFFICACY OF RENIN ANGIOTENSIN ALDOSTERONE SYSTEM INHIBITORS IN COVID-19 POPULATION,META-ANALYSIS,META-ANALYSIS
ba8zx1lv,10.1007/s00701-020-04544-x,b18c7893a1672aaaf9322d13aeaeb3109566c12c,document_parses/pdf_json/b18c7893a1672aaaf9322d13aeaeb3109566c12c.json,document_parses/pmc_json/PMC7474310.xml.json,The endoscope-assisted supraorbital “keyhole” approach for anterior skull base meningiomas: an updated meta-analysis,meta-analysis,“keyhole” approach for anterior skull base meningiomas: an updated meta-analysis
l6zxwhgl,10.1177/03000605211002003,dccf2fced110001b3e2840172437789de115f88e,document_parses/pdf_json/dccf2fced110001b3e2840172437789de115f88e.json,document_parses/pmc_json/PMC8020233.xml.json,Association between renal urolithiasis after extracorporeal shock wave lithotripsy therapy and new-onset hypertension: an updated meta-analysis,meta-analysis,Association between renal urolithiasis after extracorporeal shock wave lithotripsy therapy and new-onset hypertension: an updated meta-analysis
jcsh4z9w,10.1007/s42452-021-04225-z,05bcb7c94e765264db2c110841314d1f2d745837,document_parses/pdf_json/05bcb7c94e765264db2c110841314d1f2d745837.json,document_parses/pmc_json/PMC7823190.xml.json,Petroleum pipeline monitoring using an internet of things (IoT) platform,platform,Petroleum pipeline monitoring using an internet of things (IoT) platform
93l3pfe0,10.1101/2020.09.29.20203869,bb3743918892ae737a6f55520625d3fa08baa987,document_parses/pdf_json/bb3743918892ae737a6f55520625d3fa08baa987.json,,Brief communication: A meta-analysis of randomized trials of hydroxychloroquine for the prevention of COVID-19,meta-analysis,Brief communication: A meta-analysis
x79n29cp,10.3389/fnut.2021.825050,cf8c4b8aa30c2c10d3da21429e8f356cd05a6e4f,document_parses/pdf_json/cf8c4b8aa30c2c10d3da21429e8f356cd05a6e4f.json,document_parses/pmc_json/PMC8852278.xml.json,Development of the Food Label Information Program: A Comprehensive Canadian Branded Food Composition Database,Database,Development of the Food Label Information Program: A Comprehensive Canadian Branded Food Composition Database
3n93ceo8,10.1038/s41597-021-01031-5,58e3e9c56a6f55ad2f8d62214ac0e785e2730901; 4b896b5cd51ec6c93b78a8a3bf5333b81be4128c,document_parses/pdf_json/58e3e9c56a6f55ad2f8d62214ac0e785e2730901.json; document_parses/pdf_json/4b896b5cd51ec6c93b78a8a3bf5333b81be4128c.json,document_parses/pmc_json/PMC8481472.xml.json,"COVID Border Accountability Project, a hand-coded global database of border closures introduced during 2020",database,"COVID Border Accountability Project, a hand-coded global database"
x208xgur,10.3390/vaccines10020277,c7f7bb6eb8a94d4cc210ca8a5479ff5b1e0134b9,document_parses/pdf_json/c7f7bb6eb8a94d4cc210ca8a5479ff5b1e0134b9.json,document_parses/pmc_json/PMC8875411.xml.json,Effectiveness of COVID-19 Vaccines against Delta Variant (B.1.617.2): A Meta-Analysis,Meta-Analysis,Vaccines against Delta Variant (B.1.617.2): A Meta-Analysis
yiwn455u,10.1016/j.annonc.2021.05.649,,,,MO33-5 The impact of chemotherapy for cancer patients with COVID-19 on severity and mortality outcomes: A meta-analysis,meta-analysis,-5 The impact of chemotherapy for cancer patients with COVID-19 on severity and mortality outcomes: A meta-analysis
i68h9qz0,10.1093/bioinformatics/btab678,,,,Multiomix: a cloud-based platform to infer cancer genomic and epigenomic events associated with gene expression modulation,platform,Multiomix: a cloud-based platform
6skbv2tv,10.1093/bioinformatics/btac176,9c9756104d19ddabaf7cb4e2b3538af5a2d5d566,document_parses/pdf_json/9c9756104d19ddabaf7cb4e2b3538af5a2d5d566.json,document_parses/pmc_json/PMC9113274.xml.json,EDGE COVID-19: a web platform to generate submission-ready genomes from SARS-CoV-2 sequencing efforts,platform,EDGE COVID-19: a web platform
jg562twk,10.1016/j.ijantimicag.2020.106212,ff17a8f06de7d553958d345471aa6a1d3e9a91c7,document_parses/pdf_json/ff17a8f06de7d553958d345471aa6a1d3e9a91c7.json,document_parses/pmc_json/PMC7584880.xml.json,Frequency of Long QT in Patients with SARS-CoV-2 Infection Treated with Hydroxychloroquine: a Meta-analysis,Meta-analysis,Frequency of Long QT in Patients with SARS-CoV-2 Infection Treated with Hydroxychloroquine: a Meta-analysis
bx4g2mj5,10.1371/journal.pone.0263215,3f199a56d377a3c50589eaf57654f729db14996a,document_parses/pdf_json/3f199a56d377a3c50589eaf57654f729db14996a.json,document_parses/pmc_json/PMC8865637.xml.json,Value of D-dimer in predicting various clinical outcomes following community-acquired pneumonia: A network meta-analysis,meta-analysis,Value of D-dimer in predicting various clinical outcomes following community-acquired pneumonia: A network meta-analysis
lalzjmf1,10.1107/s205979832000889x,,,document_parses/pmc_json/PMC7397489.xml.json,FragMAX: the fragment-screening platform at the MAX IV Laboratory,platform,FragMAX: the fragment-screening platform
aucwcv5q,10.1371/journal.pone.0255263,765c12b7cb31163712349df2cd53440598605420,document_parses/pdf_json/765c12b7cb31163712349df2cd53440598605420.json,document_parses/pmc_json/PMC8320971.xml.json,"Long-term effects of coronavirus disease 2019 on the cardiovascular system, CV COVID registry: A structured summary of a study protocol",registry,"Long-term effects of coronavirus disease 2019 on the cardiovascular system, CV COVID registry"
s6hc7fxs,10.1101/2020.10.26.356014,7fe7bdc5f8982397c39763159ee63355fca527de,document_parses/pdf_json/7fe7bdc5f8982397c39763159ee63355fca527de.json,,"COVID-19 Disease Map, a computational knowledge repository of SARS-CoV-2 virus-host interaction mechanisms",repository,"COVID-19 Disease Map, a computational knowledge repository"
7pqnnshp,10.3906/sag-2010-131,a4419281d427a2203146adb18d7914dd98618e62,document_parses/pdf_json/a4419281d427a2203146adb18d7914dd98618e62.json,document_parses/pmc_json/PMC8283492.xml.json,Tocilizumab and COVID-19: a meta-analysis of 2120 patients with severe disease and implications for clinical trial methodologies,meta-analysis,Tocilizumab and COVID-19: a meta-analysis
ceefano5,10.1038/s41467-022-29911-3,bf87153d27619be56c2eadcb09546bc0117c0838; 82c336a3c6d22733759a4ebf4c133bfec14f07a2,document_parses/pdf_json/bf87153d27619be56c2eadcb09546bc0117c0838.json; document_parses/pdf_json/82c336a3c6d22733759a4ebf4c133bfec14f07a2.json,document_parses/pmc_json/PMC9095637.xml.json,Prospective individual patient data meta-analysis of two randomized trials on convalescent plasma for COVID-19 outpatients,meta-analysis,Prospective individual patient data meta-analysis
wegpeews,10.1002/wnan.119,fdcf8309d26eae0e94846942fc347babc5365514,document_parses/pdf_json/fdcf8309d26eae0e94846942fc347babc5365514.json,document_parses/pmc_json/PMC7169818.xml.json,Viral nanoparticles and virus‐like particles: platforms for contemporary vaccine design,platforms,Viral nanoparticles and virus‐like particles: platforms
cxqzac4a,10.1186/1471-2334-13-437,73761176155e77d6873806dd9579f59e5419111a,document_parses/pdf_json/73761176155e77d6873806dd9579f59e5419111a.json,document_parses/pmc_json/PMC3848773.xml.json,An easy operating pathogen microarray (EOPM) platform for rapid screening of vertebrate pathogens,platform,easy operating pathogen microarray (EOPM) platform
uj4w6mnp,10.1111/jonm.13427,,,,Incidence of workplace violence against nurses among Chinese hospitals: A meta-analysis,meta-analysis,Incidence of workplace violence against nurses among Chinese hospitals: A meta-analysis
nodk79ac,10.25259/sni_152_2020,59502288ec88bf38d98771a41b934f27b4adaeab,document_parses/pdf_json/59502288ec88bf38d98771a41b934f27b4adaeab.json,document_parses/pmc_json/PMC7656052.xml.json,Laser interstitial thermal therapy as an adjunct therapy in brain tumors: A meta-analysis and comparison with stereotactic radiotherapy,meta-analysis,Laser interstitial thermal therapy as an adjunct therapy in brain tumors: A meta-analysis
inlch4gf,10.2174/1874609815666220304193925,,,,Contribution of Glutathione-S-Transferases Polymorphism and Risk of Coronary Artery Diseases: A Meta-Analysis.,Meta-Analysis,Contribution of Glutathione-S-Transferases Polymorphism and Risk of Coronary Artery Diseases: A Meta-Analysis
um5o919t,10.1038/s41598-021-02812-z,,,,The effects of somatostatin analogues on liver volume and quality of life in polycystic liver disease: a meta-analysis of randomized controlled trials,meta-analysis,The effects of somatostatin analogues on liver volume and quality of life in polycystic liver disease: a meta-analysis
24qizp9k,10.1186/1472-6963-6-129,3e572863713d0fbe8cf60ea9991dd5c9993e6c7d,document_parses/pdf_json/3e572863713d0fbe8cf60ea9991dd5c9993e6c7d.json,document_parses/pmc_json/PMC1609112.xml.json,Validation of the Provincial Transfer Authorization Centre database: a comprehensive database containing records of all inter-facility patient transfers in the province of Ontario,database,Validation of the Provincial Transfer Authorization Centre database: a comprehensive database
6kc4bmqu,10.3390/idr13040085,6474084917c87354f540138c81d4600d0e357110,document_parses/pdf_json/6474084917c87354f540138c81d4600d0e357110.json,document_parses/pmc_json/PMC8628963.xml.json,Prognostic Role of Anemia in COVID-19 Patients: A Meta-Analysis,Meta-Analysis,Prognostic Role of Anemia in COVID-19 Patients: A Meta-Analysis
m0w2sezp,10.1073/pnas.2107346118,148adf333b6e2f1aab68fb7c2336173dc701cfc1,document_parses/pdf_json/148adf333b6e2f1aab68fb7c2336173dc701cfc1.json,document_parses/pmc_json/PMC8740589.xml.json,The effectiveness of nudging: A meta-analysis of choice architecture interventions across behavioral domains,meta-analysis,The effectiveness of nudging: A meta-analysis
a2fh21ws,10.1016/j.bios.2021.113007,,,,"Wireless, Battery-free Platforms for Collection of Biosignals",Platforms,"Wireless, Battery-free Platforms"
stru4kwe,10.2147/clep.s359072,5eb051bc8e7a7769fc537a682b1ed4c987da6005,document_parses/pdf_json/5eb051bc8e7a7769fc537a682b1ed4c987da6005.json,document_parses/pmc_json/PMC9126156.xml.json,Existing Data Sources for Clinical Epidemiology: Database of the National Hospital Organization in Japan,Database,Existing Data Sources for Clinical Epidemiology: Database
37twszmn,10.1136/bmjopen-2020-046980,aa47c103b2f43d73dff295567ada17a1b7742758; fd42ce58fba77d48599e750912980fb042eab3c8,document_parses/pdf_json/aa47c103b2f43d73dff295567ada17a1b7742758.json; document_parses/pdf_json/fd42ce58fba77d48599e750912980fb042eab3c8.json,document_parses/pmc_json/PMC8098297.xml.json,Association of frailty status with adverse clinical outcomes in patients with COVID-19: protocol for a systematic review and dose–response meta-analysis,meta-analysis,Association of frailty status with adverse clinical outcomes in patients with COVID-19: protocol for a systematic review and dose–response meta-analysis
2hq7v2n4,10.1002/pro.4205,d38dce21434f3b88a6f379829db5c7db2bff895b,document_parses/pdf_json/d38dce21434f3b88a6f379829db5c7db2bff895b.json,document_parses/pmc_json/PMC8740823.xml.json,"Observed Antibody Space: A diverse database of cleaned, annotated, and translated unpaired and paired antibody sequences",database,Observed Antibody Space: A diverse database
typaevz9,10.1016/j.patcog.2021.108361,a6f85db62c89676f156ab1497d3405028c1c7c97,document_parses/pdf_json/a6f85db62c89676f156ab1497d3405028c1c7c97.json,document_parses/pmc_json/PMC8489285.xml.json,Face Mask Recognition from Audio: The MASC Database and an Overview on the Mask Challenge,Database,Face Mask Recognition from Audio: The MASC Database
fkcdg6m0,10.1007/s10529-021-03211-0,2c44d5935506744b63c6a0a365bc7cda4c080b3b,document_parses/pdf_json/2c44d5935506744b63c6a0a365bc7cda4c080b3b.json,document_parses/pmc_json/PMC8626723.xml.json,Plant-derived VLP: a worthy platform to produce vaccine against SARS-CoV-2,platform,Plant-derived VLP: a worthy platform
sd0q7k30,10.1091/mbc.e19-09-0490,784565a50202a7d7fd9b26dc14dcde00da362a00,document_parses/pdf_json/784565a50202a7d7fd9b26dc14dcde00da362a00.json,document_parses/pmc_json/PMC8684762.xml.json,Negative-sense RNA viruses: An underexplored platform for examining virus–host lipid interactions,platform,-sense RNA viruses: An underexplored platform
z5icyxra,10.12659/ajcr.935263,1d066aef96639bbad3da4c4b80e830331e5a23ad,document_parses/pdf_json/1d066aef96639bbad3da4c4b80e830331e5a23ad.json,document_parses/pmc_json/PMC8762613.xml.json,A Report on the First 7 Sequential Patients Treated Within the C-Reactive Protein Apheresis in COVID (CACOV) Registry,Registry,A Report on the First 7 Sequential Patients Treated Within the C-Reactive Protein Apheresis in COVID (CACOV) Registry
n4hcq81f,10.1177/03000605211039812,78635a08c9ded12e1d4247ea19cfe03735bc79c6,document_parses/pdf_json/78635a08c9ded12e1d4247ea19cfe03735bc79c6.json,,Mass hysteria attack rates in children and adolescents: a meta-analysis,meta-analysis,Mass hysteria attack rates in children and adolescents: a meta-analysis
e3wgu6s7,10.1016/j.resinv.2022.01.002,,,,Survival outcomes of radiofrequency ablation compared with surgery in patients with early-stage primary non-small-cell lung cancer: A meta-analysis,meta-analysis,Survival outcomes of radiofrequency ablation compared with surgery in patients with early-stage primary non-small-cell lung cancer: A meta-analysis
algpj6k5,10.1101/2020.04.15.20065102,,,,A Validation Study for the Successful Isolation Policy in China: a Meta-Analysis in COVID-19,Meta-Analysis,A Validation Study for the Successful Isolation Policy in China: a Meta-Analysis
rgkw7hje,10.1007/s42979-021-00498-8,d14993497d4628f3f284e7d71a5c4db1e7e5cb8c,document_parses/pdf_json/d14993497d4628f3f284e7d71a5c4db1e7e5cb8c.json,document_parses/pmc_json/PMC7905762.xml.json,Factors Affecting College Students’ Continuous Intention to Use Online Course Platform,Platform,Factors Affecting College Students’ Continuous Intention to Use Online Course Platform
k1f9t27q,10.1093/nar/gkab977,33dbdad02ae20b9665640a6223b07328faf5d20a; d2e35ad7e156d52a7e2367250819b3c21a13fc4e,document_parses/pdf_json/33dbdad02ae20b9665640a6223b07328faf5d20a.json; document_parses/pdf_json/d2e35ad7e156d52a7e2367250819b3c21a13fc4e.json,document_parses/pmc_json/PMC8689960.xml.json,SCoV2-MD: a database for the dynamics of the SARS-CoV-2 proteome and variant impact predictions,database,SCoV2-MD: a database
y27afidm,10.1093/nar/gkab1019,a87b4e2119384a521dbc955a436f8e18e21983af,document_parses/pdf_json/a87b4e2119384a521dbc955a436f8e18e21983af.json,document_parses/pmc_json/PMC8728112.xml.json,GMrepo v2: a curated human gut microbiome database with special focus on disease markers and cross-dataset comparison,database,GMrepo v2: a curated human gut microbiome database
hieqvgfb,10.1080/14787210.2022.2004120,363e33ff1dadbee7591dbd94101410e67f04093d,document_parses/pdf_json/363e33ff1dadbee7591dbd94101410e67f04093d.json,document_parses/pmc_json/PMC8607541.xml.json,Janus kinase inhibitors for hospitalized patients with COVID-19: a meta-analysis of randomized controlled trials,meta-analysis,Janus kinase inhibitors for hospitalized patients with COVID-19: a meta-analysis
hj1tpfq4,10.3389/fmed.2021.765249,bdfc65945b35644a93618da13fbb259c9065ca02,document_parses/pdf_json/bdfc65945b35644a93618da13fbb259c9065ca02.json,document_parses/pmc_json/PMC8710592.xml.json,IDbSV: An Open-Access Repository for Monitoring SARS-CoV-2 Variations and Evolution,Repository,IDbSV: An Open-Access Repository
nm8mgamk,10.3390/vaccines10030469,83a5e93a539e4775efd08309653551b2299c37a3,document_parses/pdf_json/83a5e93a539e4775efd08309653551b2299c37a3.json,document_parses/pmc_json/PMC8954872.xml.json,Effectiveness of BNT162b2 and mRNA-1273 Vaccines against COVID-19 Infection: A Meta-Analysis of Test-Negative Design Studies,Meta-Analysis,Effectiveness of BNT162b2 and mRNA-1273 Vaccines against COVID-19 Infection: A Meta-Analysis
gjqpg755,10.2217/fvl-2021-0119,8e9ab1bae65e1c6270af1e399548306e62477dbd,document_parses/pdf_json/8e9ab1bae65e1c6270af1e399548306e62477dbd.json,document_parses/pmc_json/PMC8647998.xml.json,Efficacy of chloroquine and hydroxychloroquine for the treatment of hospitalized COVID-19 patients: a meta-analysis,meta-analysis,Efficacy of chloroquine and hydroxychloroquine for the treatment of hospitalized COVID-19 patients: a meta-analysis
x7y81ss1,10.1098/rstb.2012.0314,05513568bb7b58bb7df33023160838ac885a6144,document_parses/pdf_json/05513568bb7b58bb7df33023160838ac885a6144.json,document_parses/pmc_json/PMC3678333.xml.json,Coalescent inference for infectious disease: meta-analysis of hepatitis C,meta-analysis,Coalescent inference for infectious disease: meta-analysis
dwzpaz1r,10.1016/j.yebeh.2020.107396,98fcd8863bceceae7c1a225b9fd2d248309a61e5,document_parses/pdf_json/98fcd8863bceceae7c1a225b9fd2d248309a61e5.json,document_parses/pmc_json/PMC7476448.xml.json,Influence of the COVID-19 outbreak in people with epilepsy: Analysis of a Spanish population (EPICOVID registry),registry,of a Spanish population (EPICOVID registry
facjsy92,10.3390/v4113209,9680a6922144725138edc920dbf6c3dc48e822b6,document_parses/pdf_json/9680a6922144725138edc920dbf6c3dc48e822b6.json,document_parses/pmc_json/PMC3509690.xml.json,Virus Pathogen Database and Analysis Resource (ViPR): A Comprehensive Bioinformatics Database and Analysis Resource for the Coronavirus Research Community,Database,Virus Pathogen Database and Analysis Resource (ViPR): A Comprehensive Bioinformatics Database
shdu43p0,10.1038/s41598-021-94203-7,d47d75cf866c414e73a523adf44f7fc8cdc8f3c7,document_parses/pdf_json/d47d75cf866c414e73a523adf44f7fc8cdc8f3c7.json,document_parses/pmc_json/PMC8302649.xml.json,Repeated cross-sectional analysis of hydroxychloroquine deimplementation in the AHA COVID-19 CVD Registry,Registry,in the AHA COVID-19 CVD Registry
m3dsx7sc,10.1007/s12265-021-10158-0,7b417d54c11306a3cd2173e34c3a7b6f4b6da6c6,document_parses/pdf_json/7b417d54c11306a3cd2173e34c3a7b6f4b6da6c6.json,document_parses/pmc_json/PMC8288068.xml.json,Venoarterial Extracorporeal Membrane Oxygenation for Acute Massive Pulmonary Embolism: a Meta-Analysis and Call to Action,Meta-Analysis,Venoarterial Extracorporeal Membrane Oxygenation for Acute Massive Pulmonary Embolism: a Meta-Analysis
fmf3a7b8,10.1101/2020.04.29.20085472,0da30325190e191b9888ad2660f4de0a24fc7053,document_parses/pdf_json/0da30325190e191b9888ad2660f4de0a24fc7053.json,,AN INTERACTIVE COVID-19 MOBILITY IMPACT AND SOCIAL DISTANCING ANALYSIS PLATFORM,PLATFORM,AN INTERACTIVE COVID-19 MOBILITY IMPACT AND SOCIAL DISTANCING ANALYSIS PLATFORM
ya564yi7,10.1371/journal.pone.0253524,48d617a23853281f99619a515f92e118a45c0adf,document_parses/pdf_json/48d617a23853281f99619a515f92e118a45c0adf.json,document_parses/pmc_json/PMC8213163.xml.json,"Acute myocardial infarction in the Covid-19 era: Incidence, clinical characteristics and in-hospital outcomes—A multicenter registry",registry,"Covid-19 era: Incidence, clinical characteristics and in-hospital outcomes—A multicenter registry"
ba2amtdp,10.1016/j.socscimed.2011.05.009,8ad70627ffcd20cac5e9590bce717f337410b594,document_parses/pdf_json/8ad70627ffcd20cac5e9590bce717f337410b594.json,document_parses/pmc_json/PMC7127421.xml.json,"Work-related critical incidents in hospital-based health care providers and the risk of post-traumatic stress symptoms, anxiety, and depression: A meta-analysis",meta-analysis,"-related critical incidents in hospital-based health care providers and the risk of post-traumatic stress symptoms, anxiety, and depression: A meta-analysis"
j6fo487e,10.1007/s11239-021-02487-3,966288815acbc401bae09d968963a05f89c6a5cf,document_parses/pdf_json/966288815acbc401bae09d968963a05f89c6a5cf.json,document_parses/pmc_json/PMC8164077.xml.json,Impact of COVID-19 outbreak on patients with ST-segment elevation myocardial ınfarction (STEMI) in Turkey: results from TURSER study (TURKISH St-segment elevation myocardial ınfarction registry),registry,in Turkey: results from TURSER study (TURKISH St-segment elevation myocardial ınfarction registry
puahsbhy,10.1055/s-0041-1731004,fb031182fd7a48daaeb6c7d104d50a586505f407,document_parses/pdf_json/fb031182fd7a48daaeb6c7d104d50a586505f407.json,document_parses/pmc_json/PMC8775787.xml.json,The Cosmos Collaborative: A Vendor-Facilitated Electronic Health Record Data Aggregation Platform,Platform,The Cosmos Collaborative: A Vendor-Facilitated Electronic Health Record Data Aggregation Platform
ihdvzayk,10.1016/j.obmed.2021.100333,cd51c96b1c1ce0f1ed89520e5e9967f2791d52c6,document_parses/pdf_json/cd51c96b1c1ce0f1ed89520e5e9967f2791d52c6.json,document_parses/pmc_json/PMC8019489.xml.json,Prognostic value of fasting hyperglycemia in patients with COVID-19 – Diagnostic test accuracy meta-analysis,meta-analysis,Prognostic value of fasting hyperglycemia in patients with COVID-19 – Diagnostic test accuracy meta-analysis
7hl87i6a,10.1093/deafed/enab029,,,,Joint Attention in the Context of Hearing Loss: A Meta-Analysis and Narrative Synthesis,Meta-Analysis,Joint Attention in the Context of Hearing Loss: A Meta-Analysis
9m7q99oc,10.1186/s13195-020-00760-w,d8cb1f62baad7bdf26c0dd8d8063f6dfa4d171c5; a2299b7046d02afa3d645a5191e47edb54675da3,document_parses/pdf_json/d8cb1f62baad7bdf26c0dd8d8063f6dfa4d171c5.json; document_parses/pdf_json/a2299b7046d02afa3d645a5191e47edb54675da3.json,document_parses/pmc_json/PMC7804907.xml.json,AlzGPS: a genome-wide positioning systems platform to catalyze multi-omics for Alzheimer’s drug discovery,platform,AlzGPS: a genome-wide positioning systems platform
anot0b8z,10.1007/s10620-021-07214-9,b56c2d3171d9f026753f898b0974dcb76fddccea,document_parses/pdf_json/b56c2d3171d9f026753f898b0974dcb76fddccea.json,document_parses/pmc_json/PMC8409265.xml.json,No Evidence Indicates Famotidine Reduces the Risk of Serious Disease in COVID-19 Patients After Propensity Score Matching: Meta-Analysis and Systematic Reviews,Meta-Analysis,After Propensity Score Matching: Meta-Analysis
y4htkvux,10.1042/bsr20190024,0597b458ac250cffe02827f4448a2bfd4e5e05f3,document_parses/pdf_json/0597b458ac250cffe02827f4448a2bfd4e5e05f3.json,document_parses/pmc_json/PMC6522878.xml.json,Association between genetic polymorphisms and osteonecrosis in steroid treatment populations: a detailed stratified and dose-response meta-analysis,meta-analysis,Association between genetic polymorphisms and osteonecrosis in steroid treatment populations: a detailed stratified and dose-response meta-analysis
trysj5eg,10.3389/fmolb.2021.750558,2030b8196122f1fb33093e33c43bce269ed1fc10,document_parses/pdf_json/2030b8196122f1fb33093e33c43bce269ed1fc10.json,document_parses/pmc_json/PMC8528387.xml.json,Respiratory Outcomes in Patients Following COVID-19-Related Hospitalization: A Meta-Analysis,Meta-Analysis,Respiratory Outcomes in Patients Following COVID-19-Related Hospitalization: A Meta-Analysis
rjnxy7x9,10.1080/07435800.2021.1967376,,,,The Relationship Between Insulin Use And Increased Mortality In Patients With COVID-19 And Diabetes: A Meta-Analysis.,Meta-Analysis,The Relationship Between Insulin Use And Increased Mortality In Patients With COVID-19 And Diabetes: A Meta-Analysis
ef3e9smf,10.3390/ijms23094532,168d7e60f685dbe43d886b3fb452ef13925819f2,document_parses/pdf_json/168d7e60f685dbe43d886b3fb452ef13925819f2.json,document_parses/pmc_json/PMC9104289.xml.json,The Thousand Polish Genomes—A Database of Polish Variant Allele Frequencies,Database,The Thousand Polish Genomes—A Database
y77aknom,10.1161/jaha.121.020910,37d089ac59a8bc3b269bd0b0f1ded3ae432272a1,document_parses/pdf_json/37d089ac59a8bc3b269bd0b0f1ded3ae432272a1.json,document_parses/pmc_json/PMC8477855.xml.json,Association of Kidney Disease With Outcomes in COVID‐19: Results From the American Heart Association COVID‐19 Cardiovascular Disease Registry,Registry,the American Heart Association COVID‐19 Cardiovascular Disease Registry
2rtbp9fi,10.1016/j.compbiomed.2020.104131,f59e0abc8b8b97712db2e751cfc938dc61573d47,document_parses/pdf_json/f59e0abc8b8b97712db2e751cfc938dc61573d47.json,document_parses/pmc_json/PMC7679231.xml.json,DBCOVP: A Database of Coronavirus Virulent Glycoproteins,Database,DBCOVP: A Database
q1hudpg5,10.7717/peerj.13225,caa979a26fec69dbffe571ff6a7036b65dbe85da,document_parses/pdf_json/caa979a26fec69dbffe571ff6a7036b65dbe85da.json,document_parses/pmc_json/PMC9009329.xml.json,The effect of the COVID-19 pandemic on health care workers’ anxiety levels: a meta-analysis,meta-analysis,The effect of the COVID-19 pandemic on health care workers’ anxiety levels: a meta-analysis
t58x5ai1,10.1016/j.mex.2021.101585,1210c117ba5979c814e619d46305468257719544,document_parses/pdf_json/1210c117ba5979c814e619d46305468257719544.json,document_parses/pmc_json/PMC8720912.xml.json,DNA methylation and hydroxymethylation analysis using a high throughput and low bias direct injection mass spectrometry platform,platform,DNA methylation and hydroxymethylation analysis using a high throughput and low bias direct injection mass spectrometry platform
kaxat9wv,10.5603/arm.a2022.0022,,,,Cardiotoxicity of azithromycin in COVID-19: an overall proportion meta-analysis,meta-analysis,: an overall proportion meta-analysis
k2yrociu,10.1007/s15010-020-01502-8,501239fa2c049bb1b1be1104b182edfd5cba3c65,document_parses/pdf_json/501239fa2c049bb1b1be1104b182edfd5cba3c65.json,document_parses/pmc_json/PMC7434853.xml.json,"The epidemiological burden of and overall distribution of chronic comorbidities in coronavirus disease-2019 among 202,005 infected patients: evidence from a systematic review and meta-analysis",meta-analysis,"The epidemiological burden of and overall distribution of chronic comorbidities in coronavirus disease-2019 among 202,005 infected patients: evidence from a systematic review and meta-analysis"
6tk8tw9h,,,,,VirOligo: a database of virus-specific oligonucleotides,database,VirOligo: a database
63izqxxl,10.1101/2020.07.31.20166116,a834cf2b9f13a90e70951de1dc91c949ca904c5c,document_parses/pdf_json/a834cf2b9f13a90e70951de1dc91c949ca904c5c.json,,Face masks prevent transmission of respiratory diseases: a meta-analysis of randomized controlled trials,meta-analysis,Face masks prevent transmission of respiratory diseases: a meta-analysis
0tzd7ydc,10.1016/j.cmi.2020.11.005,8792b51de0f614f9883d6b4635e445b7d8ed8163,document_parses/pdf_json/8792b51de0f614f9883d6b4635e445b7d8ed8163.json,document_parses/pmc_json/PMC7661948.xml.json,Neurological manifestations associated with COVID-19: a multicentric registry,registry,Neurological manifestations associated with COVID-19: a multicentric registry
yfyd2ysn,10.1101/2020.04.22.20074914,f7cd33f182af02e02408bf4af35b5aad2eddf645,document_parses/pdf_json/f7cd33f182af02e02408bf4af35b5aad2eddf645.json,,Antibody tests in detecting SARS-CoV-2 infection: a meta-analysis,meta-analysis,Antibody tests in detecting SARS-CoV-2 infection: a meta-analysis
4rd4iuq7,10.1016/s2666-5247(21)00267-6,202704cc439f2d450720fe144822cb11c176f232; 42ca5c87b139df915fc1d864b4fea9ac2e05dd1c,document_parses/pdf_json/202704cc439f2d450720fe144822cb11c176f232.json; document_parses/pdf_json/42ca5c87b139df915fc1d864b4fea9ac2e05dd1c.json,document_parses/pmc_json/PMC8592563.xml.json,Neutralising antibody titres as predictors of protection against SARS-CoV-2 variants and the impact of boosting: a meta-analysis,meta-analysis,antibody titres as predictors of protection against SARS-CoV-2 variants and the impact of boosting: a meta-analysis
gefxfffn,10.1093/nar/gkab862,396ffe8cc4917a4028f8208f94e5489dc07c7184,document_parses/pdf_json/396ffe8cc4917a4028f8208f94e5489dc07c7184.json,document_parses/pmc_json/PMC8728136.xml.json,ZOVER: the database of zoonotic and vector-borne viruses,database,ZOVER: the database
qgaamczt,10.1042/bsr20200099,3cdb4118771d5dd2bcd48fdc92397e78c21f10e3,document_parses/pdf_json/3cdb4118771d5dd2bcd48fdc92397e78c21f10e3.json,document_parses/pmc_json/PMC7069918.xml.json,Ginkgo leaf extract and dipyridamole injection for chronic cor pulmonale: a PRISMA-compliant meta-analysis of randomized controlled trials,meta-analysis,Ginkgo leaf extract and dipyridamole injection for chronic cor pulmonale: a PRISMA-compliant meta-analysis
jsg0yc2t,10.1093/nar/gkv1189,16b0744424f02e01fe2f01b3ea03e2862f1359fc,document_parses/pdf_json/16b0744424f02e01fe2f01b3ea03e2862f1359fc.json,document_parses/pmc_json/PMC4702849.xml.json,"Reference sequence (RefSeq) database at NCBI: current status, taxonomic expansion, and functional annotation",database,Reference sequence (RefSeq) database
qt1kq76d,10.1016/j.ejim.2021.12.023,31111e27d3ee5519bc3d9b4c3c0b789f2ad1a96c; b3266a5c05f4c95b50be2a87b236e7c75803b7db,document_parses/pdf_json/31111e27d3ee5519bc3d9b4c3c0b789f2ad1a96c.json; document_parses/pdf_json/b3266a5c05f4c95b50be2a87b236e7c75803b7db.json,document_parses/pmc_json/PMC8710400.xml.json,Outcome of SARS CoV-2 inpatients treated with convalescent plasma: One-year of data from the Veneto region (Italy) Registry,Registry,from the Veneto region (Italy) Registry
bsz22v0z,10.1017/s0950268822000516,570704490ed9ce44a856191af0876b95b8b1c262,document_parses/pdf_json/570704490ed9ce44a856191af0876b95b8b1c262.json,document_parses/pmc_json/PMC9044525.xml.json,The effect of hand hygiene frequency on reducing acute respiratory infections in the community: a meta-analysis,meta-analysis,The effect of hand hygiene frequency on reducing acute respiratory infections in the community: a meta-analysis
ksig15xk,10.3389/fpubh.2022.870065,d402b964914c88650bb95c4441fdcdcf58943ca0,document_parses/pdf_json/d402b964914c88650bb95c4441fdcdcf58943ca0.json,document_parses/pmc_json/PMC9035829.xml.json,Prognostic Value of Syndecan-1 in the Prediction of Sepsis-Related Complications and Mortality: A Meta-Analysis,Meta-Analysis,Prognostic Value of Syndecan-1 in the Prediction of Sepsis-Related Complications and Mortality: A Meta-Analysis
bhafqyvr,10.1097/md.0000000000028438,f61ea2af8dcd33b2e7e7095b587665027b03813b,document_parses/pdf_json/f61ea2af8dcd33b2e7e7095b587665027b03813b.json,document_parses/pmc_json/PMC8701447.xml.json,Efficacy of greater occipital nerve block for pain relief in patients with postdural puncture headache: A meta-analysis,meta-analysis,Efficacy of greater occipital nerve block for pain relief in patients with postdural puncture headache: A meta-analysis
06xw57td,10.3389/fcimb.2021.709634,bf8c682635675169945c9997d5f75e1ab1e3fa06,document_parses/pdf_json/bf8c682635675169945c9997d5f75e1ab1e3fa06.json,document_parses/pmc_json/PMC8490768.xml.json,Microbiota Emergencies in the Diagnosis of Lung Diseases: A Meta-Analysis,Meta-Analysis,Microbiota Emergencies in the Diagnosis of Lung Diseases: A Meta-Analysis
qen0adea,10.3389/fcvm.2022.813325,e38e1f6e7bc574f6ff223dc41b757d1c7f6d3059,document_parses/pdf_json/e38e1f6e7bc574f6ff223dc41b757d1c7f6d3059.json,document_parses/pmc_json/PMC8970601.xml.json,Reperfusion Strategy of ST-Elevation Myocardial Infarction: A Meta-Analysis of Primary Percutaneous Coronary Intervention and Pharmaco-Invasive Therapy,Meta-Analysis,Reperfusion Strategy of ST-Elevation Myocardial Infarction: A Meta-Analysis
t38geg57,10.3389/fpls.2022.858043,73572dc337253a56b4969cd0e00db2e77634f9e0,document_parses/pdf_json/73572dc337253a56b4969cd0e00db2e77634f9e0.json,document_parses/pmc_json/PMC8905339.xml.json,Editorial: Plant-Production Platforms for Veterinary Biopharmaceuticals,Platforms,Editorial: Plant-Production Platforms
zisgbiv4,10.1093/database/baab086,,,,"SCANNER: a web platform for annotation, visualization and sharing of single cell RNA-seq data.",platform,SCANNER: a web platform
er5mr1m1,10.1101/2020.08.18.20177147,3c9533b3127ce6eba1e7306f28dd175d4d0f9cf7,document_parses/pdf_json/3c9533b3127ce6eba1e7306f28dd175d4d0f9cf7.json,,OxCOVID19 Database: a multimodal data repository for better understanding the global impact of COVID-19,repository,OxCOVID19 Database: a multimodal data repository
d9gpzmbi,10.1101/2021.03.22.21254104,35d700beea9e16e332c9790d38c03195c21fc36b,document_parses/pdf_json/35d700beea9e16e332c9790d38c03195c21fc36b.json,,"Differential effect of corticosteroid treatment on Influenza, SARS, MERS, and SARS-CoV-2 patients: A meta-analysis and systematic review",meta-analysis,"Differential effect of corticosteroid treatment on Influenza, SARS, MERS, and SARS-CoV-2 patients: A meta-analysis"
8a96k1t4,10.1007/s11468-022-01651-6,4b55687abde0448cf0bf2d06704bf8b892de93c6,document_parses/pdf_json/4b55687abde0448cf0bf2d06704bf8b892de93c6.json,,Photonic Quasi-Crystal Fiber-Based Plasmonic Biosensor: a Platform for Detection of Coronavirus,Platform,-Based Plasmonic Biosensor: a Platform
3eg372mr,10.1093/nar/gkab1029,36494b6e94f658311072549de6b0683a173f3058,document_parses/pdf_json/36494b6e94f658311072549de6b0683a173f3058.json,document_parses/pmc_json/PMC8728225.xml.json,ViRBase v3.0: a virus and host ncRNA-associated interaction repository with increased coverage and annotation,repository,ViRBase v3.0: a virus and host ncRNA-associated interaction repository
lk1lvdcy,10.1016/j.jcv.2022.105122,,,,"Evaluation of the sample-to-result, random access NeuMoDx platform for viral load testing of Cytomegalovirus and Epstein Barr virus in clinical specimens",platform,"Evaluation of the sample-to-result, random access NeuMoDx platform"
zzzkvvs4,10.21203/rs.3.rs-1068896/v1,,,,Combining and comparing regional epidemic dynamics in Italy: Bayesian meta-analysis of compartmental models and model assessment via Global Sensitivity Analysis (preprint),meta-analysis,Combining and comparing regional epidemic dynamics in Italy: Bayesian meta-analysis
zv2ryoh2,10.1016/j.metabol.2022.155196,0cc85f7cdb515f342b0c510b27166e146a8ef137; b7ef8bb8ad0b2dd738bac1ac63e926fc2b1cb6cd,document_parses/pdf_json/0cc85f7cdb515f342b0c510b27166e146a8ef137.json; document_parses/pdf_json/b7ef8bb8ad0b2dd738bac1ac63e926fc2b1cb6cd.json,document_parses/pmc_json/PMC8970613.xml.json,Preadmission use of antidiabetic medications and mortality among patients with COVID-19 having type 2 diabetes: A meta-analysis,meta-analysis,Preadmission use of antidiabetic medications and mortality among patients with COVID-19 having type 2 diabetes: A meta-analysis
z0pjmz8u,10.1186/s13063-021-05458-4,4c6318f2786bd34c1e3942eb552bc7acde96c5a5; 6623daa030ca88720ef83339ed6d7a31e45312b6,document_parses/pdf_json/4c6318f2786bd34c1e3942eb552bc7acde96c5a5.json; document_parses/pdf_json/6623daa030ca88720ef83339ed6d7a31e45312b6.json,document_parses/pmc_json/PMC8311065.xml.json,AGILE: a seamless phase I/IIa platform for the rapid evaluation of candidates for COVID-19 treatment: an update to the structured summary of a study protocol for a randomised platform trial letter,platform,: a seamless phase I/IIa platform
9lr927d3,10.1093/database/bau021,5fa8a1eb8fab8c225ab28402700a6c3aa950f2d6,document_parses/pdf_json/5fa8a1eb8fab8c225ab28402700a6c3aa950f2d6.json,document_parses/pmc_json/PMC3958617.xml.json,DBatVir: the database of bat-associated viruses,database,DBatVir: the database
npzzycis,10.1016/j.jinf.2020.05.052,7811d81b40da4aba995ff31049b9f404c3272c29,document_parses/pdf_json/7811d81b40da4aba995ff31049b9f404c3272c29.json,document_parses/pmc_json/PMC7255761.xml.json,Estimation of RAAS-Inhibitor effect on the COVID-19 outcome: A Meta-analysis,Meta-analysis,Estimation of RAAS-Inhibitor effect on the COVID-19 outcome: A Meta-analysis
4y6kcase,10.1038/s41431-022-01089-8,5a60c9b168d5173495e74138ed864ecf67751746; ac48069e86c708ab0471fcc7ce68d952bb8319e9,document_parses/pdf_json/5a60c9b168d5173495e74138ed864ecf67751746.json; document_parses/pdf_json/ac48069e86c708ab0471fcc7ce68d952bb8319e9.json,document_parses/pmc_json/PMC8960680.xml.json,Coronavirus Host Genetics South Africa (COHG-SA) database—a variant database for gene regions associated with SARS-CoV-2 outcomes,database,Host Genetics South Africa (COHG-SA) database; Host Genetics South Africa (COHG-SA) database—a variant database
vsurj19i,10.1177/20406223211070919,ce258c62edb0e4b2412ce2918003fb6fe7efb508,document_parses/pdf_json/ce258c62edb0e4b2412ce2918003fb6fe7efb508.json,document_parses/pmc_json/PMC9066626.xml.json,Changes of circulating biomarkers of inflammation and glycolipid metabolism by CPAP in OSA patients: a meta-analysis of time-dependent profiles,meta-analysis,Changes of circulating biomarkers of inflammation and glycolipid metabolism by CPAP in OSA patients: a meta-analysis
zo3bsyls,10.1109/access.2020.3011123,b753492a3d110157ed3c4af7fedca735a47bc572,document_parses/pdf_json/b753492a3d110157ed3c4af7fedca735a47bc572.json,document_parses/pmc_json/PMC8545340.xml.json,NeedFull – a Tweet Analysis Platform to Study Human Needs During the COVID-19 Pandemic in New York State,Platform,NeedFull – a Tweet Analysis Platform
77vrffwl,10.1016/j.jns.2021.119853,,,,Severe neurological manifestations of patients infected with the Sars-CoV-2: Registry in intensive care unit,Registry,Severe neurological manifestations of patients infected with the Sars-CoV-2: Registry
hcd83xky,10.1016/j.surge.2021.06.001,,,,Letter to the editor on the efficacy of remote virtual care in comparison to traditional clinical visits for elective orthopaedic patients: A meta-analysis of prospective randomised controlled trials.,meta-analysis,Letter to the editor on the efficacy of remote virtual care in comparison to traditional clinical visits for elective orthopaedic patients: A meta-analysis
cufa531t,10.1016/j.neuroimage.2022.119204,,,,Delay activity during visual working memory: A meta-analysis of 30 fMRI experiments,meta-analysis,Delay activity during visual working memory: A meta-analysis
y4uv855h,10.7759/cureus.21256,,,,The Impact of Mobile Health Interventions on Antenatal and Postnatal Care Utilization in Low- and Middle-Income Countries: A Meta-Analysis,Meta-Analysis,The Impact of Mobile Health Interventions on Antenatal and Postnatal Care Utilization in Low- and Middle-Income Countries: A Meta-Analysis
wk1duzer,10.1093/ofid/ofab394,,,,Expression of Concern: “Meta-analysis of Randomized Trials of Ivermectin to Treat SARS-CoV-2 Infection”,Meta-analysis,Expression of Concern: “Meta-analysis
bo215gm9,10.1093/nar/gkw1095,fca7adbc5fdaeba0fedd1201e496704b1a888556,document_parses/pdf_json/fca7adbc5fdaeba0fedd1201e496704b1a888556.json,document_parses/pmc_json/PMC5210568.xml.json,MRPrimerV: a database of PCR primers for RNA virus detection,database,MRPrimerV: a database
w90s952l,10.1016/j.jinf.2022.03.020,cd9f9a98f7e97140677c8f7b6dcf2152441b2a6b,document_parses/pdf_json/cd9f9a98f7e97140677c8f7b6dcf2152441b2a6b.json,document_parses/pmc_json/PMC8944116.xml.json,Protective trend of anti-androgen therapy during the COVID-19 pandemic: a meta-analysis,meta-analysis,Protective trend of anti-androgen therapy during the COVID-19 pandemic: a meta-analysis
j3l0a9od,10.1093/ofid/ofac107,23928b50542f342781093a6f5c259c02f66a37b9,document_parses/pdf_json/23928b50542f342781093a6f5c259c02f66a37b9.json,document_parses/pmc_json/PMC9125303.xml.json,Dolutegravir Monotherapy as Maintenance Strategy: A Meta-Analysis of Individual Participant Data From Randomized Controlled Trials,Meta-Analysis,Dolutegravir Monotherapy as Maintenance Strategy: A Meta-Analysis
jpenhh92,10.1101/2020.09.16.20194571,,,,Mortality outcomes with hydroxychloroquine and chloroquine in COVID-19: an international collaborative meta-analysis of randomized trials,meta-analysis,Mortality outcomes with hydroxychloroquine and chloroquine in COVID-19: an international collaborative meta-analysis
vr18rwu7,10.3390/diagnostics12040972,34d07eb447faa19f542d6b85767c3bfb49597f8f,document_parses/pdf_json/34d07eb447faa19f542d6b85767c3bfb49597f8f.json,document_parses/pmc_json/PMC9029949.xml.json,Smartphone-Enabled versus Conventional Otoscopy in Detecting Middle Ear Disease: A Meta-Analysis,Meta-Analysis,Smartphone-Enabled versus Conventional Otoscopy in Detecting Middle Ear Disease: A Meta-Analysis
3jzj1i2q,10.1007/s41347-020-00177-0,c0acbb5f11431ca6fe091dc438e3da7ea523e3c3,document_parses/pdf_json/c0acbb5f11431ca6fe091dc438e3da7ea523e3c3.json,document_parses/pmc_json/PMC7670840.xml.json,Social Skills Training for Autism Spectrum Disorder: a Meta-analysis of In-person and Technological Interventions,Meta-analysis,Social Skills Training for Autism Spectrum Disorder: a Meta-analysis
zneikkzj,10.1016/j.ijcha.2022.100975,,,,Clinical and angiographic success and safety comparison of coronary intravascular lithotripsy: An updated meta-analysis,meta-analysis,success and safety comparison of coronary intravascular lithotripsy: An updated meta-analysis
ofvmt6kl,10.1186/s42269-022-00733-z,e7fd0ead9893ab8ed41cd639813e500315acdc09,document_parses/pdf_json/e7fd0ead9893ab8ed41cd639813e500315acdc09.json,document_parses/pmc_json/PMC8894565.xml.json,Association of inflammatory biomarker abnormalities with mortality in COVID-19: a meta-analysis,meta-analysis,Association of inflammatory biomarker abnormalities with mortality in COVID-19: a meta-analysis
udb49od1,10.1109/iscas51556.2021.9401362,,,,"H-Watch: An Open, Connected Platform for AI-Enhanced COVID19 Infection Symptoms Monitoring and Contact Tracing",Platform,"H-Watch: An Open, Connected Platform"
ujhgb3b0,10.1093/nar/gkm754,85c04886b69b27eeddd4a72c74e2e1727a80598f,document_parses/pdf_json/85c04886b69b27eeddd4a72c74e2e1727a80598f.json,document_parses/pmc_json/PMC2238867.xml.json,CoVDB: a comprehensive database for comparative analysis of coronavirus genes and genomes,database,CoVDB: a comprehensive database
czbivh9d,10.1016/j.msard.2022.103774,2e1dc35e64de49f61c9cf9d72dcf37b71b297610,document_parses/pdf_json/2e1dc35e64de49f61c9cf9d72dcf37b71b297610.json,document_parses/pmc_json/PMC8956358.xml.json,The psychological impact of Covid-19 pandemic on people with Multiple Sclerosis: a meta-analysis,meta-analysis,people with Multiple Sclerosis: a meta-analysis
c3ci30ja,10.3389/fnins.2022.845737,,,,The Effect and Optimal Parameters of Repetitive Transcranial Magnetic Stimulation on Poststroke Dysphagia: A Meta-Analysis of Randomized Controlled Trials,Meta-Analysis,Effect and Optimal Parameters of Repetitive Transcranial Magnetic Stimulation on Poststroke Dysphagia: A Meta-Analysis
8qhtdayh,10.1016/j.medcli.2022.03.013,3a83b444d51dc3eb05929191b748d885eb719120,document_parses/pdf_json/3a83b444d51dc3eb05929191b748d885eb719120.json,,Effectiveness of corticosteroids to treat coronavirus disease 2019 symptoms: A meta-analysis,meta-analysis,Effectiveness of corticosteroids to treat coronavirus disease 2019 symptoms: A meta-analysis
0707skqc,10.1186/s12859-020-03915-6,b1ffe6d0129e8d33160b62d7bace0af3254e6c34,document_parses/pdf_json/b1ffe6d0129e8d33160b62d7bace0af3254e6c34.json,document_parses/pmc_json/PMC7788535.xml.json,"Modeling drug mechanism of action with large scale gene-expression profiles using GPAR, an artificial intelligence platform",platform,"expression profiles using GPAR, an artificial intelligence platform"
kuh2ym7s,10.1016/j.pcd.2021.11.002,10e709c9ae66483d0ed2a31c88c05023096f9e6c,document_parses/pdf_json/10e709c9ae66483d0ed2a31c88c05023096f9e6c.json,document_parses/pmc_json/PMC8585608.xml.json,Impact of diabetes mellitus on COVID-19 clinical symptoms and mortality: Jakarta’s COVID-19 epidemiological registry,registry,Impact of diabetes mellitus on COVID-19 clinical symptoms and mortality: Jakarta’s COVID-19 epidemiological registry
q058si0i,10.1186/s13019-021-01648-y,952707c8a9393aa687c94ac3f3fd9b67316543bf,document_parses/pdf_json/952707c8a9393aa687c94ac3f3fd9b67316543bf.json,document_parses/pmc_json/PMC8451725.xml.json,Anterolateral minithoracotomy versus median sternotomy for the surgical treatment of atrial septal defects: a meta-analysis and systematic review,meta-analysis,Anterolateral minithoracotomy versus median sternotomy for the surgical treatment of atrial septal defects: a meta-analysis
6hoe00wg,10.1016/j.snb.2021.130998,4ba9222a2897974b95863f25ec0dffefb14917ca,document_parses/pdf_json/4ba9222a2897974b95863f25ec0dffefb14917ca.json,document_parses/pmc_json/PMC8550893.xml.json,"Monolithic, 3D-Printed Lab-on-Disc Platform for Multiplexed Molecular Detection of SARS-CoV-2",Platform,"Monolithic, 3D-Printed Lab-on-Disc Platform"
w4ze158q,10.1101/2020.04.17.20069773,,,,The role of corticosteroids in the management of critically ill patients with coronavirus disease 2019 (COVID-19): A meta-analysis,meta-analysis,The role of corticosteroids in the management of critically ill patients with coronavirus disease 2019 (COVID-19): A meta-analysis
937d3hwp,10.1182/blood.2020010529,a36440960cd0058c4b1977be5697b8e281351153,document_parses/pdf_json/a36440960cd0058c4b1977be5697b8e281351153.json,,Post-Discharge Thromboembolic Outcomes and Mortality of Hospitalized COVID-19 Patients: The CORE-19 Registry,Registry,-Discharge Thromboembolic Outcomes and Mortality of Hospitalized COVID-19 Patients: The CORE-19 Registry
nlszf8ym,10.1186/s40249-021-00901-9,9306b86b08cec62d34224f1d26224de29430bf16,document_parses/pdf_json/9306b86b08cec62d34224f1d26224de29430bf16.json,document_parses/pmc_json/PMC8446477.xml.json,The incubation period of COVID-19: a global meta-analysis of 53 studies and a Chinese observation study of 11 545 patients,meta-analysis,The incubation period of COVID-19: a global meta-analysis
xp92a48g,10.3390/molecules27031112,c33f54c4c71374cc5fefe08130915c0ae93ad0e3,document_parses/pdf_json/c33f54c4c71374cc5fefe08130915c0ae93ad0e3.json,document_parses/pmc_json/PMC8839373.xml.json,Pyrazine and Phenazine Heterocycles: Platforms for Total Synthesis and Drug Discovery,Platforms,Pyrazine and Phenazine Heterocycles: Platforms
j8fblnlw,10.3390/vaccines10040596,00d6173eb2929c84edafac69873f07d27db1134d,document_parses/pdf_json/00d6173eb2929c84edafac69873f07d27db1134d.json,document_parses/pmc_json/PMC9030038.xml.json,"Safety of Global SARS-CoV-2 Vaccines, a Meta-Analysis",Meta-Analysis,"Safety of Global SARS-CoV-2 Vaccines, a Meta-Analysis"
r1ymzk6n,10.1101/2020.05.03.20089201,c3373f2e80a79fa164ec1652e020ff35de303847,document_parses/pdf_json/c3373f2e80a79fa164ec1652e020ff35de303847.json,,A note on COVID-19 seroprevalence studies: a meta-analysis using hierarchical modelling,meta-analysis,A note on COVID-19 seroprevalence studies: a meta-analysis
gudit3bg,10.1371/journal.pone.0260044,b66a530d549ea234905c21ade8d2769b325abb5c,document_parses/pdf_json/b66a530d549ea234905c21ade8d2769b325abb5c.json,document_parses/pmc_json/PMC8598020.xml.json,Cost-effectiveness analysis protocol of the Smart Triage program: A point-of-care digital triage platform for pediatric sepsis in Eastern Uganda,platform,-effectiveness analysis protocol of the Smart Triage program: A point-of-care digital triage platform
t4fxqcwd,10.12200/j.issn.1003-0034.2022.04.018,,,,[Femoral head necrosis rate and risk factors after internal fixation of femoral neck fracture:a Meta-analysis],Meta-analysis,rate and risk factors after internal fixation of femoral neck fracture:a Meta-analysis
d918jzwm,10.1007/s10648-021-09656-z,7b2c62e68f1d7b711ac7c37b7162ce40b40b4eb1,document_parses/pdf_json/7b2c62e68f1d7b711ac7c37b7162ce40b40b4eb1.json,document_parses/pmc_json/PMC8784251.xml.json,Refutation Text Facilitates Learning: a Meta-Analysis of Between-Subjects Experiments,Meta-Analysis,Refutation Text Facilitates Learning: a Meta-Analysis
b6vxsi9j,10.3389/fphar.2022.850221,debe3a790fde1e30cb0cc8c961b010d125dd3f09,document_parses/pdf_json/debe3a790fde1e30cb0cc8c961b010d125dd3f09.json,document_parses/pmc_json/PMC9022100.xml.json,Comparative Efficacy of Chinese Herbal Injections for Septic Shock: A Bayesian Network Meta-Analysis of Randomized Controlled Trials,Meta-Analysis,Comparative Efficacy of Chinese Herbal Injections for Septic Shock: A Bayesian Network Meta-Analysis
4sxe7s03,10.1101/2020.04.26.20080580,20288540e0233f4a7fb120790f6a96ee9343b941,document_parses/pdf_json/20288540e0233f4a7fb120790f6a96ee9343b941.json,,Liver Chemistries in COVID-19 Patients with Survival or Death: A Meta-Analysis,Meta-Analysis,Liver Chemistries in COVID-19 Patients with Survival or Death: A Meta-Analysis
frantb60,10.1186/s40001-022-00694-z,2c948d637947c40d8a0506d76de2deeec516df4f,document_parses/pdf_json/2c948d637947c40d8a0506d76de2deeec516df4f.json,document_parses/pmc_json/PMC9125011.xml.json,Zinc supplementation and COVID-19 mortality: a meta-analysis,meta-analysis,Zinc supplementation and COVID-19 mortality: a meta-analysis
gzzdyb2j,10.3947/ic.2020.0136,0359b21bba49c9e79391c84c4cd98211149a69ee,document_parses/pdf_json/0359b21bba49c9e79391c84c4cd98211149a69ee.json,document_parses/pmc_json/PMC8032911.xml.json,Comparison of Comorbidities in Relation to Critical Conditions among Coronavirus Disease 2019 Patients: A Network Meta-Analysis,Meta-Analysis,Comparison of Comorbidities in Relation to Critical Conditions among Coronavirus Disease 2019 Patients: A Network Meta-Analysis
v5y843ny,10.1101/2021.03.23.21254054,9ea76438f6ce2959b600446e6baebc4bd9988bbd,document_parses/pdf_json/9ea76438f6ce2959b600446e6baebc4bd9988bbd.json,,Tocilizumab in hospitalized COVID-19 patients: A meta-analysis of randomized controlled trials,meta-analysis,Tocilizumab in hospitalized COVID-19 patients: A meta-analysis
vwt7cm0i,10.1080/0167482x.2021.1929162,,,,Prevalence of anxiety and depression among pregnant women during the COVID-19 pandemic: a meta-analysis.,meta-analysis,Prevalence of anxiety and depression among pregnant women during the COVID-19 pandemic: a meta-analysis
lom018ud,10.3390/s22051738,ab4a1c23399c92ec12a37bdb70f37bddc5f4ac2e,document_parses/pdf_json/ab4a1c23399c92ec12a37bdb70f37bddc5f4ac2e.json,document_parses/pmc_json/PMC8915050.xml.json,ColaborAtiva: A Platform Based on Gamified Collaborative Practices to Prevent Pressure Injuries for Wheelchair Users,Platform,ColaborAtiva: A Platform
67l5cgas,10.3389/fendo.2021.779692,bb9608465cfe4b49d214078c74733b515b609228,document_parses/pdf_json/bb9608465cfe4b49d214078c74733b515b609228.json,document_parses/pmc_json/PMC8763686.xml.json,The Association Between COVID-19 and Thyroxine Levels: A Meta-Analysis,Meta-Analysis,The Association Between COVID-19 and Thyroxine Levels: A Meta-Analysis
mdw7rcxr,10.5603/cj.a2021.0168,e04bd2176060bea285ea0315bf544463ee37214a,document_parses/pdf_json/e04bd2176060bea285ea0315bf544463ee37214a.json,document_parses/pmc_json/PMC8747824.xml.json,Impact of COVID-19 on in-hospital cardiac arrest outcomes: An updated meta-analysis,meta-analysis,Impact of COVID-19 on in-hospital cardiac arrest outcomes: An updated meta-analysis
p0ts2i3j,10.1038/s41598-021-91205-3,b5faba40e0a4b78fe5e4afb54b7c2038ad1008ff,document_parses/pdf_json/b5faba40e0a4b78fe5e4afb54b7c2038ad1008ff.json,document_parses/pmc_json/PMC8184740.xml.json,Diurnal preference and depressive symptomatology: a meta-analysis,meta-analysis,Diurnal preference and depressive symptomatology: a meta-analysis
fsixhhcf,10.3390/ijerph19084884,,,document_parses/pmc_json/PMC9031621.xml.json,Effects of Forest-Based Interventions on Mental Health: A Meta-Analysis of Randomized Controlled Trials,Meta-Analysis,Effects of Forest-Based Interventions on Mental Health: A Meta-Analysis
5800z7h0,10.1101/2020.04.13.20064295,,,,Benefits and Risks of Chloroquine and Hydroxychloroquine in The Treatment of Viral Diseases: A Meta-Analysis of Placebo Randomized Controlled Trials,Meta-Analysis,Benefits and Risks of Chloroquine and Hydroxychloroquine in The Treatment of Viral Diseases: A Meta-Analysis
pdmqvq8w,10.1016/j.ejim.2022.04.004,de38fbeb372a16ee8821ecf0ec7b57b7dabdb14d; ec121ebdd8a26af4383b017ce7d01c162abc3988,document_parses/pdf_json/de38fbeb372a16ee8821ecf0ec7b57b7dabdb14d.json; document_parses/pdf_json/ec121ebdd8a26af4383b017ce7d01c162abc3988.json,document_parses/pmc_json/PMC8986475.xml.json,Interleukin-6 inhibitors reduce mortality in coronavirus disease-2019: An individual patient data meta-analysis from randomized controlled trials,meta-analysis,An individual patient data meta-analysis
mi8d5hvx,10.1093/ije/dyab027,4d17e9ce4d485d3dd862cb2337847836c1f13157,document_parses/pdf_json/4d17e9ce4d485d3dd862cb2337847836c1f13157.json,document_parses/pmc_json/PMC8128459.xml.json,Data Resource Profile: COVerAGE-DB: a global demographic database of COVID-19 cases and deaths,database,: COVerAGE-DB: a global demographic database
6p9fxlf9,10.1093/nar/gkab894,342850406988ea8e461d3bcbd284d28a4d6702bd,document_parses/pdf_json/342850406988ea8e461d3bcbd284d28a4d6702bd.json,document_parses/pmc_json/PMC8728219.xml.json,VThunter: a database for single-cell screening of virus target cells in the animal kingdom,database,VThunter: a database
8cixsjrf,10.1093/nar/gkm925,0cea2b0d9b7187e2c5a596ed433be46208186d32,document_parses/pdf_json/0cea2b0d9b7187e2c5a596ed433be46208186d32.json,document_parses/pmc_json/PMC2238845.xml.json,IDBD: Infectious Disease Biomarker Database,Database,IDBD: Infectious Disease Biomarker Database
yu5iito6,10.1093/eurheartj/ehaa280,c0ba1d9eed0e64b3e3c13c2d0d0d87e64cf18634,document_parses/pdf_json/c0ba1d9eed0e64b3e3c13c2d0d0d87e64cf18634.json,,CAPACITY-COVID: a European registry to determine the role of cardiovascular disease in the COVID-19 pandemic,registry,CAPACITY-COVID: a European registry
76yd1rkb,10.3389/fmed.2021.773461,cc292a1808efe1d318e33072e9fad7470744b7f0,document_parses/pdf_json/cc292a1808efe1d318e33072e9fad7470744b7f0.json,document_parses/pmc_json/PMC8720923.xml.json,"CytoSorb Therapy in COVID-19 (CTC) Patients Requiring Extracorporeal Membrane Oxygenation: A Multicenter, Retrospective Registry",Registry,"Oxygenation: A Multicenter, Retrospective Registry"
9qlndtuo,10.1186/s12890-019-0990-8,9a8ffdaee3a800f0e6867b63ffd109e9c30621b8,document_parses/pdf_json/9a8ffdaee3a800f0e6867b63ffd109e9c30621b8.json,document_parses/pmc_json/PMC6921474.xml.json,Efficacy of glucocorticoids for the treatment of macrolide refractory mycoplasma pneumonia in children: meta-analysis of randomized controlled trials,meta-analysis,Efficacy of glucocorticoids for the treatment of macrolide refractory mycoplasma pneumonia in children: meta-analysis
1x9t6bcp,10.1007/s42399-021-01014-y,b67c3960fc9a72993799c31943013b356eadb015,document_parses/pdf_json/b67c3960fc9a72993799c31943013b356eadb015.json,document_parses/pmc_json/PMC8346348.xml.json,Evaluation of the Treatment Efficacy and Safety of Remdesivir for COVID-19: a Meta-analysis,Meta-analysis,Evaluation of the Treatment Efficacy and Safety of Remdesivir for COVID-19: a Meta-analysis
ka87guqb,10.20452/pamw.16233,,,,Post-COVID-19 complications in hospitalized and non-hospitalized patients: the Silesian complications of the COVID-19 (SILCOV-19) database,database,: the Silesian complications of the COVID-19 (SILCOV-19) database
fasdm6l9,10.1016/s0735-1097(22)03047-9,,,,SYSTEMATIC REVIEW AND META-ANALYSIS OF REMDESIVIR AND BRADYCARDIA IN PATIENTS WITH COVID-19,META-ANALYSIS,SYSTEMATIC REVIEW AND META-ANALYSIS
dsnniuo6,10.1101/2020.05.18.20102509,30af6422cd27526527c45fcedc0418a6f8388d74,document_parses/pdf_json/30af6422cd27526527c45fcedc0418a6f8388d74.json,,"Low blood sodium increases risk and severity of COVID-19: a systematic review, meta-analysis and retrospective cohort study",meta-analysis,": a systematic review, meta-analysis"
ldc5qxs8,10.15252/msb.202110851,,,,"COVID‐19 Disease Map, a computational knowledge repository of virus‐host interaction mechanisms",repository,"COVID‐19 Disease Map, a computational knowledge repository"
n37l75fu,10.1200/cci.21.00141,49ccd01b7403f1ac3a6a3b9a23dc87c437e2505e,document_parses/pdf_json/49ccd01b7403f1ac3a6a3b9a23dc87c437e2505e.json,document_parses/pmc_json/PMC8932482.xml.json,"HealthTree Cure Hub: A Patient-Derived, Patient-Driven Clinical Cancer Information Platform Used to Overcome Hurdles and Accelerate Research in Multiple Myeloma",Platform,"HealthTree Cure Hub: A Patient-Derived, Patient-Driven Clinical Cancer Information Platform"
kvpfh8qb,10.1101/2020.10.24.20218974,,,,"Low serum vitamin D level and COVID-19 infection and outcomes, a multivariate meta-analysis",meta-analysis,"level and COVID-19 infection and outcomes, a multivariate meta-analysis"
05sk3n0h,10.1111/1756-185x.14332,,,,COVID-19 outcomes among rheumatic disease patients in Kuwait: Data from the COVID-19 Global Rheumatology Alliance (C19-GRA) physician registry,registry,COVID-19 Global Rheumatology Alliance (C19-GRA) physician registry
usvd9all,10.3390/ijerph182010978,5a79f6d2d237b3b1f86e34f1c8a4515b684947a3,document_parses/pdf_json/5a79f6d2d237b3b1f86e34f1c8a4515b684947a3.json,document_parses/pmc_json/PMC8535371.xml.json,Prevalence of Anxiety in Dental Students during the COVID-19 Outbreak: A Meta-Analysis,Meta-Analysis,Prevalence of Anxiety in Dental Students during the COVID-19 Outbreak: A Meta-Analysis
vf8pssoa,10.3390/nu12123715,3992da1c201602ef39ec199e52d2d0585b6b6282,document_parses/pdf_json/3992da1c201602ef39ec199e52d2d0585b6b6282.json,document_parses/pmc_json/PMC7761494.xml.json,Management Accounting for Healthy Nutrition Education: Meta-Analysis,Meta-Analysis,Management Accounting for Healthy Nutrition Education: Meta-Analysis
7zcrp4ca,10.15252/msb.202110387,447f4f3df95dc6ca4250c200bff8234fce0f14cb; 14fa457824690820a5130135ad41954cf14f3710,document_parses/pdf_json/447f4f3df95dc6ca4250c200bff8234fce0f14cb.json; document_parses/pdf_json/14fa457824690820a5130135ad41954cf14f3710.json,document_parses/pmc_json/PMC8524328.xml.json,"COVID19 Disease Map, a computational knowledge repository of virus–host interaction mechanisms",repository,"COVID19 Disease Map, a computational knowledge repository"
tsp1rjgo,10.3389/fphar.2021.610745,78e308202feb487679319cfa688b164e9088b117,document_parses/pdf_json/78e308202feb487679319cfa688b164e9088b117.json,document_parses/pmc_json/PMC8176116.xml.json,Efficacy of Chinese Herbal Injections for Elderly Patients With pneumonia—A Bayesian Network Meta-analysis of Randomized Control Trials,Meta-analysis,Efficacy of Chinese Herbal Injections for Elderly Patients With pneumonia—A Bayesian Network Meta-analysis
qwzktglj,10.3389/fpsyt.2021.760911,ed0bffbc27c8125a4d666d2f074556153bd24c37,document_parses/pdf_json/ed0bffbc27c8125a4d666d2f074556153bd24c37.json,document_parses/pmc_json/PMC8818673.xml.json,Prevalence of Internet Gaming Disorder in Medical Students: A Meta-Analysis,Meta-Analysis,Prevalence of Internet Gaming Disorder in Medical Students: A Meta-Analysis
xlwsj3v2,10.3390/plants9070842,27389d1ce5f31640aa397a182cebea25459ee164,document_parses/pdf_json/27389d1ce5f31640aa397a182cebea25459ee164.json,document_parses/pmc_json/PMC7411908.xml.json,Plant Molecular Farming: A Viable Platform for Recombinant Biopharmaceutical Production,Platform,Plant Molecular Farming: A Viable Platform
4m3xovu5,10.3389/fmed.2021.798294,,,,Efficacy Comparison of Pulsed Dye Laser vs. Microsecond 1064-nm Neodymium:Yttrium-Aluminum-Garnet Laser in the Treatment of Rosacea: A Meta-Analysis,Meta-Analysis,Efficacy Comparison of Pulsed Dye Laser vs. Microsecond 1064-nm Neodymium:Yttrium-Aluminum-Garnet Laser in the Treatment of Rosacea: A Meta-Analysis
l8tx7tyy,10.1093/nar/gkr1147,6edbfac15ca59eb0e18859543190088f7a52112e,document_parses/pdf_json/6edbfac15ca59eb0e18859543190088f7a52112e.json,document_parses/pmc_json/PMC3245049.xml.json,VIRsiRNAdb: a curated database of experimentally validated viral siRNA/shRNA,database,VIRsiRNAdb: a curated database
66h8i32y,10.1007/s11065-021-09532-1,,,,Neuropsychological Interventions for Cancer-Related Cognitive Impairment: A Network Meta-Analysis of Randomized Controlled Trials,Meta-Analysis,Neuropsychological Interventions for Cancer-Related Cognitive Impairment: A Network Meta-Analysis
km4g6y1m,10.1101/2020.06.07.20124610,,,,Relationship Between Blood Group and Risk of Infection and Death in COVID-19: a live Meta-Analysis,Meta-Analysis,Relationship Between Blood Group and Risk of Infection and Death in COVID-19: a live Meta-Analysis
qeuo8or6,10.1111/imm.13201,0367d34e2fee7ec9c8953a784b7e8a583fa77018,document_parses/pdf_json/0367d34e2fee7ec9c8953a784b7e8a583fa77018.json,document_parses/pmc_json/PMC7160655.xml.json,"Guide to Immunopharmacology: a database to boost immunology education, research and therapy",database,Guide to Immunopharmacology: a database
btg09q73,10.3390/bios11080291,cf18cc5f85d337d225e0a9c9d33806c744a0f8d8,document_parses/pdf_json/cf18cc5f85d337d225e0a9c9d33806c744a0f8d8.json,document_parses/pmc_json/PMC8392528.xml.json,Electroanalytical Overview: Electrochemical Sensing Platforms for Food and Drink Safety,Platforms,Electroanalytical Overview: Electrochemical Sensing Platforms
lfidowf4,10.2147/amep.s299759,ea223ac63d9bea6e0a04df5dfecaea6379887bac,document_parses/pdf_json/ea223ac63d9bea6e0a04df5dfecaea6379887bac.json,document_parses/pmc_json/PMC7850163.xml.json,Use of an Adaptive e-Learning Platform as a Formative Assessment Tool in the Cardiovascular System Course Component of an MBBS Programme [Letter],Platform,Use of an Adaptive e-Learning Platform
g2zdv5dc,10.1002/alr.22689,a13dd5ddc15c5d954b675e4bf8ddec58535c7ab9,document_parses/pdf_json/a13dd5ddc15c5d954b675e4bf8ddec58535c7ab9.json,,Reply to: Correspondence – International Registry of Otolaryngologist – Head and Neck Surgeons with COVID‐19,Registry,Reply to: Correspondence – International Registry
qnz30sdk,10.1093/nar/gkab1021,69fdbe9fdf892b13311c7774d2db444b60a441e5,document_parses/pdf_json/69fdbe9fdf892b13311c7774d2db444b60a441e5.json,document_parses/pmc_json/PMC8728276.xml.json,INDI—integrated nanobody database for immunoinformatics,database,INDI—integrated nanobody database
l3ec6gdm,10.12688/f1000research.74645.1,7ad498c622bb16c11080d1b79f0a8a671abf00f7,document_parses/pdf_json/7ad498c622bb16c11080d1b79f0a8a671abf00f7.json,document_parses/pmc_json/PMC9034173.xml.json,"Temporal trends of sex differences for COVID-19 infection, hospitalisation, severe disease, intensive care unit (ICU) admission and death: a meta-analysis of 229 studies covering over 10M patients",meta-analysis,"Temporal trends of sex differences for COVID-19 infection, hospitalisation, severe disease, intensive care unit (ICU) admission and death: a meta-analysis"
pu2gy68n,10.1186/s12859-020-03881-z,655b7c36849a40dd8fa2dabf683de198cd3feff4; 4f8d6623dbe520187a032102b833f2499391b949,document_parses/pdf_json/655b7c36849a40dd8fa2dabf683de198cd3feff4.json; document_parses/pdf_json/4f8d6623dbe520187a032102b833f2499391b949.json,document_parses/pmc_json/PMC7776311.xml.json,Propedia: a database for protein–peptide identification based on a hybrid clustering algorithm,database,Propedia: a database
7dkqwaiu,10.1111/ene.14748,41dfd09ed70d0b63145822ab656abad813600d2f,document_parses/pdf_json/41dfd09ed70d0b63145822ab656abad813600d2f.json,document_parses/pmc_json/PMC8013314.xml.json,Neurological complications of COVID‐19 in hospitalized patients: The registry of a neurology department in the first wave of the pandemic,registry,Neurological complications of COVID‐19 in hospitalized patients: The registry
q3qjf5j9,10.1007/5584_2021_665,,,,The Probable Protective Effect of Photobiomodulation on the Inflammation of the Airway and Lung in COVID-19 Treatment: A Preclinical and Clinical Meta-Analysis.,Meta-Analysis,Lung in COVID-19 Treatment: A Preclinical and Clinical Meta-Analysis
hstomkk5,10.1534/g3.117.041491,942326084a2892419bebfb4508ed7158c158fac9,document_parses/pdf_json/942326084a2892419bebfb4508ed7158c158fac9.json,document_parses/pmc_json/PMC5473744.xml.json,Inbred Strain Variant Database (ISVdb): A Repository for Probabilistically Informed Sequence Differences Among the Collaborative Cross Strains and Their Founders,Repository,Inbred Strain Variant Database (ISVdb): A Repository
lr4lrllo,10.3233/jad-229002,,,,Erratum to: Does Certainty of Genuine Treatment Increase the Drug Response in Alzheimer's Disease Patients: A Meta-Analysis and Critical Discussion.,Meta-Analysis,Increase the Drug Response in Alzheimer's Disease Patients: A Meta-Analysis
6e8gdfcf,10.1097/md.0000000000022177,ac32d6e4e5dffed97d8f859cf21b228c8d34a4b0,document_parses/pdf_json/ac32d6e4e5dffed97d8f859cf21b228c8d34a4b0.json,document_parses/pmc_json/PMC7505303.xml.json,Effectiveness and safety of acupuncture for anxiety disorder of coronavirus disease 2019: A protocol of systematic review and meta-analysis,meta-analysis,2019: A protocol of systematic review and meta-analysis
y6xzo94k,10.1007/s00120-022-01765-z,,,,[Safety and efficacy of en bloc vs. conventional transurethral resection of bladder tumors: a meta-analysis and systematic review]./ Sicherheit und Effizienz der en bloc vs. konventionellen transurethralen Resektion von Blasentumoren: eine Metaanalyse und systematic Review,meta-analysis,[Safety and efficacy of en bloc vs. conventional transurethral resection of bladder tumors: a meta-analysis
rhojc8hx,10.1016/j.numecd.2020.05.014,18e9e45659afeb7facbabe5107454fd292be32a9,document_parses/pdf_json/18e9e45659afeb7facbabe5107454fd292be32a9.json,,Diabetes as a risk factor for greater COVID-19 severity and in-hospital death: a meta-analysis of observational studies,meta-analysis,Diabetes as a risk factor for greater COVID-19 severity and in-hospital death: a meta-analysis
b79omhbh,10.1093/ptj/pzab075,1254d4ffc5fd5a7bbca6a3add32c14e69e544071,document_parses/pdf_json/1254d4ffc5fd5a7bbca6a3add32c14e69e544071.json,,Effectiveness of Telerehabilitation in Physical Therapist Practice: An Umbrella and Mapping Review with Meta–Meta-Analysis,Meta-Analysis,Mapping Review with Meta–Meta-Analysis
zz8nx6z1,10.6859/aja.202202/pp.0003,,,,Comparison of Radiofrequency and Corticosteroid Injection for Treatment of Lumbar Facet Joint Pain: A Meta-Analysis,Meta-Analysis,Lumbar Facet Joint Pain: A Meta-Analysis
rablo2cm,10.1038/s41418-020-00680-0,dc18ab1a2ac7ff3f47f3c6196d1c68e0c2253be3,document_parses/pdf_json/dc18ab1a2ac7ff3f47f3c6196d1c68e0c2253be3.json,document_parses/pmc_json/PMC7734914.xml.json,Engineering organoids: a promising platform to understand biology and treat diseases,platform,Engineering organoids: a promising platform
6c5az4oj,10.1039/c8ra02658k,,,,"1,3,5-Triphenylbenzene: a versatile photoluminescent chemo-sensor platform and supramolecular building block",platform,"1,3,5-Triphenylbenzene: a versatile photoluminescent chemo-sensor platform"
itda59dg,10.1016/j.ijid.2021.01.069,c5731ae63a7679b49337e683de27e52f7e51621f,document_parses/pdf_json/c5731ae63a7679b49337e683de27e52f7e51621f.json,,Incubation period of COVID-19: a meta-analysis,meta-analysis,Incubation period of COVID-19: a meta-analysis
zgg3tkuz,10.1136/bmjopen-2020-038223,f52e27dd9820b0b425cf526270ebecbe9e2fbe8d; 602acd244d0b06a6287d59ef483a05c873c50aa9,document_parses/pdf_json/f52e27dd9820b0b425cf526270ebecbe9e2fbe8d.json; document_parses/pdf_json/602acd244d0b06a6287d59ef483a05c873c50aa9.json,document_parses/pmc_json/PMC7682447.xml.json,"Longitudinal study of symptom burden in outpatients with advanced cancers based on electronic Patient-Reported Outcome (ePRO) platform: a single institution, prospective study protocol",platform,Patient-Reported Outcome (ePRO) platform
df5t66yq,10.1016/j.ajem.2021.08.054,9a170488cf4038529a98f8130c18d4ec6f29e060,document_parses/pdf_json/9a170488cf4038529a98f8130c18d4ec6f29e060.json,document_parses/pmc_json/PMC8386099.xml.json,The association between obesity and ICU admission among COVID-19 patients: A meta-analysis of adjusted risk estimates,meta-analysis,The association between obesity and ICU admission among COVID-19 patients: A meta-analysis
freff9cm,10.4088/jcp.21r13969,,,,The Effect of Repetitive Transcranial Magnetic Stimulation on Suicidal Ideation in Treatment-Resistant Depression: A Meta-Analysis.,Meta-Analysis,The Effect of Repetitive Transcranial Magnetic Stimulation on Suicidal Ideation in Treatment-Resistant Depression: A Meta-Analysis
ofq9svdd,10.1093/bib/bbaa425,,,,HVIDB: a comprehensive database for human-virus protein-protein interactions.,database,HVIDB: a comprehensive database
71bg6grx,10.3389/fpsyg.2021.729302,4382615091b3d3ba520e834432bd20fd11633177,document_parses/pdf_json/4382615091b3d3ba520e834432bd20fd11633177.json,document_parses/pmc_json/PMC8548418.xml.json,Baby’s Online Live Database: An Open Platform for Developmental Science,Platform,’s Online Live Database: An Open Platform
25285u24,10.1159/000369561,40f7b162fb74bd044f4eb05cdce48a1d1c6018b4,document_parses/pdf_json/40f7b162fb74bd044f4eb05cdce48a1d1c6018b4.json,document_parses/pmc_json/PMC7179531.xml.json,Incidence of Respiratory Viral Infections Detected by PCR and Real-Time PCR in Adult Patients with Community-Acquired Pneumonia: A Meta-Analysis,Meta-Analysis,Incidence of Respiratory Viral Infections Detected by PCR and Real-Time PCR in Adult Patients with Community-Acquired Pneumonia: A Meta-Analysis
pw3oytp8,10.3171/2022.2.peds21234,,,,Intracranial aneurysms in the infant population: an institutional case series and individual participant data meta-analysis,individual participant data; individual participant data meta-analysis; meta-analysis,and individual participant data meta-analysis; Intracranial aneurysms in the infant population: an institutional case series and individual participant data
1d5lqph5,10.1016/j.micpath.2022.105498,9bd773ec023bea23ed005c768a175b1a758e9be7; 63a1488dc9052ae10a6bf9a313a8c51e48a26eca,document_parses/pdf_json/9bd773ec023bea23ed005c768a175b1a758e9be7.json; document_parses/pdf_json/63a1488dc9052ae10a6bf9a313a8c51e48a26eca.json,document_parses/pmc_json/PMC8949659.xml.json,"Accuracy of clustered regularly interspaced short palindromic repeats (CRISPR) to diagnose COVID-19, a meta-analysis",meta-analysis,") to diagnose COVID-19, a meta-analysis"
zjg73ynw,10.1016/j.arcmed.2021.08.002,a613b48533bc7943d6122d49c46528f0713bf6b5,document_parses/pdf_json/a613b48533bc7943d6122d49c46528f0713bf6b5.json,document_parses/pmc_json/PMC8349690.xml.json,The Association Between Anti-diabetic Agents and Clinical Outcomes of COVID-19 in Patients with Diabetes: A Systematic Review and Meta-Analysis: Anti-diabetic Agents and COVID-19: A Meta-Analysis,Meta-Analysis,The Association Between Anti-diabetic Agents and Clinical Outcomes of COVID-19 in Patients with Diabetes: A Systematic Review and Meta-Analysis: Anti-diabetic Agents and COVID-19: A Meta-Analysis
iiy1wgga,10.2196/30557,,,document_parses/pmc_json/PMC8783287.xml.json,Enabling Research and Clinical Use of Patient-Generated Health Data (the mindLAMP Platform): Digital Phenotyping Study,Platform,-Generated Health Data (the mindLAMP Platform
ga625frn,10.1016/j.jaad.2020.06.1016,ff240ca7d60fef33cc320537caaa70cd984e377d,document_parses/pdf_json/ff240ca7d60fef33cc320537caaa70cd984e377d.json,,The spectrum of COVID-19-associated dermatologic manifestations: an international registry of 716 patients from 31 countries,registry,The spectrum of COVID-19-associated dermatologic manifestations: an international registry
kxivlo61,10.1039/d1lc00879j,,,,Immuno-biosensor on a chip: a self-powered microfluidic-based electrochemical biosensing platform for point-of-care quantification of proteins.,platform,Immuno-biosensor on a chip: a self-powered microfluidic-based electrochemical biosensing platform
ul63ekqq,10.3390/cancers14051243,,,,Valid-NEO: A Multi-Omics Platform for Neoantigen Detection and Quantification from Limited Clinical Samples,Platform,Valid-NEO: A Multi-Omics Platform
2a8hojse,10.4103/ijmm.ijmm_20_330,88ea5003310ce56ed7c1272b527b6a1dc600b51a,document_parses/pdf_json/88ea5003310ce56ed7c1272b527b6a1dc600b51a.json,,Effect of Chloroquine and Hydroxychloroquine on COVID-19 Virological Outcomes: An Updated Meta-Analysis,Meta-Analysis,Effect of Chloroquine and Hydroxychloroquine on COVID-19 Virological Outcomes: An Updated Meta-Analysis
mxh0n1w1,10.1007/s10561-021-09967-z,a60f836931597405e9c0a99b75519e9364a6601e,document_parses/pdf_json/a60f836931597405e9c0a99b75519e9364a6601e.json,document_parses/pmc_json/PMC8520074.xml.json,Blood and bone marrow donor registry of Istanbul medical faculty activity and experience in past 3 years: A cross-sectional documentation of TRIS activity: the first blood and marrow registry in Turkey,registry,documentation of TRIS activity: the first blood and marrow registry
i70j6955,10.3390/ijms22179620,9a52e1f87fbbd70812309452c0bc7a41b5abfc27,document_parses/pdf_json/9a52e1f87fbbd70812309452c0bc7a41b5abfc27.json,document_parses/pmc_json/PMC8431785.xml.json,OGT Protein Interaction Network (OGT-PIN): A Curated Database of Experimentally Identified Interaction Proteins of OGT,Database,(OGT-PIN): A Curated Database
rdo3ml3j,10.1016/j.jns.2021.117776,,,,Increased risk of death from COVID-19 in multiple sclerosis: A meta-analysis of observational studies,meta-analysis,Increased risk of death from COVID-19 in multiple sclerosis: A meta-analysis
ney1o9bh,10.14202/vetworld.2021.2782-2792,e3199919cfccb2e0e10d021719ec9fd6e97f7374,document_parses/pdf_json/e3199919cfccb2e0e10d021719ec9fd6e97f7374.json,document_parses/pmc_json/PMC8654752.xml.json,Severe acute respiratory syndrome-coronavirus 2 in domesticated animals and its potential of transmission: A meta-analysis,meta-analysis,respiratory syndrome-coronavirus 2 in domesticated animals and its potential of transmission: A meta-analysis
dxm0d7lj,10.1016/j.jinf.2021.03.008,6ab3688ce7d7aa871c7e575eddad102a2c2db826,document_parses/pdf_json/6ab3688ce7d7aa871c7e575eddad102a2c2db826.json,document_parses/pmc_json/PMC7970418.xml.json,IL-6 inhibition in the treatment of COVID-19: a meta-analysis and meta-regression,meta-analysis,IL-6 inhibition in the treatment of COVID-19: a meta-analysis
kmw53q5z,10.12669/pjms.37.5.4351,59cbf81f4b36b20d8487e46b364b76a5f47074f9,document_parses/pdf_json/59cbf81f4b36b20d8487e46b364b76a5f47074f9.json,document_parses/pmc_json/PMC8377922.xml.json,"Characteristics, risk factors and outcomes of gastrointestinal hemorrhage in COVID-19 patients: A meta-analysis",meta-analysis,"Characteristics, risk factors and outcomes of gastrointestinal hemorrhage in COVID-19 patients: A meta-analysis"
qyjtvwup,10.1080/14767058.2022.2033722,,,,Maternal infection with COVID-19 and increased risk of adverse pregnancy outcomes: a meta-analysis,meta-analysis,of adverse pregnancy outcomes: a meta-analysis
z4fnd13n,10.1111/bjd.19985,,,,P19: Cutaneous manifestations of COVID‐19 in the UK: a registry of digital submissions from interdisciplinary healthcare professionals,registry,P19: Cutaneous manifestations of COVID‐19 in the UK: a registry
qdwtekgc,10.1007/s00198-016-3824-z,1a196b0f80404e60339407054c9e0a767160cd59,document_parses/pdf_json/1a196b0f80404e60339407054c9e0a767160cd59.json,document_parses/pmc_json/PMC7079838.xml.json,Steroid therapy and the risk of osteonecrosis in SARS patients: a dose-response meta-analysis,meta-analysis,Steroid therapy and the risk of osteonecrosis in SARS patients: a dose-response meta-analysis
mbt8h1gr,10.3389/fnut.2021.795802,81ea67372d935f032326f21df3fd6baa9326a4d9,document_parses/pdf_json/81ea67372d935f032326f21df3fd6baa9326a4d9.json,document_parses/pmc_json/PMC8984108.xml.json,Responsible Governance for a Food and Nutrition E-Infrastructure: Case Study of the Determinants and Intake Data Platform,Platform,Infrastructure: Case Study of the Determinants and Intake Data Platform
98helrto,10.1101/2020.09.18.20195370,75255088a52f30e5f06d2380f8b9272073f21780,document_parses/pdf_json/75255088a52f30e5f06d2380f8b9272073f21780.json,,"Diagnosis of SARS-CoV-2 infection with LamPORE, a high-throughput platform combining loop-mediated isothermal amplification and nanopore sequencing",platform,"CoV-2 infection with LamPORE, a high-throughput platform"
kuqlbg8f,10.1016/j.btre.2021.e00605,a7fd04b5188cccfb7358cfaeefca7d3eae66cd82,document_parses/pdf_json/a7fd04b5188cccfb7358cfaeefca7d3eae66cd82.json,document_parses/pmc_json/PMC7937989.xml.json,Hepatitis B core-based virus-like particles: A platform for vaccine development in plants,platform,virus-like particles: A platform
or9bbdht,10.18433/jpps32518,,,,Association Between Vitamin D Levels and Inflammatory Markers in COVID-19 Patients: A Meta-Analysis of Observational Studies,Meta-Analysis,Association Between Vitamin D Levels and Inflammatory Markers in COVID-19 Patients: A Meta-Analysis
04d3qu60,10.3389/fmed.2021.809118,4db6db3173b956bb8ea722662a9262df6aba6063,document_parses/pdf_json/4db6db3173b956bb8ea722662a9262df6aba6063.json,document_parses/pmc_json/PMC8864161.xml.json,Gene Therapy Advances: A Meta-Analysis of AAV Usage in Clinical Settings,Meta-Analysis,Gene Therapy Advances: A Meta-Analysis
nw4e0uo2,10.1136/gutjnl-2021-325941,,,,Prevalence and outcomes of acute pancreatitis in COVID-19: a meta-analysis,meta-analysis,Prevalence and outcomes of acute pancreatitis in COVID-19: a meta-analysis
0uh5yarg,10.1186/s13054-021-03733-z,5e92ce7c28026fe456a2cbf911105cdb06447fc0,document_parses/pdf_json/5e92ce7c28026fe456a2cbf911105cdb06447fc0.json,document_parses/pmc_json/PMC8381710.xml.json,"The Dutch Data Warehouse, a multicenter and full-admission electronic health records database for critically ill COVID-19 patients",database,"The Dutch Data Warehouse, a multicenter and full-admission electronic health records database"
czgcazbq,10.1093/nar/gkab1048,c8d6bee663b8690ef83fb568f4300042428aacab,document_parses/pdf_json/c8d6bee663b8690ef83fb568f4300042428aacab.json,document_parses/pmc_json/PMC8728227.xml.json,HumanNet v3: an improved database of human gene networks for disease research,database,HumanNet v3: an improved database
aqdg8x4h,10.3390/vaccines9070747,2b727a7f6f4c2a4ef3d52b05647cae87f0674064,document_parses/pdf_json/2b727a7f6f4c2a4ef3d52b05647cae87f0674064.json,document_parses/pmc_json/PMC8310218.xml.json,"Accelerated Development of COVID-19 Vaccines: Technology Platforms, Benefits, and Associated Risks",Platforms,Accelerated Development of COVID-19 Vaccines: Technology Platforms
9kx4al58,10.1016/j.ejphar.2021.174579,eae498f9074a8d51a007e10c749b33392211064e,document_parses/pdf_json/eae498f9074a8d51a007e10c749b33392211064e.json,document_parses/pmc_json/PMC8525014.xml.json,Use of steroids in COVID-19 patients: A meta-analysis,meta-analysis,Use of steroids in COVID-19 patients: A meta-analysis
tfrbwzjd,10.1016/j.bbr.2022.113834,,,,Approach and Avoidance Beyond Verbal Measures: A Quantitative Meta-Analysis of Human Conditioned Place Preference Studies,Meta-Analysis,Approach and Avoidance Beyond Verbal Measures: A Quantitative Meta-Analysis
6seqzsqi,10.1016/j.clnesp.2021.12.015,,,,Antioxidant micronutrient supplements for adult critically ill patients: A bayesian multiple treatment comparisons meta-analysis.,meta-analysis,bayesian multiple treatment comparisons meta-analysis
xb24bqhm,10.1007/s00380-022-02055-6,7be9e8796c448c1daa06cb12d700d8ea58d04a5e,document_parses/pdf_json/7be9e8796c448c1daa06cb12d700d8ea58d04a5e.json,document_parses/pmc_json/PMC8925980.xml.json,Cardiac involvement in coronavirus disease 2019 assessed by cardiac magnetic resonance imaging: a meta-analysis,meta-analysis,Cardiac involvement in coronavirus disease 2019 assessed by cardiac magnetic resonance imaging: a meta-analysis
sqb0qzty,10.1016/j.annonc.2021.08.1339,,,,929TiP HERODOTUS: Head and neck cancers international COVID-19 collaboration: An international registry on head and neck cancer with COVID-19,registry,cancers international COVID-19 collaboration: An international registry
ocfnh3at,10.1016/j.cmi.2021.12.002,,,,Efficacy and safety of antiviral therapy in critically ill patients with mechanical ventilation: a meta-analysis with trial sequential analysis of randomized controlled trials.,meta-analysis,Efficacy and safety of antiviral therapy in critically ill patients with mechanical ventilation: a meta-analysis
axdhbeji,10.1093/jamia/ocab264,f4c07e527bfed595ff7f6b89a038555c2eda7f6f,document_parses/pdf_json/f4c07e527bfed595ff7f6b89a038555c2eda7f6f.json,document_parses/pmc_json/PMC8922162.xml.json,The Mass General Brigham Biobank Portal: an i2b2-based data repository linking disparate and high-dimensional patient data to support multimodal analytics,repository,General Brigham Biobank Portal: an i2b2-based data repository
lnk3wr91,10.1093/ccc/tcab044,9de77177e095008bc29d0f15ba94d08960f5dd96,document_parses/pdf_json/9de77177e095008bc29d0f15ba94d08960f5dd96.json,document_parses/pmc_json/PMC8344814.xml.json,Coalitions of Socio-Technical Infrastructure: Platforms as Essential Services,Platforms,Coalitions of Socio-Technical Infrastructure: Platforms
s5y4fob8,10.1016/j.eclinm.2022.101287,237836b061151979bad5cc5c0230871726e091f5,document_parses/pdf_json/237836b061151979bad5cc5c0230871726e091f5.json,,Which children and young people are at higher risk of severe disease and death after hospitalisation with SARS-CoV-2 infection in children and young people: A systematic review and individual patient meta-analysis,meta-analysis,: A systematic review and individual patient meta-analysis
qt5qlyk0,10.1038/s41430-020-0670-z,338830a44e5564362fe9902046e3ca79a1544967,document_parses/pdf_json/338830a44e5564362fe9902046e3ca79a1544967.json,document_parses/pmc_json/PMC7279433.xml.json,Effects of probiotic supplementation on natural killer cell function in healthy elderly individuals: a meta-analysis of randomized controlled trials,meta-analysis,Effects of probiotic supplementation on natural killer cell function in healthy elderly individuals: a meta-analysis
6lxa5rds,10.1186/s12859-021-04207-3,96edc37082cc19d851ae13e5a4b75674e30780f5,document_parses/pdf_json/96edc37082cc19d851ae13e5a4b75674e30780f5.json,document_parses/pmc_json/PMC8157669.xml.json,Lantern: an integrative repository of functional annotations for lncRNAs in the human genome,repository,Lantern: an integrative repository
c3prfal9,10.1186/s12862-021-01911-9,a609c5bd00b7505d643fd017ffad234bbd36dd12,document_parses/pdf_json/a609c5bd00b7505d643fd017ffad234bbd36dd12.json,document_parses/pmc_json/PMC8541809.xml.json,European agroforestry has no unequivocal effect on biodiversity: a time-cumulative meta-analysis,meta-analysis,has no unequivocal effect on biodiversity: a time-cumulative meta-analysis
dfsf70w1,10.1101/2022.04.04.486952,1897dd501c57723e9cc7d5c2f2e572b111a5a6bd,document_parses/pdf_json/1897dd501c57723e9cc7d5c2f2e572b111a5a6bd.json,,"mRNAid, an Open-Source Platform for Therapeutic mRNA Design and Optimization Strategies",Platform,"mRNAid, an Open-Source Platform"
but5od4b,10.1016/j.ifacol.2021.10.466,f1ae60dc5d766a8af02cc54b92d733075c2414e0,document_parses/pdf_json/f1ae60dc5d766a8af02cc54b92d733075c2414e0.json,,COVID-Bot: UV-C Based Autonomous Sanitizing Robotic Platform for COVID-19,Platform,COVID-Bot: UV-C Based Autonomous Sanitizing Robotic Platform
occrkn7t,10.1016/j.micpath.2017.10.021,e1cb64fa097f94efbeadfdc5e98ed7d9d0e58f87,document_parses/pdf_json/e1cb64fa097f94efbeadfdc5e98ed7d9d0e58f87.json,document_parses/pmc_json/PMC7127529.xml.json,Worldwide prevalence of viral infection in AECOPD patients: A meta-analysis,meta-analysis,Worldwide prevalence of viral infection in AECOPD patients: A meta-analysis
bqsbuqqd,,756dbc931627ce595e70224e084e8cb89d38287c,document_parses/pdf_json/756dbc931627ce595e70224e084e8cb89d38287c.json,document_parses/pmc_json/PMC4155143.xml.json,Effect of integrated traditional Chinese medicine and western medicine on the treatment of severe acute respiratory syndrome: A meta-analysis,meta-analysis,Effect of integrated traditional Chinese medicine and western medicine on the treatment of severe acute respiratory syndrome: A meta-analysis
1s15hqd0,10.1101/2021.04.13.21255411,92a0f3ad0a4b6dc012dad5ffceef08657e29ac1c,document_parses/pdf_json/92a0f3ad0a4b6dc012dad5ffceef08657e29ac1c.json,,Effect of anakinra on mortality in COVID-19: a patient level meta-analysis,meta-analysis,: a patient level meta-analysis
7x8vxfm6,10.1039/d1dt04317j,,,,A2P2S6 (A = Ba and Pb): a good platform to study the polymorph effect and lone pair effect to form an acentric structure.,platform,(A = Ba and Pb): a good platform
yekxy1wg,10.1093/bib/bbab274,a77bfaf403b29ab4ad674b857782bd48e0285253,document_parses/pdf_json/a77bfaf403b29ab4ad674b857782bd48e0285253.json,document_parses/pmc_json/PMC8344678.xml.json,ADEIP: an integrated platform of age-dependent expression and immune profiles across human tissues,platform,ADEIP: an integrated platform
0bdhvgf6,10.1016/j.ajem.2022.03.010,e494a0c8be21cfcc1710704ca6c4315ccff7e889; b67370aef1e103bae54c770bde4321be94868f72,document_parses/pdf_json/e494a0c8be21cfcc1710704ca6c4315ccff7e889.json; document_parses/pdf_json/b67370aef1e103bae54c770bde4321be94868f72.json,document_parses/pmc_json/PMC8904002.xml.json,Significant association between ischemic heart disease and elevated risk for COVID-19 mortality: A meta-analysis,meta-analysis,Significant association between ischemic heart disease and elevated risk for COVID-19 mortality: A meta-analysis
n9amkau8,10.3389/fphar.2021.783104,30f66cbd3a4f579db8c711e6cc2ba39db8f8856b,document_parses/pdf_json/30f66cbd3a4f579db8c711e6cc2ba39db8f8856b.json,document_parses/pmc_json/PMC8703065.xml.json,Safety and Efficacy of Low Molecular Weight Heparin for Thromboprophylaxis in the Elderly: A Network Meta-Analysis of Randomized Clinical Trials,Meta-Analysis,Safety and Efficacy of Low Molecular Weight Heparin for Thromboprophylaxis in the Elderly: A Network Meta-Analysis
h7zft3vi,10.1177/08850666211045896,,,,"Sedation and Analgesia in Patients Undergoing Tracheostomy in COVID-19, a Multi-Center Registry.",Registry,"Sedation and Analgesia in Patients Undergoing Tracheostomy in COVID-19, a Multi-Center Registry"
4qjuxvx5,10.7717/peerj.11120,0c751e1910540a8ed0ece8b518e31b772d3e378b,document_parses/pdf_json/0c751e1910540a8ed0ece8b518e31b772d3e378b.json,document_parses/pmc_json/PMC8098674.xml.json,PhyloPrimer: a taxon-specific oligonucleotide design platform,platform,PhyloPrimer: a taxon-specific oligonucleotide design platform
xzd12ea4,10.1093/nar/gkab850,65b109a2fe8f4960bb09ec87df94d3cb44d990e7,document_parses/pdf_json/65b109a2fe8f4960bb09ec87df94d3cb44d990e7.json,document_parses/pmc_json/PMC8728200.xml.json,COVID19db: a comprehensive database platform to discover potential drugs and targets of COVID-19 at whole transcriptomic scale,platform,COVID19db: a comprehensive database platform
6eb9f9b6,10.1007/s13167-021-00241-6,,,,"Metabo-tip: a metabolomics platform for lifestyle monitoring supporting the development of novel strategies in predictive, preventive and personalised medicine. (Special Issue: Predictive, preventive and personalised (3P) medical approach in population health: life-style and sleep quality, periodontal health, microbiome, anti-cancer and anti-COVID-19 protection.)",platform,Metabo-tip: a metabolomics platform
vzglfwsj,10.1016/s1473-3099(21)00387-x,,,,Tuberculosis screening among ambulatory people living with HIV: a systematic review and individual participant data meta-analysis,individual participant data; individual participant data meta-analysis; meta-analysis,and individual participant data meta-analysis; Tuberculosis screening among ambulatory people living with HIV: a systematic review and individual participant data
dieru96i,10.1016/j.ohx.2022.e00260,111622501e239adcddeb23d85d47f729184105be,document_parses/pdf_json/111622501e239adcddeb23d85d47f729184105be.json,document_parses/pmc_json/PMC8752315.xml.json,"Open Ventilator Evaluation Framework: A Synthesized Database of Regulatory Requirements and Technical Standards for Emergency Use Ventilators from Australia, Canada, UK, and US",Database,Open Ventilator Evaluation Framework: A Synthesized Database
yjae75zr,10.3389/fphar.2021.670170,4003168fe3720beaafb51b676522cfcd5560fdea,document_parses/pdf_json/4003168fe3720beaafb51b676522cfcd5560fdea.json,document_parses/pmc_json/PMC8187793.xml.json,Systemic Corticosteroid Administration in Coronavirus Disease 2019 Outcomes: An Umbrella Meta-Analysis Incorporating Both Mild and Pulmonary Fibrosis–Manifested Severe Disease,Meta-Analysis,Systemic Corticosteroid Administration in Coronavirus Disease 2019 Outcomes: An Umbrella Meta-Analysis
n288cnap,10.1101/2020.06.05.20122705,c014305a88e939a813b0664319a4f67190d96c52,document_parses/pdf_json/c014305a88e939a813b0664319a4f67190d96c52.json,,Hydroxychloroquine plus standard care compared with the standard care alone in COVID-19: a meta-analysis of randomized controlled trials,meta-analysis,Hydroxychloroquine plus standard care compared with the standard care alone in COVID-19: a meta-analysis
s5c6w86u,10.1016/j.shaw.2022.04.001,8eb7d9a29521da295eecfbb4a6bd4364b7e05e56,document_parses/pdf_json/8eb7d9a29521da295eecfbb4a6bd4364b7e05e56.json,document_parses/pmc_json/PMC9004144.xml.json,Risk factors for COVID-19 infection among healthcare workers. A first report from a living systematic review and meta-analysis,meta-analysis,. A first report from a living systematic review and meta-analysis
xfjbkriz,10.1007/s11739-021-02880-z,e687a1342a0d7d599e3118f97987dbf957a8f1f6,document_parses/pdf_json/e687a1342a0d7d599e3118f97987dbf957a8f1f6.json,document_parses/pmc_json/PMC8575664.xml.json,Different rates of conjunctivitis in COVID-19 eastern and western hospitalized patients: a meta-analysis,meta-analysis,Different rates of conjunctivitis in COVID-19 eastern and western hospitalized patients: a meta-analysis
t6577sbh,10.1007/s00292-020-00897-3,a33812c10aa464ae320fbf1d6a5d8c22d0199be3,document_parses/pdf_json/a33812c10aa464ae320fbf1d6a5d8c22d0199be3.json,document_parses/pmc_json/PMC7958937.xml.json,Cooperative approach of pathology and neuropathology in the COVID-19 pandemic: German registry for COVID-19 autopsies (DeRegCOVID) and German network for autopsies in pandemics (DEFEAT PANDEMIcs),registry,Cooperative approach of pathology and neuropathology in the COVID-19 pandemic: German registry
5ncmy9iw,10.1016/j.bja.2021.07.033,5828b1411ebf87cb0cf42a27d73a696f19303fff,document_parses/pdf_json/5828b1411ebf87cb0cf42a27d73a696f19303fff.json,document_parses/pmc_json/PMC8403663.xml.json,"Convalescent plasma for COVID-19: a meta-analysis, trial sequential analysis, and meta-regression",meta-analysis,Convalescent plasma for COVID-19: a meta-analysis
vz9yadzk,10.1007/s10544-008-9263-7,068f7225f65e0ce09a8ea4337416f186807ff3ee; 9daf3c23f039656f1db8863336ac86ef9fb6f6ab,document_parses/pdf_json/068f7225f65e0ce09a8ea4337416f186807ff3ee.json; document_parses/pdf_json/9daf3c23f039656f1db8863336ac86ef9fb6f6ab.json,document_parses/pmc_json/PMC2869488.xml.json,Infection on a chip: a microscale platform for simple and sensitive cell-based virus assays,platform,Infection on a chip: a microscale platform
r8ba9530,10.1371/journal.pone.0217594,9a2c1193b96d3e54da56f17d1060e236df5b0e38,document_parses/pdf_json/9a2c1193b96d3e54da56f17d1060e236df5b0e38.json,document_parses/pmc_json/PMC6541297.xml.json,Molecular and serological surveys of canine distemper virus: A meta-analysis of cross-sectional studies,meta-analysis,Molecular and serological surveys of canine distemper virus: A meta-analysis
q8rc9stp,10.1016/s1386-6532(06)80716-x,,,,New sensations in molecular diagnostics—NucliSENS easyMAG extraction platform and NucliSENs EasyQ assays,platform,sensations in molecular diagnostics—NucliSENS easyMAG extraction platform
qa4zf97x,10.1186/s12885-020-06948-5,21c41007b3d08d23bece32008d4e3d4e3ba70931,document_parses/pdf_json/21c41007b3d08d23bece32008d4e3d4e3ba70931.json,document_parses/pmc_json/PMC7267765.xml.json,Similar response rates and survival with PARP inhibitors for patients with solid tumors harboring somatic versus Germline BRCA mutations: a Meta-analysis and systematic review,Meta-analysis,solid tumors harboring somatic versus Germline BRCA mutations: a Meta-analysis
hoc71vxh,10.1007/s11356-020-11029-y,6f40748da54585b21c1ef777b0a372a8170967fa,document_parses/pdf_json/6f40748da54585b21c1ef777b0a372a8170967fa.json,document_parses/pmc_json/PMC7528456.xml.json,Mapping the knowledge of green consumption: a meta-analysis,meta-analysis,Mapping the knowledge of green consumption: a meta-analysis
m671bjvk,10.1016/j.jinf.2020.05.009,5b8e76ed35cd1262b820fbb6894b71afcc5265b8,document_parses/pdf_json/5b8e76ed35cd1262b820fbb6894b71afcc5265b8.json,document_parses/pmc_json/PMC7205641.xml.json,Acute kidney injury in hospitalized patients with coronavirus disease 2019 (COVID-19): a meta-analysis,meta-analysis,Acute kidney injury in hospitalized patients with coronavirus disease 2019 (COVID-19): a meta-analysis
n3w148mz,10.1101/2021.05.30.21256718,04271a84256c56951cc8061d5c5f91d52d1ebaff,document_parses/pdf_json/04271a84256c56951cc8061d5c5f91d52d1ebaff.json,,Clarity Plusâ¢ digital PCR: A novel platform for absolute quantification of SARS-CoV-2,platform,Clarity Plusâ¢ digital PCR: A novel platform
jontn0ll,10.1016/j.jad.2022.02.045,cb7faef2d047e7cab899215fede664d856e4479c; c57c6dec8c2e6a981099efa5f1557253c465c081,document_parses/pdf_json/cb7faef2d047e7cab899215fede664d856e4479c.json; document_parses/pdf_json/c57c6dec8c2e6a981099efa5f1557253c465c081.json,document_parses/pmc_json/PMC8851751.xml.json,The pooled prevalence of the mental problems of Chinese medical staff during the COVID-19 outbreak: A meta-analysis,meta-analysis,The pooled prevalence of the mental problems of Chinese medical staff during the COVID-19 outbreak: A meta-analysis
be3jurfj,10.1016/j.clnesp.2022.01.016,ebd6332dc50fc2852a21583689c8c34d4fdb2c8e,document_parses/pdf_json/ebd6332dc50fc2852a21583689c8c34d4fdb2c8e.json,,Coronavirus disease 2019 (Covid-19) outcomes in patients with sarcopenia: A Meta-analysis and Meta-Regression,Meta-analysis,Coronavirus disease 2019 (Covid-19) outcomes in patients with sarcopenia: A Meta-analysis
jryvthzm,10.1016/j.numecd.2021.06.008,4e84db3338f73323d60f0cf40ea188bed015a707,document_parses/pdf_json/4e84db3338f73323d60f0cf40ea188bed015a707.json,,Authors’ response: Meta-analysis of statin and outcomes of coronavirus disease 2019 (COVID-19),Meta-analysis,Authors’ response: Meta-analysis
hjrf0kl4,10.3389/fnmol.2022.799801,,,,BrainDevo: Spatio-Temporal Gene Regulation Repository of Brain Development,Repository,BrainDevo: Spatio-Temporal Gene Regulation Repository
xcqa9rju,10.1097/gox.0000000000004075,,,,"Treatment of Keloids: A Meta-analysis of Intralesional Triamcinolone, Verapamil, and Their Combination",Meta-analysis,Treatment of Keloids: A Meta-analysis
vf8wwhji,10.1016/j.chest.2020.08.545,,,,USE OF DEXMEDETOMIDINE IN CRITICALLY ILL PATIENTS RECEIVING NONINVASIVE VENTILATION: A META-ANALYSIS OF RANDOMIZED CONTROLLED TRIALS,META-ANALYSIS,IN CRITICALLY ILL PATIENTS RECEIVING NONINVASIVE VENTILATION: A META-ANALYSIS
gpkxirb8,10.1016/j.jad.2021.10.115,17aaa35071efb7939acc80e44e81de2afab15526,document_parses/pdf_json/17aaa35071efb7939acc80e44e81de2afab15526.json,document_parses/pmc_json/PMC8593520.xml.json,"Prevalence rates of anxiety, depressive, and eating pathology symptoms between the pre- and peri-COVID-19 eras: A meta-analysis",meta-analysis,"Prevalence rates of anxiety, depressive, and eating pathology symptoms between the pre- and peri-COVID-19 eras: A meta-analysis"
ppndqum8,10.3390/v13101938,122a14abfcd88cb13504f5db358959a67edaa58d,document_parses/pdf_json/122a14abfcd88cb13504f5db358959a67edaa58d.json,document_parses/pmc_json/PMC8538673.xml.json,Prognostic Role of Metabolic Syndrome in COVID-19 Patients: A Systematic Review Meta-Analysis,Meta-Analysis,Prognostic Role of Metabolic Syndrome in COVID-19 Patients: A Systematic Review Meta-Analysis
4o0amuk6,10.1371/journal.pcbi.1009183,18f2c1f9299f47fec5735fdfc0ef48f45de9844e,document_parses/pdf_json/18f2c1f9299f47fec5735fdfc0ef48f45de9844e.json,document_parses/pmc_json/PMC8312936.xml.json,COVIDomic: A multi-modal cloud-based platform for identification of risk factors associated with COVID-19 severity,platform,COVIDomic: A multi-modal cloud-based platform
90ara7co,10.1021/acsomega.1c02085,65b0ce7dded006a54beabce8e80b2e72900c87a5; f9b12eafc3cd0796645ffcaa9cdf962bf84f5344,document_parses/pdf_json/65b0ce7dded006a54beabce8e80b2e72900c87a5.json; document_parses/pdf_json/f9b12eafc3cd0796645ffcaa9cdf962bf84f5344.json,document_parses/pmc_json/PMC8296609.xml.json,Polyethyleneimine-Functionalized Carbon Nanotube/Graphene Oxide Composite: A Novel Sensing Platform for Pb(II) Acetate in Aqueous Solution,Platform,/Graphene Oxide Composite: A Novel Sensing Platform
vzdetjc5,10.1080/13880209.2021.1915340,13274dfe3efb30a3db0d0e637e3a645e4fa0d7a2,document_parses/pdf_json/13274dfe3efb30a3db0d0e637e3a645e4fa0d7a2.json,document_parses/pmc_json/PMC8081330.xml.json,Efficacy and safety of Chinese patent medicine (Kang-ai injection) as an adjuvant in the treatment of patients with hepatocellular carcinoma: a meta-analysis,meta-analysis,Efficacy and safety of Chinese patent medicine (Kang-ai injection) as an adjuvant in the treatment of patients with hepatocellular carcinoma: a meta-analysis
x7bejjkk,10.1016/j.isci.2020.101297,52f3259b1cecffb13c8ec572b113744880f2194b,document_parses/pdf_json/52f3259b1cecffb13c8ec572b113744880f2194b.json,,CORDITE: the curated CORona Drug InTERactions database for SARS-CoV-2,database,CORDITE: the curated CORona Drug InTERactions database
bw72kpji,10.1016/j.clinimag.2020.10.035,21ef4744b8fecbbfad344fe362953faa602ee041,document_parses/pdf_json/21ef4744b8fecbbfad344fe362953faa602ee041.json,document_parses/pmc_json/PMC7585632.xml.json,Chest CT sfindings of coronavirus disease 2019 (COVID-19): A comprehensive meta-analysis of 9907 confirmed patients,meta-analysis,Chest CT sfindings of coronavirus disease 2019 (COVID-19): A comprehensive meta-analysis
9au1zl0m,10.1007/s12144-022-02913-6,c287fd6b6c3a17539c8102c305c89d060c768520,document_parses/pdf_json/c287fd6b6c3a17539c8102c305c89d060c768520.json,document_parses/pmc_json/PMC8887799.xml.json,Mental health among the general population and healthcare workers during the COVID-19 pandemic: A meta-analysis of well-being and psychological distress prevalence,meta-analysis,Mental health among the general population and healthcare workers during the COVID-19 pandemic: A meta-analysis
lo2eymlw,10.1371/journal.pone.0078583,9ea47ba2d63a493e63f3152e04a8e20a097f1746,document_parses/pdf_json/9ea47ba2d63a493e63f3152e04a8e20a097f1746.json,document_parses/pmc_json/PMC3888399.xml.json,Influenza A(H1N1)pdm09 and Cystic Fibrosis Lung Disease: A Systematic Meta-Analysis,Meta-Analysis,Influenza A(H1N1)pdm09 and Cystic Fibrosis Lung Disease: A Systematic Meta-Analysis
myerb07d,10.1101/385005,b3240d998770eeb573686bbb81203d7c615c9f25; 6f8a531b4b84d4daaadcff9d7e03ee24274baf0b,document_parses/pdf_json/b3240d998770eeb573686bbb81203d7c615c9f25.json; document_parses/pdf_json/6f8a531b4b84d4daaadcff9d7e03ee24274baf0b.json,,"Etiology of fever in Ugandan children: identification of microbial pathogens using metagenomic next-generation sequencing and IDseq, a platform for unbiased metagenomic analysis",platform,"Ugandan children: identification of microbial pathogens using metagenomic next-generation sequencing and IDseq, a platform"
9b6up78a,10.1016/j.eng.2020.07.015,da65cf0bab02c00059a4ed30e102f5a0884bd8a5,document_parses/pdf_json/da65cf0bab02c00059a4ed30e102f5a0884bd8a5.json,document_parses/pmc_json/PMC7833526.xml.json,"A High-Throughput, Multi-Index Isothermal Amplification Platform for Rapid Detection of 19 Types of Common Respiratory Viruses Including SARS-CoV-2",Platform,"A High-Throughput, Multi-Index Isothermal Amplification Platform"
rk5xph4v,10.1016/s0735-1097(21)04488-0,,,,CLINICAL CHARACTERISTICS AND OUTCOMES IN CARDIO-ONCOLOGY PATIENTS WITH COVID-19: ANALYSIS FROM THE COVID-19 AND CANCER CONSORTIUM (CCC19) DATABASE,DATABASE,CLINICAL CHARACTERISTICS AND OUTCOMES IN CARDIO-ONCOLOGY PATIENTS WITH COVID-19: ANALYSIS FROM THE COVID-19 AND CANCER CONSORTIUM (CCC19) DATABASE
fnk92wpp,10.1016/j.envres.2022.113099,f45c483051d2eaf3682441381baf4bb207b18108,document_parses/pdf_json/f45c483051d2eaf3682441381baf4bb207b18108.json,document_parses/pmc_json/PMC8925100.xml.json,Exposure-lag response of air temperature on COVID-19 incidence in twelve Italian cities: A meta-analysis()(),meta-analysis,Exposure-lag response of air temperature on COVID-19 incidence in twelve Italian cities: A meta-analysis
sn0l9ibo,10.1097/md.0000000000027026,e0941dcad2823f4b1a8bb1102ccf01e8aeb709f8,document_parses/pdf_json/e0941dcad2823f4b1a8bb1102ccf01e8aeb709f8.json,document_parses/pmc_json/PMC8389967.xml.json,Protective efficient comparisons among all kinds of respirators and masks for health-care workers against respiratory viruses: A PRISMA-compliant network meta-analysis,meta-analysis,Protective efficient comparisons among all kinds of respirators and masks for health-care workers against respiratory viruses: A PRISMA-compliant network meta-analysis
g8gdt968,10.1016/j.jagp.2020.09.012,cb88577b3c5c417c1e5a90edd42131cee562d731,document_parses/pdf_json/cb88577b3c5c417c1e5a90edd42131cee562d731.json,document_parses/pmc_json/PMC7501518.xml.json,Virtual Intergenerational Therapy: New Platforms for Engagement of Older Adults During The COVID-19 Crisis.,Platforms,Virtual Intergenerational Therapy: New Platforms
4ol0qo1i,10.1016/j.clnesp.2021.08.019,,,,Lactoferrin reduces the risk of respiratory tract infections: A meta-analysis of randomized controlled trials.,meta-analysis,Lactoferrin reduces the risk of respiratory tract infections: A meta-analysis
597klnmq,10.1101/2021.03.04.21252903,1b3e3677426fefb5b5fd90d9b00e1a27c7a5ee71,document_parses/pdf_json/1b3e3677426fefb5b5fd90d9b00e1a27c7a5ee71.json,,Impact of remdesivir on 28 day mortality in hospitalized patients with COVID-19: February 2021 Meta-analysis,Meta-analysis,Impact of remdesivir on 28 day mortality in hospitalized patients with COVID-19: February 2021 Meta-analysis
qu0lk1sh,10.1016/j.jamda.2021.08.042,37eb5a1c9637a4d5458d9abd8ae544d971cfcc4e,document_parses/pdf_json/37eb5a1c9637a4d5458d9abd8ae544d971cfcc4e.json,,Highly effective naturally acquired protection against COVID-19 persists for at least one year: A meta-analysis,meta-analysis,protection against COVID-19 persists for at least one year: A meta-analysis
tvjxnb11,10.12998/wjcc.v10.i8.2457,3b057b2c3963ee0c8002b8d811c6e3e66cd56c2e,document_parses/pdf_json/3b057b2c3963ee0c8002b8d811c6e3e66cd56c2e.json,document_parses/pmc_json/PMC8968615.xml.json,Mortality in patients with COVID-19 requiring extracorporeal membrane oxygenation: A meta-analysis,meta-analysis,Mortality in patients with COVID-19 requiring extracorporeal membrane oxygenation: A meta-analysis
25inys7l,10.1073/pnas.2112812119,9df97daa72518acd7417ed5cd47d305474150f6a; 15345eb0f9a091168ce35c9f70d9d384a1dbee4a,document_parses/pdf_json/9df97daa72518acd7417ed5cd47d305474150f6a.json; document_parses/pdf_json/15345eb0f9a091168ce35c9f70d9d384a1dbee4a.json,document_parses/pmc_json/PMC8812571.xml.json,Molecular electronics sensors on a scalable semiconductor chip: A platform for single-molecule measurement of binding kinetics and enzyme activity,platform,Molecular electronics sensors on a scalable semiconductor chip: A platform
fulol6hn,10.1016/j.xpro.2021.100755,772d805389814febb940c709c6d31487d9c83b6b,document_parses/pdf_json/772d805389814febb940c709c6d31487d9c83b6b.json,,"An optimized, amplicon-based approach for sequencing of SARS-CoV-2 from patient samples using COVIDSeq assay on Illumina MiSeq sequencing platforms",platforms,amplicon-based approach for sequencing of SARS-CoV-2 from patient samples using COVIDSeq assay on Illumina MiSeq sequencing platforms
do5jhrwv,10.1093/bioinformatics/btac273,,,,DrugCVar: a platform for evidence-based drug annotation for genetic variants in cancer,platform,DrugCVar: a platform
88fm77sp,10.3389/fpubh.2020.00193,2772b05abe0e7e0db8a4e63dfe7cebbfd041f6e6,document_parses/pdf_json/2772b05abe0e7e0db8a4e63dfe7cebbfd041f6e6.json,document_parses/pmc_json/PMC7226658.xml.json,Comparison of Epidemiological Variations in COVID-19 Patients Inside and Outside of China—A Meta-Analysis,Meta-Analysis,Comparison of Epidemiological Variations in COVID-19 Patients Inside and Outside of China—A Meta-Analysis
m8x2ryx5,10.1101/2020.04.20.20072801,cd271508d743cc11abb32e27fc54d426516c202c,document_parses/pdf_json/cd271508d743cc11abb32e27fc54d426516c202c.json,,"The Association of Lymphocyte count and levels of CRP, D-Dimer, and LDH with severe coronavirus disease 2019 (COVID-19): A Meta-Analysis",Meta-Analysis,"The Association of Lymphocyte count and levels of CRP, D-Dimer, and LDH with severe coronavirus disease 2019 (COVID-19): A Meta-Analysis"
69nkzy5q,10.1186/s12911-021-01524-8,781ba1958abef320229a1cc3f2a8c74500b3f93d,document_parses/pdf_json/781ba1958abef320229a1cc3f2a8c74500b3f93d.json,document_parses/pmc_json/PMC8130274.xml.json,Pragmatic MDR: a metadata repository with bottom-up standardization of medical metadata through reuse,repository,Pragmatic MDR: a metadata repository
bejc6q06,10.3390/ijerph18147643,f7f86c1012695228820cc95a98aa37dffe0a0e07,document_parses/pdf_json/f7f86c1012695228820cc95a98aa37dffe0a0e07.json,document_parses/pmc_json/PMC8306771.xml.json,Effects of Exercise Training on Cardiopulmonary Function and Quality of Life in Elderly Patients with Pulmonary Fibrosis: A Meta-Analysis,Meta-Analysis,Effects of Exercise Training on Cardiopulmonary Function and Quality of Life in Elderly Patients with Pulmonary Fibrosis: A Meta-Analysis
c11hoi2t,10.2196/32722,353abdbde94073281b49da24322d9f17d964e813,document_parses/pdf_json/353abdbde94073281b49da24322d9f17d964e813.json,document_parses/pmc_json/PMC8965668.xml.json,Acceptance of the District Health Information System Version 2 Platform for Malaria Case-Based Surveillance By Health Care Workers in Botswana: Web-Based Survey,Platform,Acceptance of the District Health Information System Version 2 Platform
h6a9yeup,10.3389/fmed.2021.747109,b7e65b57f795d2889f09c64e7ef22322797a3d4d,document_parses/pdf_json/b7e65b57f795d2889f09c64e7ef22322797a3d4d.json,document_parses/pmc_json/PMC8494943.xml.json,Commentary: Meta-Analysis and Structural Dynamics of the Emergence of Genetic Variants of SARS-CoV-2,Meta-Analysis,Commentary: Meta-Analysis
m5c4t88g,10.1111/ajt.16112,4b3f543559422311ce48fff1762f7ec4329e41e4,document_parses/pdf_json/4b3f543559422311ce48fff1762f7ec4329e41e4.json,document_parses/pmc_json/PMC7361263.xml.json,"Decline in child vaccination coverage during the COVID‐19 pandemic — Michigan Care Improvement Registry, May 2016‐May 2020",Registry,Decline in child vaccination coverage during the COVID‐19 pandemic — Michigan Care Improvement Registry
qeqmx59f,10.1007/s10787-021-00839-2,e6f4316f947d22d730d8d2ecc27ae8f302d8ad61,document_parses/pdf_json/e6f4316f947d22d730d8d2ecc27ae8f302d8ad61.json,document_parses/pmc_json/PMC8266992.xml.json,Real-world effectiveness of BNT162b2 mRNA vaccine: a meta-analysis of large observational studies,meta-analysis,Real-world effectiveness of BNT162b2 mRNA vaccine: a meta-analysis
noaofcyb,10.11909/j.issn.1671-5411.2020.04.009,b97bb6fdad3b310218d99d76c3f1c9d43cb90e08,document_parses/pdf_json/b97bb6fdad3b310218d99d76c3f1c9d43cb90e08.json,document_parses/pmc_json/PMC7189258.xml.json,Myocardial injury is associated with higher mortality in patients with coronavirus disease 2019: a meta-analysis,meta-analysis,Myocardial injury is associated with higher mortality in patients with coronavirus disease 2019: a meta-analysis
x4w1yimm,10.1016/j.copsyc.2022.101346,91b34bd0ddecfcbf797e32496cd9ddff010f7839,document_parses/pdf_json/91b34bd0ddecfcbf797e32496cd9ddff010f7839.json,document_parses/pmc_json/PMC8978448.xml.json,The role of conspiracy beliefs for COVID-19 health responses: A meta-analysis,meta-analysis,The role of conspiracy beliefs for COVID-19 health responses: A meta-analysis
mlyf2zxb,10.1093/qjmed/hcab009,32468d7ba60922332b39c7d3467a852c3a8b6758,document_parses/pdf_json/32468d7ba60922332b39c7d3467a852c3a8b6758.json,document_parses/pmc_json/PMC7928587.xml.json,"Vitamin D supplementation, COVID-19 and disease severity: a meta-analysis",meta-analysis,"Vitamin D supplementation, COVID-19 and disease severity: a meta-analysis"
01w8yxvs,10.1093/bjs/znab362.080,,,,TP8.2.7 The Post Graduate Virtual Learning Environment: an effective platform for the delivery of a surgical teaching programme in the West Midlands,platform,Graduate Virtual Learning Environment: an effective platform
xdtz7d8z,10.1016/j.eclinm.2021.101163,585fcc2d54ac09544ecb49d3bfc32336f0f52732; 94aaa204dc268193c1ff77cb9c597b143d95d9d8,document_parses/pdf_json/585fcc2d54ac09544ecb49d3bfc32336f0f52732.json; document_parses/pdf_json/94aaa204dc268193c1ff77cb9c597b143d95d9d8.json,document_parses/pmc_json/PMC8571171.xml.json,Net effects of sodium-glucose co-transporter-2 inhibition in different patient groups: a meta-analysis of large placebo-controlled randomized trials,meta-analysis,Net effects of sodium-glucose co-transporter-2 inhibition in different patient groups: a meta-analysis
ok0gc0q6,10.1038/s41440-021-00670-w,8498023f753ffbe9a5054ac1be5f1e2b25b8c29b,document_parses/pdf_json/8498023f753ffbe9a5054ac1be5f1e2b25b8c29b.json,document_parses/pmc_json/PMC8134827.xml.json,Renin–angiotensin system inhibitor use and the risk of mortality in hospitalized patients with COVID-19: a meta-analysis of randomized controlled trials,meta-analysis,Renin–angiotensin system inhibitor use and the risk of mortality in hospitalized patients with COVID-19: a meta-analysis
oqvp6a10,10.1038/s41597-022-01206-8,9a96ca2b9ba399073335a9df72662870e9aedacd; 45554288814bbb0d77a50918d07549525b2d1de8,document_parses/pdf_json/9a96ca2b9ba399073335a9df72662870e9aedacd.json; document_parses/pdf_json/45554288814bbb0d77a50918d07549525b2d1de8.json,document_parses/pmc_json/PMC8976009.xml.json,MeadoWatch: a long-term community-science database of wildflower phenology in Mount Rainier National Park,database,MeadoWatch: a long-term community-science database
oy6dowiz,10.1021/acssynbio.1c00395,962f6a595c5de69f45b99a30dfd85af44f44a3dd; c2bd0f3d694afc53a0bab4df3ab97562500beba6,document_parses/pdf_json/962f6a595c5de69f45b99a30dfd85af44f44a3dd.json; document_parses/pdf_json/c2bd0f3d694afc53a0bab4df3ab97562500beba6.json,document_parses/pmc_json/PMC8689690.xml.json,"A Protein-Engineered, Enhanced Yeast Display Platform for Rapid Evolution of Challenging Targets",Platform,"A Protein-Engineered, Enhanced Yeast Display Platform"
qq2dkp0j,10.1017/s1460396921000637,f476b24077e6a7631c2b5696124f1c7056920c51,document_parses/pdf_json/f476b24077e6a7631c2b5696124f1c7056920c51.json,document_parses/pmc_json/PMC9043630.xml.json,Early mortality following COVID-19 infection among cancer patients who received radiotherapy: a meta-analysis,meta-analysis,infection among cancer patients who received radiotherapy: a meta-analysis
3yx583iv,10.1093/nar/gkaa931,d990ca28fff3bc307e458b9062676902f7e8609f,document_parses/pdf_json/d990ca28fff3bc307e458b9062676902f7e8609f.json,document_parses/pmc_json/PMC7778963.xml.json,DescribePROT: database of amino acid-level protein structure and function predictions,database,DescribePROT: database
kvuz1vxd,10.1101/2021.05.21.21257626,1bec3078e4aa348073493a892a5b308992fd2249,document_parses/pdf_json/1bec3078e4aa348073493a892a5b308992fd2249.json,,COVID-19 Associated Pulmonary Aspergillosis: Systematic Review and Patient-Level Meta-Analysis,Meta-Analysis,COVID-19 Associated Pulmonary Aspergillosis: Systematic Review and Patient-Level Meta-Analysis
f7sjd5wh,10.1093/clinchem/hvaa102,,,,Rapid detection of COVID-19 coronavirus using a reverse transcriptional loop-mediated isothermal amplification (RT-LAMP) diagnostic platform,platform,Rapid detection of COVID-19 coronavirus using a reverse transcriptional loop-mediated isothermal amplification (RT-LAMP) diagnostic platform
30h09e1k,10.1101/2020.05.18.20103697,c5bc00d9d80f3698178ab7c2c275f499638aacb2,document_parses/pdf_json/c5bc00d9d80f3698178ab7c2c275f499638aacb2.json,,Comparative Efficacy and Safety of Pharmacological Managements for Hospitalized COVID-19 Patients: Protocol for Systematic Review and Trade-Off Network Meta-Analysis.,Meta-Analysis,Comparative Efficacy and Safety of Pharmacological Managements for Hospitalized COVID-19 Patients: Protocol for Systematic Review and Trade-Off Network Meta-Analysis
r0gr0bhl,10.1101/2020.06.10.145292,c7145508d19efcefc1ce944c0a3ba5c82c74dc8f,document_parses/pdf_json/c7145508d19efcefc1ce944c0a3ba5c82c74dc8f.json,,COVID-19 Variants Database: A repository for Human SARS-CoV-2 Polymorphism Data,repository,COVID-19 Variants Database: A repository
mwix78qb,10.1101/2020.05.27.20114371,2d1fdcc771603bab18962f8516043461e24f9b57,document_parses/pdf_json/2d1fdcc771603bab18962f8516043461e24f9b57.json,,"Covid19db -- An online database of trials of medicinal products to prevent or treat COVID-19, with a specific focus on drug repurposing",database,Covid19db -- An online database
3vxi1k6n,10.1016/j.ijnurstu.2021.104136,7b67e06d0e5a099bcaf6bd5c37be779d776c552a,document_parses/pdf_json/7b67e06d0e5a099bcaf6bd5c37be779d776c552a.json,document_parses/pmc_json/PMC8585564.xml.json,Global Prevalence and Associated Risk Factors of Posttraumatic Stress Disorder During COVID-19 Pandemic: A Meta-analysis,Meta-analysis,Disorder During COVID-19 Pandemic: A Meta-analysis
hyodplfv,10.1093/bioinformatics/btab036,bd69a35a931da5773a7f1d9e57eaefdbc5f3538a,document_parses/pdf_json/bd69a35a931da5773a7f1d9e57eaefdbc5f3538a.json,document_parses/pmc_json/PMC7929259.xml.json,Cellinker: a platform of ligand–receptor interactions for intercellular communication analysis,platform,Cellinker: a platform
f50zll2z,10.1016/j.diabres.2021.109066,e65b2cca2c4588c6052e95fb5378990d7bd1e41f,document_parses/pdf_json/e65b2cca2c4588c6052e95fb5378990d7bd1e41f.json,,Glycaemic control during the lockdown for COVID-19 in adults with type 1 diabetes: A meta-analysis of observational studies,meta-analysis,Glycaemic control during the lockdown for COVID-19 in adults with type 1 diabetes: A meta-analysis
13qpgvb6,10.3233/adr-200292,5e8cde2b21c8333ee6ef4fc0c8003f686ec46e82,document_parses/pdf_json/5e8cde2b21c8333ee6ef4fc0c8003f686ec46e82.json,document_parses/pmc_json/PMC8293668.xml.json,Caregiver Response to an Online Dementia and Caregiver Wellness Education Platform,Platform,Caregiver Response to an Online Dementia and Caregiver Wellness Education Platform
yrdat1mj,10.3389/fnins.2022.831413,,,,Transcutaneous Electrical Nerve Stimulation in Rodent Models of Neuropathic Pain: A Meta-Analysis,Meta-Analysis,Transcutaneous Electrical Nerve Stimulation in Rodent Models of Neuropathic Pain: A Meta-Analysis
belr7xz4,10.3389/fneur.2020.575634,17c521510a7d1d6fc075b69a1217690cfe3be101,document_parses/pdf_json/17c521510a7d1d6fc075b69a1217690cfe3be101.json,document_parses/pmc_json/PMC7641639.xml.json,Long-Term Anticoagulation in Secondary Ischemic Stroke Prevention: The Prospective Multicenter RESTAIC Registry,Registry,Long-Term Anticoagulation in Secondary Ischemic Stroke Prevention: The Prospective Multicenter RESTAIC Registry
dk7cd2g7,10.1186/s12909-021-02680-1,053ed8ebef780d1aa59b9fd9f0a1987b94fbcf47,document_parses/pdf_json/053ed8ebef780d1aa59b9fd9f0a1987b94fbcf47.json,document_parses/pmc_json/PMC8084264.xml.json,Smartpath(k): a platform for teaching glomerulopathies using machine learning,platform,Smartpath(k): a platform
8w5gh5fe,10.7150/ijms.47052,838fbe9743a4e8d4f8ce427d2cf082fa6a07b740,document_parses/pdf_json/838fbe9743a4e8d4f8ce427d2cf082fa6a07b740.json,document_parses/pmc_json/PMC7378653.xml.json,Risk factors for the exacerbation of patients with 2019 Novel Coronavirus: A meta-analysis,meta-analysis,with 2019 Novel Coronavirus: A meta-analysis
b1cuggzf,10.1017/s0950268820003179,78ab89a71bbc6b565c849198ab51f7d34a4bba0f,document_parses/pdf_json/78ab89a71bbc6b565c849198ab51f7d34a4bba0f.json,document_parses/pmc_json/PMC8245341.xml.json,Obesity is associated with severe COVID-19 but not death: a dose−response meta-analysis,meta-analysis,COVID-19 but not death: a dose−response meta-analysis
2d2a48zd,10.31234/osf.io/na2qu,,,,ValuED: A Blockchain-based Trading Platform to Encourage Student Engagement in Higher Education (preprint),Platform,ValuED: A Blockchain-based Trading Platform
9uveb0wa,10.1101/2020.04.28.051789,4ff7258d5725cdcb74963fb6a5d686c49ba86b31,document_parses/pdf_json/4ff7258d5725cdcb74963fb6a5d686c49ba86b31.json,,A collection of designed peptides to target SARS-Cov-2 – ACE2 interaction: PepI-Covid19 database,database,A collection of designed peptides to target SARS-Cov-2 – ACE2 interaction: PepI-Covid19 database
5yadq58q,10.1111/eip.13265,,,,"Relative efficacy of psychological interventions following interpersonal trauma on anxiety, depression, substance use, and PTSD symptoms in young people: A meta-analysis",meta-analysis,"Relative efficacy of psychological interventions following interpersonal trauma on anxiety, depression, substance use, and PTSD symptoms in young people: A meta-analysis"
cay8yi99,10.1097/j.pain.0000000000001974,f6f4eb60bd8810d3629ef92b19cbdfa758062e31,document_parses/pdf_json/f6f4eb60bd8810d3629ef92b19cbdfa758062e31.json,document_parses/pmc_json/PMC7431149.xml.json,A practical guide to preclinical systematic review and meta-analysis,meta-analysis,A practical guide to preclinical systematic review and meta-analysis
7zley2aw,10.1016/j.jinf.2021.11.011,c84eb3b44e5e1f73008b6a373f097a9635c1372c,document_parses/pdf_json/c84eb3b44e5e1f73008b6a373f097a9635c1372c.json,document_parses/pmc_json/PMC8604800.xml.json,Persistent symptoms following SARS-CoV-2 infection among children and young people: a meta-analysis of controlled and uncontrolled studies,meta-analysis,Persistent symptoms following SARS-CoV-2 infection among children and young people: a meta-analysis
71qa9xj4,10.1016/j.ajem.2022.04.027,,,,Outcome of cardiopulmonary resuscitation with different ventilation modes in adults: A meta-analysis,meta-analysis,Outcome of cardiopulmonary resuscitation with different ventilation modes in adults: A meta-analysis
48ym7eti,10.1093/nar/gkr859,14b07f164039eddabc4f3932a873bcbccb2108f4,document_parses/pdf_json/14b07f164039eddabc4f3932a873bcbccb2108f4.json,document_parses/pmc_json/PMC3245011.xml.json,ViPR: an open bioinformatics database and analysis resource for virology research,database,ViPR: an open bioinformatics database
a1o3d1m4,10.1080/20009666.2021.1984644,ef84bbfe8d4f311e0def34452aa8c5ed1864caca,document_parses/pdf_json/ef84bbfe8d4f311e0def34452aa8c5ed1864caca.json,document_parses/pmc_json/PMC8604440.xml.json,Efficacy of subcutaneous interferon-beta in COVID-19: a meta-analysis and systematic review,meta-analysis,Efficacy of subcutaneous interferon-beta in COVID-19: a meta-analysis
say1xyan,10.3389/fcvm.2021.609857,0b638b8e3c1b70b6e85c073c2a73f8756dd8d4e9,document_parses/pdf_json/0b638b8e3c1b70b6e85c073c2a73f8756dd8d4e9.json,document_parses/pmc_json/PMC8107232.xml.json,Associations Between the Use of Renin–Angiotensin System Inhibitors and the Risks of Severe COVID-19 and Mortality in COVID-19 Patients With Hypertension: A Meta-Analysis of Observational Studies,Meta-Analysis,Associations Between the Use of Renin–Angiotensin System Inhibitors and the Risks of Severe COVID-19 and Mortality in COVID-19 Patients With Hypertension: A Meta-Analysis
hbxbp90w,10.7570/jomes20119,0ce4797c19a560f56710952a27cb732949ff8ca5,document_parses/pdf_json/0ce4797c19a560f56710952a27cb732949ff8ca5.json,document_parses/pmc_json/PMC7789019.xml.json,Journal of Obesity & Metabolic Syndrome: A Platform for Acquiring and Disseminating the Most Recent Research Findings and Developing Research Concepts about Obesity,Platform,Journal of Obesity & Metabolic Syndrome: A Platform
97sk2kcm,10.1016/j.ijantimicag.2020.106240,44d62129825a7e87560376926c08d2501dfdbe2b,document_parses/pdf_json/44d62129825a7e87560376926c08d2501dfdbe2b.json,document_parses/pmc_json/PMC7779266.xml.json,"Effect of hydroxychloroquine and azithromycin on SARS-CoV-2 clearance in COVID-19 patients, a meta-analysis.",meta-analysis,"Effect of hydroxychloroquine and azithromycin on SARS-CoV-2 clearance in COVID-19 patients, a meta-analysis"
2wylccut,10.3390/toxins14030203,,,,Botulinum Toxin for Essential Tremor and Hands Tremor in the Neurological Diseases: A Meta-Analysis of Randomized Controlled Trials,Meta-Analysis,Botulinum Toxin for Essential Tremor and Hands Tremor in the Neurological Diseases: A Meta-Analysis
360n4wlp,10.3389/fpsyt.2022.877957,,,,Theory of Mind and Empathy in Adults With Epilepsy: A Meta-Analysis,Meta-Analysis,Theory of Mind and Empathy in Adults With Epilepsy: A Meta-Analysis
f8iqjf1s,10.3389/frobt.2021.549360,eeac4a8e86a0187eb2517635701ba6a1be4ddf50,document_parses/pdf_json/eeac4a8e86a0187eb2517635701ba6a1be4ddf50.json,document_parses/pmc_json/PMC8202404.xml.json,SIGVerse: A Cloud-Based VR Platform for Research on Multimodal Human-Robot Interaction,Platform,SIGVerse: A Cloud-Based VR Platform
w6t89bqo,10.1186/s12985-021-01604-1,27c87644aef66448136b60d2261a80e029a3d035,document_parses/pdf_json/27c87644aef66448136b60d2261a80e029a3d035.json,document_parses/pmc_json/PMC8314261.xml.json,Association of dyslipidemia with the severity and mortality of coronavirus disease 2019 (COVID-19): a meta-analysis,meta-analysis,Association of dyslipidemia with the severity and mortality of coronavirus disease 2019 (COVID-19): a meta-analysis
1gum3eu7,10.1186/s12944-022-01636-8,,,,Diagnostic accuracy of the visceral adiposity index in patients with metabolic-associated fatty liver disease: a meta-analysis,meta-analysis,Diagnostic accuracy of the visceral adiposity index in patients with metabolic-associated fatty liver disease: a meta-analysis
z92b18mb,10.3390/toxins7061854,9e17fa07642900d9491bf957db97cbe70bc39610,document_parses/pdf_json/9e17fa07642900d9491bf957db97cbe70bc39610.json,document_parses/pmc_json/PMC4488679.xml.json,Monoclonal Antibody Combinations that Present Synergistic Neutralizing Activity: A Platform for Next-Generation Anti-Toxin Drugs,Platform,Present Synergistic Neutralizing Activity: A Platform
udr22zf7,10.1053/j.jvca.2020.11.057,83af249d1c8de3772c30d0426e25f7761ca093d3,document_parses/pdf_json/83af249d1c8de3772c30d0426e25f7761ca093d3.json,document_parses/pmc_json/PMC7698829.xml.json,Corticosteroids for COVID-19 patients with different disease severity: a meta-analysis of randomized clinical trials,meta-analysis,Corticosteroids for COVID-19 patients with different disease severity: a meta-analysis
4hriqfne,10.1136/rmdopen-2021-001746,069553940932efac4c3ff01e2b2b3f49a9fe8f4a,document_parses/pdf_json/069553940932efac4c3ff01e2b2b3f49a9fe8f4a.json,document_parses/pmc_json/PMC8561824.xml.json,Efficacy and safety of colchicine in COVID-19: a meta-analysis of randomised controlled trials,meta-analysis,Efficacy and safety of colchicine in COVID-19: a meta-analysis
y32zs4o5,10.3389/fped.2021.695610,0f36a3dc4056762a441983c5a0814b047b0a11c3,document_parses/pdf_json/0f36a3dc4056762a441983c5a0814b047b0a11c3.json,document_parses/pmc_json/PMC8267150.xml.json,Risk Factors and Outcomes of Pulmonary Hypertension in Infants With Bronchopulmonary Dysplasia: A Meta-Analysis,Meta-Analysis,Risk Factors and Outcomes of Pulmonary Hypertension in Infants With Bronchopulmonary Dysplasia: A Meta-Analysis
lv91wqk1,10.1016/j.gpb.2021.09.006,80206c709a1641c27d7c93a4cf5a96345b222f23,document_parses/pdf_json/80206c709a1641c27d7c93a4cf5a96345b222f23.json,document_parses/pmc_json/PMC8570443.xml.json,COVID-ONE-hi: The One-stop Database for COVID-19 Specific Humoral Immunity and Clinical Parameters,Database,-ONE-hi: The One-stop Database
gd2ca9iw,10.1016/j.cjca.2020.07.031,,,,GREATER TORONTO AREA HEART MAP CHALLENGE: THE FIRST CROWD-SOURCED AUTOMATED EXTERNAL DEFIBRILLATOR REGISTRY IN CANADA,REGISTRY,AREA HEART MAP CHALLENGE: THE FIRST CROWD-SOURCED AUTOMATED EXTERNAL DEFIBRILLATOR REGISTRY
isv2i8m2,10.1093/nar/gkab1118,c5f26117f4f34c04655d2e67027e11b62ccf2555,document_parses/pdf_json/c5f26117f4f34c04655d2e67027e11b62ccf2555.json,document_parses/pmc_json/PMC8728301.xml.json,ONQUADRO: a database of experimentally determined quadruplex structures,database,ONQUADRO: a database
41btvlrw,10.1016/j.jinf.2020.12.021,538c538aac2e09f7807f1c7b20a2c10936cb8cce,document_parses/pdf_json/538c538aac2e09f7807f1c7b20a2c10936cb8cce.json,document_parses/pmc_json/PMC7764469.xml.json,Sofosbuvir/daclatasvir in the treatment of COVID-19 infection: a meta-analysis,meta-analysis,Sofosbuvir/daclatasvir in the treatment of COVID-19 infection: a meta-analysis
nf3qvh16,10.1093/ajh/hpac001,,,,Effects of Renin-Angiotensin System Inhibitors on Mortality and Disease Severity of COVID-19 Patients: A Meta-analysis of Randomized Controlled Trials,Meta-analysis,Effects of Renin-Angiotensin System Inhibitors on Mortality and Disease Severity of COVID-19 Patients: A Meta-analysis
exf1mh36,10.1186/s12879-019-4277-8,dd12c39ca963dca8336d7f30c8842d892ec8236c,document_parses/pdf_json/dd12c39ca963dca8336d7f30c8842d892ec8236c.json,document_parses/pmc_json/PMC6669974.xml.json,Rapid and simple colorimetric detection of multiple influenza viruses infecting humans using a reverse transcriptional loop-mediated isothermal amplification (RT-LAMP) diagnostic platform,platform,-mediated isothermal amplification (RT-LAMP) diagnostic platform
ebsu0mg9,10.1016/j.clinre.2021.101639,55640446d61b99d44635e06ea84acf13ce139301,document_parses/pdf_json/55640446d61b99d44635e06ea84acf13ce139301.json,document_parses/pmc_json/PMC7843027.xml.json,Covid-19 in liver transplant recipients: the French SOT COVID Registry,Registry,: the French SOT COVID Registry
heyb3izn,10.1101/2020.12.02.20242628,7ec43eeff1855b116c7d2213cb831f6f111cb1e9,document_parses/pdf_json/7ec43eeff1855b116c7d2213cb831f6f111cb1e9.json,,McQ - An open-source multiplexed SARS-CoV-2 quantification platform,platform,McQ - An open-source multiplexed SARS-CoV-2 quantification platform
9dykp6m8,10.1016/j.nepr.2021.103138,,,,"A comparison of student and faculty attitudes on the use of Zoom, a video conferencing platform: A mixed-methods study",platform,"the use of Zoom, a video conferencing platform"
vhz2bzg1,10.1186/s13098-022-00819-8,27cacedf8b45f1ba8032dd33304939f552ecd8bf,document_parses/pdf_json/27cacedf8b45f1ba8032dd33304939f552ecd8bf.json,document_parses/pmc_json/PMC9034073.xml.json,Acute glycemic variability and risk of mortality in patients with sepsis: a meta-analysis,meta-analysis,Acute glycemic variability and risk of mortality in patients with sepsis: a meta-analysis
ubeeaiso,10.3389/fpsyt.2022.888774,,,,Evaluation of the Relationship Between BDNF Val66Met Gene Polymorphism and Attention Deficit Hyperactivity Disorder: A Meta-Analysis,Meta-Analysis,Attention Deficit Hyperactivity Disorder: A Meta-Analysis
ioox9y7s,10.1107/s0907444908027388,13bfd52c9c173f6435d030374d871e2039f453df,document_parses/pdf_json/13bfd52c9c173f6435d030374d871e2039f453df.json,,PURY: a database of geometric restraints of hetero compounds for refinement in complexes with macromolecular structures,database,PURY: a database
5nsayxwc,10.1101/2020.09.30.20204693,,,,"Randomized Controlled Trials of Early Ambulatory Hydroxychloroquine in the Prevention of COVID-19 Infection, Hospitalization, and Death: Meta-Analysis",Meta-Analysis,"Randomized Controlled Trials of Early Ambulatory Hydroxychloroquine in the Prevention of COVID-19 Infection, Hospitalization, and Death: Meta-Analysis"
1zlhqgtd,10.1111/aor.14245,,,,Early experience with the Impella pump: Single-center registry,registry,Early experience with the Impella pump: Single-center registry
mg2dziuw,10.1101/2020.04.19.048991,35c0e91683f8fa203091de8d258f25ab73918094,document_parses/pdf_json/35c0e91683f8fa203091de8d258f25ab73918094.json,,CoV2ID: Detection and Therapeutics Oligo Database for SARS-CoV-2,Database,CoV2ID: Detection and Therapeutics Oligo Database
g6fziq5k,10.1111/resp.14150_220,,,,P5‐13: COVID‐19 mobile test unit (COMBAT): A novel pharyngeal sampling platform for COVID‐19 testing in Malaysia,platform,COVID‐19 mobile test unit (COMBAT): A novel pharyngeal sampling platform
zheeqg9d,10.1186/s12885-021-08883-5,8aa06b97fb0d7776ec5dcf465a4cf33f85c38d6b,document_parses/pdf_json/8aa06b97fb0d7776ec5dcf465a4cf33f85c38d6b.json,document_parses/pmc_json/PMC8540875.xml.json,Clinicopathological features and prognostic significance of C5aR in human solid tumors: a Meta-analysis,Meta-analysis,Clinicopathological features and prognostic significance of C5aR in human solid tumors: a Meta-analysis
qxv1m7h0,10.1101/2020.10.20.20215905,f67e07c53b0d2e900aab994c260dbc50a640c0ad,document_parses/pdf_json/f67e07c53b0d2e900aab994c260dbc50a640c0ad.json,,Clinical characteristics of 4490 COVID-19 patients in Africa: A meta-analysis,meta-analysis,Clinical characteristics of 4490 COVID-19 patients in Africa: A meta-analysis
xu4nz0el,10.4274/jcrpe.galenos.2022.2021-11-16,,,,The Impact of the CEDD-NET on the Evaluation of Rare Disorders: A Multicenter Scientific Research Platform in the Field of Pediatric Endocrinology,Platform,The Impact of the CEDD-NET on the Evaluation of Rare Disorders: A Multicenter Scientific Research Platform
ykf1btsh,10.12688/f1000research.36396.3,0a5fa4b71bc70b6b355bcb191dc6f13ce1748dce,document_parses/pdf_json/0a5fa4b71bc70b6b355bcb191dc6f13ce1748dce.json,document_parses/pmc_json/PMC8182694.xml.json,Association between convalescent plasma and the risk of mortality among patients with COVID-19: a meta-analysis,meta-analysis,Association between convalescent plasma and the risk of mortality among patients with COVID-19: a meta-analysis
s48z0lcc,10.3389/fpsyt.2022.874905,,,,"Correlations Between Social Support and Loneliness, Self-Esteem, and Resilience Among Left-Behind Children in Mainland China: A Meta-Analysis",Meta-Analysis,"Correlations Between Social Support and Loneliness, Self-Esteem, and Resilience Among Left-Behind Children in Mainland China: A Meta-Analysis"
ypjildgc,10.1371/journal.pone.0267934,00c2903b86c36e58d1212c937b5eecadce6603a2,document_parses/pdf_json/00c2903b86c36e58d1212c937b5eecadce6603a2.json,document_parses/pmc_json/PMC9119482.xml.json,Oncologic outcomes of Bacillus Calmette-Guérin therapy in elderly patients with non-muscle-invasive bladder cancer: A meta-analysis,meta-analysis,Oncologic outcomes of Bacillus Calmette-Guérin therapy in elderly patients with non-muscle-invasive bladder cancer: A meta-analysis
30gdufkz,10.1002/acr2.11246,5820c4eb486dcff952ddd050f2eecdb6df9a722e,document_parses/pdf_json/5820c4eb486dcff952ddd050f2eecdb6df9a722e.json,document_parses/pmc_json/PMC8126761.xml.json,Access to Care and Diagnostic Delays in Juvenile Dermatomyositis: Results From the Childhood Arthritis and Rheumatology Research Alliance Legacy Registry,Registry,Juvenile Dermatomyositis: Results From the Childhood Arthritis and Rheumatology Research Alliance Legacy Registry
usyqkglg,10.1016/j.heliyon.2021.e07665,d9399fb82cd7335f08907d9179af412a8b30b035,document_parses/pdf_json/d9399fb82cd7335f08907d9179af412a8b30b035.json,document_parses/pmc_json/PMC8320404.xml.json,The SARS-CoV-2 receptor angiotensin-converting enzyme 2 (ACE2) in Myalgic Encephalomyelitis/Chronic Fatigue Syndrome: a meta-analysis of public DNA methylation and gene expression data,meta-analysis,angiotensin-converting enzyme 2 (ACE2) in Myalgic Encephalomyelitis/Chronic Fatigue Syndrome: a meta-analysis
ev79ndfg,10.1101/2020.05.31.20118059,de3b6bd2149464df059c5d0a4d380224ebb20bfe,document_parses/pdf_json/de3b6bd2149464df059c5d0a4d380224ebb20bfe.json,,The Chest CT Features of Coronavirus Disease 2019 (COVID-19) in China: A Meta-analysis of 19 Trials,Meta-analysis,The Chest CT Features of Coronavirus Disease 2019 (COVID-19) in China: A Meta-analysis
gvmve8f2,10.1186/s12859-020-03894-8,d8e009f33fafefbd5744daecf592795fb39b5438,document_parses/pdf_json/d8e009f33fafefbd5744daecf592795fb39b5438.json,document_parses/pmc_json/PMC7751125.xml.json,A2A: a platform for research in biomedical literature search,platform,A2A: a platform
spax3xnq,10.1186/s12859-021-04500-1,3a75b509ed4a6b0e2541d0a5e65a2c3d30805e8b; 16285f59851e05d65a51d7a93e508de9cb2cd883,document_parses/pdf_json/3a75b509ed4a6b0e2541d0a5e65a2c3d30805e8b.json; document_parses/pdf_json/16285f59851e05d65a51d7a93e508de9cb2cd883.json,document_parses/pmc_json/PMC8684259.xml.json,GraphOmics: an interactive platform to explore and integrate multi-omics data,platform,GraphOmics: an interactive platform
2vt4gjhj,10.1186/s12968-021-00841-1,f7d95a831b6735674ada6f8d2d2fd1852063e59b,document_parses/pdf_json/f7d95a831b6735674ada6f8d2d2fd1852063e59b.json,document_parses/pmc_json/PMC8717054.xml.json,Myocardial involvement in children with post-COVID multisystem inflammatory syndrome: a cardiovascular magnetic resonance based multicenter international study—the CARDOVID registry,registry,based multicenter international study—the CARDOVID registry
inkhvif4,10.3389/fpubh.2021.680108,cb36e84299b4dc1a0e3bf9d53fc924a153464ac3,document_parses/pdf_json/cb36e84299b4dc1a0e3bf9d53fc924a153464ac3.json,document_parses/pmc_json/PMC8244732.xml.json,Risk Factors of Mortality From Pneumocystis Pneumonia in Non-HIV Patients: A Meta-Analysis,Meta-Analysis,Risk Factors of Mortality From Pneumocystis Pneumonia in Non-HIV Patients: A Meta-Analysis
o0pr3mox,10.1016/j.wneu.2021.11.009,,,,Effect of external ventricular drain tunnel length on CSF infection rates - A Bayesian network meta-analysis.,meta-analysis,Effect of external ventricular drain tunnel length on CSF infection rates - A Bayesian network meta-analysis
h4ufpzca,10.1016/j.jstrokecerebrovasdis.2020.105283,06dc71300fae832d9e1d123ed133b0b990af2222,document_parses/pdf_json/06dc71300fae832d9e1d123ed133b0b990af2222.json,document_parses/pmc_json/PMC7455117.xml.json,The association of cerebrovascular disease with adverse outcomes in COVID-19 patients: a meta-analysis based on adjusted effect estimates,meta-analysis,The association of cerebrovascular disease with adverse outcomes in COVID-19 patients: a meta-analysis
b7jasqjh,10.3389/fphys.2020.00937,f7c2a3ee167a67ed7e9c9d00aaed90eb0c80da33,document_parses/pdf_json/f7c2a3ee167a67ed7e9c9d00aaed90eb0c80da33.json,document_parses/pmc_json/PMC7487972.xml.json,Metabolic Imaging and Biological Assessment: Platforms to Evaluate Acute Lung Injury and Inflammation,Platforms,Metabolic Imaging and Biological Assessment: Platforms
7j6ci5xk,10.18240/ijo.2021.10.19,,,,Visual differences in topography-guided versus wavefront-optimized LASIK in the treatment of myopia: a Meta-analysis,Meta-analysis,Visual differences in topography-guided versus wavefront-optimized LASIK in the treatment of myopia: a Meta-analysis
xm01nj2i,10.1007/s10620-022-07401-2,bc3240a5bd1d5764b7c35f8fbfb43edd2d3da5c3,document_parses/pdf_json/bc3240a5bd1d5764b7c35f8fbfb43edd2d3da5c3.json,document_parses/pmc_json/PMC8853241.xml.json,Prevalence and Influencing Factors of Irritable Bowel Syndrome in Medical Staff: A Meta-Analysis,Meta-Analysis,Prevalence and Influencing Factors of Irritable Bowel Syndrome in Medical Staff: A Meta-Analysis
tg06vxza,10.1186/1471-2105-14-95,3eb3c6212432888ecf0f2d3d2dc4a2fb6b4f17c0,document_parses/pdf_json/3eb3c6212432888ecf0f2d3d2dc4a2fb6b4f17c0.json,document_parses/pmc_json/PMC3636126.xml.json,CGAP: a new comprehensive platform for the comparative analysis of chloroplast genomes,platform,CGAP: a new comprehensive platform
j09uribl,10.1016/j.ejco.2022.100025,2fad52880addc6da98f41b450f2ac977f3f0c604; 0d64b3d434636b9090d24e5f2135929d22426093,document_parses/pdf_json/2fad52880addc6da98f41b450f2ac977f3f0c604.json; document_parses/pdf_json/0d64b3d434636b9090d24e5f2135929d22426093.json,,Robot Dance: a mathematical optimization platform for intervention against COVID-19 in a complex network,platform,Robot Dance: a mathematical optimization platform
