name,abbreviation,url,fs_id,fs_doi,description,status,record_type,countries,year_created,funder,funder_type,maintaining_institution,maintaining_type,contact_name,contact_email,data_access_condition,data_deposition_condition,data_preservation_policy,linked_licence_name,linked_licence_url,related_standard_name,standard_relation,cross_references,object_types,subjects,tags,publications,similarity_score,_norm_name,_norm_abbreviation,_norm_domain,_is_duplicate,_match_type,_matched_to,filter_approach
 COVID-19 Data Repository,,https://www.openicpsr.org/openicpsr/covid19,4074,10.25504/FAIRsharing.eda566,"The COVID-19 Data Repository is a repository for data examining the social, behavioral, public health, and economic impact of the novel coronavirus global pandemic. This is a free self-publishing option for any researcher who wants to share data related to COVID-19. Deposits should include all data, annotated program code, command files, and documentation necessary to understand the data collection and/or replicate research findings.
",ready,repository,United States,2022,,,"Regents of the University of Michigan, USA",Undefined,,,open,open,,openICPSR Privacy Policy,https://www.openicpsr.org/openicpsr/privacy,,,,dataset,Economics; Public Health; Social Science,COVID-19,,,covid-19 data repository,,openicpsr.org,True,url,Inter-university Consortium for Political and Social Research COVID-19 Data Repository,keyword
American Society of Clinical Oncology (ASCO) Survey on COVID-19 in Oncology Registry,ASCO Registry,https://old-prod.asco.org/covid-resources/asco-registry,3223,10.25504/FAIRsharing.BIZ2Nt,"The American Society of Clinical Oncology (ASCO) Survey on COVID-19 in Oncology Registry (ASCO Registry) aims to help the cancer community learn more about the patterns of symptoms and severity of COVID-19 among patients with cancer, as well as how COVID-19 is impacting the delivery of cancer care and patient outcomes. The ASCO Registry is designed to collect both baseline and follow-up data on how the virus impacts cancer care and cancer patient outcomes during the COVID-19 pandemic and into 2021.",deprecated,repository,United States,2020,,,"American Society of Clinical Oncology, USA",Consortium,General contact,CENTRA@asco.org,partially open,not applicable,,ASCO Terms of Use; Information Sharing Policy of American Society of Clinical Oncology,https://www.asco.org/about-asco/legal/terms-use; https://www.asco.org/sites/new-www.asco.org/files/content-files/research-and-progress/documents/6-2-2017-ASCO-Information-Sharing-Policy.pdf,,,,document; questionnaire/survey; dataset,Critical Care Medicine; Clinical Studies; Epidemiology; Oncology; Health Science; Medicine; Infectious Disease Medicine; Medical Virology,COVID-19; Dashboard; Observations,,,american society of clinical oncology (asco) survey on covid-19 in oncology registry,asco registry,old-prod.asco.org,True,fuzzy,american society of clinical oncology survey on covid-19 in oncology registry,keyword
Better Outcomes Registry & Network,BORN Ontario,https://www.bornontario.ca/en/index.aspx,4061,10.25504/FAIRsharing.424cb8,"Funded by the Government of Ontario, the Better Outcomes Registry & Network (BORN) is Ontario's prescribed perinatal, newborn and child registry with the role of facilitating quality care for families across the province. BORN collects, interprets, shares and rigorously protects high-quality data.
",ready,repository,Canada,2020,,,Children's Hospital of Eastern Ontario,Government body,COVID Inquiries; General Inquiries,covid@bornontario.ca; info@bornontario.ca,controlled,open,,BORN Data Privacy and Security,https://www.bornontario.ca/en/data/data-privacy-and-security.aspx?_mid_=3570,,,https://www.re3data.org/repository/r3d100013917,document; publication; dataset,Epidemiology; Obstetrics; Health Science; Medicine; Infectious Disease Medicine; Medical Virology,COVID-19; Dashboard; Observations; Pregnancy,,,better outcomes registry & network,born ontario,bornontario.ca,True,url,The Better Outcomes Registry & Network,keyword
BioModels,BioModels,https://www.ebi.ac.uk/biomodels/,1846,10.25504/FAIRsharing.paz6mh,BioModels is a repository of computational models of biological processes. It allows users to search and retrieve mathematical models published in the literature. Many models are manually curated (to ensure reproducibility) and extensively cross-linked to publicly available reference information.,ready,knowledgebase,Austria; Belgium; Croatia; Czech Republic; Denmark; Finland; France; Germany; Greece; Hungary; Iceland; Ireland; Israel; Italy; Lithuania; Luxembourg; Malta; Montenegro; Netherlands; Norway; Portugal; Slovakia; Spain; Sweden; Switzerland; United Kingdom,2005,"Biotechnology and Biological Sciences Research Council (BBSRC), UK; European Molecular Biology Laboratory (EMBL), Heidelberg, Germany; Innovative Medicines Initiative (IMI), Europe",Government body; Research institute; Consortium,"SBML Community; European Bioinformatics Institute (EMBL-EBI), Wellcome Genome Campus, Hinxton, Cambridgeshire, UK; BBSRC Babraham Institute, Cambridge, UK",Government body; Research institute; Consortium,BioModels Team,biomodels-cura@ebi.ac.uk,open,open,,Biomodels Terms of Use; Creative Commons CC0 1.0 Universal (CC0 1.0) Public Domain Dedication,http://www.ebi.ac.uk/biomodels-main/termsofuse; https://creativecommons.org/publicdomain/zero/1.0/,,,https://www.re3data.org/repository/r3d100010789; https://scicrunch.org/resolver/RRID:SCR_001993,publication; dataset; model,Life Science; Systems Biology,COVID-19,10.1093/nar/gkx1023; 10.1093/nar/gkj092; 10.1002/psp4.3; 10.1093/nar/gkz1055,,biomodels,biomodels,ebi.ac.uk,True,url,European Molecular Biology Laboratory-European Bioinformatics Institute Electron Microscopy Data Bank,keyword
BioSamples,BioSD,https://www.ebi.ac.uk/biosamples/,1554,10.25504/FAIRsharing.ewjdq6," The BioSamples database (https://www.ebi.ac.uk/biosamples/) at the European Bioinformatics Institute (EMBL-EBI) is a core infrastructure resource that provides a centralised platform for the storage, curation, and dissemination of biological sample metadata. BioSamples holds sample descriptions across diverse datasets, enhancing their reusability and integrability in accordance with the FAIR (Findable, Accessible, Interoperable, and Reusable) principles. It provides links to assays and specific samples, and accepts direct submissions of sample information.",ready,repository,Austria; Belgium; Croatia; Czech Republic; Denmark; Finland; France; Germany; Greece; Hungary; Iceland; Ireland; Israel; Italy; Lithuania; Luxembourg; Malta; Montenegro; Netherlands; Norway; Portugal; Slovakia; Spain; Sweden; Switzerland; United Kingdom,2010,European Commission; European Commission FP7,Government body,"European Bioinformatics Institute (EMBL-EBI), Wellcome Genome Campus, Hinxton, Cambridgeshire, UK",Research institute,Support email,biosamples@ebi.ac.uk,open,open,,Apache License 2.0; EMBL-EBI Terms of Use,http://www.apache.org/licenses/LICENSE-2.0; http://www.ebi.ac.uk/about/terms-of-use,,,https://www.re3data.org/repository/r3d100012628; https://scicrunch.org/resolver/RRID:SCR_004856,physical object/material,Biology,COVID-19,10.1093/nar/gkt1081; 10.1093/nar/gkr937; 10.1093/nar/gky1061; 10.1093/nar/gkab1046; 10.1093/nar/gkaf1133,,biosamples,biosd,ebi.ac.uk,True,url,European Molecular Biology Laboratory-European Bioinformatics Institute Electron Microscopy Data Bank,keyword
British Association of Dermatologists Biologic and Immunomodulators Register,BADBIR,http://www.badbir.org/,4060,10.25504/FAIRsharing.122388,"British Association of Dermatologists Biologic and Immunomodulators Register (BADBIR) is a clinical study to monitor the long-term safety of drugs used to treat psoriasis.
",ready,repository,Ireland; United Kingdom,2011,,,"University of Manchester, UK",University,General contact,badbir@manchester.ac.uk,controlled,controlled,,,,,,,publication; questionnaire/survey; dataset,Clinical Studies; Dermatology; Epidemiology; Health Science; Medicine; Infectious Disease Medicine; Medical Virology,COVID-19; Observations; Psoriasis,10.1111/j.1365-2133.2012.10835.x,,british association of dermatologists biologic and immunomodulators register,badbir,badbir.org,True,url,British Association of Dermatologists Biologic and Immunomodulators Register,keyword
COVID-19 CVD Registry,,https://www.heart.org/en/professional/quality-improvement/covid-19-cvd-registry,3244,10.25504/FAIRsharing.dmgSOV,"As physicians, scientists and researchers worldwide struggle to understand the novel coronavirus (COVID-19) pandemic, the American Heart Association (AHA) is developing a novel registry to aggregate data and aid research on the disease, treatment protocols and risk factors tied to adverse cardiovascular outcomes.",ready,repository,United States,2020,,,"American Heart Association, USA",Consortium,General contact,qualityresearch@heart.org,controlled,controlled,,American Heart Association Copyright Notice; American Heart Association Privacy Policy,https://www.heart.org/en/about-us/statements-and-policies/copyright; http://www.heart.org/HEARTORG/General/Privacy-Policy_UCM_300371_Article.jsp,,,,document; dataset,Clinical Studies; Epidemiology; Health Science; Cardiology; Medicine; Infectious Disease Medicine; Medical Virology,COVID-19; Observations,,,covid-19 cvd registry,,heart.org,True,url,American Heart Association COVID-19 Cardiovascular Disease Registry,keyword
COVID-19 Data Index,,https://www.covid19dataindex.org,3285,10.25504/FAIRsharing.d7831e,"The COVID-19 Data Index collects and indexes COVID-19 datasets from major data repositories, publications, and individual online sources. Diverse types of datasets, including clinical, epidemiological, imaging, omics, socio-demographic, environment, and transportation data are being generated on a daily basis in response to the COVID-19 pandemic, and the goal of the COVID-19 Data Index is to make these datasets easily findable and reusable for researchers.",ready,repository,United States,2020,"National Science Foundation (NSF), USA; University of Texas Health Science Center (UTHealth), Houston, TX, USA",Government body; University,"School of Biomedical Informatics (SBMI), University of Texas Health Science Center (UTHealth), Houston, TX, USA; Department of Biomedical Informatics (DBMI), University of California at San Diego (UCSD) Health, La Jolla, CA, USA",University,,firat.tiryaki@uth.tmc.edu,open,open,,,,,,,dataset,Virology; Omics; Biomedical Science; Clinical Studies; Epidemiology; Social Science; Medical Virology,COVID-19,,,covid-19 data index,,covid19dataindex.org,True,url,COVID-19 Data Index,keyword
COVID-19 Data Portal,,https://www.covid19dataportal.org,2934,10.25504/FAIRsharing.f3b7a9,"The COVID-19 Data Portal enables researchers to upload, access and analyse COVID-19 related reference data and specialist datasets. The aim of the COVID-19 Data Portal is to facilitate data sharing and analysis, and to accelerate coronavirus research. The portal includes relevant datasets submitted to EMBL-EBI as well as other major centres for biomedical data. The COVID-19 Data Portal is the primary entry point into the functions of a wider project, the European COVID-19 Data Platform.",ready,repository,European Union,2020,European Commission Horizon 2020,Government body,"EOSC-Life; ELIXIR Europe; European Commission; European Bioinformatics Institute, Wellcome Genome Campus",Government body; Research institute; Consortium,European COVID-19 Data Platform,ecovid19@ebi.ac.uk,open,open,,EMBL-EBI Terms of Use,http://www.ebi.ac.uk/about/terms-of-use,,,https://www.re3data.org/repository/r3d100013292,dataset,Virology; Biomedical Science; Epidemiology; Data Integration,COVID-19,,,covid-19 data portal,,covid19dataportal.org,True,url,European Molecular Biology Laboratory-European Bioinformatics Institute European COVID-19 Data Portal,keyword
COVID-19 Data Portal Spain,,https://www.covid19dataportal.es/,4065,10.25504/FAIRsharing.d7a442,"The Spanish COVID-19 Data Portal provides information, guidelines, tools and services to support researchers in utilising Spanish and European infrastructures for data sharing, in particular the European COVID-19 Data Portal. For those interested in ongoing, large research projects in Spain there is a list of projects funded by major funding agencies. It is updated at intervals with new services, tools and data.
",ready,knowledgebase,Spain,2020,"ELIXIR Europe; Barcelona Supercomputing Center (BSC), Barcelona, Spain; Institute of Health Carlos III",Government body; Research institute,"Barcelona Supercomputing Center (BSC), Barcelona, Spain",Government body,General contact,covid19-dataportal@bsc.es,open,controlled,,Barcelona Supercomputing Center Legal Notice,https://www.bsc.es/legal-notice,,,,publication; dataset,Virology; Genomics,COVID-19,,,covid-19 data portal spain,,covid19dataportal.es,True,url,COVID-19 Data Portal Spain,keyword
COVID-19 Dermatology registry,,https://www.aad.org/member/practice/coronavirus/registry,3248,10.25504/FAIRsharing.Qyq85j,"COVID-19 Dermatology registry aims at collect cases of COVID-19 cutaneous manifestations. The registry is open to medical professionals only, from any specialty.",ready,repository,United States,2020,,,"Massachusetts General Hospital, Boston, MA, USA; American Academy of Dermatology, Rosemont, IL, United States",Government body; Consortium,General contact,covidregistry@aad.org,controlled,controlled,,AAD Legal Notice,https://www.aad.org/legal-notice,,,,document; questionnaire/survey; dataset,Clinical Studies; Dermatology; Epidemiology; Health Science; Medicine; Infectious Disease Medicine; Medical Virology,COVID-19; Observations,S0190-9622(20)32126-5; S0190-9622(20)30984-1; S0190-9622(20)30658-7; 10.1016/j.jaad.2020.06.050,,covid-19 dermatology registry,,aad.org,True,url,COVID-19 Dermatology registry,keyword
COVID-19 Global Rheumatology Alliance,,https://rheum-covid.org/,3254,10.25504/FAIRsharing.EBhGci,"COVID-19 Global Rheumatology Alliance aim to collect, analyze and disseminate information about COVID-19 and rheumatology to patients, physicians and other relevant groups to improve the care of patients with rheumatic disease.",ready,repository,Worldwide,2020,"Pfizer, USA; AMGEN, USA; Johnson & Johnson, USA; Cellzome, GSK, Middlesex, UK.; Cellzome, GSK, Middlesex, UK.; Janssen, Belgium; Abbvie, North Chicago, Illinois, USA; Gilead, Foster City, CA, USA; Bristol Myers Squibb, New York, NY, USA",Company,,,General contact,rheum.covid@gmail.com,open,controlled,,,,,,,publication; questionnaire/survey; dataset; image,Critical Care Medicine; Clinical Studies; Epidemiology; Rheumatology; Health Science; Medicine; Infectious Disease Medicine; Medical Virology,COVID-19; Dashboard; Observations,10.1002/acr.24257; 10.1002/art.41567; keaa483; 10.1136/annrheumdis-2020-217871; 10.1093/rheumatology/keaa191; 10.1016/S2665-9913(20)30095-3,,covid-19 global rheumatology alliance,,rheum-covid.org,True,url,The COVID-19 Global Rheumatology Alliance Registry,keyword
COVID-19 Host Genetics Initiative,COVID-19 hg,https://www.covid19hg.org/,4067,10.25504/FAIRsharing.59dad8,"The COVID-19 host genetics initiative brings together the human genetics community to generate, share, and analyze data to learn the genetic determinants of COVID-19 susceptibility, severity, and outcomes. Such discoveries could help to generate hypotheses for drug repurposing, identify individuals at unusually high or low risk, and contribute to global knowledge of the biology of SARS-CoV-2 infection and disease.


",deprecated,repository,Finland; United States,2020,,,"Analytical and Translational Genetic Unit, Massachusetts General Hospital; Institute for Molecular Medicine Finland, University of Helsinki",Research institute,Andrea Ganna,aganna@broadinstitute.org,open,open,,,,,,,dataset,Virology; Genetics,COVID-19,10.1038/s41431-020-0636-6,,covid-19 host genetics initiative,covid-19 hg,covid19hg.org,True,url,COVID-19 Host Genetics Initiative,keyword
COVID-19 Registry,,https://registry.rice.edu/covid19,4066,10.25504/FAIRsharing.37dd5b,"The COVID-19 Registry is a research project that aims to provide real-time information on the spread of COVID-19, who is being affected, and how. 
",deprecated,repository,,,Environmental Defense Fund,Charitable foundation,Rice University,University,Marie Lynn Miranda; Joanna Espinoza,Covid19Registry@rice.edu; irb@rice.edu,controlled,controlled,,,,,,,dataset; image,Clinical Studies; Epidemiology; Health Science; Medicine; Infectious Disease Medicine; Medical Virology,COVID-19; Dashboard; Observations,,,covid-19 registry,,registry.rice.edu,True,url,COVID-19 Registry,keyword
COVID-HEP Registry,,https://www.covid-hep.net/,3119,10.25504/FAIRsharing.bsAeqi,"COVID-HEP Registry is a universal and collaborative registry project to collect data on patients with liver disease at any stage or liver transplants who develop laboratory-confirmed COVID-19. We are pleased to encourage reports from worldwide. However, if reporting from the Americas or China/Japan/Korea, please see our collaborators at: SECURE-cirrhosis.",deprecated,repository,United Kingdom,2020,,,"University of Oxford, UK; European Association for the Study of the Liver (EASL); Translational Gastroenterology Unit (TGU), Oxford, UK",Research institute; University; Consortium,Thomas Marjot,Thomas.marjot@ndm.ox.ac.uk,controlled,open,,,,,,,object type not found,Critical Care Medicine; Epidemiology; Gastroenterology; Health Science; Infectious Disease Medicine; Medical Virology,Cirrhosis; COVID-19; Dashboard; hepatology; liver transplantation; Observations,S0168-8278(20)33667-9; S2468-1253(20)30271-5,,covid-hep registry,,covid-hep.net,True,url,COVID-Hepatology Registry,keyword
Canadian VirusSeq Data Portal,CVDP,https://virusseq-dataportal.ca/,4062,10.25504/FAIRsharing.802704,"The goal of the CanCOGeN VirusSeq project is to sequence up to 150,000 viral samples from Canadians testing positive for COVID-19. The VirusSeq Data Portal is an open-source and open-access data portal for all Canadian SARS-CoV-2 sequences and associated non-personal contextual data. It harmonizes, validates and automates submission to international databases.
",ready,repository,Canada,2022,"Genome Canada, Canada; Government of Canada",Government body,Ontario Institute For Cancer Research,Research institute,General contact,info@virusseq-dataportal.ca,open,controlled,,CVDP Website and Data Usage Policies,https://virusseq-dataportal.ca/policies,,,https://www.re3data.org/repository/r3d100013955,dataset,Virology; Genomics,COVID-19,,,canadian virusseq data portal,cvdp,virusseq-dataportal.ca,True,url,Canadian COVID-19 Genomics Network - VirusSeq Data Portal,keyword
Cardiac complicAtions in Patients With SARS Corona vIrus 2 regisTrY,CAPACITY-COVID,https://capacity-covid.eu/,3312,10.25504/FAIRsharing.e43c2d,"CAPACITY-COVID is a registry of patients with COVID-19, their history of cardiovascular disease and the occurrence of cardiovascular complications in COVID-19 patients. CAPACITY uses an extension of the CRF released by the ISARIC and WHO in response to the emerging outbreak of COVID-19.",ready,repository,,2020,,,"Dutch Heart Foundation; Dutch Association for Cardiology (NVVC); Netherlands Heart Registration (NHR); Harteraad; University College London Hospitals NHS Foundation Trust (UCLH); Dutch CardioVascular Alliance (DCVA); Dutch Network for Cardiovascular Research (WCN); Netherlands Heart Institute - Durrer Center; National Institute for Health Research (NIHR), UK; The British Heart Foundation; Institute of Structural and Molecular Biology, University College London, London, UK",Government body; Charitable foundation; Research institute; Consortium,,,controlled,open,,,,,,,other object type,Medical Informatics; Public Health; Health Science,COVID-19,,,cardiac complications in patients with sars corona virus 2 registry,capacity-covid,capacity-covid.eu,True,url,Cardiac complicAtions in Patients with SARS Corona vIrus 2 regisTrY,keyword
Center for International Blood and Marrow Transplant Research ,CIBMTR,https://www.cibmtr.org/Pages/index.aspx,4063,10.25504/FAIRsharing.55e735,"The CIBMTR is dedicated to improving survival, treatment, and quality of life for transplant patients. With more than 1,650 publications, the CIBMTR conducts practice-changing research that helps patients and physicians.
",ready,repository,United States,2004,"Be The Match; Medical College of Wisconsin (MCW), Wisconsin, USA",Charitable foundation; University,,,,,partially open,open,,CIBMTR Data Protection and Privacy ,https://www.cibmtr.org/About/dataprotection/Pages/index.aspx ,,,,publication; dataset,Clinical Studies; Epidemiology; Health Science; Medicine; Infectious Disease Medicine; Medical Virology,COVID-19; Dashboard; Observations,,,center for international blood and marrow transplant research,cibmtr,cibmtr.org,True,url,Center for International Blood and Marrow Transplant Research (CIBMTR) COVID-19 Data Collection,keyword
Complex Portal,CP,https://www.ebi.ac.uk/complexportal/,2679,10.25504/FAIRsharing.wP3t2L,"The Complex Portal is a manually curated, encyclopaedic resource of macromolecular complexes from a number of key model organisms. The majority of complexes are made up of proteins but may also include nucleic acids or small molecules. All data is freely available for search and download.",ready,knowledgebase,Austria; Belgium; Croatia; Czech Republic; Denmark; Finland; France; Germany; Greece; Hungary; Iceland; Ireland; Israel; Italy; Lithuania; Luxembourg; Malta; Montenegro; Netherlands; Norway; Portugal; Slovakia; Spain; Sweden; Switzerland; United Kingdom,2014,"ELIXIR Czech Republic; Biotechnology and Biological Sciences Research Council (BBSRC), UK; National Institutes of Health (NIH), Bethesda, MD, USA; OpenTargets and the China Scholarship Council",Government body,"European Bioinformatics Institute (EMBL-EBI), Wellcome Genome Campus, Hinxton, Cambridgeshire, UK; Institute of Structural and Molecular Biology, University College London, London, UK; Swiss Institute of Bioinformatics (SIB), Switzerland; Multimodal and Functional Imaging Laboratory, Central European Institute of Technology (CEITEC), Brno, Czech Republic",Lab; Research institute,Birgit Meldal,bmeldal@ebi.ac.uk,open,not applicable,,Apache License 2.0; EMBL-EBI Terms of Use,http://www.apache.org/licenses/LICENSE-2.0; http://www.ebi.ac.uk/about/terms-of-use,,,https://www.re3data.org/repository/r3d100013295,dataset; image,Functional Genomics; Systems Biology; Structural Biology; Proteomics,COVID-19,10.1093/nar/gky1001; 10.1093/nar/gku975,,complex portal,cp,ebi.ac.uk,True,url,European Molecular Biology Laboratory-European Bioinformatics Institute Electron Microscopy Data Bank,keyword
Consortium for Clinical Characterization of COVID-19 by EHR,4CE,https://covidclinical.net/,4079,10.25504/FAIRsharing.10fef0,"4CE is an international consortium for electronic health record (EHR) data-driven studies of the COVID-19 pandemic. The goal of this effort—led by the i2b2 international academics users group—is to inform doctors, epidemiologists and the public about COVID-19 patients with data acquired through the health care process.",ready,repository,Brazil; Singapore; United States; European Union,2020,,,I2b2 Transmart Foundation,Charitable foundation,,,controlled,not applicable,,Copyright © 2022 Consortium for Clinical Characterization of COVID-19 by EHR,https://covidclinical.net/,,,,document; publication; dataset,Pediatrics; Clinical Studies; Public Health; Medicine; Medical Virology,COVID-19,,,consortium for clinical characterization of covid-19 by ehr,4ce,covidclinical.net,True,url,Consortium for Clinical Characterization of COVID-19 by EHR,keyword
Coronavirus Antiviral Research Database,COVDB,https://covdb.stanford.edu/,2917,10.25504/FAIRsharing.ec45c4,"COVDB contains cell culture, animal model, and clinical data on compounds with a proven or potential anti-coronavirus activity.",ready,knowledgebase,United States,2020,,,"Stanford University, CA, USA",University,HIV Drug resistance Database team,hivdbteam@stanford.edu,open,controlled,,COVDB Terms of Use,https://covdb.stanford.edu/terms-of-use/,,,https://www.re3data.org/repository/r3d100013298,dataset,Virology; Clinical Studies,COVID-19,,,coronavirus antiviral research database,covdb,covdb.stanford.edu,True,url,Coronavirus Antiviral & Resistance Database,keyword
Coronavirus and Celiac Disease Reporting Database,,https://covidceliac.org/,3287,10.25504/FAIRsharing.dtSZ38,"Surveillance Epidemiology of Coronavirus Under Research Exclusion (SECURE-Celiac) is an international, pediatric and adult database to monitor and report on outcomes of COVID-19 occurring in patients with celiac disease. We encourage clinicians worldwide to report ALL cases of COVID-19 in patients with celiac disease, regardless of severity (including asymptomatic patients detected through public health screening).",deprecated,repository,United States,2020,,,"Society for the Study of Celiac Disease, Downers Grove, IL, USA; World Gastroenterology Organisation (WGO), Milwaukee, WI, USA; Beyond Celiac, Ambler, PA, USA; Celiac Disease Foundation, Woodland Hills, CA, USA",Charitable foundation,Benjamin Lebwohl,BL114@cumc.columbia.edu,not found,not found,,,,,,,questionnaire/survey,Critical Care Medicine; Clinical Studies; Epidemiology; Health Science; Medicine; Infectious Disease Medicine; Medical Virology,celiac disease; COVID-19; Dashboard; Observations,,,coronavirus and celiac disease reporting database,,covidceliac.org,True,url,Surveillance Epidemiology of Coronavirus Under Research Exclusion-Celiac,keyword
Coronavirus and MS Reporting Database,,https://www.covims.org/,3276,10.25504/FAIRsharing.MtkkWk,"COViMS (COVID-19 Infections in MS & Related Diseases) is a joint effort of the National MS Society, Consortium of MS Centers and Multiple Sclerosis Society of Canada to capture information on outcomes of people with MS and other CNS demyelinating diseases (Neuromyelitis Optica, or MOG antibody disease) who have developed COVID-19.",deprecated,repository,Canada,2020,,,"The Consortium of Multiple Sclerosis Centers, Hackensack, NJ, USA; National Multiple Sclerosis Society; Multiple Sclerosis (MS) Society of Canada",Charitable foundation; Consortium,General contact,info@covims.org,controlled,not applicable,,,,,,https://www.re3data.org/repository/r3d100014072,questionnaire/survey,Critical Care Medicine; Clinical Studies; Epidemiology; Health Science; Medicine; Infectious Disease Medicine; Medical Virology,COVID-19; Dashboard; Multiple Sclerosis; Observations,10.1002/ana.25907,,coronavirus and ms reporting database,,covims.org,True,url,Coronavirus and MS Reporting Database,keyword
Coronavirus and Psoriasis Reporting Registry,,https://school.wakehealth.edu/Departments/Dermatology/SECURE-Psoriasis,3288,10.25504/FAIRsharing.dc0WgQ,"Surveillance Epidemiology of Coronavirus Under Research Exclusion (SECURE-Psoriasis) is an international, pediatric and adult registry to monitor and report on outcomes of COVID-19 occurring in psoriasis patients.",ready,repository,United States,2020,"National Psoriasis Foundation, Portland, OR, United States",Charitable foundation,"Wake Forest School of Medicine, Winston-Salem, NC, USA",University,General contact,COVID_PSO@wakehealth.edu,open,controlled,,,,,,,questionnaire/survey; dataset,Critical Care Medicine; Clinical Studies; Epidemiology; Health Science; Medicine; Infectious Disease Medicine; Medical Virology,COVID-19; Dashboard; Observations; Psoriasis,10.1080/09546634.2020.1753996,,coronavirus and psoriasis reporting registry,,school.wakehealth.edu,True,url,Surveillance Epidemiology of Coronavirus Under Research Exclusion-Psoriasis,keyword
DDBJ Sequence Read Archive,DRA,https://www.ddbj.nig.ac.jp/dra/index-e.html,3013,10.25504/FAIRsharing.23823e,"DDBJ Sequence Read Archive (DRA) is an archive database for output data generated by next-generation sequencing machines including Roche 454 GS System®, Illumina Genome Analyzer®, Applied Biosystems SOLiD® System, and others. DRA is a member of the International Nucleotide Sequence Database Collaboration (INSDC) and archiving the data in a close collaboration with NCBI Sequence Read Archive (SRA) and EBI Sequence Read Archive (ERA).",ready,knowledgebase_and_repository,Japan,,,,Bioinformation and DDBJ Center,Research institute,,,open,open,,DDBJ Policies and Disclaimers,https://www.ddbj.nig.ac.jp/policies-e.html,,,https://www.re3data.org/repository/r3d100013696; https://scicrunch.org/resolver/RRID:SCR_001370,dataset,Life Science; Functional Genomics; Virology; Data Management; Metagenomics; Epidemiology; Bioinformatics; Genomics,COVID-19,,,ddbj sequence read archive,dra,ddbj.nig.ac.jp,True,url,DNA Data Bank of Japan,keyword
Database of publications on coronavirus disease (COVID-19),,https://www.who.int/emergencies/diseases/novel-coronavirus-2019/global-research-on-novel-coronavirus-2019-ncov,2933,10.25504/FAIRsharing.329809,"The WHO is gathering the latest scientific findings and knowledge on coronavirus disease (COVID-19) and compiling it in a database. The database is updated daily from searches of bibliographic databases, manual searches of the table of contents of relevant journals, and the addition of other relevant scientific articles that come to our attention. Note - the entries in the database may not be exhaustive and new research will be added regularly.",ready,repository,Worldwide,2020,,,World Health Organization (WHO),Government body,,,open,not applicable,,WHO Privacy Legal Notice,https://www.who.int/about/policies/privacy,,,,dataset; image,Life Science; Virology; Biomedical Science; Epidemiology,COVID-19,,,database of publications on coronavirus disease (covid-19),,who.int,True,url,The WHO Global Clinical Platform for COVID-19,keyword
Discovery VIRUS COVID-19 Registry,,https://www.sccm.org/research/discovery-research-network/discovery-research-collaboratives/virus-covid-19-registry,3250,10.25504/FAIRsharing.ogTCME,"VIRUS is a cross-sectional, observational study and registry of all eligible adult and pediatric patients who are admitted to a hospital.",deprecated,repository,United States,2020,,,"Society of Critical Care Medicine (SCCM), Mount Prospect, IL, USA",Consortium,Vishakha Kumar,vkumar@sccm.org,controlled,controlled,,SCCM Privacy Statement; SCCM Terms and Conditions,https://www.sccm.org/About-SCCM/Privacy-Statement; https://www.sccm.org/About-SCCM/Terms-and-Conditions,,,,dataset,Critical Care Medicine; Respiratory Medicine; Clinical Studies; Epidemiology; Health Science; Medicine; Infectious Disease Medicine; Medical Virology,COVID-19; Dashboard; Observations,10.1097/CCE.0000000000000113; 10.1097/CCM.0000000000004572,,discovery virus covid-19 registry,,sccm.org,True,url,Discovery Viral Infection and Respiratory Illness Universal Study COVID-19 Registry,keyword
European Renal Association COVID-19 Database,ERACODA,https://www.eracoda.org/,3315,10.25504/FAIRsharing.esBStc,The European Renal Association COVID-19 Database is a European database collecting clinical information of patients on kidney replacement therapy with COVID-19.,deprecated,repository,Netherlands,2021,"Dutch Kidney Foundation (Nierstichting), Bussum, Netherlands; European Renal Association (ERA-EDTA); Sandoz; Baxter",Company; Charitable foundation; Consortium,ERACODA Working Group; University Medical Center Groningen and Radboud University Medical Center Nijmegen,University; Consortium,General contact,COVID.19.KRT@umcg.nl,controlled,not applicable,,,,,,,questionnaire/survey,Critical Care Medicine; Clinical Studies; Epidemiology; Health Science; Medicine; Infectious Disease Medicine; Medical Virology,COVID-19; kidney transplantation; Observations,10.1093/ckj/sfab027; 10.1093/ndt/gfaa314; 10.1093/ndt/gfaa261; 10.1093/ndt/gfaa179,,european renal association covid-19 database,eracoda,eracoda.org,True,url,The European Renal Association COVID-19 Database,keyword
GISAID EpiCoV™ Database,,https://db.cngb.org/gisaid/,2938,10.25504/FAIRsharing.ba6a09,"China National GeneBank DataBase (CNGBdb) is an official partner of the GISAID Initiative. It provides access to EpiCoV and features the most complete collection of hCoV-19 genome sequences along with related clinical and epidemiological data. With the data from this database scientific researchers can construct a virus phylogenetic tree to reveal the characteristics of the pathogen, and provide effective references for the study and analysis of the evolutionary source and pathological mechanism of the novel coronavirus.",ready,repository,China,2020,,,"China National GeneBank, Shenzhen, China",Government body,General contact,CNGBdb@cngb.org,open,not found,,GISAID Terms of Use,https://www.gisaid.org/registration/terms-of-use/,,,,document; dataset,Life Science; Virology; Phylogenetics; Epidemiology,COVID-19,,,gisaid epicov™ database,,db.cngb.org,True,url,China National GeneBank DataBase,keyword
Genome Warehouse,GWH,https://ngdc.cncb.ac.cn/gwh,2905,10.25504/FAIRsharing.7qBaJ0,"The Genome Warehouse (GWH) is a public archival resource housing genome-scale data for a wide range of species. GWH accepts full genomes of eukaryotes and prokaryotes as well as metagenomes. For each collected genome assembly, GWH incorporates descriptive information including biological sample metadata, genome assembly metadata, sequence data and genome annotation, and offers standardized quality control for genome sequence and annotation.",ready,repository,China,2016,,,"National Genomics Data Center (BIG Data Center), Beijing Institute of Genomics, Chinese Academy of Sciences, Bejing, China",Research institute,GWH curator,gwhcuration@big.ac.cn,open,open,,Creative Commons Attribution 3.0 China Mainland  (CC BY 3.0 CN),https://creativecommons.org/licenses/by/3.0/cn/,,,https://www.re3data.org/repository/r3d100013428,dataset,Virology; Microbiology; Genomics,COVID-19,10.1093/gpbjnl/qzaf010; 10.1016/j.gpb.2021.04.001,,genome warehouse,gwh,ngdc.cncb.ac.cn,True,url,China National Center for Bioinformation - National Genomics Data Center,keyword
Global Registry of COVID-19 in Pediatric Cancer,,https://global.stjude.org/en-us/global-covid-19-observatory-and-resource-center-for-childhood-cancer/registry.html,4068,10.25504/FAIRsharing.9c72d7,"The Global COVID-19 Observatory and Resource Center for Childhood Cancer is for health care professionals focused on pediatric cancer. The resource provides a way for providers to collaborate, connect and find the latest information on COVID-19 as it relates to childhood cancer.  
",ready,repository,United States,2022,,,St. Jude Children's Research Hospital,Research institute,,,controlled,open,,St. Jude Global Alliance Online Community Terms and Conditions,https://global.stjude.org/en-us/terms-conditions.html,,,,questionnaire/survey; dataset; image,Pediatrics; Clinical Studies; Epidemiology; Health Science; Medicine; Infectious Disease Medicine; Medical Virology,COVID-19; Dashboard; Observations,,,global registry of covid-19 in pediatric cancer,,global.stjude.org,True,url,Global Registry of COVID-19 in Pediatric Cancer,keyword
Global.health,,https://global.health/,4387,10.25504/FAIRsharing.d11b62,"Global.health is the first of its kind, easy-to-use global repository and visualization platform that enables open access to real-time de-identified epidemiological line-list case data. Data about Covid-19, ebola and Monkeypox are available.",ready,repository,South Africa; United Kingdom; United States,2020,"Google (United States); Oxford Martin School; Rockefeller Foundation, New-York, NY, USA",Company; Charitable foundation; Research institute,,,,,controlled,controlled,,Global.health Terms of Use; Global.health Privacy Policy,https://global.health/terms-of-use/; https://global.health/privacy/,,,,document; publication; dataset; image,Epidemiology; Medical Virology,COVID-19; monkeypox,,,global.health,,global.health,True,exact_name,global.health,keyword
HIV and COVID-19 Registry in Europe,,https://www.neat-id.org/,3280,10.25504/FAIRsharing.rOCqic,"In March the NEAT ID Foundation initiated the development of a simple Data “Dashboard” to monitor the progress of COVID-19 in HIV infected patients across Europe in real time. The Dashboard shows at European and Country level the number of cases reported to NEAT ID with COVID-19 co-infection with HIV, the number of hospitalisations and the number of deaths (from sites who have contributed to date).",deprecated,repository,European Union,2020,,,"NEAT ID Foundation, London, UK",Charitable foundation,General contact,NEAT-ID@NEAT-ID.org,not found,not found,,,,,,,questionnaire/survey,Critical Care Medicine; Clinical Studies; Epidemiology; Health Science; Medicine; Infectious Disease Medicine; Medical Virology,COVID-19; Dashboard; Observations,,,hiv and covid-19 registry in europe,,neat-id.org,True,url,COVID-19 HCV Co-Infection Data Dashboard,keyword
Health Data Research Innovation Gateway,Innovation Gateway,https://healthdatagateway.org,3296,10.25504/FAIRsharing.nh1DmP,"The Health Data Research Innovation Gateway (the ‘Gateway’) provides a common entry point to discover and enquire about access to UK health datasets for research and innovation. It provides detailed information about the datasets, which are held by members of the UK Health Data Research Alliance, such as a description, size of the population, and the legal basis for access. The Gateway includes the ability to search for research projects, publications and health data tools, such as those related to COVID-19. New interactive features provide a community forum for researchers to collaborate and connect and the ability to add research projects. The Innovation Gateway does not hold or store any datasets or patient or health data but rather acts as a portal to allow discovery of datasets and to request access to them for health research. A dataset is a collection of related individual pieces of data but in the case of health data, identifiable information (e.g. name or NHS number) is removed and data is de-identified where possible. When you access the Gateway you will not be able to view or extract the data itself. Instead, you will be able to see information that describes what the different datasets are (e.g. where the dataset has come from, a description of the dataset, the time period and the geographical areas the dataset covers). In order to access the data, you will need to sign in and then follow the access request process. Only once your request has been through the process to ensure your application meets all of the requirements and is approved by the data controller will you be able to access the data. Your access to the data will be provided outside of the Gateway in line with the processes of the data controller - read through our FAQs for more information on the process. The datasets that are discoverable through the Innovation Gateway are from organisations in the NHS, research institutes and charities, which are part of the UK Health Data Research Alliance. You can find out more about its members on the UK Health Data Research Alliance website. The information provided about the datasets has been provided by the relevant data controller and is continually updated.",ready,knowledgebase,United Kingdom,2020,,,Health Data Research UK,Company,Susheel Varma,susheel.varma@hdruk.ac.uk,controlled,not applicable,,HDR UK Terms and Conditions,https://www.hdruk.ac.uk/infrastructure/gateway/terms-and-conditions/,,,https://www.re3data.org/repository/r3d100013505,document; publication; dataset; software source code; software application,Virology; Respiratory Medicine; Clinical Studies; Health Services Research; Epidemiology; Occupational Medicine; Public Health; Health Science; Genomics; Cardiology; Primary Health Care; Global Health; Reproductive Health; Community Care; Medical Virology,Breast cancer; COVID-19; Dashboard; Metabolic health in adolescents; Non-clinical trial; Pre-clinical imaging; respiratory disease,,,health data research innovation gateway,innovation gateway,healthdatagateway.org,True,url,Health Data Research UK,keyword
Image Data Resource ,IDR,https://idr.openmicroscopy.org,2303,10.25504/FAIRsharing.6wf1zw,"The Image Data Resource (IDR) is a public repository of image datasets from published scientific studies, where the community can submit, search and access high-quality bio-image data. It follows the Euro-BioImaging/ELIXIR imaging strategy using the OMERO and Bio-Formats open source software built by the Open Microscopy Environment. Deployed on an OpenStack cloud running on the EMBL-EBI’s Embassy resource, it includes image data linked to independent studies from genetic, RNAi, chemical, localisation and geographic high content screens, super-resolution microscopy, and digital pathology.",ready,repository,United Kingdom,2015,European Commission Horizon 2020; Biotechnology and Biological Sciences Research Council; EOSC-Life; European Commission Horizon 2020; The Wellcome Trust; Biotechnology and Biological Sciences Research Council,Government body; Charitable foundation; Consortium,"Open Microscopy Environment; University of Dundee, Scotland, UK; Cambridge Systems Biology Centre, University of Cambridge, Cambridge, UK; European Commission FP7",Government body; Lab; University,Josh Moore; Sébastien Besson; General Contact,j.a.moore@dundee.ac.uk; s.besson@dundee.ac.uk; idr@openmicroscopy.org,open,open,Follows EMBL-EBI’s open data mission in the domain of biological images,Creative Commons Attribution 4.0 International (CC BY 4.0); Creative Commons Attribution-NonCommercial 4.0 International (CC BY-NC 4.0); Creative Commons CC0 1.0 Universal (CC0 1.0) Public Domain Dedication,https://creativecommons.org/licenses/by/4.0/; https://creativecommons.org/licenses/by-nc/4.0/; https://creativecommons.org/publicdomain/zero/1.0/,,,https://www.re3data.org/repository/r3d100012435; https://scicrunch.org/resolver/RRID:SCR_017421,dataset; image,Life Science; Botany; Biomedical Science,Digital pathology; Plankton,10.1038/nmeth.4326,,image data resource,idr,idr.openmicroscopy.org,True,url,Image Data Resource,keyword
Immunology Database and Analysis Portal,ImmPort,https://immport.org,2186,10.25504/FAIRsharing.bpkzqp,"The Immunology Database and Analysis Portal (ImmPort) data repository was created for the exploration of clinical and basic research data on immunology and associated findings. ImmPort intends to promote effective data sharing across the basic, clinical and translational research communities. It collects data both from clinical and mechanistic studies on human subjects and from immunology studies on model organisms. The ImmPort ecosystem consists of four components: private data, shared data, data analysis, and resources-for data archiving, dissemination, analyses, and reuse.",ready,repository,United States,2007,"National Institute of Allergy and Infectious Diseases, National Institutes of Health",Government body,"University of California, Los Angeles, CA; Northrop Grumman Health IT; National Institutes of Health (NIH), National Institute of Allergy and Infectious Diseases (NIAID), Division of Allergy, Immunology, and Transplantation (DAIT)",Company; Government body; University,Jeff Wiser,jeff.wiser@ngc.com,partially open,controlled,"DAIT, NIAID, NIH Support Funding (duration up to 2027); CoreTrustSeal Compliance Level 3",ImmPort Data Sharing,http://www.immport.org/agreement,,,https://www.re3data.org/repository/r3d100012529; https://scicrunch.org/resolver/RRID:SCR_012804,dataset,Translational Medicine; Preclinical Studies; Biomedical Science; Clinical Studies; Immunology,COVID-19,10.1007/s12026-014-8516-1; 10.1002/cyto.a.22037; 10.1002/cyto.b.20554; 10.1038/sdata.2018.15,,immunology database and analysis portal,immport,immport.org,True,url,The Immunology Database and Analysis Portal,keyword
Infectious Diseases Data Observatory,IDDO,https://www.iddo.org/,2968,10.25504/FAIRsharing.cF5x1V,"The Infectious Diseases Data Observatory (IDDO) assembles clinical, laboratory and epidemiological data on a collaborative platform to be shared with the research and humanitarian communities. The data are analysed to generate reliable evidence and innovative resources that enable research-driven responses to the major challenges of emerging and neglected infections. Data is organized into research themes, with both submitters storing and requesters asking for data via the central IDDO platform. Certain data (listed in data inventories or available via various portals) is available publicly, while the rest must be applied and permission received for.",ready,repository,United Kingdom,2016,"Bill and Melinda Gates Foundation, Seattle, Washington, USA",Charitable foundation,"WorldWide Antimalarial Resistance Network; Infectious Diseases Data Observatory (IDDO), Oxford, UK; Centre for Tropical Medicine and Global Health, Oxford, UK",Research institute,Professor Philippe Guérin,info@iddo.org,controlled,open,,IDDO Data Access; IDDO Privacy Notice; IDDO Terms of Use,https://www.iddo.org/document/iddo-data-access-guidelines; https://www.iddo.org/privacy-notice; https://www.iddo.org/terms-of-use,,,https://www.re3data.org/repository/r3d100013358,dataset,Virology; Biomedical Science; Clinical Studies; Epidemiology; Public Health,Antimicrobial resistance; COVID-19,,,infectious diseases data observatory,iddo,iddo.org,True,url,Infectious Diseases Data Observatory,keyword
IntAct molecular interaction database,IntAct,https://www.ebi.ac.uk/intact/home,1599,10.25504/FAIRsharing.d05nwx,"IntAct provides a freely available, open source database system and analysis tools for protein interaction data. All interactions are derived from literature curation or direct user submissions and are freely available.",ready,knowledgebase_and_repository,Austria; Belgium; Croatia; Czech Republic; Denmark; Finland; France; Germany; Greece; Hungary; Iceland; Ireland; Israel; Italy; Lithuania; Luxembourg; Malta; Montenegro; Netherlands; Norway; Portugal; Slovakia; Spain; Sweden; Switzerland; United Kingdom,2003,"National Institute of General Medical Sciences (NIGMS), Bethesda, MD, USA; Biotechnology and Biological Sciences Research Council (BBSRC), UK; National Center for Research Resources (NCRR), National Institutes of Health, Bethesda, MD, USA",Government body,"European Bioinformatics Institute (EMBL-EBI), Wellcome Genome Campus, Hinxton, Cambridgeshire, UK; Swiss Institute of Bioinformatics (SIB), Switzerland",Research institute,Sandra Orchard,orchard@ebi.ac.uk,open,open,,Creative Commons Attribution 4.0 International (CC BY 4.0); EMBL-EBI Terms of Use,https://creativecommons.org/licenses/by/4.0/; http://www.ebi.ac.uk/about/terms-of-use,,,https://www.re3data.org/repository/r3d100010671; https://scicrunch.org/resolver/RRID:SCR_006944,dataset; image; model,Biology,COVID-19,10.1093/nar/gkh052; 10.1093/nar/gkp878; 10.1186/1741-7007-5-44; 10.1038/nmeth.1637; 10.1093/nar/gkt1115,,intact molecular interaction database,intact,ebi.ac.uk,True,url,European Molecular Biology Laboratory-European Bioinformatics Institute Electron Microscopy Data Bank,keyword
International COVID-19 Data Alliance,ICODA,https://icoda-research.org/,4070,10.25504/FAIRsharing.24ddb8,"Convened by Health Data Research UK, the national institute for health data in the UK, ICODA was an open and inclusive global collaboration of leading life science, philanthropic and research organisations that came together to harness the power of health data to respond to the COVID-19 pandemic. Building on the ICODA programme, HDR UK has now convened the HDR Global programme which seeks to assist with data science skills and enable trustworthy data access, re-use and analysis in regions, communities and disease areas, where evidence to tackle threats to public health is lacking
",deprecated,repository,United Kingdom; Worldwide,2020,"Mastercard (United Kingdom); Bill and Melinda Gates Foundation; Microsoft Corporation; Chan Zuckerberg Initiative, Redwood City, CA, USA; The Wellcome Trust; Minderoo Fundation",Company; Charitable foundation,,,Andrew Morris,andrew.morris@hdruk.ac.uk,controlled,open,,Icoda Terms and Conditions; Icoda Privacy Policy; Icoda Ethics and Governance Framework,https://icoda-research.org/terms-conditions/; https://icoda-research.org/privacy-policy/; https://icoda-research.org/wp-content/uploads/2022/10/ICODA-Ethics-and-Governance-framework-May-2021-v1.1.pdf,,,,object type not found,Clinical Studies; Health Science; Medicine,COVID-19,,,international covid-19 data alliance,icoda,icoda-research.org,True,url,International COVID-19 Data Alliance,keyword
LitCovid,LitCovid,https://www.ncbi.nlm.nih.gov/research/coronavirus/,2924,10.25504/FAIRsharing.a01ca1,"LitCovid is a curated literature hub for tracking up-to-date scientific information about the 2019 novel Coronavirus. It is the most comprehensive resource on the subject, providing a central access to 5645 (and growing) relevant articles in PubMed. The articles are updated daily and are further categorized by different research topics and geographic locations for improved access.",ready,knowledgebase,United States,2020,"National Library of Medicine (NLM), Bethesda, MD, USA; USA.gov",Government body,"NCBI Computational Biology Branch, Bethesda, MD, USA; NLM/NCBI BioNLP Research Group, Bethesda, MD, USA",Lab; Research institute,Zhiyong Lu,Zhiyong.Lu@nih.gov,open,not applicable,not found,NCBI Website and Data Usage Policies and Disclaimers,https://www.ncbi.nlm.nih.gov/home/about/policies/,,,,document; dataset,Life Science; Virology; Biomedical Science; Epidemiology,COVID-19,10.1038/d41586-020-00694-1; 10.1093/nar/gkaa952; 10.1093/nar/gkac1005,,litcovid,litcovid,ncbi.nlm.nih.gov,True,url,National Center for Biotechnology Information - GenBank,keyword
MS Global Data-Sharing Initiative,,https://www.qmenta.com/covid19-patients_ms/,3293,10.25504/FAIRsharing.8F5DRF,"The Multiple Sclerosis International Federation (MSIF) and the Multiple Sclerosis Data Alliance (MSDA) have teamed up to form a Global Data Sharing Initiative to achieve insights on the effect of COVID-19 in people with MS as fast as possible, with the intent to steer clinical decision-making during the pandemic.",deprecated,repository,Worldwide,2020,,,"Multiple Sclerosis (MS) Data Alliance; QMENTA, Boston, MA, USA; Multiple Sclerosis International Federation, London, UK",Company; Charitable foundation; Consortium,Ariadna Torrens,ariadna.torrens@qmenta.com,not found,not found,,QMENTA Data Policy; QMENTA Privacy Policy; QMENTA Terms of Service,https://www.qmenta.com/data-policy/; https://www.qmenta.com/privacy-policy/; https://www.qmenta.com/terms-of-service/,,,,questionnaire/survey,Critical Care Medicine; Clinical Studies; Epidemiology; Health Science; Medicine; Infectious Disease Medicine; Medical Virology,COVID-19; Multiple Sclerosis; Observations,,,ms global data-sharing initiative,,qmenta.com,True,url,QMENTA imaging database,keyword
McMaster Multi-Regional Hospital Coronavirus Registry,COREG,https://www.coregontario.ca/,4064,10.25504/FAIRsharing.0590c7,"The Coronavirus (COVID-19) Registry (COREG) is a comprehensive registry platform that facilitates uniform data collection of patients both tested for COVID-19 and those admitted with suspected or confirmed COVID-19.  It is an extension of the ISARIC-WHO case report form (CRF) to capture information of local importance to understand spread, disease course, and comparative outcomes.
",deprecated,repository,Canada,2020,Canadian Institutes of Health Research; Hamilton Academic Health Sciences Organization,Government body; Research institute,McMaster University,University,General contact; Catalina Lopez-Correa,info@coregontario.ca; clopez@genomecanada.ca,controlled,controlled,,,,,,,questionnaire/survey,Clinical Studies; Epidemiology; Health Science; Medicine; Infectious Disease Medicine; Medical Virology,COVID-19; Dashboard; Observations,10.1007/s11739-021-02637-8,,mcmaster multi-regional hospital coronavirus registry,coreg,coregontario.ca,True,url,McMaster Multi-Regional Hospital Coronavirus Registry,keyword
Medical Imaging and Data Resource Center,MIDRC,https://www.midrc.org/,4081,10.25504/FAIRsharing.33dccb,"Representatives of the American College of Radiology® (ACR®), the Radiological Society of North America (RSNA), and the American Association of Physicists in Medicine (AAPM) have jointly developed the  Medical Imaging and Data Resource Center (MIDRC) for rapid and flexible collection, artificial intelligence analysis, and dissemination of imaging and associated data. MIDRC is hosted at the University of Chicago. 
",ready,repository,United States,2021,National Institute of Biomedical Imaging and Bioengineering,Undefined,,,Maryellen L. Giger,l332@uchicago.edu,open,open,,MIDRC Data access and contributions; MIDRC data use agreement ,https://www.midrc.org/faqs; https://www.midrc.org/midrc-data-use-agreement,,,https://www.re3data.org/repository/r3d100014283,dataset; image,Clinical Studies; Medicine,COVID-19; Observations,10.1016/S2589-7500(22)00063-2,,medical imaging and data resource center,midrc,midrc.org,True,url,Medical Imaging and Data Resource Center,keyword
NCBI Genetic Sequence Database,GenBank,https://www.ncbi.nlm.nih.gov/genbank/,1547,10.25504/FAIRsharing.9kahy4,"GenBank ® is the NIH genetic sequence database of annotated collections of all publicly available DNA sequences. GenBank is part of an International Nucleotide Sequence Database Collaboration, which comprises the DNA DataBank of Japan (DDBJ), the European Nucleotide Archive (ENA), and GenBank at NCBI. The GenBank database is designed to provide and encourage access within the scientific community to the most up-to-date and comprehensive DNA sequence information, and release available versioned collections every two months from the ftp site. As part of the International Nucleotide Sequence Database Collaboration (INSDC), a long-standing foundational initiative (operating between DDBJ, EMBL-EBI and NCBI), the INSDC covers the spectrum of data raw reads, through alignments and assemblies to functional annotation, enriched with contextual information relating to samples and experimental configurations. GenBank data submission types include:  mRNA sequences, Prokaryotic genes, Eukaryotic genes, rRNA and/or ITS, viral sequences, transposon or insertion sequences, microsatellite sequences, pseudogenes, cloning vectors, phylogenetic or population sets, and non-coding RNAs.
",ready,repository,Japan; United States; European Union,1982,National Institutes of Health,Government body,National Center for Biotechnology Information,Government body,NCBI Helpdesk,info@ncbi.nlm.nih.gov,open,open,,NCBI Website and Data Usage Policies and Disclaimers; Nucleotide Sequence Database Policies,https://www.ncbi.nlm.nih.gov/home/about/policies/; https://www.insdc.org/policy/,,,https://www.re3data.org/repository/r3d100010528; https://scicrunch.org/resolver/RRID:SCR_002760,dataset,Functional Genomics; Virology; Comparative Genomics; Epigenomics; Metagenomics; Transcriptomics; Microbiology; Bioinformatics; Genomics; Metaproteomics,COVID-19,10.1093/nar/gkr1202; 10.1093/nar/gkq1079; 10.1093/nar/gkm929; 10.1093/nar/gkn723; 10.1093/nar/gks1195; 10.1093/nar/gkt1030; 10.1093/nar/gkx1094; 10.1093/nar/gkz956; 10.1093/nar/gky989; 10.1093/nar/gkw1070; 10.1093/nar/gkv1276; 10.1093/nar/gku1216; 10.1186/s12859-020-3537-3; 10.1093/nar/gkae1114,,ncbi genetic sequence database,genbank,ncbi.nlm.nih.gov,True,url,National Center for Biotechnology Information - GenBank,keyword
NCBI Virus,,https://www.ncbi.nlm.nih.gov/labs/virus/vssi/#/,2930,10.25504/FAIRsharing.d38075,"NCBI Virus is a community portal for viral sequence data from RefSeq, GenBank and other NCBI repositories.",ready,knowledgebase,United States,2013,,,"Intramural Research Program (IRP) of the National Institutes of Health, Bethesda, MD; National Library of Medicine (NLM), Bethesda, MD, USA",Government body,James Rodney Brister,jamesbr@ncbi.nlm.nih.gov,open,open,,,,,,https://www.re3data.org/repository/r3d100014322,dataset,Life Science; Taxonomy; Virology; Epidemiology; Genomics,COVID-19,10.1093/nar/gku1207; 10.1093/nar/gkw1065,,ncbi virus,,ncbi.nlm.nih.gov,True,url,National Center for Biotechnology Information - GenBank,keyword
National Institute of Health - National COVID Cohort Collaborative,N3C,https://covid.cd2h.org/,4073,10.25504/FAIRsharing.bbbffe,"The National COVID Cohort Collaborative (N3C) is a collaboration among the NCATS-supported Clinical and Translational Science Awards (CTSA) Program hubs, the National Center for Data to Health (CD2H), distributed clinical data networks (PCORnet, OHDSI, ACT, TriNetX), and other partner organizations, with overall stewardship by NIH’s National Center for Advancing Translational Sciences (NCATS). The N3C aims to improve the efficiency and accessibility of analyses with COVID-19 clinical data, expand our ability to analyze and understand COVID, and demonstrate a novel approach for collaborative pandemic data sharing.
",ready,repository,United States,2020,National Institutes of Health; National Center for Advancing Translational Sciences,Government body; Research institute,National Center for Data to Health,Government body,Melissa A. Haendel,haendel@ohsu.edu,controlled,controlled,,"N3C policies, agreements, forms",https://covid.cd2h.org/policy,,,https://www.re3data.org/repository/r3d100013422,dataset; image,Clinical Studies; Public Health; Medical Virology,COVID-19,,,national institute of health - national covid cohort collaborative,n3c,covid.cd2h.org,True,url,National Institute of Health - National COVID Cohort Collaborative,keyword
Pediatric COVID-19 Case Registry,,https://www.pedscovid19registry.com/,4069,10.25504/FAIRsharing.eb03f0,"The COVID-19 clinical presentation is poorly defined in pediatric populations, as most of the reported known cases are adults. We aim to describe the epidemiology, clinical presentation, management, and outcomes associated with COVID-19 ​among pediatric patients across the United States of America. ​​ 
",deprecated,repository,United States,,,,Pediatric Infectious Diseases Transplant Network; St. Jude Children's Research Hospital,Research institute; Consortium, Pediatric COVID-19 Case Registry Coordinators,PIDTRANCoordinators@stjude.org,controlled,open,,,,,,,dataset,Pediatrics; Clinical Studies; Epidemiology; Health Science; Medicine; Infectious Disease Medicine; Medical Virology,COVID-19; Dashboard; Observations,,,pediatric covid-19 case registry,,pedscovid19registry.com,True,url,Pediatric COVID-19 Case Registry,keyword
Pregnancy CoRonavIrus Outcomes RegIsTrY,PRIORITY,https://priority.ucsf.edu/,3253,10.25504/FAIRsharing.uXrXUe,PRIORITY (Pregnancy CoRonavIrus Outcomes RegIsTrY) is a nationwide study of pregnant or recently pregnant people who are either under investigation for Coronavirus infection (COVID-19) or have been confirmed to have COVID-19. This study is being done to help patients and healthcare providers better understand how COVID-19 impacts pregnant people and their newborns.,ready,repository,United States,2020,"CDC Foundation, Atlanta, GA, USA; UCSF COVID-19 Response Fund, San Francisco, CA, USA; Yellow Chair Foundation, San Francisco, CA, USA",Charitable foundation,"University of California, Los Angeles, CA, USA; University of California, San Francisco, CA, USA",University,General contact,PRIORITYCOVID19@ucsf.edu,controlled,controlled,,UCSF Terms of Use,https://www.ucsf.edu/terms-of-use,,,,questionnaire/survey; dataset; other object type,Clinical Studies; Epidemiology; Health Science; Infectious Disease Medicine; Medical Virology,COVID-19; Observations; Pregnancy,ciaa1411,,pregnancy coronavirus outcomes registry,priority,priority.ucsf.edu,True,url,Pregnancy CoRonavIrus Outcomes RegIsTrY,keyword
"Psoriasis Patient Registry for Outcomes, Therapy and Epidemiology of COVID-19 Infection",PsoProtect,https://psoprotect.org/,4072,10.25504/FAIRsharing.09e6e9,"PsoProtect is an international registry for health care providers to report outcomes of COVID-19 in individuals with psoriasis. It provides regular, open access summaries of all reported cases, for the benefit of the international psoriasis community.

",ready,repository,Worldwide,2020,,,St John’s Institute of Dermatology,Research institute,Satveer Mahil,satveer.2.mahil@kcl.ac.uk,controlled,open,,PsoProtect Data Privacy Notice,https://psoprotect.org/data-privacy-notice/,,,,publication; dataset,Clinical Studies; Epidemiology; Health Science; Medicine; Infectious Disease Medicine; Medical Virology,COVID-19; Dashboard; Observations; Psoriasis,10.1016/j.det.2021.05.013; 10.1016/j.jaad.2020.06.050,,"psoriasis patient registry for outcomes, therapy and epidemiology of covid-19 infection",psoprotect,psoprotect.org,True,url,"Psoriasis Patient Registry for Outcomes, Therapy and Epidemiology of COVID-19 Infection",keyword
SECURE-Cirrhosis Registry,,https://covidcirrhosis.web.unc.edu/,3256,10.25504/FAIRsharing.YlASKr,"SECURE-Cirrhosis Registry is a secure, online, de-identified Personal Health Identifier (PHI)-free reporting registry for patients with chronic liver disease and post-liver transplantation",deprecated,repository,United States,2020,,,,,General contact,covid.cirrhosis@unc.edu,controlled,controlled,,,,,,,dataset,Critical Care Medicine; Epidemiology; Gastroenterology; Health Science; Infectious Disease Medicine; Medical Virology,Cirrhosis; COVID-19; Dashboard; hepatology; Observations,S0168-8278(20)33667-9; S2468-1253(20)30271-5,,secure-cirrhosis registry,,covidcirrhosis.web.unc.edu,True,url,Surveillance Epidemiology of Coronavirus Under Research Exclusion-Liver,keyword
SECURE-Sickle Cell Disease Registry,Secure-SCD Registry,https://covidsicklecell.org/,3289,10.25504/FAIRsharing.SUv0eF,This registry is designed to capture pediatric and adult COVID-19 cases that are occurring across the world in patients living with sickle cell disease. The goal of the registry is to report on outcomes of cases of COVID-19 in this population of patients.,deprecated,repository,United States,2020,,,"Medical College of Wisconsin (MCW), Wisconsin, USA",University,General contact,covid.sicklecell@mcw.edu,not found,not found,,,,,,,questionnaire/survey,Critical Care Medicine; Clinical Studies; Epidemiology; Health Science; Medicine; Infectious Disease Medicine; Medical Virology,COVID-19; Dashboard; Observations; sickle cell disease,,,secure-sickle cell disease registry,secure-scd registry,covidsicklecell.org,True,url,Surveillance Epidemiology of Coronavirus Under Research Exclusion-Sickle Cell Disease,keyword
Sequence Read Archive,SRA,http://www.ncbi.nlm.nih.gov/sra,1978,10.25504/FAIRsharing.g7t2hv,"The SRA is NIH's primary archive of high-throughput sequencing data and is part of the International Nucleotide Sequence Database Collaboration (INSDC) that includes at the NCBI Sequence Read Archive (SRA), the European Bioinformatics Institute (EBI), and the DNA Database of Japan (DDBJ). Data submitted to any of the three organizations are shared among them. SRA accepts data from all kinds of sequencing projects including clinically important studies that involve human subjects or their metagenomes, which may contain human sequences. These data often have a controlled access via dbGaP (the database of Genotypes and Phenotypes).",ready,repository,United States,2007,,,"National Center for Biotechnology Information (NCBI), Rockville, MD, USA",Government body,General Contact,sra@ncbi.nlm.nih.gov,open,open,,Open Data Commons Public Domain Dedication & License (PDDL) v1.0,http://opendatacommons.org/licenses/pddl/1.0/,,,https://www.re3data.org/repository/r3d100010775; https://scicrunch.org/resolver/RRID:SCR_004891,dataset,Environmental Science; Life Science; Epigenomics; Transcriptomics; Metatranscriptomics; Genomics; Medical Virology,COVID-19,10.1093/nar/gkm1000; 10.1093/nar/gkr854; 10.1186/s13742-015-0064-7; 10.5281/zenodo.15677383,,sequence read archive,sra,ncbi.nlm.nih.gov,True,url,National Center for Biotechnology Information - GenBank,keyword
Surveillance Epidemiology of Coronavirus (COVID-19) Under Research Exclusion - IBD,SECURE-IBD,https://covidibd.org/,2936,10.25504/FAIRsharing.88637f,"Surveillance Epidemiology of Coronavirus Under Research Exclusion (SECURE-IBD) is an international, pediatric and adult database to monitor and report on outcomes of COVID-19 occurring in IBD patients. The goals of the registry is to rapidly define the impact of COVID-19 on patients with IBD and how factors such as age, comorbidities, and IBD treatments impact COVID outcomes.",deprecated,repository,United States,2020,,,"Icahn School of Medicine at Mount Sinai; University of North Carolina, Chapel Hill, USA",Research institute; University,Michael D. Kappelman,Michael_Kappelman@med.unc.edu,not found,not found,,,,,,https://www.re3data.org/repository/r3d100013313,object type not found,Virology; Biomedical Science; Epidemiology,Bowel disease; COVID-19,,,surveillance epidemiology of coronavirus (covid-19) under research exclusion - ibd,secure-ibd,covidibd.org,True,url,Surveillance Epidemiology of Coronavirus Under Research Exclusion-Inflammatory Bowel Disease,keyword
The American Society for Hematology Research Collaborative COVID-19 Registry for Hematologic Malignancy,ASH RC COVID-19 Registry for Hematology,https://www.ashresearchcollaborative.org/s/covid-19-registry,3286,10.25504/FAIRsharing.yXNjR7,"The ASH Research Collaborative (ASH RC) COVID-19 Registry for Hematology, a global public reference tool that is part of the ASH RC Data Hub platform, captures data on individuals who test positive for COVID-19, have a hematologic condition (past or present) and/or have experienced a post-COVID-19 hematologic complication. As data are analyzed, real-time observational summaries are available via a dashboard.",deprecated,repository,United States,2020,,,"The American Society for Hematology Research Collaborative (ASH RC), Washington, DC, USA",Charitable foundation,,info@ashrc.org,open,open,,ASH RC Terms of Service,https://www.ashresearchcollaborative.org/s/terms,,,,object type not found,Critical Care Medicine; Epidemiology; Hematology; Health Science; Infectious Disease Medicine; Medical Virology,COVID-19; Dashboard; Observations,,,the american society for hematology research collaborative covid-19 registry for hematologic malignancy,ash rc covid-19 registry for hematology,ashresearchcollaborative.org,True,url,American Society for Hematology Research Collaborative COVID-19 Registry for Hematologic Malignancy,keyword
The COVID-19 and Cancer Consortium,CCC19,https://ccc19.org/,4076,10.25504/FAIRsharing.00f4c6,"CCC19 is a consortium of over 120 cancer centers and other organizations who have come together to collect data about patients with cancer who have been diagnosed with COVID-19.
",ready,repository,United States,2020,,,,,CCC19 contact,contact@ccc19.org,partially open,controlled,,,,,,,publication; questionnaire/survey; dataset; image,Clinical Studies; Epidemiology; Health Science; Medicine; Infectious Disease Medicine; Medical Virology,COVID-19; Dashboard; Observations,10.1016/s0140-6736(20)31187-9; 10.1158/2159-8290.cd-20-0941; 10.1016/j.ccell.2020.10.022; 10.1016/j.annonc.2021.02.024; 10.1001/jamaoncol.2021.1799; 10.1111/jth.15463; 10.1001/jamanetworkopen.2021.34330; 10.1016/j.annonc.2021.12.006; 10.1001/jamanetworkopen.2021.42046; 10.1093/ofid/ofac037; 10.1016/s2666-7568(22)00009-5; 10.1158/2643-3230.bcd-22-0013; 10.1001/jamanetworkopen.2022.4304; 10.2139/ssrn.4089485; 10.3390/cancers14174334,,the covid-19 and cancer consortium,ccc19,ccc19.org,True,url,The COVID-19 and Cancer Consortium,keyword
The European Genome-phenome Archive,EGA,https://ega-archive.org/,1865,10.25504/FAIRsharing.mya1ff,"The European Genome-phenome Archive (EGA) is a service for permanent archiving and sharing of personally identifiable genetic, phenotypic, and clinical data generated for the purposes of biomedical research projects or in the context of research-focused healthcare systems. Access to data must be approved by the specified Data Access Committee (DAC).",ready,repository,Spain; United Kingdom,2007,Ministerio de Asuntos Economicos y Transformacion Digital; Spanish Instituto de Salud Carlos III Instituto Nacional de Bioinformatica; Centro de Excelencia Severo Ochoa; The Wellcome Trust; Medical Research Council,Government body; Charitable foundation,"European Bioinformatics Institute, Wellcome Genome Campus; Centre for Genomic Regulation",Research institute,EGA Helpdesk,helpdesk@ega-archive.org,controlled,open,,EGA Legal Notice and Terms of Data Use,https://ega-archive.org/legal-notice,,,https://www.re3data.org/repository/r3d100011242; https://scicrunch.org/resolver/RRID:SCR_004944,dataset,Phenomics; Biomedical Science; Clinical Studies; Biology; Genomics,COVID-19; Single cell gene expression,10.1038/ng.3312; 10.1093/nar/gkab1059,,the european genome-phenome archive,ega,ega-archive.org,True,url,European Molecular Biology Laboratory-European Bioinformatics Institute European Genome-Phenome Archive,keyword
The ExtraCorporeal Membrane Oxygenation in COVID-19,ECMO in COVID-19,https://www.elso.org/ecmo-resources/covid-19.aspx,3251,10.25504/FAIRsharing.HGB4cF,The ExtraCorporeal Membrane Oxygenation (ECMO) in COVID-19 website as a resource for centers who may be called on to manage COVID-19 patients.,ready,repository,United States,2020,,,Extracorporeal Life Support Organization,Consortium,Ryan P Barbaro,barbaror@med.umich.edu,open,not applicable,,ELSO Data Policy; ELSO Privacy Policy; ELSO Terms of Use,https://www.elso.org/Registry/DataRequest.aspx; https://www.elso.org/PrivacyPolicy.aspx; https://www.elso.org/TermsOfUse.aspx,,,,document; publication; dataset,Critical Care Medicine; Respiratory Medicine; Clinical Studies; Epidemiology; Health Science; Cardiology; Medicine; Infectious Disease Medicine; Medical Virology,COVID-19; Dashboard; Extracorporeal membrane oxygenation; Observations,10.1097/MAT.0000000000001422; 10.1097/MAT.0000000000001173; S0140-6736(20)32008-0,,the extracorporeal membrane oxygenation in covid-19,ecmo in covid-19,elso.org,True,url,Extracorporeal Life Support Organization Registry,keyword
The WHO Global Clinical Platform for COVID-19,,https://www.who.int/teams/health-care-readiness/covid-19/data-platform,4078,10.25504/FAIRsharing.444bfa,"The WHO has created a global clinical platform of patient-level anonymized clinical data. The Platform is a secure, limited-access, password-protected platform hosted on REDCap.
",ready,repository,Worldwide,2019,,,World Health Organization,Government body,Platform contact,COVID_ClinPlatform@who.int,controlled,open,,WHO Global Clinical Platform for COVID-19 Terms of Use,https://cdn.who.int/media/docs/default-source/documents/emergencies/terms-of-use-global-covid19-data-platform.pdf?sfvrsn=d0a440c1_2,,,,dataset,Clinical Studies; Medical Virology,COVID-19; Dashboard,,,the who global clinical platform for covid-19,,who.int,True,url,The WHO Global Clinical Platform for COVID-19,keyword
Virus Pathogen Database and Analysis Resource,ViPR,http://www.viprbrc.org,1697,10.25504/FAIRsharing.2qx8n8,"The Virus Pathogen Database and Analysis Resource (ViPR) is an integrated repository of data and analysis tools for multiple virus families, supported by the National Institute of Allergy and Infectious Diseases (NIAID) Bioinformatics Resource Centers (BRC) program. ViPR captures various types of information, including sequence records, gene and protein annotations, 3D protein structures, immune epitope locations, clinical and surveillance metadata and novel data derived from comparative genomics analysis. The database is available without charge as a service to the virology research community to help facilitate the development of diagnostics, prophylactics and therapeutics for priority pathogens and other viruses.",deprecated,knowledgebase_and_repository,United States,2010,"National Institute of Allergy and Infectious Diseases (NIAID), National Institutes of Health (NIH), Bethesda, MD, USA; Bioinformatics Resource Centers, National Institute of Allergy and Infectious Diseases (NIAID), National Institutes of Health (NIH), Bethesda, MD, USA",Government body,"Northrop Grumman Health IT; J. Craig Venter Institute (JCVI), La Jolla, CA, USA; Vecna Technologies",Company; Research institute,Richard Scheuermann,rscheuermann@jcvi.org,open,open,,,,,,https://www.re3data.org/repository/r3d100011931; https://scicrunch.org/resolver/RRID:SCR_012983,object type not found,Life Science; Virology; Biomedical Science; Epidemiology; Proteomics; Genomics,,10.1093/nar/gkr859; 10.3390/v4113209; 10.1016/b978-0-12-801238-3.95728-3; 10.1016/b978-0-12-809633-8.20995-3,,virus pathogen database and analysis resource,vipr,viprbrc.org,True,url,National Institute of Allergy and Infectious Diseases - Virus Pathogen Resource,keyword
Yale University Open Data Access Project,YODA Project,https://yoda.yale.edu/welcome-yoda-project,4080,10.25504/FAIRsharing.b6b091,"The Yale University Open Data Access (YODA) Project at the Center for Outcomes Research and Evaluation advocates for the responsible sharing of clinical research data. The Project is committed to open science and data transparency, and supports research attempting to produce concrete benefits to patients, the medical community, and society as a whole. Through experience and input from the public and stakeholders, the YODA Project has iteratively developed a model to make data available to researchers in a sustainable way, in which data sharing becomes a part of the clinical research enterprise of the future. The mission of the YODA Project is to not only increase access to clinical research data, but to promote its use to generate new knowledge.",ready,repository,United States,2011,,,"Yale University School of Medicine, New Haven, CT, USA.; Center for Outcomes Research & Evaluation (CORE)",Research institute; Undefined,Harlan Krumholz,harlan.krumholz@yale.edu,controlled,not applicable,,YODA Data Use Agreement,https://yoda.yale.edu/data-use-agreement,,,https://www.re3data.org/repository/r3d100012235; https://scicrunch.org/resolver/RRID:SCR_022761,dataset; image,Clinical Studies; Pharmacology; Public Health; Medical Virology,COVID-19,,,yale university open data access project,yoda project,yoda.yale.edu,True,url,Yale University Open Data Access Project,keyword
Vivli,Vivli,https://vivli.org/,2719,10.25504/FAIRsharing.uovQrT,"The Vivli data repository provides a global data-sharing and analytics platform serving all elements of the international research community. It is focused on sharing individual participant-level data from completed clinical trials to serve the international research community. Vivli acts as a neutral broker between data contributor and data user and the wider data sharing community. Vivli is a non-profit organization focused on data sharing and analysis. Vivli provides managed access for human subject clinical research data. At a minimum, Vivli will make data available for researchers for 10 years, unless they are contractually unable to do so. On an ongoing basis, Vivli evaluates its data holdings with regard to maintaining access and reserves the right to discontinue the distribution of a data collections when deemed appropriate.When materials are deaccessioned, the data are no longer publicly accessible at Vivli, although they may still be preserved in Vivli’s storage vault. Because digital files are assigned a persistent digital object identifier (DOI), the study description is still available to view, but is not searchable through Vivli. Web crawlers are instructed to ignore the descriptions (via the robots exclusion protocol).
For more information about Vivli’s policy, please contact Vivli at support@vivli.org
It provides a no-charge period for data only available within their secure research environment. There are costs after the no-charge time period ends. Vivli supports managed access as well as embargoing generally and during peer review. Vivli is funded via grants and member fees.",ready,repository,Worldwide,,"Laura and John Arnold Foundation, USA; Lyda Hill Foundation, United States; The Wellcome Trust, UK; Leona M. and Harry B. Helmsley Charitable Trust, USA; Doris Duke Charitable Foundation, United States; Phrma; Bill and Melinda Gates Foundation, Seattle, Washington, USA",Company; Charitable foundation,"Multi-Regional Clinical Trials Center of Brigham and Women's Hospital and Harvard (MRCT Center), United States",Research institute,Julie Wood,jwood@vivli.org,controlled,controlled,10 year secure cloud archival. Secure storage using Microsoft Azure.,Vivli Data Use Agreement; Vivli Privacy Statement,https://vivli.org/resources/vivli-data-use-agreement/; https://vivli.org/privacy/,,,https://www.re3data.org/repository/r3d100012823; https://scicrunch.org/resolver/RRID:SCR_018080,dataset,Virology; Preclinical Studies; Biomedical Science; Clinical Studies; Health Science; Medicine,,,0.4060086018395157,vivli,vivli,vivli.org,True,url,Vivli Center for Global Clinical Research Data,similarity
National Institute of Mental Health Data Archive,NDA,https://nda.nih.gov,3209,10.25504/FAIRsharing.L13TT5,"The National Institute of Mental Health Data Archive (NDA), originally established to support autism research, is an informatics platform and data repository that facilitates data sharing across all of mental health and other research communities, combining data from each of these repositories into a single resource with a single process for gaining access to all shared data. While querying and browsing data is publicly available, all subject-level data is available behind a login.",ready,repository,United States,,"National Institute of Mental Health (NIMH), Bethesda, MD, USA; National Institute of Environmental Health Sciences (NIEHS), National Institutes of Health (NIH), North Carolina, USA; Eunice Kennedy Shriver National Institute of Child Health and Human Development; National Institute of Neurological Disorders and Stroke (NINDS), Bethesda, MD, USA",Government body; Undefined,"National Institute of Mental Health (NIMH), Bethesda, MD, USA",Government body,NDA Helpdesk,ndahelp@mail.nih.gov,partially open,controlled,,NDA Data Policy,https://nda.nih.gov/about/policy.html,,,https://www.re3data.org/repository/r3d100012653,publication; dataset; image,Clinical Studies; Medicine,,,0.3345554769825525,national institute of mental health data archive,nda,nda.nih.gov,True,url,National Institutes of Health - National Institute of Mental Health (NIMH) Data Archive,similarity
PubMed Central,PMC,http://www.ncbi.nlm.nih.gov/pmc/,1987,10.25504/FAIRsharing.wpt5mp,PubMed Central (PMC) is the U.S. National Institutes of Health (NIH) digital archive of biomedical and life sciences journal literature.,ready,repository,United States,,,,"National Center for Biotechnology Information (NCBI), Rockville, MD, USA",Government body,,pubmedcentral@ncbi.nlm.nih.gov,open,not applicable,,Open Data Commons Public Domain Dedication & License (PDDL) v1.0,http://opendatacommons.org/licenses/pddl/1.0/,,,,publication,Environmental Science; Life Science; Virology; Biomedical Science; Epidemiology; Earth Science,,10.1093/nar/gkq1172; 10.1093/nar/gkr1184,0.3308915155119132,pubmed central,pmc,ncbi.nlm.nih.gov,True,url,National Center for Biotechnology Information - GenBank,similarity
The Global Health Observatory,GHO,https://www.who.int/data/gho,2916,10.25504/FAIRsharing.ca4ce0,"The GHO data repository is WHO's gateway to health-related statistics for its 194 Member States. It provides access to over 1000 indicators on priority health topics including mortality and burden of diseases, the Millennium Development Goals (child nutrition, child health, maternal and reproductive health, immunization, HIV/AIDS, tuberculosis, malaria, neglected diseases, water and sanitation), non communicable diseases and risk factors, epidemic-prone diseases, health systems, environmental health, violence and injuries, equity among others.",ready,repository,Worldwide,,,,World Health Organization,Government body,General Contact,gho_info@who.int,open,not applicable,,,,,,https://www.re3data.org/repository/r3d100010812,dataset; image,Virology; Health Services Research; Medical Informatics; Epidemiology; Public Health; Health Science; Primary Health Care; Global Health,,,0.3277943472437123,the global health observatory,gho,who.int,True,url,The WHO Global Clinical Platform for COVID-19,similarity
Medical Information Mart for Intensive Care III,MIMIC-III,http://mimic.physionet.org/,2198,10.25504/FAIRsharing.pqnhpj,"MIMIC-III (Medical Information Mart for Intensive Care III) is a large, freely-available database comprising deidentified health-related data associated with over forty thousand patients who stayed in critical care units of the Beth Israel Deaconess Medical Center between 2001 and 2012. The database includes information such as demographics, vital sign measurements made at the bedside (~1 data point per hour), laboratory test results, procedures, medications, caregiver notes, imaging reports, and mortality (both in and out of hospital). MIMIC supports a diverse range of analytic studies spanning epidemiology, clinical decision-rule improvement, and electronic tool development. I",ready,repository,United States,,"National Institute of Biomedical Imaging and Bioengineering (NIBIB), Bethesda, MD, USA",Undefined,"Beth Israel Deaconess Medical Center, Boston, USA; Philips Healthcare; Laboratory for Computational Physiology, Massachusetts Institute of Technology",Company; Lab; Undefined,,mimic-support@physionet.org,open,open,,MIT License,https://opensource.org/licenses/mit,,,,dataset,Data Protection; Preclinical Studies; Biomedical Science; Clinical Studies; Demographics; Epidemiology; Health Science; Medicine,,10.1038/sdata.2016.35; 10.1097/CCM.0b013e31820a92c6,0.3198145843785833,medical information mart for intensive care iii,mimic-iii,mimic.physionet.org,True,fuzzy,medical information mart for intensive care,similarity
Global Initiative on Sharing Avian Influenza Data,GISAID,https://www.gisaid.org/,2925,10.25504/FAIRsharing.2f7f9f,"The GISAID Initiative promotes the international sharing of all influenza virus sequences, related clinical and epidemiological data associated with human viruses, and geographical as well as species-specific data associated with avian and other animal viruses, to help researchers understand how the viruses evolve, spread and potentially become pandemics.",ready,repository,Germany,,"Association of Public Health Laboratories (APHL); PREDEMICS (European Commission 2014-2017); United States Department of Health and Human Services; Max-Planck-Gesellschaft (MPG), Germany; State Secretariat for Education, Research and Innovation SERI",Government body; Undefined,,,,,partially open,controlled,,GISAID Terms of Use,https://www.gisaid.org/registration/terms-of-use/,,,https://www.re3data.org/repository/r3d100010126; https://scicrunch.org/resolver/RRID:SCR_018279,dataset,Virology; Clinical Studies; Epidemiology,,,0.3105632473330959,global initiative on sharing avian influenza data,gisaid,gisaid.org,True,url,Global Initiative on Sharing All Influenza Data,similarity
Osteoarthritis Initiative,OAI,https://nda.nih.gov/oai,3212,10.25504/FAIRsharing.D5iouq,"The Osteoarthritis Initiative (OAI) is a multi-center, ten-year observational study of men and women to improve the understanding of prevention and treatment of knee osteoarthritis, one of the most common causes of disability in adults. The OAI is a permanent archive of the clinical data, patient reported outcomes, biospecimen analyses, quantitative image analyses, radiographs (X-Rays) and magnetic resonance images (MRIs) acquired during this study. While querying and browsing data is publicly available, all subject-level data is available behind a login.",ready,repository,United States,,,,"National Institute of Mental Health (NIMH), Bethesda, MD, USA",Government body,NDA Helpdesk,ndahelp@mail.nih.gov,controlled,controlled,,NDA Data Policy,https://nda.nih.gov/about/policy.html,,,https://www.re3data.org/repository/r3d100011843,publication; dataset; image,Clinical Studies; Medicine,,,0.3025391565133277,osteoarthritis initiative,oai,nda.nih.gov,True,url,National Institutes of Health - National Institute of Mental Health (NIMH) Data Archive,similarity
Population Health Data Archive,PHDA,http://www.ncmi.cn/,2876,10.25504/FAIRsharing.Xb3LBL,"The National Population Health Data Center (NPHDC) is one of the 20 national science data center approved by the Ministry of Science and Technology and the Ministry of Finance. The Population Health Data Archive (PHDA) is developed by NPHDC relying on the Institute of Medical Information, Chinese Academy of Medical Sciences. PHDA mainly receives scientific data from science and technology projects supported by the national budget, and also collects data from other multiple sources such as medical and health institutions, research institutions and social individuals, which is oriented to the national big data strategy and the healthy China strategy. The data resources cover basic medicine, clinical medicine, public health, traditional Chinese medicine and pharmacy, pharmacy, population and reproduction. PHDA supports data collection, archiving, processing, storage, curation, verification, certification and release in the field of population health. Provide multiple types of data sharing and application services for different hierarchy users and help them find, access, interoperate and reuse the data in a safe and controlled environment. PHDA provides important support for promoting the open sharing of scientific data of population health and domestic and foreign cooperation.",ready,repository,China,,"Ministry of Science and Technology, Beijing, China",Government body,Chinese Academy of Medical Sciences & Peking Union Medical College,Research institute,PHDA,rkjkpt@126.com,partially open,not applicable,More information,,,,,https://www.re3data.org/repository/r3d100013199,dataset,Life Science; Human Genetics; Clinical Studies; Public Health; Proteomics; Genomics; Medicine; Pharmacy; Reproductive Health,,10.11925/infotech.2096-3467.2020.0954 ,0.2803644858842051,population health data archive,phda,ncmi.cn,True,url,Chinese Academy of Medical Sciences COVID-19 Data Sharing Platform of the National Population Health Data Center,similarity
National Trauma Data Bank,NTDB,https://www.facs.org/quality-programs/trauma/quality/national-trauma-data-bank/,6930,10.25504/FAIRsharing.6daf85,"The NTDB, run by the American College of Surgeons, is the largest collection of trauma-registry data in the U.S., aggregating millions of anonymized patient records from hundreds of trauma centers. It includes data for both pediatric and adult patients from all levels of trauma centers, capturing demographics, injury details, treatments, outcomes (including mortality), and hospital events.",ready,repository,United States,,,,American College of Surgeons (ACS),Consortium,General Contact,TraumaQuality@facs.org,controlled,controlled,,,,,,https://www.re3data.org/repository/r3d100011223,dataset,Medical Informatics; Demographics; Public Health,,,0.275583531454228,national trauma data bank,ntdb,facs.org,True,url,American College of Surgeons COVID-19 Registry,similarity
NICHD Data and Specimen Hub,NICHD DASH,https://dash.nichd.nih.gov/,2986,10.25504/FAIRsharing.dYSI4O,The Eunice Kennedy Shriver National Institute of Child Health and Human Development (NICHD) Data and Specimen Hub (DASH) is a centralized resource that allows researchers to share and access de-identified data from studies funded by NICHD. DASH also serves as a portal for requesting biospecimens from selected DASH studies.,ready,repository,United States,,,,Eunice Kennedy Shriver National Institute of Child Health and Human Development,Undefined,General Contact,supportdash@mail.nih.gov,open,controlled,,NICHD Data and Specimen Hub Policy and Procedures,https://dash.nichd.nih.gov/resource/policies,,,https://www.re3data.org/repository/r3d100012915; https://scicrunch.org/resolver/RRID:SCR_016314,dataset,Life Science; Data Management; Critical Care Medicine; Pediatrics; Data Governance; Biomedical Science; Clinical Studies; Demographics; Gynecology; Obstetrics; Pharmacology; Social Science; Medicine; Musculoskeletal Medicine; Reproductive Health,,10.1038/sdata.2018.46,0.2704244069137411,nichd data and specimen hub,nichd dash,dash.nichd.nih.gov,True,url,National Institutes of Health - National Institute of Child Health and Human Development - Data and Specimen Hub,similarity
ClinVar,ClinVar,http://www.ncbi.nlm.nih.gov/clinvar/,2265,10.25504/FAIRsharing.wx5r6f,"ClinVar is a freely accessible, public archive of reports of the relationships among human variations and phenotypes, with supporting evidence. ClinVar thus facilitates access to and communication about the relationships asserted between human variation and observed health status, and the history of that interpretation. ClinVar processes submissions reporting variants found in patient samples, assertions made regarding their clinical significance, information about the submitter, and other supporting data. The alleles described in submissions are mapped to reference sequences, and reported according to the HGVS standard. ClinVar then presents the data for interactive users as well as those wishing to use ClinVar in daily workflows and other local applications. ClinVar works in collaboration with interested organizations to meet the needs of the medical genetics community as efficiently and effectively as possible.",ready,repository,United States,,"National Institutes of Health (NIH), Bethesda, MD, USA",Government body,,,,clinvar@ncbi.nlm.nih.gov,open,open,,NCBI Website and Data Usage Policies and Disclaimers,https://www.ncbi.nlm.nih.gov/home/about/policies/,,,https://www.re3data.org/repository/r3d100013331; https://scicrunch.org/resolver/RRID:SCR_006169,dataset,Preclinical Studies; Biomedical Science; Clinical Studies; Genomics,,10.1093/nar/gkt1113,0.2630287478989404,clinvar,clinvar,ncbi.nlm.nih.gov,True,url,National Center for Biotechnology Information - GenBank,similarity
Clinical Trials Registry - India,CTRI,https://ctri.nic.in/Clinicaltrials/login.php,7284,10.25504/FAIRsharing.75bbec,"The Clinical Trials Registry- India (CTRI), hosted at the ICMR's National Institute for Research in Digital Health and Data Science (https://nims.icmr.org.in), is a free and online public record system for registration of clinical trials being conducted in India.",ready,repository,India,,,,"Indian Council of Medical Research, India",Government body,General Contact,ctri@gov.in,open,open,,,,,,https://www.re3data.org/repository/r3d100010980; https://scicrunch.org/resolver/SCR_000679,dataset,Clinical Studies,,,0.2584923310022012,clinical trials registry - india,ctri,ctri.nic.in,True,url,A pan-IND non-interventional virtual registry evaluating the prophylactic efficacy of different regimens against SARS-CoV2 infection (COVID-2019) in asymptomatic health care workers,similarity
Archived Clinical Research Datasets,,https://www.ninds.nih.gov/current-research/research-funded-ninds/clinical-research/archived-clinical-research-datasets,5599,,"The data repository houses NINDS, Division of Clinical Research (DCR)- funded studies and trials in neurological areas such as Stroke, Parkinson’s disease, Migraine, Multiple Sclerosis and other neurological disorders. The data requests and approvals are managed by NINDS. Imaging, biosamples and other types of data are not supported by this repository. Contact your Program Official to determine if this repository is a good fit for your application. ",ready,repository,United States,,National Institutes of Health,Government body,National Institute of Neurological Disorders and Stroke,Research institute,,,controlled,controlled,,,,,,,publication; dataset; image,Clinical Studies,,,0.2584923310022012,archived clinical research datasets,,ninds.nih.gov,True,url,NIH NINDS Archived Clinical Research Datasets,similarity
Biologic Specimen and Data Repository Information Coordinating Center,BioLINCC,https://biolincc.nhlbi.nih.gov/home/,2010,10.25504/FAIRsharing.a46gtf,"The goal of Biologic Specimen and Data Repository Information Coordinating Center (BioLINCC) is to facilitate and coordinate the existing activities of the NHLBI Biorepository and the Data Repository and to expand their scope and usability to the scientific community through a single web-based user interface. BioLINCC provides a wealth of information on historical NHLBI clinical and epidemiologic studies which have data or biospecimens in the NHLBI repositories, and includes study summaries, references, and study operational documents.",ready,repository,United States,,"National Heart, Lung and Blood Institute (NHLBI), National Institutes of Health (NIH), Bethesda, MD, USA",Government body,"National Heart, Lung and Blood Institute (NHLBI), National Institutes of Health (NIH), Bethesda, MD, USA",Government body,General Contact,biolincc@imsweb.com,partially open,open,,NHLBI Data Sharing Policy,https://www.nhlbi.nih.gov/grants-and-training/policies-and-guidelines/nhlbi-policy-for-data-sharing-from-clinical-trials-and-epidemiological-studies,,,https://www.re3data.org/repository/r3d100010834; https://scicrunch.org/resolver/RRID:SCR_013142,document; dataset,Preclinical Studies; Biomedical Science; Epidemiology,,10.1136/thoraxjnl-2012-201876,0.2459101777142093,biologic specimen and data repository information coordinating center,biolincc,biolincc.nhlbi.nih.gov,True,url,NIH Biologic Specimen and Data Repository Information Coordinating Center,similarity
Influenza Research Database,IRD,http://www.fludb.org,1726,10.25504/FAIRsharing.ws7cgw,"The Influenza Research Database (IRD) is a free, open, publicly-accessible resource funded by the U.S. National Institute of Allergy and Infectious Diseases through the Bioinformatics Resource Centers program. IRD provides a comprehensive, integrated database and analysis resource for influenza sequence, surveillance, and research data, including user-friendly interfaces for data retrieval, visualization, and comparative genomics analysis, together with personal login- protected ‘workbench’ spaces for saving data sets and analysis results. IRD integrates genomic, proteomic, immune epitope, and surveillance data from a variety of sources, including public databases, computational algorithms, external research groups, and the scientific literature.",deprecated,knowledgebase,United States,,"National Institute of Allergy and Infectious Diseases (NIAID), National Institutes of Health (NIH), Bethesda, MD, USA; Bioinformatics Resource Centers, National Institute of Allergy and Infectious Diseases (NIAID), National Institutes of Health (NIH), Bethesda, MD, USA",Government body,"J. Craig Venter Institute (JCVI), La Jolla, CA, USA; Northrop Grumman Health IT; Vecna Technologies",Company; Research institute,Richard Scheuermann,rscheuermann@jcvi.org,not found,not found,,,,,,https://www.re3data.org/repository/r3d100011558; https://scicrunch.org/resolver/RRID:SCR_006641,object type not found,Virology; Biomedical Science; Epidemiology; Proteomics; Genomics,,10.1111/j.1750-2659.2011.00331.x; 10.1128/JVI.06901-11; 10.1016/j.virol.2013.08.021; 10.1371/journal.pone.0099979; 10.1016/j.meegid.2014.07.015; 10.4137/EBO.S21501; 10.1038/sdata.2014.33; 10.1128/JVI.03636-14; 10.1093/nar/gkw857,0.2360452245150042,influenza research database,ird,fludb.org,True,url,National Institute of Allergy and Infectious Diseases - Influenza Research Database,similarity
Allele Frequency Aggregator,ALFA,https://www.ncbi.nlm.nih.gov/snp/docs/gsr/alfa/,5585,10.25504/FAIRsharing.15b548,"The NCBI Allele Frequency Aggregator (ALFA) seeks to make allele frequency datasets from dbGaP studies the largest and most complete aggregated variant datasets available as open-access. Over two million individuals, up to billions of variations, thousands of phenotypes, and molecular test datasets make up the database dbGaP. Huge opportunities exist to investigate and research genetic differences within human populations and to find genetic factors that affect health and diseases in order to enhance diagnosis, treatment, and prevention.",ready,repository,United States,,National Institutes of Health,Government body,National Library of Medicine,Government body,,,open,controlled,,,,,,,dataset; image,Computational Biology; Clinical Studies,,,0.2227573281540865,allele frequency aggregator,alfa,ncbi.nlm.nih.gov,True,url,National Center for Biotechnology Information - GenBank,similarity
National Cancer Database,NCDB,https://www.facs.org/quality-programs/cancer/ncdb,7112,10.25504/FAIRsharing.65754e,"The NCDB is a clinical oncology database sourced from hospital registry data collected in more than 1,500 Commission on Cancer-accredited facilities. These data are used to analyze and track patients with malignant neoplastic diseases, their treatments, and outcomes. Online reporting tools are available to provide your program with comparative benchmarks for similar programs. We also have reporting tools for quality improvement, quality assurance, and surveillance measures.",ready,knowledgebase,United States,,,,American College of Surgeons (ACS),Consortium,General Contact,NCDB@facs.org,controlled,controlled,,,,,,https://www.re3data.org/repository/r3d100011859,dataset,Clinical Studies,,,0.2225863522347599,national cancer database,ncdb,facs.org,True,url,American College of Surgeons COVID-19 Registry,similarity
OmicsDB,ODB,https://github.com/KeironO/omicsdb,2292,10.25504/FAIRsharing.1v4zw7,"OmicsDB is a database for the storage and management of omics data and auxiliary information. The database contains cross-species, cross-technique and cross-types. It offers user-submission tools of which aim to reduce the work revolving adherence to standards. The resource homepage is currently unavailable. If you have any information on the current status of this resource, please contact us.",deprecated,repository,United Kingdom,,,,,,Keiron O'Shea,keo7@aber.ac.uk,not found,not found,,MIT License,https://opensource.org/licenses/mit,,,,object type not found,Life Science,,,0.2169088168579234,omicsdb,odb,github.com,True,url,COVID-19 image data collection,similarity
ClinicalTrials.gov,,https://clinicaltrials.gov/,2004,10.25504/FAIRsharing.mewhad,"ClinicalTrials.gov hosts a large collection of clinical studies from around the world. You can search for clinical studies by condition or disease name or other terms such as a drug name. Note: ClinicalTrials.gov is an official website of the U.S. Department of Health and Human Services, National Institutes of Health, National Library of Medicine, and National Center for Biotechnology Information. The National Library of Medicine (NLM) maintains this website. ",ready,repository,United States,,National Institutes of Health,Government body,National Library of Medicine,Government body,NLM Communications,NLMCommunications@nih.gov,partially open,controlled,NIH-Supported Data Sharing Resource,NIH Web Policies and Notices; NLM NIH Copyright; Open Data Commons Public Domain Dedication & License (PDDL) v1.0; HHS Vulnerability Disclosure Policy; ClinivalTrials.gov Terms & Conditions ( May 2014),https://www.nih.gov/web-policies-notices; http://www.nlm.nih.gov/copyright.html; http://opendatacommons.org/licenses/pddl/1.0/; https://www.hhs.gov/vulnerability-disclosure-policy/index.html; https://clinicaltrials.gov/ct2/about-site/terms-conditions,,,https://www.re3data.org/repository/r3d100010211; https://scicrunch.org/resolver/RRID:SCR_002309,dataset; protocol or workflow,Data Management; Omics; Preclinical Studies; Biomedical Science; Clinical Studies; Epidemiology; Pharmacology; Immunology,,10.7326/M15-2658,0.2166128776756194,clinicaltrials.gov,,clinicaltrials.gov,True,url,ClinicalTrials.gov,similarity
Health and Medical Care Archive,HMCA,https://www.icpsr.umich.edu/web/pages/HMCA/index.html,2485,10.25504/FAIRsharing.szj2xw,"The Health and Medical Care Archive (HMCA) is the data archive of the Robert Wood Johnson Foundation (RWJF), the largest philanthropy devoted exclusively to health and health care in the United States. Operated by the Inter-university Consortium for Political and Social Research (ICPSR) at the University of Michigan with funding from RWJF, HMCA preserves and disseminates data collected by selected research projects funded by RWJF and facilitates secondary analyses of the data. The data collections in HMCA primarily includes large-scale surveys of the American public about public health, attitudes towards health reform, and access to medical care; surveys of health care professionals and organizations, public health professionals, and nurses; evaluations of innovative programs for the delivery of health care, and many other topics and populations of interest. Our goal is to build a culture of health by increasing the understanding of health and health care and the factors that contribute to health in the United States through secondary analysis of RWJF-supported data collections.",ready,repository,United States,,Robert Wood Johnson Foundation,Charitable foundation,"ICPSR, Institute for Social Research, Ann Arbor, MI, USA",Research institute,Sara Britt,hmca@icpsr.umich.edu,partially open,open,"ICPSR advances and expands social and behavioral research, acting as a global leader in data stewardship and providing rich data resources and responsive educational opportunities for present and future generations. This Digital Preservation Policy Framework supports that mission and is the highest level digital preservation policy document at ICPSR. It makes explicit ICPSR's commitment to preserving the digital assets in its collections through the development and evolution of a comprehensive digital preservation program. This policy framework aligns with the goals defined in the ICPSR Strategic Plan and contains references to other relevant ICPSR policies and procedures. The audience for the framework includes ICPSR members, staff, data depositors, funders, and the general user community.  This framework is informed by Trusted Digital Repositories: Attributes and Responsibilities (pdf), and is organized around the seven attributes of a trusted digital repository:  OAIS compliance Administrative responsibility Organizational viability Financial sustainability Technological and procedural suitability Systems security Procedural accountability.",,,,,https://www.re3data.org/repository/r3d100010257,publication; questionnaire/survey; dataset; image,Public Health; Health Science; Primary Health Care; Community Care,,,0.2079135410756243,health and medical care archive,hmca,icpsr.umich.edu,True,url,National Archive of Computerized Data on Aging,similarity
NIMH Repository and Genomics Resources,NRGR,https://www.nimhgenetics.org/,5544,10.25504/FAIRsharing.eac1a1,"The NIMH Repository and Genomics Resource (NRGR) is the largest biorepository supporting genomics in psychiatry, providing access to biomaterials (DNA, plasma, RNA, lymphoblastoid cell lines, induced pluripotent stem cells, etc.) and phenotypic data collected from nearly 200,000 well-characterized, high-quality control and patient samples from a wide-range of mental illnesses across ancestrally diverse populations. The NRGR also provides access to some genomic data sets, including some which do not have biosamples available in the repository, such as data sets generated by the Psychiatric Genomics Consortium, the CommonMind Consortium, and the PsychENCODE consoritum.",ready,repository,United States,,National Institutes of Health; National Institute of Mental Health,Government body,"Rutgers, The State University of New Jersey, USA",University,Support,help@nrgr.on.spiceworks.com,partially open,controlled,,,,,,,dataset,Clinical Studies; Genetics; Neuroscience; Social and Behavioural Science,,,0.1993789831755797,nimh repository and genomics resources,nrgr,nimhgenetics.org,True,url,National Institutes of Health - National Institute of Mental Health Repository and Genomics Resources,similarity
Swedish National Data Service ,SND,https://snd.se,2509,10.25504/FAIRsharing.pn7yxf,"Swedish National Data Service (SND) is a research data infrastructure that supports accessibility, preservation, and reuse of research data. The SND Search function makes it easy to find, use, and cite research data from a variety of scientific disciplines. SND is present throughout the Swedish research ecology, through an extensive network across closer to 40 higher education institutions and other research organisations. Together, SND and this network form a distributed system of certified research data repositories with the SND main office as a central node. The certification means that SND ensures that research data are managed, stored, and made accessible in a secure and sustainable manner, today and for the future. SND collaborates with various international stakeholders in order to advance global access to research data.",ready,repository,Sweden,,Swedish Research Council,Government body,"Karolinska Institutet, Stockholm, Sweden; Uppsala University, Sweden; Umeå University, Umeå, Sweden; Lund University,  Lund, Sweden; KTH Royal Institute of Technology, Stockholm, Sweden; Swedish National Data Service; Stockholm University, Sweden; University of Gothenburg; Swedish University of Agricultural Sciences; Chalmers University of Technology, Gothenburg, Sweden",Government body; Research institute; University,General Contact,snd@snd.se,partially open,controlled,,Creative Commons Attribution 2.5 Generic (CC BY 2.5); Creative Commons CC0 1.0 Universal (CC0 1.0) Public Domain Dedication; Creative Commons (CC) Public Domain Mark (PDM),https://creativecommons.org/licenses/by/2.5/; https://creativecommons.org/publicdomain/zero/1.0/; https://creativecommons.org/share-your-work/public-domain/pdm/,,,https://www.re3data.org/repository/r3d100010146; https://www.wikidata.org/wiki/Q10684886,multimedia; document; dataset; software source code,Life Science; Biomedical Science; Social Science; Health Science; Humanities; Social and Behavioural Science,,,0.1988266913521771,swedish national data service,snd,snd.se,True,exact_name,swedish national data service,similarity
The Cardiovascular Research Grid,CVRG,https://www.cvrgrid.org/,2012,10.25504/FAIRsharing.x80z26,"The CardioVascular Research Grid (CVRG) project is creating an infrastructure for sharing cardiovascular data and data analysis tools. CVRG tools are developed using the Software as a Service model, allowing users to access tools through their browser, thus eliminating the need to install and maintain complex software.",deprecated,repository,United States,,"National Heart, Lung and Blood Institute (NHLBI), National Institutes of Health (NIH), Bethesda, MD, USA",Government body,"Johns Hopkins University, Baltimore, MD, USA",University,Stephen Granite,sgranite@jhu.edu,open,not applicable,,,,,,https://www.re3data.org/repository/r3d100012849; https://scicrunch.org/resolver/RRID:SCR_004472,object type not found,Life Science; Biomedical Science; Health Science,,,0.1957745596925161,the cardiovascular research grid,cvrg,cvrgrid.org,True,fuzzy,cardiovascular research grid,similarity
NIA Genetics of Alzheimer's Disease Data Storage Site - NIAGADS,,https://www.niagads.org/home,5554,10.25504/FAIRsharing.de1d81,"The National Institute on Aging Genetics of Alzheimer's Disease Data Storage Site (NIAGADS) is a national genetics data repository facilitating access to genotypic and phenotypic data for Alzheimer's disease (AD) for the Alzheimer’s Disease Sequencing Project (ADSP). Data include GWAS, whole genome (WGS) and whole exome (WES), expression, RNA Seq, and CHIP Seq analyses. Phenotypic/clinical data for participants are harmonized across all study cohorts. Results are integrated and annotated in the searchable genomics database that also provides access to a variety of software packages, analytic pipelines, online resources, and web-based tools to facilitate analysis and interpretation of large-scale genomic data. Data are available as defined by the NIA Genomics of Alzheimer’s Disease Sharing Policy and the NIH Genomics Data Sharing Policy. Investigators return secondary analysis data to the database in keeping with the NIAGADS Data Distribution Agreement.",ready,knowledgebase,United States,,National Institute on Aging; National Institutes of Health,Government body,"Perelman School of Medecine, University of Pennsylvania ",University,General inquiries ; Genomics database; Li-San Wang,NIAGADS@pennmedicine.upenn.edu; genomicsdb@pennmedicine.upenn.edu; lswang@pennmedicine.upenn.edu,partially open,open,,,,,,,dataset,Computational Biology; Clinical Studies; Genetics; Neuroscience; Social and Behavioural Science,Alzheimer’s disease,10.1093/nar/gkv1188; 10.1261/rna.036806.112; 10.1093/bioinformatics/btt422; 10.1002/0471142905.hg0127s79; 10.1093/nar/gkt426; 10.1093/nar/gkt188; 10.1016/j.ymeth.2013.10.002; 10.1093/bioinformatics/btu801; 10.1371/journal.pone.0141836; 10.1186/s12859-016-1071-0,0.193531785586719,nia genetics of alzheimer's disease data storage site - niagads,,niagads.org,True,url,National Institutes of Health - National Institute on Aging - National Institute on Aging Genetics of Alzheimer's Disease Data Storage Site,similarity
National Institute of Mental Health Connectome Coordination Facility Repository,NIMH CCF,https://nda.nih.gov/ccf,3225,10.25504/FAIRsharing.CbLHss,The Connectome Coordination Facility (CCF) processes and distributes public research data for a series of neuroimaging studies that focus on connections within the human brain. These are known as Human Connectome Projects (HCP). The CCF currently supports 19 NIH-funded human connectome studies (see menus above). All data releases from CCF HCP studies are being made available on the NIMH Data Archive.,ready,repository,United States,,"National Institutes of Health (NIH), Bethesda, MD, USA",Government body,"National Institute of Mental Health (NIMH), Bethesda, MD, USA",Government body,NDA Helpdesk,ndahelp@mail.nih.gov,controlled,controlled,,NDA Data Policy,https://nda.nih.gov/about/policy.html,,,https://www.re3data.org/repository/r3d100012657,dataset; image,Life Science; Neurobiology; Biomedical Science; Neuroscience,,,0.1896293252429567,national institute of mental health connectome coordination facility repository,nimh ccf,nda.nih.gov,True,url,National Institutes of Health - National Institute of Mental Health (NIMH) Data Archive,similarity
The Consensus CDS,CCDS,http://www.ncbi.nlm.nih.gov/CCDS/,1966,10.25504/FAIRsharing.46s4nt,The Consensus CDS (CCDS) project is a collaborative effort to identify a core set of human and mouse protein coding regions that are consistently annotated and of high quality. The long term goal is to support convergence towards a standard set of gene annotations.,ready,knowledgebase,United States,,"National Human Genome Research Institute (NHGRI), Bethesda, MD, USA; The Wellcome Trust Sanger Institute, Wellcome Trust Genome Campus, Cambridge, UK; The Wellcome Trust Sanger Institute, Wellcome Trust Genome Campus, Cambridge, UK; European Commission FP7",Government body; Research institute,"Mouse Genome Informatics (MGI); HUGO Gene Nomenclature Committee (HGNC), Hinxton, Cambridgeshire, UK; The Wellcome Trust Sanger Institute, Wellcome Trust Genome Campus, Cambridge, UK; National Center for Biotechnology Information (NCBI), Rockville, MD, USA; University of California, Santa Cruz, CA, USA",Government body; Research institute; Consortium; University,Kim D. Pruitt,Pruitt@ncbi.nlm.nih.gov,open,not applicable,,CCDS Attribution required; Open Data Commons Public Domain Dedication & License (PDDL) v1.0,https://www.ncbi.nlm.nih.gov/projects/CCDS/CcdsBrowse.cgi; http://opendatacommons.org/licenses/pddl/1.0/,,,,dataset,Life Science,,10.1101/gr.080531.108,0.1837722499847812,the consensus cds,ccds,ncbi.nlm.nih.gov,True,url,National Center for Biotechnology Information - GenBank,similarity
PubMed,PubMed,http://www.ncbi.nlm.nih.gov/pubmed/,1990,10.25504/FAIRsharing.a5sv8m,"PubMed is a search engine of biomedical literature, provided as a service of the U.S. National Library of Medicine and includes more than 25 million citations for biomedical literature from MEDLINE, life science journals, and online books. Citations may include links to full-text content from PubMed Central and publisher web sites.",ready,repository,United States,,"National Institutes of Health (NIH), Bethesda, MD, USA",Government body,"National Center for Biotechnology Information (NCBI), Rockville, MD, USA",Government body,General contact,info@ncbi.nlm.nih.gov,open,not applicable,,NLM Copyright Information; Open Data Commons Public Domain Dedication & License (PDDL) v1.0,https://www.nlm.nih.gov/web_policies.html#copyright; http://opendatacommons.org/licenses/pddl/1.0/,,,,publication; dataset; other object type,Environmental Science; Life Science; Traditional Medicine; Biomedical Science; Earth Science,,10.1093/nar/gkj158,0.1759706925156398,pubmed,pubmed,ncbi.nlm.nih.gov,True,url,National Center for Biotechnology Information - GenBank,similarity
NEI Data Commons,,https://neidatacommons.nei.nih.gov/,5581,10.25504/FAIRsharing.225fbd,The NEI Data Commons provides the vision research community with a central website to fine NEI supported data and resources.,ready,repository,United States,,National Institutes of Health,Government body,NEI NIH,Government body,Support,NEIODSHI@nei.nih.gov,partially open,controlled,,NEI NIH Data Management and Sharing,https://neidatacommons.nei.nih.gov/data-management-and-sharing,,,https://www.re3data.org/repository/r3d100014148,publication; dataset; protocol or workflow,Computational Biology; Clinical Studies; Neuroscience,,,0.1753107577921086,nei data commons,,neidatacommons.nei.nih.gov,True,fuzzy,nih data commons,similarity
National Cancer Institute's Genomic Data Commons,NCI GDC,https://gdc.cancer.gov/,2990,10.25504/FAIRsharing.RyVjoS,"The National Cancer Institute’s (NCI’s) Genomic Data Commons (GDC) is a data sharing The National Cancer Institute's Genomic Data Commons (GDC) was created to promote precision medicine in oncology. It supports the import and standardization of genomic and clinical data from cancer research programs. The GDC contains NCI-generated data from some of the largest and most comprehensive cancer genomic datasets, including The Cancer Genome Atlas (TCGA) and Therapeutically Applicable Research to Generate Effective Therapies (TARGET). For the first time, these datasets have been harmonized using a common set of bioinformatics pipelines, so that the data can be directly compared. As a growing knowledge system for cancer, the GDC also enables researchers to submit data, and harmonizes these data for import into the GDC.",ready,repository,United States,,,,"NCI Center for Cancer Genomics (CCG), Bethesda, MD, USA",Government body,GDC Help Desk,support@nci-gdc.datacommons.io,partially open,controlled,,,,,,https://www.re3data.org/repository/r3d100012061; https://scicrunch.org/resolver/RRID:SCR_014514,dataset,Clinical Studies; Oncology; Genomics; Data Integration,,10.1056/NEJMp1607591,0.1739727324985367,national cancer institute's genomic data commons,nci gdc,gdc.cancer.gov,True,url,National Institutes of Health - National Cancer Institute - Genomic Data Commons,similarity
 Image & Data Archive ,IDA,https://ida.loni.usc.edu/login.jsp?search=true,5592,10.25504/FAIRsharing.4e4bac,"The LONI Image Data Archive (IDA) is a user-friendly environment for archiving, searching, sharing, tracking and disseminating neuroimaging and related clinical data. The IDA is utilized for dozens of neuroimaging research projects across North America and Europe and accommodates MRI, PET, MRA, DTI and other imaging modalities.",ready,repository,United States,,National Institute of Biomedical Imaging and Bioengineering; National Institutes of Health,Government body; Research institute,"Laboratory of Neuro Imaging, University of Southern California",Lab,IDA Support,ida@loni.usc.edu,open,open,,,,,,,dataset; image,Clinical Studies; Neuroscience; Social and Behavioural Science,Neuroanatomy,,0.1641440055685553,image & data archive,ida,ida.loni.usc.edu,True,url,Laboratory of Neuro Imaging Image & Data Archive,similarity
HIV-1 Human Interaction Database,,https://www.ncbi.nlm.nih.gov/genome/viruses/retroviruses/hiv-1/interactions/,1976,10.25504/FAIRsharing.sc7fv9,"The HIV-1, human protein interaction data presented here are based on literature reports. This dataset is available in report pages per HIV-1 protein and is also integrated into Entrez Gene report pages for HIV-1 and human proteins.",ready,knowledgebase,United States,,"National Institute of Allergy and Infectious Diseases (NIAID), National Institutes of Health (NIH), Bethesda, MD, USA; National Institutes of Health (NIH), Bethesda, MD, USA",Government body,"National Center for Biotechnology Information (NCBI), Rockville, MD, USA; Southern Research Institute, USA",Government body; Research institute,General Enquiries,info@ncbi.nlm.nih.gov,open,not applicable,,HIV-1 Human Interaction Database Attribution required,https://www.ncbi.nlm.nih.gov/genome/viruses/retroviruses/hiv-1/interactions/about/,,,,dataset,Life Science; Biomedical Science,,10.1089/aid.2008.0113; 10.1093/nar/gkn708; 10.1093/nar/gku1126,0.1641219550350734,hiv-1 human interaction database,,ncbi.nlm.nih.gov,True,url,National Center for Biotechnology Information - GenBank,similarity
National Addiction & HIV Data Archive Program,NAHDAP,https://www.icpsr.umich.edu/web/pages/NAHDAP/index.html,2016,10.25504/FAIRsharing.k34tv5,"NAHDAP acquires, preserves and disseminates data relevant to drug addiction and HIV research. The scope of the data housed at NAHDAP covers a wide range of legal and illicit drugs (alcohol, tobacco, marijuana, cocaine, synthetic drugs, and others) and the trajectories, patterns, and consequences of drug use as well as related predictors and outcomes.",ready,repository,United States,,"National Institute on Drug Abuse (NIDA), Bethesda, MD, USA",Government body,"ICPSR, Institute for Social Research, Ann Arbor, MI, USA",Research institute,General Contact,nahdap@icpsr.umich.edu,partially open,open,,NAHDAP Data Sharing Policies,https://www.icpsr.umich.edu/web/pages/NAHDAP/irbs-data-sharing.html,,,https://www.re3data.org/repository/r3d100010261; https://scicrunch.org/resolver/RRID:SCR_000636,dataset,Biomedical Science; Social Science,,,0.1627197106833836,national addiction & hiv data archive program,nahdap,icpsr.umich.edu,True,url,National Archive of Computerized Data on Aging,similarity
National Archive of Computerized Data on Aging,NACDA,http://www.icpsr.umich.edu/icpsrweb/NACDA,2252,10.25504/FAIRsharing.xhzfk0,"The National Archive of Computerized Data on Aging (NACDA), located within ICPSR, is funded by the National Institute on Aging. NACDA's mission is to advance research on aging by helping researchers to profit from the under-exploited potential of a broad range of datasets. NACDA acquires and preserves data relevant to gerontological research, processing as needed to promote effective research use, disseminates them to researchers, and facilitates their use. By preserving and making available the largest library of electronic data on aging in the United States, NACDA offers opportunities for secondary analysis on major issues of scientific and policy relevance.",ready,repository,United States,,"National Institute on Aging (NIA), Bethesda, MD, USA",Government body,,,Help email,help@icpsr.umich.edu,open,controlled,Digital Preservation Policies and Planning at ICPSR,ICPSR - Restricted and unrestricted usage,https://www.icpsr.umich.edu/web/pages/ICPSR/access/restricted/index.html,,,https://www.re3data.org/repository/r3d100010259; https://scicrunch.org/resolver/RRID:SCR_005876,dataset,Life Science; Geriatric Medicine,,,0.1614768290222596,national archive of computerized data on aging,nacda,icpsr.umich.edu,True,url,National Archive of Computerized Data on Aging,similarity
NIH Genetic Testing Registry,GTR,https://www.ncbi.nlm.nih.gov/gtr/,5543,10.25504/FAIRsharing.d774bc,"GTR is a freely accessible database of orderable clinical and research genetic test descriptions and the laboratories that provide them. Scope includes molecular, biochemical and cytogenetic human genetic tests as well as serologic and molecular microbe tests. Test descriptions include the test targets and the conditions the tests are for, methodology, clinical and analytical validity, clinical utility and ordering information. The goals of GTR are to bring transparency to the testing field, support clinicians ordering tests and advance the public health and research into the genetic basis of health and disease.",ready,repository,United States,,National Institutes of Health,Government body,National Center for Biotechnology Information; National Library of Medicine,Government body,Support,tkt-tryhd@ncbi.nlm.nih.gov,open,open,,GTR Disclaimer and data use policy,https://www.ncbi.nlm.nih.gov/gtr/docs/maintenance_use/,,,,dataset,Clinical Studies; Genetics,genetic test,,0.1600925044454161,nih genetic testing registry,gtr,ncbi.nlm.nih.gov,True,url,National Center for Biotechnology Information - GenBank,similarity
Cancer Data Service,CDS,https://datacommons.cancer.gov/repository/cancer-data-service,5597,10.25504/FAIRsharing.e8e931,"The Cancer Data Service (CDS) is a data repository under the NCI's Cancer Research Data Commons (CRDC) infrastructure for storing cancer research data generated by NCI funded programs. CDS provides secure and authorized storage and data sharing capabilities in the cloud for studies that do not have a repository specific for their data type or are wait listed or not approved by that repository for storage.  CDS hosts both controlled and open access data. Permission to access controlled data on CDS is obtained through the NCBI’s dbGaP system. CDS hosts data and offers analysis capabilities through the NCI Cloud Resources. Seven Bridges Cancer Genomics Cloud, one of the NCI’s Cloud Resources, can be used to search and analyze data. Seven Bridges-CGC is established on Amazon Web Services (AWS).",ready,repository,United States,,National Institutes of Health,Government body,"National Cancer Institute, National Institutes of Health",Government body,Support,cdshelpdesk@mail.nih.gov,partially open,open,,CRDC Data Use Policy Statement,https://datacommons.cancer.gov/about#3,,,,dataset,Computational Biology; Biomedical Science,,,0.1543391050484304,cancer data service,cds,datacommons.cancer.gov,True,url,National Institutes of Health National Cancer Institute Cancer Research Data Commons,similarity
NCBI Viral Genomes Resource,NCBI Virus,https://www.ncbi.nlm.nih.gov/genome/viruses/,1984,10.25504/FAIRsharing.qt5ky7,"NCBI Virus is an integrative, value-added resource designed to support retrieval, display and analysis of a curated collection of virus sequences and large sequence datasets. We are a community portal for viral sequence data, and our goal is to increase the usability of data archived in GenBank and other NCBI repositories.

NCBI Viral Genomes Resource is a collection of virus genomic sequences that provides curated sequence data, related information and tools. It includes all complete viral genome sequences deposited in the International Nucleotide Sequence Database Collaboration (INSDC) databases, i.e. DDBJ, EMBL, and GenBank. Data are organized by viral taxonomy, and reference sequence records (RefSeqs) from one or more genome sequences for each viral species. After a RefSeq has been created for a species, other complete genomes from that same species are indexed as neighbors to the RefSeq.",ready,knowledgebase,United States,,,,"National Center for Biotechnology Information (NCBI), Rockville, MD, USA",Government body,General Enquiries,genomes@ncbi.nlm.nih.gov,open,controlled,,NCBI Viral Genomes Resource Attribution required,https://www.ncbi.nlm.nih.gov/genome/viruses/variation/publications/,,,,dataset,Virology; Genomics,,10.1128/JVI.02005-07; 10.1093/nar/gku1207; 10.1093/nar/gku1126; 10.1093/nar/gkw1065; 10.1038/nbt.4306; 10.1371/journal.pone.0202513; 10.3390/v9040070; 10.1038/nrmicro.2016.177; 10.7287/peerj.preprints.3428v1,0.1538393982797904,ncbi viral genomes resource,ncbi virus,ncbi.nlm.nih.gov,True,url,National Center for Biotechnology Information - GenBank,similarity
PROFILES Registry,,https://www.dataarchive.profilesregistry.nl/,6769,10.25504/FAIRsharing.261f17,The PROFILES registry aims to provide a national resource for research into the psychosocial well-being of cancer survivors in conjunction with the Netherlands Cancer Registry and its clinical embedding that builds on high quality cancer registry data. ,ready,repository,Netherlands,,,,Profiles ,Consortium,Nicole Horevoorts,N.Horevoorts@iknl.nl,open,not applicable,,,,,,https://www.re3data.org/repository/r3d100012168,dataset,Medical Psychology,,10.1016/j.ejca.2011.04.034,0.1494928274380414,profiles registry,,dataarchive.profilesregistry.nl,True,fuzzy,profiles registy,similarity
NIAAA Data Archive,,https://nda.nih.gov/niaaa/,5559,10.25504/FAIRsharing.956b24,"The National Institute on Alcohol Abuse and Alcoholism Data Archive (NIAAA-DA) is a data repository that houses and shares hundreds of alcohol-related, human subjects study data generated by NIAAA-funded research. NIAAA-DA is housed within the NIMH Data Archive (NDA) which provides infrastructure for sharing research data, tools, methods, and analyses enabling collaborative science and discovery. De-identified human subjects data, harmonized to a common standard, are available to qualified researchers.  Summary data is available to all.",ready,repository,United States,,National Institutes of Health,Government body,National Institute on Alcohol Abuse and Alcoholism,Government body,Support,NDAHelp@mail.nih.gov,partially open,controlled,,,,,,,dataset,Clinical Studies; Neuroscience; Social and Behavioural Science,,,0.1483536993626081,niaaa data archive,,nda.nih.gov,True,url,National Institutes of Health - National Institute of Mental Health (NIMH) Data Archive,similarity
UniSave,,https://www.ebi.ac.uk/uniprot/unisave/app/#/,6880,10.25504/FAIRsharing.ad267f,"UniSave is the UniProtKB Sequence/Annotation Version Archive and provide a repository containing every version of every Swiss-Prot/TrEMBL entry in the UniProt Knowledge Base (UniProtKB). This is achieved by archiving, every release, the entry versions within the current release.",ready,repository,European Union,,,,European Molecular Biology Laboratory,Research institute,Rolf Apweiler,apweiler@ebi.ac.uk,open,not applicable,,,,,,https://www.re3data.org/repository/r3d100011244; https://scicrunch.org/resolver/SCR_004946,dataset,Life Science,,10.1093/bioinformatics/btl105,0.144524343590921,unisave,,ebi.ac.uk,True,url,European Molecular Biology Laboratory-European Bioinformatics Institute Electron Microscopy Data Bank,similarity
NIDDK Central Repository,NIDDK,https://repository.niddk.nih.gov/home/,2200,10.25504/FAIRsharing.pr47jw,"The NIDDK Central Repository stores biosamples, genetic and other data collected in designated NIDDK-funded clinical studies. The purpose of the NIDDK Central Repository is to expand the usefulness of these studies by allowing a wider research community to access data and materials beyond the end of the study.",ready,repository,United States,,"National Institute of Diabetes and Digestive and Kidney Diseases (NIDDK), Bethesda, MD, USA",Government body,,,NIDDK-CR support,NIDDK-CRsupport@niddk.nih.gov,partially open,controlled,,NIDDK Disclaimers; NIDDK Copyright,https://www.niddk.nih.gov/disclaimers; https://www.niddk.nih.gov/copyright,,,https://www.re3data.org/repository/r3d100010377; https://scicrunch.org/resolver/RRID:SCR_006542,dataset,Preclinical Studies; Biomedical Science; Genetics,,10.1093/database/bar043,0.1436978300775411,niddk central repository,niddk,repository.niddk.nih.gov,True,url,National Institutes of Health National Institute of Diabetes and Digestive and Kidney Diseases Central Repository,similarity
Electron Microscopy Data Bank,EMDB,https://www.ebi.ac.uk/emdb/,2126,10.25504/FAIRsharing.651n9j,"Cryo-electron microscopy reconstruction methods are uniquely able to reveal structures of many important macromolecules and macromolecular complexes. The Electron Microscopy Data Bank (EMDB) is a public repository for electron microscopy density maps of macromolecular complexes and subcellular structures. It covers a variety of techniques, including single-particle analysis, electron tomography, and electron (2D) crystallography. The EMDB was founded at EBI in 2002, under the leadership of Kim Henrick. Since 2007 it has been operated jointly by the PDBe, and the Research Collaboratory for Structural Bioinformatics (RCSB PDB) as a part of EMDataBank which is funded by a joint NIH grant to PDBe, the RCSB and the National Center for Macromolecular Imaging (NCMI).",ready,repository,Austria; Belgium; Croatia; Czech Republic; Denmark; Finland; France; Germany; Greece; Hungary; Iceland; Ireland; Israel; Italy; Lithuania; Luxembourg; Malta; Montenegro; Netherlands; Norway; Portugal; Slovakia; Spain; Sweden; Switzerland; United Kingdom; United States,,National Institutes of Health,Government body,"Research Collaboratory for Structural Bioinformatics; European Bioinformatics Institute, Wellcome Genome Campus; PDBe Team, European Bioinformatics Institute",Research institute; Consortium,Ardan Patwardhan,help@emdatabank.org,open,open,,Creative Commons CC0 1.0 Universal (CC0 1.0) Public Domain Dedication; EMBL-EBI Terms of Use,https://creativecommons.org/publicdomain/zero/1.0/; http://www.ebi.ac.uk/about/terms-of-use,,,https://www.re3data.org/repository/r3d100010562; https://scicrunch.org/resolver/RRID:SCR_006506,dataset; image; model,Virology; Epidemiology; Digital Image Processing; Structural Biology,,10.1093/nar/gkq880; 10.1016/S0968-0004(02)02176-X; 10.1093/nar/gkv1126,0.1426431524035972,electron microscopy data bank,emdb,ebi.ac.uk,True,url,European Molecular Biology Laboratory-European Bioinformatics Institute Electron Microscopy Data Bank,similarity
The Protein Database,Protein,http://www.ncbi.nlm.nih.gov/protein,1982,10.25504/FAIRsharing.rtndct,"The Protein database is a collection of sequences from several sources, including translations from annotated coding regions in GenBank, RefSeq and TPA, as well as records from UniProt/SwissProt, PIR, PRF, and PDB. Protein sequences are the fundamental determinants of biological structure and function.",ready,knowledgebase,United States,,,,National Center for Biotechnology Information,Government body,General Enquiries,info@ncbi.nlm.nih.gov,open,controlled,,NLM Copyright Information,https://www.nlm.nih.gov/web_policies.html#copyright,,,https://www.re3data.org/repository/r3d100010776; https://scicrunch.org/resolver/RRID:SCR_003257,dataset,Translational Medicine; Biology,,23193264; 10.1093/nar/gkv1290,0.1424315194691103,the protein database,protein,ncbi.nlm.nih.gov,True,url,National Center for Biotechnology Information - GenBank,similarity
The German Human Genome-Phenome Archive ,GHGA,https://data.ghga.de/,6353,10.25504/FAIRsharing.e2df6a,"The German Human Genome-Phenome Archive (GHGA) is a dedicated repository for storing and sharing diverse genomic and phenotypic data from a wide range of scientific studies, including clinical trials, population research, routine healthcare, and biomedical investigations usually coming from research institutions in Germany. By connecting with international initiatives such as the European Genome-phenome Archive (EGA) and the European Genomic Data Infrastructure (GDI), GHGA ensures that data is FAIRly stored, accessible, and interoperable across the globe.

GHGA has set up a trusted, long-term repository, with plans to preserve data at every stage, from raw sequencing files to processed data and research results. Developed in phases, GHGA will continually add features that support secondary research, including secure processing environments, data statistics, and data analysis tools. In this way, GHGA provides a secure and evolving resource for researchers, accelerating scientific discoveries and the development of innovative healthcare solutions.

Recognizing the sensitivity of human omics data, GHGA ensures strict data protection through robust security systems that maintain patient privacy and comply with ethical standards. Access to restricted datasets is not managed by GHGA, but by relevant Data Access Committees (DACs) appointed by the respective data controllers. DACs oversee requests based on established ethical and legal guidelines, while complying with the data subject’s consent. GHGA functions as an intermediate - who facilitates access for authorized users, such as researchers and healthcare professionals, ensuring that only those with proper clearance can access controlled data.",ready,repository,Germany,,,,,,GHGA Support,contact@ghga.de,controlled,controlled,GHGA Data Protection Policy,Creative Commons Attribution 4.0 International (CC BY 4.0),https://creativecommons.org/licenses/by/4.0/,,,https://www.re3data.org/repository/r3d100014563,dataset,Phenomics; Biomedical Science; Biology; Oncology; Genomics,Metadata standardization,10.1038/s41588-025-02101-9,0.1418640509403393,the german human genome-phenome archive,ghga,data.ghga.de,True,fuzzy,german human genome-phenome archive,similarity
GeneWeaver,GeneWeaver,http://www.geneweaver.org,2236,10.25504/FAIRsharing.1y79y9,"The GeneWeaver data and analytics website is a publically available resource for storing, curating and analyzing sets of genes from heterogeneous data sources. The system enables discovery of relationships among genes, variants, traits, drugs, environments, anatomical structures and diseases implicitly found through gene set intersections. By enumerating the common and distinct biological molecules associated with all subsets of curated or user submitted groups of gene sets and gene networks, GeneWeaver empowers users with the ability to construct data driven descriptions of shared and unique biological processes, diseases and traits within and across species.",ready,repository,United States,,"National Institute on Drug Abuse (NIDA), Bethesda, MD, USA; National Institute on Drug Abuse (NIDA), Bethesda, MD, USA; JAX Center for Precision Genetics NIH; National Institute on Drug Abuse (NIDA), Bethesda, MD, USA",Government body; Research institute,"University of Tennessee, USA; Churchill Group, The Jackson Laboratory, Bar Harbor, ME, USA; Baylor University, Texas, USA",Lab; University,Erich Baker,Erich_Baker@Baylor.edu,open,open,,GeneWeaver Data Sharing; GeneWeaver Privacy,https://www.geneweaver.org/datasharing; https://www.geneweaver.org/privacy,,,https://www.re3data.org/repository/r3d100012464; https://scicrunch.org/resolver/RRID:SCR_003009,dataset,Life Science; Functional Genomics; Comparative Genomics; Anatomy,,10.1093/nar/gkr968; 10.1007/s00335-015-9575-x; 10.1016/j.ygeno.2009.08.016,0.1416598565449086,geneweaver,geneweaver,geneweaver.org,True,url,NIH - GeneWeaver,similarity
