name,abbreviation,url,id,description,status,record_type,countries,year_created,funder,funder_type,maintaining_institution,maintaining_type,contact_name,contact_email,data_access_condition,data_deposition_condition,publications,similarity_score,percentile,_normalized_name
German Portal for Medical Research Data,FDPG,https://forschen-fuer-gesundheit.de/,7386,"The FDPG is the German Portal for Medical Research Data, a central online platform that allows researchers to request and access pseudonymized patient data and biosamples from routine clinical care at German university hospitals for scientific studies. It was developed as part of the Medical Informatics Initiative (MII) and harmonizes data from multiple university medical sites under common standards to support research while complying with data protection regulations.",ready,repository,Germany,,Federal Ministry of Education and Research,Government body,Medical Informatics Initiative,Consortium,General Contact,info@forschen-fuer-gesundheit.de,controlled,open,,0.41004528884021624,top 5%,german portal for medical research data
HUNT Databank,,https://hunt-db.medisin.ntnu.no/hunt-db/,7062,"HUNT Databank is a research database hosted by the Department of Public Health and Nursing at NTNU (Norwegian University of Science and Technology). It provides access to data from the HUNT (Health Study of Nord-Trøndelag) studies, covering health, genetics, lifestyle, and epidemiological variables.",ready,repository,Norway,,,,NTNU - Norwegian University of Science and Technology,University,General Contact,kontakt@hunt.ntnu.no,open,not applicable,,0.3982157767538616,top 5%,hunt databank
Australian New Zealand Clinical Trials Registry,ANZCTR,http://www.anzctr.org.au/,2927,"The Australian New Zealand Clinical Trials Registry (ANZCTR) is an online register of clinical trials being undertaken in Australia, New Zealand and elsewhere. The ANZCTR includes trials from the full spectrum of therapeutic areas of pharmaceuticals, surgical procedures, preventive measures, lifestyle, devices, treatment and rehabilitation strategies and complementary therapies. The ANZCTR mandatory data items comply with the minimum dataset requirements of the International Committee of Medical Journal Editors (ICMJE) and the World Health Organization (WHO).",ready,repository,"Australia, New Zealand",,National Collaborative Research Infrastructure Strategy; Australian Government - department of Health; Health Research Council of New Zealand; Therapeutic innovation Australia,Government body,NHMRC Clinical Trials Centre,Research institute,,,open,open,,0.3814287915039202,top 5%,australian new zealand clinical trials registry
UMIN Clinical Trials Registry,UMIN-CTR,https://www.umin.ac.jp/ctr/index.htm,2931,"UMIN-CTR is a Clinical Trials Registry hosted by the japanese University Hospital Medical Information Network (UMIN). UMIN-CTR has been recognized by the ICMJE as an ""acceptable registry"". At a minimum, a paper should be received for consideration by an ICMJE-affiliated journal, if the corresponding trial is registered by the appropriate deadline with UMIN-CTR. The WHO is developing the International Clinical Trials Registry Platform (ICTRP) project in order to collect various clinical trial registry systems throughout the world under fixed standards as ""member registries"" and ""associate registries. """,ready,repository,Japan,1989,"Ministry of Education, Culture, Sports, Science and Technology of Japan (MEXT), Tokyo, Japan",Government body,University Hospital Medical Information Network,Consortium,,,open,controlled,,0.3637589141456564,top 5%,umin clinical trials registry
Models of Infectious Disease Agent Study Catalog,MIDAS Catalog,https://catalog.midasnetwork.us,5867,"The MIDAS Catalog is a web-based platform hosted by the MIDAS (Models of Infectious Disease Agent Study) Network Coordination Center that provides information on a curated collection of resources (e.g., datasets, software, repositories, etc.) pertinent to the field of infectious disease modeling, along with access to the MIDAS Curated Archive of Global Public Health Data, which is an archive of worldwide official public health data retrieved from ministries of health, public health agencies, and other governmental websites. Each entry in the Catalog contains key information about the resource, such as a detailed description of the software or dataset content (language, geographic region, time frame, topics, license, etc.), link to the resource, information about related data, information about creators, downloadable data (for the Curated Archive only), and more.",ready,knowledgebase,United States,2021,National Institute of General Medical Sciences,Government body,MIDAS Coordination Center (MCC); University of Pittsburgh,University; Consortium,General Contact,questions@midasnetwork.us,open,not applicable,,0.3572979554957803,top 5%,models of infectious disease agent study catalog
Clinical Trials Information System,CTIS,https://euclinicaltrials.eu/,4990,"The Clinical Trials Information System (CTIS) is the online system for the regulatory submission, authorisation and supervision of clinical trials in the European Union and the European Economic Area. From 31 January 2023, all initial clinical trial applications in the European Union (EU) must be submitted via the Clinical Trials Information System (CTIS). CTIS is now the single-entry point for sponsors and regulators of clinical trials for the submission and assessment of clinical trial data. This follows a one-year transition, during which sponsors could choose whether to apply for a new clinical trial in the EU/EEA in line with the Clinical Trials Directive or under the new Clinical Trials Regulation (CTR), which entered into application on 31 January 2022.",ready,repository,European Union,2022,,,"European Medicines Agency, London, UK",Government body,General Website Information,ct.communication@ema.europa.eu,open,controlled,,0.34881276882049606,top 5%,clinical trials information system
HealthData.gov,HealthData.gov,https://www.healthdata.gov/,2246,"HealthData.gov makes high value health data more accessible to entrepreneurs, researchers, and policy makers in the hopes of better health outcomes for all. Data is drawn from CMS, CDC, FDA and NIH, among others that are easily available and accessible to the public and to innovators across the country. This information includes clinical care provider quality information, nationwide health service provider directories, databases of the latest medical and scientific knowledge, consumer product data, community health performance information, government spending data and much more.",ready,knowledgebase_and_repository,United States,2010,,,United States Department of Health and Human Services,Government body,General Enquiries,HealthData@HHS.gov,open,not applicable,,0.3370951207689763,top 5%,healthdata.gov
Maelstrom Catalogue,,https://www.maelstrom-research.org/page/catalogue,6705,"The Maelstrom Catalogue provides a user-friendly solution for data discovery. It contains comprehensive information about epidemiological research networks and studies, and the data they have collected. It also provides information about harmonized data generated by these research networks.",ready,knowledgebase,Canada,,,,"Maelstrom Research, RI MUHC, Montreal General Hospital","Research institute, Consortium",Isabel Fortier,isabel.fortier2@mcgill.ca,open,open,10.1093/ije/dyw075,0.33696575680983526,top 5%,maelstrom catalogue
LSHTM Research Online,,https://researchonline.lshtm.ac.uk/,3108,LSHTM Research Online is a freely accessible open access repository of research conducted by staff from the London School of Hygiene & Tropical Medicine.,ready,repository,"Gambia, Uganda, United Kingdom",2011,,,"University of London; London School of Hygiene & Tropical Medicine, London, UK",University,LSHTM Research Publications Team,researchonline@lshtm.ac.uk,open,controlled,,0.3359954592727641,top 5%,lshtm research online
Medical Data Models,MDM,https://medical-data-models.org,2297,"MDM-Portal (Medical Data-Models) is a meta-data registry for creating, analysing, sharing and reusing medical forms, developed by the Institute of Medical Informatics, Heidelberg University Hospital in Germany. see also https://doi.org/10.1055/s-0044-1786839 Electronic forms for documentation of patient data are an integral part within the workflow of physicians. A huge amount of data is collected either through routine documentation forms (EHRs) for electronic health records or as case report forms (CRFs) for clinical trials. This raises major scientific challenges for health care, since different health information systems are not necessarily compatible with each other and thus information exchange of structured data is hampered. Software vendors provide a variety of individual documentation forms according to their standard contracts, which function as isolated applications. Furthermore, free availability of those forms is rarely the case. Currently less than 5 % of medical forms are freely accessible. Based on this lack of transparency harmonization of data models in health care is extremely cumbersome, thus work and know-how of completed clinical trials and routine documentation in hospitals are hard to be re-used. The MDM-Portal serves as an infrastructure for academic (non-commercial) medical research to contribute a solution to this problem. It already contains more than 25,000 system-independent forms (CDISC ODM Format, www.cdisc.org, Operational Data Model) with more than 600,000 data-elements. This enables researchers to view, discuss, download and export forms in most common technical formats such as PDF, CSV, Excel, SQL, SPSS, R, etc. A growing user community will lead to a growing database of medical forms. In this matter, we would like to encourage all medical researchers to register and add forms and discuss existing forms.",ready,repository,Worldwide,2011,Deutsche Forschungsgemeinschaft,Government body,"Institute of Medical Informatics (IMI), University of Muenster, Muenster, Germany; Institute of Medical Informatics, Heidelberg University","University; Research institute, University",Martin Dugas,martin.dugas@med.uni-heidelberg.de,open,open,10.1093/database/bav121; 10.1055/s-0044-1786839,0.3345332286463687,top 5%,medical data models
Scientific Registry of Transplant Recipients Database,SRTR Database,https://www.srtr.org/,7106,"The Scientific Registry of Transplant Recipients (SRTR) is a U.S. database that compiles, manages, and analyzes data on all organ transplants and donations nationwide. It receives monthly data from the Organ Procurement and Transplantation Network (OPTN), the Centers for Medicare & Medicaid Services (CMS), and other health sources. SRTR provides reports and analyses to transplant centers, policymakers, and researchers to monitor outcomes and improve transplant performance.",ready,knowledgebase,United States,,Health Resources and Services Administration,Government body,"Chronic Disease Research Group, Hennepin Healthcare Research Institute",Research institute,General Contact,srtr@srtr.org,partially open,not applicable,,0.3334158865290081,top 5%,scientific registry of transplant recipients database
PubMed Central,PMC,http://www.ncbi.nlm.nih.gov/pmc/,1987,PubMed Central (PMC) is the U.S. National Institutes of Health (NIH) digital archive of biomedical and life sciences journal literature.,ready,repository,United States,1996,,,"National Center for Biotechnology Information (NCBI), Rockville, MD, USA",Government body,,pubmedcentral@ncbi.nlm.nih.gov,open,not applicable,10.1093/nar/gkq1172; 10.1093/nar/gkr1184,0.3308915155119132,top 5%,pubmed central
The Global Health Observatory,GHO,https://www.who.int/data/gho,2916,"The GHO data repository is WHO's gateway to health-related statistics for its 194 Member States. It provides access to over 1000 indicators on priority health topics including mortality and burden of diseases, the Millennium Development Goals (child nutrition, child health, maternal and reproductive health, immunization, HIV/AIDS, tuberculosis, malaria, neglected diseases, water and sanitation), non communicable diseases and risk factors, epidemic-prone diseases, health systems, environmental health, violence and injuries, equity among others.",ready,repository,Worldwide,,,,World Health Organization,Government body,General Contact,gho_info@who.int,open,not applicable,,0.3277943472437123,top 5%,the global health observatory
EU Clinical Trial Register,EUCTR,https://www.clinicaltrialsregister.eu/,2271,"The EU Clinical Trials Register contains information on interventional clinical trials on medicines conducted in the European Union (EU), or the European Economic Area (EEA) which started after 1 May 2004.",ready,repository,European Union,2004,,,"European Medicines Agency, London, UK",Government body,,euctr@ema.europa.eu,open,not found,,0.3158993549257446,top 5%,eu clinical trial register
DANS Data Station Life Sciences,,https://lifesciences.datastations.nl/,5214,"Domain-specific data repository for the Life Sciences, covering all disciplines from the health, medical as well as the green life sciences. This repository primarily serves research communities in The Netherlands, but is open to international researchers and projects that carry a connection to The Netherlands or Dutch research themes, institutes and programmes. The repository is part of the global Dataverse project, and through the interaction of DANS with the larger Dataverse community as wel as the participation in major national and European infrastructural data projects, the repository is continuously improved and enhanced.",ready,repository,Netherlands,2023,Royal Netherlands Academy of Arts and Sciences; Netherlands Organisation for Scientific Research,Research institute; Government body,"Data Archiving and Networked Services (DANS), Den Hagg, Netherlands",Research institute,DANS helpdesk,info@dans.knaw.nl,partially open,open,,0.312572920378367,top 5%,dans data station life sciences
LSHTM Data Compass,,https://datacompass.lshtm.ac.uk/,3331,"LSHTM Data Compass is a curated digital repository of research outputs produced with involvement by staff and students at the London School of Hygiene & Tropical Medicine, MRC Unit The Gambia, and/or the MRC/UVRI & LSHTM Uganda Research Unit. It hosts digital resources that are useful to verify and reproduce research findings, including: qualitative data, quantitative data, software code, processing scripts, search strategies, research instruments, and other outputs",ready,repository,United Kingdom,2015,,,"London School of Hygiene & Tropical Medicine, London, UK; University Of London, UK",University,LSHTM Research Data Manager,researchdatamanagement@lshtm.ac.uk,partially open,open,,0.3114698041796211,top 5%,lshtm data compass
KWTRP Research Data Repository ,,https://dataverse.harvard.edu/dataverse/kwtrp,7957,"The KWTRP Research Data Repository is a research data repository that hosts datasets produced by the Kenya Medical Research Institute–Wellcome Trust Research Programme (KWTRP). It provides open access to data in the life sciences and public health, particularly in areas such as infectious diseases, epidemiology, and biomedical research.",ready,repository,Kenya,,,,KEMRI Wellcome Research Programme,"Consortium, Research institute",General Contact,dgc@kemri-wellcome.org,partially open,controlled,,0.3086203639743586,top 5%,kwtrp research data repository
ClinEpiDB,ClinEpiDB,https://clinepidb.org,3070,"ClinEpiDB is an open-access online resource for clinical and epidemiologic studies. The website allows users to visualize and subset data directly in the ClinEpiDB browser and explore potential associations. Supporting study documentation aids contextualization, and data can be downloaded for advanced analyses. By facilitating access and interrogation of large-scale data sets, ClinEpiDB aims to spur collaboration and discovery to improve global health.",ready,knowledgebase,"Uganda, United Kingdom, United States",2018,"National Institute of Allergy and Infectious Diseases, National Institutes of Health; National Institute of Allergy and Infectious Diseases, National Institutes of Health; Bill and Melinda Gates Foundation",Government body; Charitable foundation,"University of Pennsylvania, United States; Center for Tropical & Emerging Global Diseases, University of Georgia, Athens, GA, USA; Eukaryotic Pathogen, Vector & Host Informatics Resource (VEuPathDB) Bioinformatics Resource Center (BRC)",Research institute; University,ClinEpiDB help desk,help@clinepidb.org,partially open,open,10.12688/gatesopenres.13087.2,0.3068336399296484,top 5%,clinepidb
Sequencing Initiative Suomi,SISu,http://www.sisuproject.fi/,2383,"The Sequencing Initiative Suomi (SISu) search engine offers a way to search for data on sequence variants in the Finnish population. It provides valuable summary data for researchers and clinicians as well as other researchers with an interest in genetics in Finland. With SISu, you can examine the attributes and appearance of different variants in Finnish cohorts and see their aggregate distribution in Finland visualized on a map. The SISu project is an international collaboration between multiple research groups aiming to build tools for genomic medicine.",ready,repository,Finland,2014,"Finska lakaresellskapet, Helsinki, Finland; European Commission FP7; Academy of Finland, Helsinki, Finland; Doctoral Programme in Biomedicine, University of Helsinki, Helsinki, Finland; Healthy People 2010 program, Centers for Disease Control and Prevention, Atlanta, GA, USA; Healthy People 2010 program, Centers for Disease Control and Prevention, Atlanta, GA, USA; European Commission FP7",Undefined; Research institute; Company; University; Government body,"University of Helsinki, Finland",University,Hannele Laivuori,hannele.laivuori@helsinki.fi,open,not found,10.1371/journal.pone.0128524; 10.1371/journal.pgen.1004494,0.3063638547109783,top 5%,sequencing initiative suomi
Allergome,Allergome,http://www.allergome.org/,1746,"Allergome aims to supply information on Allergenic Molecules (Allergens) causing an IgE-mediated (allergic, atopic) disease (anaphylaxis, asthma, atopic dermatitis, conjunctivitis, rhinitis, urticaria). The resource is funded through the Allergen Data Laboratories via unrestricted grants from companies and institutions.",ready,knowledgebase,Italy,2003,,,"Allergy Data Laboratories s.c., Italy",Company,General Contact,allergome@allergome.org,open,not applicable,10.1016/j.cellimm.2007.02.012,0.3040818848581813,top 5%,allergome
Osteoarthritis Initiative,OAI,https://nda.nih.gov/oai,3212,"The Osteoarthritis Initiative (OAI) is a multi-center, ten-year observational study of men and women to improve the understanding of prevention and treatment of knee osteoarthritis, one of the most common causes of disability in adults. The OAI is a permanent archive of the clinical data, patient reported outcomes, biospecimen analyses, quantitative image analyses, radiographs (X-Rays) and magnetic resonance images (MRIs) acquired during this study. While querying and browsing data is publicly available, all subject-level data is available behind a login.",ready,repository,United States,,,,"National Institute of Mental Health (NIMH), Bethesda, MD, USA",Government body,NDA Helpdesk,ndahelp@mail.nih.gov,controlled,controlled,,0.30253915651332774,top 5%,osteoarthritis initiative
HCMI Searchable Catalog,,https://www.cancer.gov/ccg/research/functional-genomics/hcmi,5591,"HCMI Searchable Catalog is a continuously updated resource for querying the available next-generation models developed by the Human Cancer Models Initiative (HCMI). Within the Catalog, users can search by patient demographics, tumor, and model elements including age at diagnosis, sex, treatment information, clinical tumor diagnosis, primary site, clinical stage, and type of model (e.g. 3D-organoid, 2D-conditionally reprogrammed cells), open-access masked somatic MAF variants, etc.",ready,repository,United States,,National Institutes of Health,Government body,"National Cancer Institute, National Institutes of Health",Government body,General inquiries,NCICCGenomics@mail.nih.gov,controlled,open,,0.30023327529212074,top 5%,hcmi searchable catalog
National Coronial Information System,NCIS,https://www.ncis.org.au/,2781,"The National Coronial Information System (NCIS) is a secure database of information on deaths reported to a coroner in Australia and New Zealand. The NCIS contains data on almost 500,000 cases, investigated by a coroner. Data includes demographic information on the deceased, contextual details on the nature of the fatality and searchable medico-legal case reports including the coronial finding, autopsy and toxicology report and police notification of death. The database is available to coroners to assist investigations and access is available on application (subject to ethics approval processes) for research projects.",deprecated,knowledgebase,Australia,2000,,,National Coronial Information System (NCIS),Undefined,NCIS,ncis@ncis.org.au,not found,not found,10.23907/2017.049,0.2989072036886164,top 5%,national coronial information system
Karolinska Institutet Data Repository,KI DR,https://kib.ki.se/en/kidr,7265,"KI Data Repository is the institutional data repository for Karolinska Institutet (KI). KI Data Repository accepts data where KI is the research principle, i.e. where KI is the organization responsible for the data. KI Data Repository’s mission is to curate, preserve, and provide continued access to KI’s research data.",ready,repository,Sweden,2025,"Karolinska Institutet, Stockholm, Sweden",Research institute,,,KI Data Repository,kidr@ki.se,partially open,controlled,,0.29147817077410176,top 5%,karolinska institutet data repository
MalaCards,MalaCards,http://www.malacards.org/,2371,"The MalaCards human disease database (http://www. malacards.org/) is an integrated compendium of annotated diseases mined from 68 data sources. MalaCards has a web card for each of ∼20 000 disease entries, in six global categories. It portrays a broad array of annotation topics in 15 sections, including Summaries, Symptoms, Anatomical Context, Drugs, Genetic Tests, Variations and Publications. The Aliases and Classifications section reflects an algorithm for disease name integration across often-conflicting sources, providing effective annotation consolidation. A central feature is a balanced Genes section, with scores reflecting the strength of disease-gene associations. This is accompanied by other gene-related disease information such as pathways, mouse phenotypes and GO-terms, stemming from MalaCards’ affiliation with the GeneCards Suite of databases. MalaCards’ capacity to inter-link information from complementary sources, along with its elaborate search function, relational database infrastructure and convenient data dumps, allows it to tackle its rich disease annotation landscape, and facilitates systems analyses and genome sequence interpretation. MalaCards adopts a ‘flat’ disease-card approach, but each card is mapped to popular hierarchical ontologies (e.g. International Classification of Diseases, Human Phenotype Ontology and Unified Medical Language System) and also contains information about multi-level relations among diseases, thereby providing an optimal tool for disease representation and scrutiny.",ready,knowledgebase,Israel,2013,,,"Weizmann Institute of Science, Rehovot, Israel",Government body,Doron Lancet,doron.lancet@weizmann.ac.il,open,not applicable,10.1093/nar/gkw1012,0.2821419963213164,top 5%,malacards
VirusMentha,VirusMentha,http://virusmentha.uniroma2.it/,2223,"VirusMentha is a collection of viral interactions manually curated from protein-protein databases that adhere to the IMEx consortium. This resource offers a series of tools to analyse selected proteins in the context of a network of interactions. virus mentha offers direct access to viral families such as: Orthomyxoviridae, Orthoretrovirinae and Herpesviridae plus, it offers the unique possibility of searching by host organism.",ready,knowledgebase,Italy,2014,"Italian Association for Cancer Research (AIRC), Milan, Italy; Italian Ministry of Education, University and Research (MIUR), Roma, Italy",Government body,"University of Rome Tor Vergata, Italy",University,Alberto Calderone,sinnefa@gmail.com,open,not applicable,10.1093/nar/gku830,0.28118082377452264,top 5%,virusmentha
Population Health Data Archive,PHDA,http://www.ncmi.cn/,2876,"The National Population Health Data Center (NPHDC) is one of the 20 national science data center approved by the Ministry of Science and Technology and the Ministry of Finance. The Population Health Data Archive (PHDA) is developed by NPHDC relying on the Institute of Medical Information, Chinese Academy of Medical Sciences. PHDA mainly receives scientific data from science and technology projects supported by the national budget, and also collects data from other multiple sources such as medical and health institutions, research institutions and social individuals, which is oriented to the national big data strategy and the healthy China strategy. The data resources cover basic medicine, clinical medicine, public health, traditional Chinese medicine and pharmacy, pharmacy, population and reproduction. PHDA supports data collection, archiving, processing, storage, curation, verification, certification and release in the field of population health. Provide multiple types of data sharing and application services for different hierarchy users and help them find, access, interoperate and reuse the data in a safe and controlled environment. PHDA provides important support for promoting the open sharing of scientific data of population health and domestic and foreign cooperation.",ready,repository,China,2017,"Ministry of Science and Technology, Beijing, China",Government body,Chinese Academy of Medical Sciences & Peking Union Medical College,Research institute,PHDA,rkjkpt@126.com,partially open,not applicable,10.11925/infotech.2096-3467.2020.0954 ,0.28036448588420515,top 5%,population health data archive
CanPath Portal,,https://portal.canpath.ca/,6693,The Canadian Partnership for Tomorrow's Health (CanPath) Portal provides the research community with the necessary resources to identify epidemiological and biological data available from six participating cohorts to answer innovative research questions.,ready,repository,Canada,2008,,,"Dalla Lana School of Public Health, University of Toronto; CanPath","University; Government body, Consortium",General Contact,access@canpath.ca,partially open,not applicable,,0.27732781932624834,top 5%,canpath portal
Chile National Health Survey 2009-2010,Chile NHS 2009,http://epi.minsal.cl/bases-de-datos/,2457,"The Chile National Health Survey 2009-2010 includes health status questionnaires including the SF-12, mental health questionnaires, physical activity questionnaires, and biological measurements taken during a physical exam.",deprecated,repository,Chile,2009,,,"Ministerio de Salud de Chile, Chile",Government body,jpalegre@minsal.cl,jpalegre@minsal.cl,not found,not found,,0.27564098943917753,top 5%,chile national health survey 2009-2010
PhenX Toolkit,PhenX Toolkit,https://www.phenxtoolkit.org,2455,"The PhenX (consensus measures for Phenotypes and eXposures) Toolkit is a web-based catalog of recommended, standard measures of phenotypes and environmental exposures for use in biomedical research. The PhenX Toolkit offers well-established, broadly validated measures of phenotypes and exposures relevant to investigators in human genomics, epidemiology, and biomedical research. The measures in the Toolkit are selected by Working Groups of domain experts using a consensus process. The Toolkit provides detailed protocols, information about the measures, and tools to help investigators incorporate PhenX measures into their studies.",ready,repository,United States,2007,"Office of Behavioral and Social Sciences Research (OBSSR), NIH, USA; National Institutes of Health (NIH), Bethesda, MD, USA; National Institute on Drug Abuse (NIDA), Bethesda, MD, USA; National Human Genome Research Institute (NHGRI), Bethesda, MD, USA",Government body,,,PhenX Staff,contact@phenxtoolkit.org,partially open,controlled,10.1002/0471142905.hg0121s86; 10.1016/j.annepidem.2012.08.004,0.2755859051640864,top 5%,phenx toolkit
National Trauma Data Bank,NTDB,https://www.facs.org/quality-programs/trauma/quality/national-trauma-data-bank/,6930,"The NTDB, run by the American College of Surgeons, is the largest collection of trauma-registry data in the U.S., aggregating millions of anonymized patient records from hundreds of trauma centers. It includes data for both pediatric and adult patients from all levels of trauma centers, capturing demographics, injury details, treatments, outcomes (including mortality), and hospital events.",ready,repository,United States,1989,,,American College of Surgeons (ACS),Consortium,General Contact,TraumaQuality@facs.org,controlled,controlled,,0.275583531454228,top 5%,national trauma data bank
UMCG Research Data Catalogue,UMCG RDC,https://umcgresearchdatacatalogue.nl/UMCG/ssr-catalogue/,4789,"The UMCG Research Data Catalogue is a manually filled catalogue for large data collections (i.e. Databanks and Biobanks) of the University medical center Groningen. Currently you can find more than 60 resources in this catalogue, however this catalogue is still in development. In the future we hope to share all re-usable research data of the UMCG in this catalogue.",in_development,repository,Netherlands,2023,,,University Medical Center Groningen,University,Catalogue Operators,Researchdatacatalogue@umcg.nl,controlled,not found,,0.2740960329830435,top 5%,umcg research data catalogue
Health Atlas,,https://www.health-atlas.de/,6783,"The Health Atlas - Local Data Hub/Leipzig is an alliance of medical ontologists, medical systems biologists and clinical trials groups to design and implement a multi-functional and quality-assured atlas. It provides models, data and metadata on specific use cases from medical research fields.",ready,repository,"Germany, United Kingdom",2008,,,"University of Manchester; Heidelberg Institute for Theoretical Studies; Institute for Medical Informatics, Statistics, and Epidemiology (IMISE), Leipzig University","Research institute, University; University; Government body",Markus Löffler,markus.loeffler@imise.uni-leipzig.de,partially open,open,,0.26086112765736374,top 5%,health atlas
Human Health Exposure Analysis Resource Data Repository,HHEAR,https://hheardatacenter.mssm.edu/,5579,"Human Health Exposure Analysis Resource (HHEAR) Data Center provides a data repository for storing epidemiologic and biomarker data for CHEAR and HHEAR research studies to improve our knowledge of the comprehensive effects of environmental exposures on human health throughout the life course. Registered users will have access to publicly available deidentified datasets. In addition, there is a publicly accessible HHEAR ontology that provides a common vocabulary with unambiguous definitions of concepts and variables across studies to allow for pooling of studies.",ready,repository,United States,,"National Institute of Environmental Health Sciences, National Institutes of Health; National Institutes of Health",Government body,Human Health Exposure Analysis Resource,Consortium,HHEAR Support,HHEARsupport@mssm.edu,partially open,controlled,,0.2606602585902925,top 5%,human health exposure analysis resource data repository
NSHD46 Database,,https://datashare.ndph.ox.ac.uk/nshd46/index.cgi,7911,"The NSHD46 Database is an online showcase of the National Survey of Health and Development 1946 birth cohort, listing variables and metadata collected over decades of follow‑up. It allows researchers to browse and discover clinical, biological, questionnaire, and life‑course data from the study before applying for access. While only non‑sensitive summary information is displayed, it helps researchers plan and request detailed data for health and population research.",ready,repository,United Kingdom,,,,Medical Research Council; National Survey of Health and Development,Research institute; Government body,General Contact,mrclha.enquiries@ucl.ac.uk,partially open,not applicable,,0.2586400976500137,top 5%,nshd46 database
Clinical Trials Registry - India,CTRI,https://ctri.nic.in/Clinicaltrials/login.php,7284,"The Clinical Trials Registry- India (CTRI), hosted at the ICMR's National Institute for Research in Digital Health and Data Science (https://nims.icmr.org.in), is a free and online public record system for registration of clinical trials being conducted in India.",ready,repository,India,2007,,,"Indian Council of Medical Research, India",Government body,General Contact,ctri@gov.in,open,open,,0.2584923310022012,top 5%,clinical trials registry - india
Deutsches Register Klinischer Studien,DRKS,https://www.bfarm.de/DE/Das-BfArM/Aufgaben/Deutsches-Register-Klinischer-Studien/_node.html,6952,"The DRKS (German Clinical Trials Register) is a publicly accessible database for planned, ongoing, and completed clinical studies in Germany. It was established to ensure transparency in medical research and is recognized as a WHO Primary Registry. Investigators can register their trials there, and patients or physicians can search for trials they might join.",ready,repository,Germany,2008,,,Federal Institute for Drugs and Medical Devices,Government body,Liesl Grobler,liesl.grobler@uct.ac.za,open,open,10.1016/s0140-6736(08)61498-1,0.2584923310022012,top 5%,deutsches register klinischer studien
The Vaccine Investigation and Online Information Network,VIOLIN,https://violinet.org,4720,"The Vaccine Investigation and Online Information Network (VIOLIN) is a web-based central resource that integrates vaccine literature data mining, vaccine research data curation and storage, and curated vaccine data analysis for vaccines and vaccine candidates developed against various pathogens of high priority in public health and biological safety. The vaccine data includes research data from vaccine studies using humans, natural and laboratory animals. VIOLIN annotates, extracts and stores vaccine-related, peer-reviewed papers from PubMed. The curated vaccine-related information contains many categories such as general pathogenesis, protective immunity, vaccine preparation and characteristics, host responses including vaccination protocol and efficacy against virulent pathogen infections. All data within the database is edited manually and is derived primarily from peer-reviewed publications. The curated data is stored in a relational database and can be queried using various VIOLIN search programs.",ready,knowledgebase,United States,2007,"National Institute of Allergy and Infectious Diseases, National Institutes of Health; National Institute of Allergy and Infectious Diseases, National Institutes of Health; National Institute of Allergy and Infectious Diseases, National Institutes of Health; National Institute of Allergy and Infectious Diseases, National Institutes of Health; University of Michigan Medical School, USA",University; Government body,"He Group, University of Michigan Medical School, Ann Arbor, USA",Lab,Yongqun He,yongqunh@med.umich.edu,partially open,controlled,10.1093/nar/gkt1133; 10.1093/nar/gkm1039; 10.1016/j.jvacx.2021.100139; 10.1093/narcan/zcad060; 10.1186/1471-2105-15-S4-S2; 10.1016/j.vaccine.2012.11.066,0.25418158504464894,top 5%,the vaccine investigation and online information network
Mexican Health and Aging Study,MHAS,http://www.mhasweb.org/,2251,"The MHAS study is a series of questionnaires distributed in waves, the fourth of which was fielded in the Fall of 2015. Research goals include, but are not limited to the following: examination of the aging processes and its disease and disability burden in a large representative panel of older Mexicans; evaluation of the effects of individual behaviors, early life circumstances, migration and economic history, community characteristics, and family transfer systems on multiple health outcomes; and comparison of the health dynamics of older Mexicans with comparably aged Mexican-born migrants in the U.S. and second generation Mexican-American using similar data from the U.S. population (for example the biennial Health and Retirement Study HRS) to assess the durability of the migrant health advantage.",ready,repository,"Mexico, United States",2001,"National Institute on Aging (NIA), Bethesda, MD, USA",Government body,,,Rebeca Wong,rewong@utmb.edu,open,not found,10.21149/spm.v57s1.7593,0.2525251603102562,top 5%,mexican health and aging study
Oral Cancer Gene Database,OrCGDB,https://www.actrec.gov.in/OCDB/index.htm,6652,OrCGDB is a user-friendly database containing information on 374 genes related to oral cancer including gene function mutations expression pathways and clinical relevance with search options and an interaction network linking gene relationships through PubMed references.,ready,knowledgebase,India,2007,,,"Advanced Centre for Treatment, Research and Education in Cancer (ACTREC), Tata Memorial Centre (TMC), Navi Mumbai, India",Government body,Nikhil S. Gadewal ; Surekha M. Zingde,ngadewal@actrec.gov.in; szingde@actrec.gov.in,open,not applicable,10.6026/97320630006169,0.2521849797131894,top 5%,oral cancer gene database
National Database for Clinical Trials related to Mental Illness,NDCT,https://data-archive.nimh.nih.gov/ndct/,2214,"NDCT is an informatics platform for the sharing of clinical trial data funded by the National Institute of Mental Health. NDCT is a part of the NIMH Data Archive (NDA), powered by the NDAR (National Database for Autism Research) infrastructure.",deprecated,repository,United States,2014,ELIXIR Italy,Government body,"National Institute of Mental Health (NIMH), Bethesda, MD, USA",Government body,Help email,NDAHelp@mail.nih.go,not found,not found,,0.2495534285554074,top 5%,national database for clinical trials related to mental illness
Research Domain Criteria Database,RDoCdb,http://rdocdb.nimh.nih.gov,2213,"RDoCdb is an informatics platform for the sharing of human subjects data related to Mental Health research. This database may be used to plan for data submission, share your data, query data that is already shared, or to share your results related to a publication or finding. RDoCdb is is a part of the NIMH Data Archive (NDA), powered by the National Database for Autism Research (NDAR) infrastructure.",deprecated,repository,United States,,ELIXIR Italy,Government body,"National Institute of Mental Health (NIMH), Bethesda, MD, USA",Government body,,rdocdbhelp@mail.nih.gov,not found,not found,,0.2495534285554074,top 5%,research domain criteria database
International Clinical Trials Registry Platform Search Portal,ICTRP,https://trialsearch.who.int/,2650,"The WHO International Clinical Trials Registry Platform (ICTRP) registry platform and clinical trial Search Portal aims to provide a single point of access to information about ongoing and completed clinical trials to ensure that a complete view of research is accessible to all those involved in health care decision making. Global health and scientific community access is provided through a centralized database system containing primary clinical trial registrations from primary data providers in the WHO Registry Network in facilitating unambiguous identification of clinical trials and links to full original study records. In May 2022, the Seventy-fifth World Health Assembly adopted a resolution (WHA75.8) on “Strengthening clinical trials to provide high-quality evidence on health interventions and to improve research quality and coordination”. The WHO secretariat has developed this webpage in order to provide a single point of access for information and resources of relevance to resolution WHA 75.8. This includes initiatives and guidances highlighted to WHO as part of the public consultation held related to WHA 75.8 in October and November 2022. This webpage will be updated as activities related to the resolution progress.",ready,knowledgebase_and_repository,"Switzerland, Worldwide",2004,,,World Health Organization,Government body,General contact,ictrpinfo@who.int,open,controlled,10.1136/bmjopen-2011-000221,0.24816785886720913,top 5%,international clinical trials registry platform search portal
eHealth Ireland Open Data Portal,,https://www.ehealthireland.ie/,2965,"The eHealth Ireland Open Data Portal makes it easy to find and access data from across the Irish Health Sector. This includes information on available health services, statistics on hospital cases and national waiting lists, and performance of new digital initiatives, such as eReferrals.",deprecated,repository,Ireland,,"Department of Public Expenditure and Reform, Republic of Ireland",Government body,eHealth Ireland,Government body,,questions@ehealthireland.ie,open,not applicable,,0.24491311423617101,top 5%,ehealth ireland open data portal
Pharmacokinetics Database,PK-DB,https://pk-db.com,3196,PK-DB an open database for pharmacokinetics information from clinical trials as well as pre-clinical research. The focus of PK-DB is to provide high-quality pharmacokinetics data enriched with the required meta-information for computational modeling and data integration.,ready,knowledgebase_and_repository,Germany,2019,"Bundesministerium fur Bildung und Forschung (BMBF), Germany; Bundesministerium fur Bildung und Forschung (BMBF), Germany; Bundesministerium fur Bildung und Forschung (BMBF), Germany; Bundesministerium fur Bildung und Forschung (BMBF), Germany; Bundesministerium fur Bildung und Forschung (BMBF), Germany; Bundesministerium fur Bildung und Forschung (BMBF), Germany; Bundesministerium fur Bildung und Forschung (BMBF), Germany; Bundesministerium fur Bildung und Forschung (BMBF), Germany; Bundesministerium fur Bildung und Forschung (BMBF), Germany",Government body,"Humboldt-Universität zu Berlin, Berlin, Germany",University,Matthias König,konigmatt@googlemail.com,open,not found,10.1093/nar/gkaa990,0.2447386392516358,top 5%,pharmacokinetics database
CHILDdb,,https://childstudy.ca/childdb/,6627,CHILDdb provides an opportunity for researchers to explore CHILD data to study genetic and environmental factors influencing child health and development. ,ready,repository,Canada,,"Canadian Institutes of Health Research; AllerGen NCE, Hamilton, ON, Canada",Government body; Consortium,CHILD Cohort Study,Consortium,General Contact,child@mcmaster.ca,open,not found,,0.24082012901057737,top 5%,childdb
Genetic Epidemiology Simulation Database,GESDB,http://gesdb.nhri.org.tw/,2269,"GESDB is a platform for sharing simulation data and discussion of simulation techniques for human genetic studies. The database contains simulation scripts, simulated data, and documentations from published manuscripts. The forum provides a platform for Q&A for the simulated data and exchanging simulation ideas. GESDB aims to promote transparency and efficiency in simulation studies for human genetic studies.",deprecated,repository,Taiwan,2015,"National Health Research Institutes (NIHR), Zhunan, Taiwan",Undefined,,,Ren-Hua Chung,rchung@nhri.org.tw,not found,not found,10.1093/database/baw082,0.2400402764726905,top 5%,genetic epidemiology simulation database
Orphadata,Orphadata,http://www.orphadata.org/,2751,"Orphadata provides the scientific community with comprehensive, quality datasets related to rare diseases and orphan drugs from the Orphanet knowledge base, in reusable formats.",ready,knowledgebase,"France, European Union",,European Union (EU),Government body,"Institut National de la Sante et de la Recherche Medicale (INSERM), Paris, France",Research institute,,,open,not applicable,,0.23467082663386482,top 5%,orphadata
CancerModels.Org,CancerModels.Org,https://www.cancermodels.org/,4483,"CancerModels.Org is a cancer research platform that aggregates clinical, genomic and functional data from various types of patient-derived cancer models (PDCMs)- xenografts, organoids and cell lines. Currently, the portal has over 7000 PDCMs across multiple cancer types, including rare paediatric models and models from minority ethnic backgrounds. The CancerModels.Org standardises, harmonises and integrates clinical metadata, molecular and treatment-based data from academic and commercial providers worldwide. It is the largest open access and free to consumer resource of this kind. ",ready,knowledgebase_and_repository,United Kingdom,2023,"National Cancer Institute, National Institutes of Health",Government body,"European Bioinformatics Institute, Wellcome Genome Campus",Research institute,Zinaida Perova,zina@ebi.ac.uk,open,open,10.1093/nar/gkac1021,0.23453521162851976,top 5%,cancermodels.org
Longitudinal Aging Study Amsterdam Database,LASA Database,https://www.lasa-vu.nl/index.htm,7148,"The Longitudinal Aging Study Amsterdam (LASA) is a long-term, multidisciplinary cohort study of older adults in the Netherlands, started in 1992, tracking physical, cognitive, emotional, and social functioning. It includes multiple measurement “waves” over decades, allowing researchers to study trajectories and predictors of aging. Access to LASA data requires submitting a research proposal, which is reviewed by a steering committee; the data are not open publicly but are shared under conditions to ensure scientific use.",ready,repository,Netherlands,1992,Netherlands Organisation for Scientific Research,Research institute,"Amsterdam UMC; Vrije Universiteit Amsterdam, The Netherlands",University,General Contact,lasa@amsterdamumc.nl,controlled,not applicable,,0.23364654557490763,top 5%,longitudinal aging study amsterdam database
AphasiaBank,,https://aphasia.talkbank.org/,5569,AphasiaBank is a shared database of multimedia interactions for the study of communication in aphasia. Access to the data in AphasiaBank is password protected and restricted to registered researchers.,ready,repository,United States,,National Institute for Deafness and other Communication Disorders; National Institutes of Health,Government body,"Carnegie Mellon University, Pittsburgh, USA",University,Brian MacWhinney; Nan Bernstein Ratner,macw@cmu.edu; nratner@umd.edu,controlled,open,,0.23342262470333536,top 5%,aphasiabank
AIP Mutation Database,,https://aip.fipapatients.org,3295,"The AIP Mutation Database collects variants (both pathogenic, non-pathogenic and with unknown significance) related to pituitary adenoma predisposition (PAP) and to familial isolated pituitary adenoma (FIPA) syndromes and their clinical information in order to understand better the molecular and clinical details of the disease. Variants are reported according to the GRCh37/hg19 assembly of the human genome and the reference sequence used is the AIP Locus Reference Genomic.",deprecated,knowledgebase_and_repository,United Kingdom,2012,,,"Barts and The London School of Medicine and Dentistry, London, UK",University,Dr Serban Radian,s.radian@qmul.ac.uk,open,open,,0.233284117165262,top 5%,aip mutation database
eyeGENE: The National Ophthalmic Genotyping and Phenotyping Network,eyeGENE,https://eyegene.nih.gov,2489,"The National Ophthalmic Disease Genotyping and Phenotyping Network (eyeGENE®) is a genomic medicine initiative created by the National Eye Institute (NEI), part of the National Institutes of Health (NIH), in partnership with clinics and laboratories across the vision research community. The core mission of eyeGENE® is to facilitate research into the causes and mechanisms of rare inherited eye diseases and accelerate pathways to treatments. eyeGENE® was designed to achieve this goal through clinical and molecular diagnosis coupled with granting controlled access to clinical and genetic information in a data repository, to DNA in a biorepository, and to individuals consented to participate in research and clinical trials. The eyeGENE® Network currently includes a Coordinating Center at the NEI, CLIA†-approved molecular genetic testing laboratories around the Nation, a patient registry, controlled-access centralized biorepository for DNA, and a curated de-identified genotype / phenotype database. These components stimulate patient and eye health care provider interest in genetics-based clinical care and generate involvement in ophthalmic research, thereby accelerating vision research and treatment development for these diseases.",ready,knowledgebase,United States,2006,,,NEI NIH,Government body,Kerry Goetz,goetzke@nei.nih.gov,controlled,controlled,10.1111/cge.12193; 10.1097/ICU.0b013e32835715c9,0.23325090181754032,top 5%,eyegene: the national ophthalmic genotyping and phenotyping network
ECRIN Clinical Research Metadata Repository,crMDR,https://crmdr.ecrin.org/,3067,"The ECRIN Clinical Research Metadata Repository is a portal allowing users to search for studies using a variety of criteria and identify the data objects (trial registrations, results summaries, journal articles, protocols etc.) associated with them. The repository is intended to support researchers and reviewers locate available data objects of all types, from a wide variety of sources. Where the data is publicly available, links are provided to directly access the data object. For controlled data, links to information about data access are available.",ready,knowledgebase,European Union,2020,EOSC Hub; Horizon 2020 eXtreme Data Cloud (XDC) Project; EOSC-Life,Consortium,"National Institute for Nuclear Physics (INFN), Rome, Italy; European Clinical Research Infrastructure Network (ECRIN)",Research institute; Consortium,Steve Canham,steve.canham@ecrin.org,open,not applicable,,0.23236787276604237,top 5%,ecrin clinical research metadata repository
AIDA Data Hub,,https://datahub.aida.scilifelab.se/,6732,"The AIDA Data Hub is national e-infrastructure for research and clinical innovation in data driven precision health, with a base in multi-modal diagnostics and medical imaging AI. They offer data, services, compute and storage resources, and advanced support to researchers, industry, and caregivers of national significance.",ready,repository,Sweden,,,,Analytic Imaging Diagnostics Arena (AIDA),Research institute,Joel Hedlund,joel.hedlund@liu.se,partially open,controlled,,0.2307311688524607,top 5%,aida data hub
EORTC clinical trials,EORTC,http://www.eortc.org/clinical-trials/,2273,European Organisation for Research and Treatment of Cancer database of clinical trials.,ready,repository,European Union,,European Organisation for Research and Treatment of Cancer,Consortium,,,,,controlled,controlled,,0.23000446984429446,top 5%,eortc clinical trials
OBO Foundry,OBO,http://www.obofoundry.org/,2600,"The Open Biological and Biomedical Ontology (OBO) Foundry is a collective of ontology developers that are committed to collaboration and adherence to shared principles. The mission of the OBO Foundry is to develop a family of interoperable ontologies that are both logically well-formed and scientifically accurate. To achieve this, OBO Foundry participants voluntarily adhere to and contribute to the development of an evolving set of principles including open use, collaborative development, non-overlapping and strictly-scoped content, and common syntax and relations, based on ontology models that work well, such as the Gene Ontology (GO). The OBO Foundry is overseen by an Operations Committee with Editorial, Technical and Outreach working groups.",ready,repository,Worldwide,,,,The OBO Foundry,Consortium,Barry Smith,phismith@buffalo.edu,open,open,10.1038/nbt1346; 10.1093/database/baab069,0.2271317516694937,top 5%,obo foundry
HIV Drug Interactions,,https://www.hiv-druginteractions.org/,2958,"Around 37 million individuals are living worldwide with HIV and although advances in therapy have yielded effective regimens, individual antiretroviral drugs are amongst the most therapeutically risky for drug-drug interactions (DDI) presenting significant risks to patients and a challenge for health care providers to ensure safe and appropriate prescribing. In order to address this, the Liverpool Drug Interactions website was established in 1999 by members of the Department of Pharmacology at the University of Liverpool to provide a freely available drug-drug interaction resource.",ready,knowledgebase,United Kingdom,1999,"Janssen EMEA, Beerse, Belgium; MSD, Hoddesdon, UK; HIV Glasgow, Glasgow, Scotland; Gilead, Foster City, CA, USA; ViiV Healthcare, Brentford, UK; British HIV Association (BHIVA), Hertfordshire, UK; European AIDS Clinical Society (EACS), Brussels, Belgium; Graphics and Vision Research Group, University of Basel, Switzerland; Frontier Biotechnologies, Nanjing, China",Lab; Company; Publisher; Charitable foundation; Consortium,"University of Liverpool, UK",University,David Back,D.J.Back@liverpool.ac.uk,open,controlled,10.1016/j.tmaid.2016.05.013,0.22680371902312552,top 5%,hiv drug interactions
NIH 3D Print Exchange,,https://3d.nih.gov/,2551,"Few scientific 3D-printable models are available online, and the expertise required to generate and validate such models remains a barrier. The NIH 3D Print Exchange eliminates this gap with an open, comprehensive, and interactive website for searching, browsing, downloading, and sharing biomedical 3D print files, modeling tutorials, and educational material. The NIH 3D Print Exchange is a collaborative effort led by the National Institute of Allergy and Infectious Diseases in collaboration with the Eunice Kennedy Shriver National Institute for Child Health and Human Development and the National Library of Medicine.",ready,repository,United States,,"National Institutes of Health (NIH), Bethesda, MD, USA",Government body,"National Institutes of Health (NIH), Bethesda, MD, USA; United States Department of Health and Human Services",Government body,,,open,open,,0.22634318085304705,top 5%,nih 3d print exchange
Nextstrain,,https://nextstrain.org/,6193,"Nextstrain is a project to harness the scientific and public health potential of pathogen genome data. It’s made up of many different parts that all work together. Through our website, nextstrain.org, we provide a continually-updated view of publicly available data with powerful analyses and visualizations showing pathogen evolution and epidemic spread. Through our open-source software tools, we aim to help you analyze and visualize your own data in the same way. Our goal is to aid epidemiological understanding and improve outbreak response.",ready,knowledgebase,"Switzerland, United States",2018,,,"Biozentrum, University of Basel, Basel, Switzerland; Department of Genome Sciences, University of Washington",Lab; University,Trevor Bedford ; Richard Neher,tb@bedford.io; richard.neher@unibas.ch,open,not found,10.1093/bioinformatics/bty407,0.22427236444369855,top 5%,nextstrain
VDJdb: a curated database of T-cell receptors with known antigen specificity,VDJdb,https://vdjdb.cdr3.net,2514,"The primary goal of VDJdb is to facilitate access to existing information on T-cell receptor antigen specificities, i.e. the ability to recognize certain epitopes in certain MHC contexts. Our mission is to both aggregate the scarce TCR specificity information available so far and to create a curated repository to store such data. In addition to routine database updates providing the most up-to-date information, we make our best to ensure data consistency and fight irregularities in TCR specificity reporting with a complex database validation scheme.",ready,knowledgebase_and_repository,"Czech Republic, Russia, European Union",2017,,,Institute of Bioorganic Chemistry,Research institute,Mikhail Shugay,mikhail.shugay@gmail.com,open,open,10.1038/s41592-022-01578-0,0.22357718371393723,top 5%,vdjdb: a curated database of t-cell receptors with known antigen specificity
Mammography Image Analysis Society Database,,https://www.repository.cam.ac.uk/handle/1810/250394,2313,"Record does not exist anymore: Mammography Image Analysis Society Database. The record with identifier content https://doi.org/10.25504/FAIRsharing.qky19z was invalid.Records previously linked: [3508, 3513]. Organisations previously linked: [2510]. Maintainers previously linked: [548]. Licences previously linked: [158].",ready,repository,United Kingdom,1994,,,,,John Suckling,js369@cam.ac.uk,not found,not found,,0.22340299423801385,top 5%,mammography image analysis society database
Allele Frequency Aggregator,ALFA,https://www.ncbi.nlm.nih.gov/snp/docs/gsr/alfa/,5585,"The NCBI Allele Frequency Aggregator (ALFA) seeks to make allele frequency datasets from dbGaP studies the largest and most complete aggregated variant datasets available as open-access. Over two million individuals, up to billions of variations, thousands of phenotypes, and molecular test datasets make up the database dbGaP. Huge opportunities exist to investigate and research genetic differences within human populations and to find genetic factors that affect health and diseases in order to enhance diagnosis, treatment, and prevention.",ready,repository,United States,,National Institutes of Health,Government body,National Library of Medicine,Government body,,,open,controlled,,0.22275732815408658,top 5%,allele frequency aggregator
Satellog,Satellog,http://satellog.bcgsc.ca/,2639,Satellog is a database that catalogs all pure 1-16 repeat unit satellite repeats in the human genome along with supplementary data. Satellog analyzes each pure repeat in UniGene clusters for evidence of repeat polymorphism.,ready,knowledgebase,Canada,2004,,,"Canada's Michael Smith Genome Sciences Centre, Vancouver, Canada",Research institute,Perseus Missirlis,perseusm@bcgsc.ca,open,not applicable,10.1186/1471-2105-6-145,0.2225151982439112,top 5%,satellog
Parkinson's Progression Markers Initiative,PPMI,http://www.ppmi-info.org,2203,"PPMI is an observational clinical study to verify progression markers in Parkinson’s disease. The study is designed to establish a comprehensive set of clinical, imaging and biosample data that will be used to define biomarkers of PD progression. Once these biomarkers are defined, they can be used in therapeutic studies. The clinical, imaging and biologic data are accessible to researchers in real time through the website. If used as a public resource without login, this resource functions as a dashboard.",ready,repository,United States,,The Michael J Fox Foundation for Parkinson's Research,Undefined,"Laboratory of Neuro Imaging (LONI), University of Southern California, Los Angeles, CA, USA",Lab,General Contact,webmaster@loni.usc.edu,controlled,not applicable,10.1016/j.pneurobio.2011.09.005; 10.1002/mds.26374,0.22232235761283514,top 5%,parkinson's progression markers initiative
DrugBank,,http://www.drugbank.ca/,1844,"The DrugBank database is a bioinformatics and chemoinformatics resource that combines detailed drug (i.e. chemical, pharmacological and pharmaceutical) data with comprehensive drug target (i.e. sequence, structure, and pathway) information. It is a freely available to academics.",ready,knowledgebase,Canada,2004,"Canadian Institutes of Health Research; Genome Alberta, Alberta, Canada; Genome British Columbia, Canada; Genome Canada",Government body; Undefined,"Wishart Lab, University of Alberta; The Metabolomics Innovation Centre",Research institute; Lab,David Wishart,david.wishart@ualberta.ca,open,not applicable,10.1093/nar/gkt1068; 10.1093/nar/gkq1126; 10.1093/nar/gkm958; 10.1093/nar/gkj067; 10.1093/nar/gkx1037,0.22081371170493783,top 5%,drugbank
Influenza Life Cycle pathway map,FluMap,https://www.influenza-x.org/,2964,"To understand the mechanisms of influenza A viral replication and the host responses, we took the literature-based manual curation approach to construct a comprehensive influenza virus-host respoce map. The infuenza A virus (IAV) comprehensive pathway map (FluMap) was constructed by manual curation with the literature as well as various pathway databases such as Reactome, KEGG and Panther Pathway database.",deprecated,knowledgebase,Japan,2013,,,"Systems Biology Institute, Tokyo, Japan",Research institute,Yukiko Matsuoka,myukiko@sbi.jp,not found,not found,10.1186/1752-0509-7-97,0.22053658374828733,top 5%,influenza life cycle pathway map
Health Study Hub ,,https://health-study-hub.de/,6335,"The Health Study Hub is an inventory of German studies in the field of clinical, public health and epidemiological health research. The aim of the Health Study Hub is to enable and foster the implementation of the FAIR principles (Findability, Accessibility, Interoperability and Reusability) in the health domain. Unlike other initiatives, the Health Study Hub focuses not only on clinical research, but also on public health studies. The Health Study Hub also provides access to study materials such as (sample) questionnaires, data dictionaries and other information down to variable level. ",ready,repository,Germany,,Deutsche Forschungsgemeinschaft,Government body,NFDI4Health,Consortium, Matthias Löbe,matthias.loebe@imise.uni-leipzig.de,partially open,controlled,,0.21866527298126176,top 5%,health study hub
NIH Human BioMolecular Atlas Program Data Portal,HuBMAP,https://portal.hubmapconsortium.org/,4319,"The HuBMAP Data Portal is the central resource for discovery, visualization, and download of single-cell tissue data generated by the Human BioMolecular Atlas Program consortium. HuBMAP tools and maps are openly available, inclusice of a standardized data curation and processing workflow ensure that only high quality is released. The HuBMAP Data Portal aims to be an open map of the human body at the cellular level to accelerate efforts to understand the relationships between the organization of cells and tissues, biological function, and human health from fresh, fixed, or frozen healthy human tissue using in situ and dissociative techniques that have high-spatial resolution data.",ready,knowledgebase_and_repository,United States,2022,National Institutes of Health,Government body,"HuBMAP Consortium; National Institutes of Health (NIH), Office of Strategic Coordination (OSC), Common Fund Program","Government body, Research institute; Consortium",General Contact; HuBMAP Working Group,help@hubmapconsortium.org; HUBMAP@mail.nih.gov,controlled,controlled,10.1038/s41586-019-1629-x; 10.1038/s41556-021-00788-6,0.21850137083551957,top 5%,nih human biomolecular atlas program data portal
Kidney Tissue Atlas,KPMP,https://atlas.kpmp.org/,4561,"The Kidney Tissue Atlas is a part of the National Institute of Diabetes and Digestive and Kidney Diseases (NIDDK), Kidney Precision Medicine Project (KPMP) initiative in part of a multi-site collaboration comprised of patients, clinicians, and investigators from across the United States. The Atlas Repository provides access to the datasets being generated by KPMP. The datasets available in the repository are a combination of raw and processed data from KPMP participant biopsies and reference tissue samples. Datasets are routinely added as they are generated and QCed prior to release.
",ready,knowledgebase_and_repository,United States,2020,National Institute of Diabetes and Digestive and Kidney Diseases,Government body,National Institutes of Health Kidney Precision Medicine Project Initiative,Research institute,KPMP,info@kpmp.org,partially open,not applicable,10.1126/sciadv.abn4965; 10.1101/2021.07.28.454201v1,0.21805322658793305,top 5%,kidney tissue atlas
Human Proteinpedia,,http://www.humanproteinpedia.org/,1929,Human Proteinpedia is a community portal for sharing and integration of human protein data. It allows research laboratories to contribute and maintain protein annotations. ,deprecated,repository,India,2007,"National Library of Medicine (NLM), Bethesda, MD, USA",Government body,"Institute of Bioinformatics, Bangalore, India",Research institute,Pandey Akhilesh,pandey.akhilesh@mayo.edu,not found,not found,10.1093/nar/gkn701,0.2170221380576466,top 5%,human proteinpedia
OmicsDB,ODB,https://github.com/KeironO/omicsdb,2292,"OmicsDB is a database for the storage and management of omics data and auxiliary information. The database contains cross-species, cross-technique and cross-types. It offers user-submission tools of which aim to reduce the work revolving adherence to standards. The resource homepage is currently unavailable. If you have any information on the current status of this resource, please contact us.",deprecated,repository,United Kingdom,2016,,,,,Keiron O'Shea,keo7@aber.ac.uk,not found,not found,,0.21690881685792346,top 5%,omicsdb
The ITHANET Portal,ITHANET,https://www.ithanet.eu,2299,"The ITHANET Portal represents an expanding resource for clinicians and researchers dealing with haemoglobinopathies and a port of call for patients in search of professional advice. The ITHANET Portal integrates information on news, events, clinical trials and thalassaemia-related organisations, research projects and other scientific networks. Most importantly, disease-specific databases are developed and maintained on the ITHANET Portal, such as databases of haemoglobin variants and genetic modifiers (IthaGenes), epidemiology (IthaMaps) and genotype-phenotype correlation using case reports (IthaPhen).",ready,knowledgebase,Cyprus,2006,European Commission FP7,Government body,,,Petros Kountouris,petrosk@cing.ac.cy,open,open,10.1371/journal.pone.0103020; 10.1080/03630260903089177,0.21569075578039903,top 5%,the ithanet portal
"Eukaryotic Pathogen, Vector and Host Informatics Resource",VEuPathDB,https://veupathdb.org/veupathdb/app/,1879,"The Eukaryotic Pathogen, Vector and Host Informatics Resource (VEuPathDB) focuses on eukaryotic pathogens and invertebrate vectors of infectious diseases, , encompassing data from prior resources devoted to parasitic species (EuPathDB), fungi (FungiDB) and vector species (VectorBase). While each of the taxonomic groups within this resource is supported by a taxon-specific database built upon the same infrastructure, the EuPathDB portal offers an entry point to all of these resources, and the opportunity to leverage orthology for searches across genera.",ready,knowledgebase,"Uganda, United Kingdom, United States",,"Bill and Melinda Gates Foundation; The Wellcome Trust; National Institute of Allergy and Infectious Diseases, National Institutes of Health; The Wellcome Trust",Government body; Charitable foundation,"Eukaryotic Pathogen, Vector & Host Informatics Resource (VEuPathDB) Bioinformatics Resource Center (BRC)",Research institute,Christian J. Stoeckert Jr.,stoeckrt@pcbi.upenn.edu,controlled,open,10.1007/978-1-4939-1438-8_1; 10.1093/nar/gkp941; 10.1371/journal.pone.0099979; 10.1007/978-1-4939-7737-6_5,0.2156293405525483,top 5%,"eukaryotic pathogen, vector and host informatics resource"
PubChem,PubChem,https://pubchem.ncbi.nlm.nih.gov/,1989,"PubChem is the world's largest collection of freely accessible chemical information. Searches can be performed via a number of descriptors such as name, molecular formula and structure. Information is provided for chemical and physical properties, biological activities, safety and toxicity information, patents, literature citations and more. PubChem is organized as three linked databases within the NCBI's Entrez information retrieval system. These are PubChem Substance, PubChem Compound, and PubChem BioAssay. PubChem also provides a fast chemical structure similarity search tool. ",ready,repository,United States,2004,"NLM Intramural Research Program, Rockville, MD, USA",Government body,"National Center for Biotechnology Information (NCBI), Rockville, MD, USA",Government body,,info@ncbi.nlm.nih.gov,partially open,controlled,10.1016/j.drudis.2010.10.003; 10.1093/nar/gkp456; 10.1093/nar/gkl1031; 10.1093/nar/gky1033; 10.1093/nar/gkw1118; 10.1093/nar/gkt978; 10.1093/nar/gkr1132; 10.1093/nar/gkaa971; 10.1093/nar/gkac956,0.21470391249269857,top 5%,pubchem
Canada Vigilance Adverse Reaction Online Database,,https://www.canada.ca/en/health-canada/services/drugs-health-products/medeffect-canada/adverse-reaction-database.html,2827,"The Canada Vigilance Adverse Reaction Online Database contains information about suspected adverse reactions (also known as side effects) to health products. Adverse reaction reports are submitted by: consumers and health professionals, who submit reports voluntarily; and manufacturers and distributors (also known as market authorization holders), who are required to submit reports according to the Food and Drugs Act. Data is stored from 1965 onwards.",ready,repository,Canada,,,,"Canada Vigilance Program, Health Canada, Ottawa, Canada",Government body,,hc.canada.vigilance.sc@canada.ca,open,open,,0.21323420313734756,top 5%,canada vigilance adverse reaction online database
Human-Transcriptome Database for Alternative Splicing,H-DBAS,http://h-invitational.jp/h-dbas/,1782,"H-DBAS offers unique data and viewer for human Alternative Splicing (AS) analysis including genome-wide representative alternative splicing variants (RASVs), RASVs affecting protein functions, conserved RASVs compared with mouse genome (full length cDNAs).",deprecated,knowledgebase,"France, Germany, Japan",2006,"Molecular Profiling Research Centre for Drug Discovery (molprof), Tokyo, Japan",Undefined,"Biomedical Informatics Laboratory, Department of Molecular Life Science, Division of Basic Medical Science and Molecular Medicine, Tokai University School of Medicine, Tokyo, Japan; National Institute of Advanced Industrial Science and Technology, Tokyo, Japan",Research institute; University,,hinvdb@ml.u-tokai.ac.jp,not found,not found,10.1093/nar/gkl854; 10.1093/nar/gkp984,0.212971766654276,top 5%,human-transcriptome database for alternative splicing
INCLUDE Data Hub,,https://portal.includedcc.org/login?redirect_path=/dashboard,5595,"The INCLUDE (INvestigation of Co-occurring conditions across the Lifespan to Understand Down syndromE) Project is an NIH-wide collaboration that seeks to improve health and quality-of-life for people with Down syndrome. The INCLUDE Project Data Coordinating Center and partners created the INCLUDE Data Hub, a centralized data resource that allows access to large-scale clinical and multi-omics datasets specific to Down syndrome and supports collaborative, cloud-based analysis to accelerate scientific discoveries related to Down syndrome and its co-occurring conditions.",ready,repository,United States,,"National Cancer Institute, National Institutes of Health; National Human Genome Research Institute; National Institute on Aging; NEI NIH; National Heart, Lung and Blood Institute, National Institutes of Health; Fogarty International Center; National Center for Advancing Translational Sciences; United States National Center for Complementary and Integrative Health; National Institutes of Health; National Institute of Nursing Research; National Institute on Alcohol Abuse and Alcoholism; National Institute for Deafness and other Communication Disorders; Eunice Kennedy Shriver National Institute of Child Health and Human Development; National Institute of Arthritis and Musculoskeletal and Skin Diseases; National Institute of Allergy and Infectious Diseases, National Institutes of Health; National Institute of Diabetes and Digestive and Kidney Diseases; National Institute of Environmental Health Sciences, National Institutes of Health; National Institute of Dental and Craniofacial Research (NIDCR), Rockville, MD, USA; National Institute of General Medical Sciences; National Institute of Neurological Disorders and Stroke; National Institute on Minority Health and Health Disparities, National Institutes of Health; National Institute of Mental Health","Research institute; Government body; Research institute, Government body",INCLUDE Data Coordinating Center ​,Consortium,,,partially open,open,,0.21182223586320056,top 5%,include data hub
Cancer Genome Atlas,TCGA,https://www.cancer.gov/about-nci/organization/ccg/research/structural-genomics/tcga,2256,"The Cancer Genome Atlas (TCGA) is a comprehensive, collaborative effort led by the National Institutes of Health (NIH) to map the genomic changes associated with specific types of tumors to improve the prevention, diagnosis and treatment of cancer. Its mission is to accelerate the understanding of the molecular basis of cancer through the application of genome analysis and characterization technologies.",ready,repository,United States,2006,"National Human Genome Research Institute (NHGRI), Bethesda, MD, USA",Government body,"National Cancer Institute (NCI), National Institutes of Health (NIH), Bethesda, USA",Government body,,tcga@mail.nih.gov,open,not applicable,10.1038/nm.3801; 10.1038/nm.2323; 10.1101/gad.2017311; 10.5114/wo.2014.47136,0.21160509930728896,top 5%,cancer genome atlas
National Alzheimer's Coordinating Center,NACC,https://naccdata.org/,5552,"The Uniform Data Set (UDS) is a longitudinal data set representing the entire enrollment of the NIA Alzheimer's Disease Centers since 2005. It features demographic, clinical, and neuropsychological testing data collected through annual clinical examinations on more than 46,000 participants. The NACC Neuropathology Data Set contains data from standardized neuropathological evaluations on more than 7,000 participants with UDS data, as well as 11,000 participants prior to the UDS.",ready,repository,United States,2005,National Institutes of Health; National Institute on Aging,Government body,"Department of Epidemiology, School of Public Health, University of Washington ","University, Research institute",NACC,NACCmail@uw.edu,controlled,controlled,,0.21007855977538112,top 5%,national alzheimer's coordinating center
Target Central Resource Database,TCRD,http://juniper.health.unm.edu/tcrd/,2364,"TCRD is the central resource behind the Illuminating the Druggable Genome Knowledge Management Center (IDG-KMC). TCRD contains information about human targets, with special emphasis on four families of targets that are central to the NIH IDG initiative: GPCRs, kinases, ion channels and nuclear receptors. Olfactory GPCRs (oGPCRs) are treated as a separate family. A key aim of the KMC is to classify the development/druggability level of targets. The official public portal for TCRD is Pharos (pharos.nih.gov). Based on modern web design principles the Pharos interface provides facile access to all data types collected by the KMC. Given the complexity of the data surrounding any target, efficient and intuitive visualization has been a high priority, to enable users to quickly navigate & summarize search results and rapidly identify patterns. A critical feature of the interface is the ability to perform flexible search and subsequent drill down of search results. Underlying the interface is a RESTful API that provides programmatic access to all KMC data, allowing for easy consumption in user applications.",deprecated,knowledgebase,United States,2013,"National Center for Advancing Translational Sciences (NCATS), Bethesda, MD, USA; Novo Nordisk Foundation Center for Protein Research (CPR), Denmark; NIH Common Fund; NIH Common Fund; NIH Common Fund","Research institute; Government body, Research institute","Icahn School of Medicine at Mount Sinai; University of Miami School of Medicine, USA; UNM School of Medicine; European Commission FP7",Research institute; University; Government body,Tudor Oprea,toprea@salud.unm.edu,open,controlled,10.1093/nar/gkw1072,0.20869431355497875,top 5%,target central resource database
Rare Disease Cures Accelerator - Data and Analytics Platform,RDCA-DAP,https://portal.rdca.c-path.org/,5568,"RDCA-DAP is an FDA-funded initiative that provides a centralized and standardized infrastructure to support and accelerate rare disease characterization with the goal of accelerating therapy development across rare diseases. RDCA-DAP promotes the sharing of existing patient-level data and encourages the standardization of new data collection. By integrating data in a format suitable for analytics, RDCA-DAP accelerates the understanding of disease progression (including sources of variability to optimize the characterization of subpopulations), clinical outcome measures and biomarkers, and facilitates the development of mathematical models of disease and innovative clinical trial designs.",ready,knowledgebase,United States,,National Institute of Neurological Disorders and Stroke,Research institute,Critical Path Institute,"Charitable foundation, Consortium",RDCA-DAP,rdcadap@c-path.org,controlled,controlled,10.1007/s43441-022-00408-x; 10.1002/psp4.12801; 10.1007/s11095-022-03257-3; 10.1007/s43441-020-00255-8,0.20837095764039443,top 5%,rare disease cures accelerator - data and analytics platform
PlasmoDB,PlasmoDB,https://plasmodb.org,1882,"PlasmoDB is a genome database for the genus Plasmodium, a set of single-celled eukaryotic pathogens that cause human and animal diseases, including malaria.",ready,knowledgebase,United States,2008,"The Wellcome Trust; The Wellcome Trust; National Institute of Allergy and Infectious Diseases, National Institutes of Health",Government body; Charitable foundation,"Eukaryotic Pathogen, Vector & Host Informatics Resource (VEuPathDB) Bioinformatics Resource Center (BRC)",Research institute,Michael Gottlieb,mgottlieb@fnih.org,open,open,10.1093/nar/gkn814,0.20829174194470265,top 5%,plasmodb
Patient-Derived tumor Xenograft Finder,PDX Finder,http://www.pdxfinder.org,2544,"PDX Finder is an open repository for the upload and storage of clinical, genomic and functional Patient-Derived Xenograph (PDX) data which provides a comprehensive global catalogue of PDX models available for researchers across distributed repository databases. Integrated views are provided for histopathological image data, molecular classification of tumors, host mouse strain metadata, tumor genomic data and metrics on tumor response to chemotherapeutics. The data model for PDX Finder is based on the minimal information standard for PDX models developed in collaboration with a broad range of stakeholders who create and/or use PDX models in basic and pre-clinical cancer research.",deprecated,repository,"Austria, Belgium, Croatia, Czech Republic, Denmark, Finland, France, Germany, Greece, Hungary, Iceland, Ireland, Israel, Italy, Lithuania, Luxembourg, Malta, Montenegro, Netherlands, Norway, Portugal, Slovakia, Spain, Sweden, Switzerland, United Kingdom, United States",2017,"National Cancer Institute (NCI), National Institutes of Health (NIH), Bethesda, USA; National Cancer Institute (NCI), National Institutes of Health (NIH), Bethesda, USA; National Cancer Institute (NCI), National Institutes of Health (NIH), Bethesda, USA",Government body,"European Bioinformatics Institute (EMBL-EBI), Wellcome Genome Campus, Hinxton, Cambridgeshire, UK; The Jackson Laboratory, Bar Harbor, ME 04609, USA",Research institute,Zinaida Perova,zina@ebi.ac.uk,open,open,10.1093/nar/gky984,0.20811078457206303,top 5%,patient-derived tumor xenograft finder
Human Immunology Project Consortium Database,ImmuneSpace,https://immunespace.org/,4604,"The Human Immunology Project Consortium (HIPC) program, an organization founded by the NIAID-DAIT, released ImmuneSpace in January 15, 2016. ImmuneSpace blossomed from a shared idea that generating large amounts collaborative data, cross-center and cross-assay, to characterize the status of the immune system in diverse populations under normal conditions and in response to various stimuli would be a beneficial platform. Since its release, ImmuneSpace has developed into powerful data management and analysis engine, where datasets can be easily explored and analyzed using state-of-the-art computational tools. ImmuneSpace takes advantage of the considerable infrastructure already developed through another HIPC platform, ImmPort, which serves as a repository of data generated by investigators funded by DAIT. Data are submitted by each HIPC center to ImmPort using a set of standardized data templates. Once ImmPort has made these data public through routine data releases, the data are transferred to ImmuneSpace where integrative modeling across various data types and HIPC centers are enabled. ImmuneSpace provides multiple ways to interact with, visualize, and analyze data. Each study contains tabs to view raw data, run common analyses, and look at custom reports. All the analyses make use of the R statistical language, leveraging Rserve to improve performance and knitr to enable full reproducibility.",ready,knowledgebase_and_repository,United States,2016,"National Institute of Allergy and Infectious Diseases, National Institutes of Health",Government body,"Human Immunology Project Consortium; National Institute of Allergy and Infectious Diseases, National Institutes of Health",Government body; Consortium,ImmuneSpace,contact@immunespace.org,controlled,controlled,10.1186/s12859-019-2725-5; 10.1093/database/baaa016,0.2070496045299144,top 5%,human immunology project consortium database
Child Language Data Exchange System,CHILDES,https://childes.talkbank.org/,5570,"CHILDES is part of the TalkBank corpus which includes language transcript data from aphasics, second language acquisition, conversation analysis, and classroom language learning. CHILDES is mainly used for analyzing the language of young children and adult speech directed to children.",ready,repository,United States,,National Institutes of Health; Eunice Kennedy Shriver National Institute of Child Health and Human Development,"Government body; Government body, Research institute","Common Language Resources and Technology Infrastructure, European Research Infrastructure Consortium, Utrecht University",Consortium, Brian MacWhinney;  Nan Bernstein Ratner,macw@cmu.edu; nratner@umd.edu,open,open,,0.20619597886208693,top 5%,child language data exchange system
SICAS Medical Image Repository,SMIR,https://www.smir.ch,2184,"The Sicas Medical Image Repository is a medical database for academic, scientific, technical and clinical biomedical research and collaboration. Registration is required for data download and usage, although browsing and searching is available without registration.",deprecated,repository,Switzerland,2011,,,Swiss Institute for Computer Assisted Surgery,Research institute,Michael Kistler,michael.kistler@si-cas.com,controlled,open,10.2196/jmir.2930,0.20616069597452186,top 5%,sicas medical image repository
ClinicalStudyDataRequest.com,CSDR,https://clinicalstudydatarequest.com/,2657,"ClinicalStudyDataRequest.com (CSDR) is a consortium of clinical study Sponsors/Funders. It is a leader in the data sharing community inspired to drive scientific innovation and improve medical care by facilitating access to patient-level data from clinical studies. CSDR seeks to be the researcher-preferred and trusted platform for responsible sharing of high quality patient-level data for the purpose of facilitating innovative data-driven research leading to improvements in patient care. This will be accomplished through the facilitation of the responsible sharing of patient-level data from a range of clinical study Sponsors/Funders through a researcher-friendly platform, utilizing industry leading practices, including an independent review of proposals and protection of patient privacy and confidentiality.",ready,repository,Worldwide,2014,,,"The Wellcome Trust, UK",Charitable foundation,,support@clinicalstudydatarequest.com,controlled,not found,,0.20430167147763353,top 5%,clinicalstudydatarequest.com
European Union Drug Regulating Authorities Clinical Trials,EudraCT,https://eudract.ema.europa.eu/results-web/index.xhtml,2272,"EudraCT (European Union Drug Regulating Authorities Clinical Trials) is the European Clinical Trials Database of all interventional clinical trials of medicinal products commencing in the European Union from 1 May 2004 onwards. The EudraCT database has been established in accordance with Directive 2001/20/EC. Please note that as of 31 January 2023, creation and submission of new Clinical Trial Applications (CTAs) for trials to be conducted in the EU/EEA is no longer allowed through EudraCT and must be performed through the Clinical Trials Information System ",deprecated,repository,European Union,2004,,,"European Medicines Agency, London, UK",Government body,,,controlled,controlled,10.1007/s00103-005-1025-6,0.20430167147763353,top 5%,european union drug regulating authorities clinical trials
Systematic Review Data Repository,,https://srdrplus.ahrq.gov/,6956,"SRDR (Systematic Review Data Repository, now SRDR+) is a free, web-based platform for managing, extracting, storing, and sharing data used in systematic reviews. It allows collaborative work, supports reproducibility and transparency, and helps reduce redundant efforts in evidence synthesis.",ready,knowledgebase_and_repository,United States,2012,,,"Agency for Healthcare Research and Quality, U.S. Department of Health and Human Services",Government body,Ian J Saldanha,ian_saldanha@brown.edu,open,not applicable,,0.2041414694930769,top 5%,systematic review data repository
Gene Therapy Omnibus,GTO,http://www.inbirg.com/gto/home,7768,"The Gene Therapy Omnibus (GTO) is a free, specialized resource in the field of gene therapy. It compiles data from global clinical trial registration platforms and the literature, along with pre- and post-therapy transcriptomic data from the GEO and ArrayExpress. This information is meticulously organized, stored, and analyzed to provide valuable insights into gene therapy research.

The database contains a total of 6,333 clinical trial records and 3,466 transcriptome profiles. These include 614 altered genes (e.g., p53, VEGFA, NY-ESO-1) and 22 types of gene therapy (e.g. CAR-T, TCR-T, gene transfer, ASO, mRNA vaccine). For each gene therapy product, detailed information is provided, including the altered gene name, structural components, indication, vector, clinical trial phase, and, where available, clinical outcomes and adverse effects.",ready,knowledgebase_and_repository,China,2021,,,Chongqing Medical University,University,Jianbo Pan ,panjianbo@cqmu.edu.cn,open,open,10.1093/nar/gkae1051,0.20272879733223442,top 5%,gene therapy omnibus
Dementias Platform UK Data Portal,DPUK Data Portal,https://portal.dementiasplatform.uk/,6963,"The Dementias Platform UK (DPUK) Data Portal is a secure, remote research environment providing access to a wide range of data from UK cohort studies. It includes various data types such as cognitive assessments, brain imaging, genomics, and lifestyle information.",ready,repository,United Kingdom,,,,Dementias Platform UK,Consortium,Helpdesk,helpdesk@chi.swan.ac.uk,controlled,controlled,,0.20073825529262448,top 5%,dementias platform uk data portal
"Biomedical Entity Expansion, Ranking, and Explorations",BEERE,http://discovery.informatics.uab.edu/beere/,3215,"BEERE (Biomedical Entity Expansion, Ranking, and Explorations) is a web-based data analysis tool to help biomedical researchers characterize any input list of genes/proteins, biomedical terms, or their combinations, i.e., “biomedical entities”, in the context of existing literature. Specifically, BEERE first aims to help users examine the credibility of known entity-to-entity associative or semantic relationships supported by database or literature references from the user input of a gene/term list. Then, it will help users uncover the relative importance of each entity—a gene or a term—within the user input by computing the ranking scores of all entities. Lastly, it will help users hypothesize new gene functions or genotype-phenotype associations by an interactive visual interface of constructed global entity relationship network. The output from BEERE includes: a list of the original entities matched with known relationships in databases; any expanded entities that may be generated from the analysis; the ranks and ranking scores reported with statistical significance for each entity; and an interactive graphical display of the gene or term’s network within data provenance annotations that link out to external data sources. The web server is free and open to all users with no login requirement and can be accessed at http://discovery.informatics.uab.edu/beere/.",deprecated,knowledgebase,United States,2019,"Center for Clinical and Translational Science of the University of Alabama at Birmingham; National Cancer Institute (NCI), National Institutes of Health (NIH), Bethesda, USA",Government body; Undefined,University of Alabama at Birmingham,University,Zongliang Yue,zongyue@uab.edu,open,not applicable,10.1093/nar/gkz428,0.20061011557517527,top 5%,"biomedical entity expansion, ranking, and explorations"
Clinical Genomic Database,CDG,https://research.nhgri.nih.gov/CGD/,6623,"The Clinical Genomic Database (CGD) is a manually curated database of conditions with known genetic causes, focusing on medically significant genetic data with available interventions. All conditions with identified genetic causes are included in the CGD. ",ready,knowledgebase,United States,,National Institutes of Health,Government body,National Human Genome Research Institute,Government body,Benjamin D. Solomon,solomonb@mail.nih.gov,open,not found,,0.19961455693584074,top 5%,clinical genomic database
Clinical Genome Resource,ClinGen,https://www.clinicalgenome.org/,3972,"ClinGen was founded in 2013 by the National Human Genome Research Institute (NHGRI; https://www.genome.gov). ClinGen is a growing collaborative effort, involving three grants, six principal investigators and over 1,700 contributors from more than 40 countries. The Clinical Genome Resource (ClinGen) is a National Institutes of Health (NIH) funded initiative, building an authoritative central resource that defines the clinical relevance of genes and variants for use in precision medicine and research, aimed to increase the community’s knowledge about the relationship between genes and health. We are dedicated to building a knowledge base that defines the clinical relevance of genes and variants for use in precision medicine and research. We do this by first encouraging the sharing of genetic and health data by our key stakeholder groups: patients, clinicians, laboratories, and researchers. Explore our website to get to know our working groups, learn more about how we are meeting our goals and search our knowledge base.
",ready,knowledgebase_and_repository,United States,2013,,,,,ClinGen General Inquiries,clingen@clinicalgenome.org,open,open,10.1056/nejmsr1406261; 10.1016/j.gim.2022.02.019,0.19896992693081408,top 5%,clinical genome resource
"Survey of Health, Ageing and Retirement in Europe Research Data Center",SHARE Research Data Center,https://share-eric.eu/data/,4839,"SHARE, the Survey of Health, Ageing and Retirement in Europe, is a research infrastructure for studying the effects of health, social, economic and environmental policies over the life-course of European citizens and beyond. SHARE-ERIC uses the SHARE Research Data Center to provide the SHARE data as soon as possible with the entire scientific community. Access to the SHARE data is provided free of charge on the basis of a release policy that gives quick and convenient access to all scientific users world-wide after individual registration.",ready,repository,"Israel, Switzerland, European Union",2004,,,"Survey of Health, Ageing and Retirement in Europe (SHARE-ERIC)",Consortium,SHARE General Contact,info@share-project.org,partially open,not applicable,,0.19787973801064318,top 5%,"survey of health, ageing and retirement in europe research data center"
SNPedia,SNPedia,http://SNPedia.com,1689,"SNPedia is a wiki resource of the functional consequences of human genetic variation as published in peer-reviewed studies. Entries are formatted to allow associations to be assigned to single genotypes as well as sets of genotypes (genosets). Curation occurs through editorial, community/user, and semi-automated processes.",ready,repository,United States,2006,,,MyHeritage,Company,Support email,info@snpedia.com,open,controlled,10.1093/nar/gkr798,0.19755824678840167,top 5%,snpedia
Social Data Network,SoDaNet,https://sodanet.gr/,6877,"SoDaNet is Greece’s national research infrastructure for the social sciences, established in 2010 by EKKE and several universities. It serves as a digital portal that collects, documents, and shares social science data and metadata for researchers, academics, policy makers, journalists, and the wider public.",ready,repository,Greece,2010,,,National Centre for Social Research (EKKE),Research institute,Apostolos Linardis,alinardis@ekke.gr,open,open,,0.19656437537272214,top 5%,social data network
Reactome,,https://reactome.org,1866,"The cornerstone of Reactome is a freely available, open source relational database of signaling and metabolic molecules and their relations organized into biological pathways and processes. The core unit of the Reactome data model is the reaction. Entities (nucleic acids, proteins, complexes, vaccines, anti-cancer therapeutics and small molecules) participating in reactions form a network of biological interactions and are grouped into pathways. Examples of biological pathways in Reactome include classical intermediary metabolism, signaling, transcriptional regulation, apoptosis and disease. Inferred orthologous reactions are available for 15 non-human species including mouse, rat, chicken, zebrafish, worm, fly, and yeast.",ready,knowledgebase,"Canada, United Kingdom, United States",2004,,,New York University Langone Medical Center; Oregon Health & Science University; Ontario Institute For Cancer Research; European Bioinformatics Institute,Research institute; University,Reactome Helpdesk,help@reactome.org,open,not applicable,10.1093/nar/gkx1132; 10.1093/nar/gkz1031; 10.1093/nar/gki072; 10.1093/nar/gkad1025; 10.1093/database/baae031; 10.1093/nar/gkab1028; 10.1128/jvi.02024-24,0.19566250319958467,top 5%,reactome
HEP Drug Interactions,,https://www.hep-druginteractions.org/,2959,"Currently 170 million people worldwide are infected with the hepatitis C virus (HCV) and >300 million with hepatitis B (HBV). Although interferon-free combination direct acting antivirals (DAAs) regimens have improved tolerability and efficacy for HCV-infected patients, drug-drug interactions (DDIs) have the potential to cause harm due to liver dysfunction, multiple comorbidities and comedications. This web site was established in 2010 by members of the Department of Pharmacology at the University of Liverpool to offer a resource for healthcare providers, researchers and patients to be able to understand and manage drug-drug interactions.",ready,knowledgebase,United Kingdom,2010,"Abbvie, North Chicago, Illinois, USA; Gilead, Foster City, CA, USA; European Association for the Study of the Liver (EASL); Janssen EMEA, Beerse, Belgium; MSD, Hoddesdon, UK",Company; Consortium,,,David Back,D.J.Back@liverpool.ac.uk,open,not applicable,,0.1955766085295004,top 5%,hep drug interactions
Brain Imaging Network Data Repository,,http://www.brainimaging.pt,2332,We are a leading national institution in brain MR imaging and molecular imaging (given cyclotron and radiopharmacy facilities). These pillars create the core medical imaging equipment infrastructure in Portugal with relevant scientific productivity now expanding to all levels of multimodal imaging. We have unique expertise and equipment for development of imaging markers and studies in brain imaging and respective repositories. This resource has restricted access. Please use the contact details provided to request access.,deprecated,repository,Portugal,2009,"Fundaeo para a Ciencia e a Tecnologia (FCT), Lisboa, Portugal",Government body,"IBA Radiopharma Solutions, Louvain-La-Neuve, Belgium; Siemens",Company; Undefined,Miguel Castelo-Branco,mcbranco@fmed.uc.pt,not found,not found,,0.19520020656084272,top 5%,brain imaging network data repository
BioData Catalyst,,https://biodatacatalyst.nhlbi.nih.gov/,5586,"NHLBI BioData Catalyst is a cloud-based platform providing tools, applications, and workflows in secure workspaces for heart, lung, blood, and sleep disorder research. BioData Catalyst allows researchers to find, access, share, store, and compute on large scale datasets.",ready,repository,United States,,National Institutes of Health,Government body,"National Heart, Lung and Blood Institute, National Institutes of Health",Government body,,,controlled,open,10.5281/zenodo.3822858,0.19384158181557845,top 5%,biodata catalyst
International Microvillus Inclusion Disease Patient Registry,MVID,https://mvid.gcc.rug.nl/,2696,"The International Microvillus Inclusion Disease Patient Registry contains anonymised data on both published and unpublished MVID patients, as well as their associated MYO5B, STX3 and STXBP2 mutations and genotypes, and clinical and molecular phenotypes.",ready,repository,Netherlands,,"The Dutch Digestive foundation; Biobanking and Biomolecular Resources Research Infrastructure (BBMRI), The Netherlands; BIOSHARE-EU; Fondation pour la Recherche contre le Cancer (ARC), Villejuif, France; Dutch government; National Agency of Research (ANR), Paris, France; GEN2PHEN",Undefined; Government body; Consortium; Charitable foundation,"University of Groningen, Netherlands",University,Sven C. D. van IJzendoorn,s.c.d.van.ijzendoorn@umcg.nl,open,open,10.1002/humu.22440,0.19356269564464107,top 5%,international microvillus inclusion disease patient registry
NIA Genetics of Alzheimer's Disease Data Storage Site - NIAGADS,,https://www.niagads.org/home,5554,"The National Institute on Aging Genetics of Alzheimer's Disease Data Storage Site (NIAGADS) is a national genetics data repository facilitating access to genotypic and phenotypic data for Alzheimer's disease (AD) for the Alzheimer’s Disease Sequencing Project (ADSP). Data include GWAS, whole genome (WGS) and whole exome (WES), expression, RNA Seq, and CHIP Seq analyses. Phenotypic/clinical data for participants are harmonized across all study cohorts. Results are integrated and annotated in the searchable genomics database that also provides access to a variety of software packages, analytic pipelines, online resources, and web-based tools to facilitate analysis and interpretation of large-scale genomic data. Data are available as defined by the NIA Genomics of Alzheimer’s Disease Sharing Policy and the NIH Genomics Data Sharing Policy. Investigators return secondary analysis data to the database in keeping with the NIAGADS Data Distribution Agreement.",ready,knowledgebase,United States,2016,National Institute on Aging; National Institutes of Health,Government body,"Perelman School of Medecine, University of Pennsylvania ",University,General inquiries ; Genomics database; Li-San Wang,NIAGADS@pennmedicine.upenn.edu; genomicsdb@pennmedicine.upenn.edu; lswang@pennmedicine.upenn.edu,partially open,open,10.1093/nar/gkv1188; 10.1261/rna.036806.112; 10.1093/bioinformatics/btt422; 10.1002/0471142905.hg0127s79; 10.1093/nar/gkt426; 10.1093/nar/gkt188; 10.1016/j.ymeth.2013.10.002; 10.1093/bioinformatics/btu801; 10.1371/journal.pone.0141836; 10.1186/s12859-016-1071-0,0.19353178558671907,top 5%,nia genetics of alzheimer's disease data storage site - niagads
Sikt Research Data Archive,,https://sikt.no/en/archiving-research-data,2597,"Sikt Research Data Archive is a national research data infrastructure dedicated to the digital curation of high-quality research data, focusing on social science, humanities, and select areas of medical, health, and environmental research.  The Archive's mission is to archive, facilitate, and disseminate rich data resources and support services to students, researchers, and organisations in higher education and research. The Archive offers data curation services that include carefully reviewing incoming data and documentation, enhancing documentation, adding detailed metadata, creating new sustainable formats, and reviewing deposited data for accuracy and legitimacy. The Archive is the Norwegian Service Provider for the Consortium of European Social Science Data Archives (CESSDA). 

The Archive has a long history of promoting and supporting open access to research data and data sharing within the social sciences, both as a national infrastructure and as part of the European and worldwide network of social science data archives. Before its merger into Sikt in 2022, the Archive was part of NSD – Norwegian Centre for Research Data. NSD was established in 1971 as part of the Research Council of Norway and became an independent limited company fully owned by the Ministry of Education and Research in 2003. The Archive is now a service under Sikt – Norwegian Agency for Shared Services in Education and Research, a public administrative body under the Ministry of Education and Research.",ready,knowledgebase_and_repository,Norway,1971,"The Research Council of Norway; Ministry of Education and Research, Norway",Government body,,,Morten Jakobsen,morten.jakobsen@sikt.no,partially open,open,,0.1932359477713105,top 5%,sikt research data archive
Digital Commons Data@Becker,DCD@Becker,https://digitalcommonsdata.wustl.edu/research-data/,6331,"Digital Commons Data@Becker (DCD@Becker) is the institutional data repository for Washington University School of Medicine in St. Louis (WashU Medicine), providing a platform for faculty, staff, students, and trainees at WashU Medicine to share their data and supporting files in compliance with funder and publisher policies. It is administered and maintained by Bernard Becker Medical Library and serves as a generalist repository that accepts all types of data. DCD@Becker supports both open and controlled access. In the case of sensitive data such as data from human participants, controlled access is provided as needed in accordance with informed consent language and guidance from the WashU Human Research Protection Office. Access to data under controlled access requires the requestor’s institution to sign a Data Transfer and Use Agreement (DTUA). For more details on accessing controlled data, please refer to the FAQ document. DCD@Becker is an institutional instance of Mendeley Data—one of the NIH-supported GREI repositories—and meets the desirable characteristics of data repositories for federally funded research recommended by the NIH. To improve dataset metadata quality, data curation is conducted in a controlled manner, with the Becker Data Management and Sharing Team assisting depositors to ensure data adhere to FAIR principles (Findable, Accessible, Interoperable, and Reusable). This includes collecting rich metadata and persistent identifiers (e.g., ORCID IDs, ROR, RRIDs, DOIs for protocols), converting files into open formats (e.g., csv, txt, pdf, tiff), and gathering key documentation such as data dictionaries, README files, codebooks, and survey instruments to support interpretation and reuse. In addition, DCD@Becker supports file sizes up to 100 GB. DCD@Becker uses the DataCite metadata schema and assigns DOIs for all datasets, ensuring they are discoverable online via web search and persistent links. The repository has a robust preservation plan to support long-term access to data. For more information, visit https://digitalcommonsdata.wustl.edu/research-data/ or contact BeckerDMS@wustl.edu.",ready,repository,United States,2025,,,Washington University in St. Louis School of Medicine,University,Seonyoung Kim; Becker Medical Library Data Management and Sharing Team,seonyoung.kim@wustl.edu; beckerdms@wustl.edu,partially open,controlled,,0.19251987538131907,top 5%,digital commons data@becker
Vectorborne Disease Surveillance System,VectorSurv,https://vectorsurv.org/,2954,"VectorSurv was formed as a partnership of the Mosquito and Vector Control Association of California, representing more than 60 local mosquito and vector control agencies in California; the California Department of Public Health; and the Davis Arbovirus Research and Training (DART) Lab at the University of California, Davis. In recent years, VectorSurv has expanded to include other states, and the system now serves California, Utah, New Jersey, Hawaii, North Carolina, Tennessee, and the U.S. territory of Guam.",ready,repository,United States,2005,,,"California Department of Public Health, Sacramento, CA, USA; Davis Arbovirus Research and Training (DART), Davis, CA, USA",Research institute; Government body,General contact,help@vectorsurv.org,open,not found,,0.19071527601989272,top 5%,vectorborne disease surveillance system
Human disease methylation database,DiseaseMeth,http://bio-bigdata.hrbmu.edu.cn/diseasemeth/,1659,"The human disease methylation database, DiseaseMeth is a web based resource focused on the aberrant methylomes of human diseases. Until recently, bulks of large-scale data are avaible and are increasingly grown, from which more information can be mined to gain further information towards human diseases. Our mission is to provide a curated set of methylation information datasets and tools in the human genome, to support and promote research in this area. Especially, we provide a genome-scale landscape to show human methylaton information in a scalable and flexible manner.",deprecated,knowledgebase,China,2011,"National Natural Science Foundation of China (NSFC), Beijing, China; National Natural Science Foundation of China (NSFC), Beijing, China; State Key Laboratory of Urban Water Resource and Environment, China; National Natural Science Foundation of China (NSFC), Beijing, China",Government body; Undefined,,,,,open,not applicable,10.1093/nar/gkr1169,0.18978262018307113,top 5%,human disease methylation database
National Institute of Mental Health Connectome Coordination Facility Repository,NIMH CCF,https://nda.nih.gov/ccf,3225,The Connectome Coordination Facility (CCF) processes and distributes public research data for a series of neuroimaging studies that focus on connections within the human brain. These are known as Human Connectome Projects (HCP). The CCF currently supports 19 NIH-funded human connectome studies (see menus above). All data releases from CCF HCP studies are being made available on the NIMH Data Archive.,ready,repository,United States,,"National Institutes of Health (NIH), Bethesda, MD, USA",Government body,"National Institute of Mental Health (NIMH), Bethesda, MD, USA",Government body,NDA Helpdesk,ndahelp@mail.nih.gov,controlled,controlled,,0.1896293252429567,top 5%,national institute of mental health connectome coordination facility repository
Mitochondrial Disease Sequence Data Resource,MSeqDR,https://mseqdr.org/,2836,"The Mitochondrial Disease Sequence Data Resource (MSeqDR) is a centralized genome and phenome bioinformatics resource built by the mitochondrial disease community to facilitate clinical diagnosis and research investigations of individual patient phenotypes, genomes, genes, and variants. It integrates community knowledge from expert‐curated databases with genomic and phenotype data shared by clinicians and researchers.",ready,repository,"Italy, Netherlands, United Kingdom, United States",2016,"United Mitochondrial Disease Foundation; Netherlands Organisation for Scientific Research (NWO), Amsterdam, Netherlands; National Institutes of Health (NIH), Bethesda, MD, USA; National Institutes of Health (NIH), Bethesda, MD, USA; National Institutes of Health (NIH), Bethesda, MD, USA",Research institute; Government body; Charitable foundation,"Netherlands Genomic Initiative; Children's Hospital Los Angeles, United States",Research institute,Marni J. Falk,falkm@email.chop.edu,open,open,10.1002/humu.22974; doi:10.1002/humu.23422; 10.1016/j.ymgme.2014.11.016,0.18919571117910083,top 5%,mitochondrial disease sequence data resource
FluencyBank,,https://fluency.talkbank.org,5574,"FluencyBank is a shared database for the study of fluency development. Participants include typically-developing monolingual and bilingual children, children and adults who stutter (C/AWS) or who clutter (C/AWC), and second language learners.",ready,repository,United States,2016,National Institutes of Health; National Institute for Deafness and other Communication Disorders,Government body,"University of Maryland Baltimore County; Carnegie Mellon University, Pittsburg, USA",University,Brian MacWhinney; Nan Bernstein Ratner,macw@cmu.edu; nratner@umd.edu,partially open,open,,0.1889114414907903,top 5%,fluencybank
Nuclear Receptor Signaling Atlas,NURSA,http://www.nursa.org,2169,"The mission of NURSA is to accrue, develop, and communicate information that advances our understanding of the roles of nuclear receptors (NRs) and coregulators in human physiology and disease.",deprecated,repository,United States,2003,"Eunice Kennedy Shriver National Institute of Child Health and Human Development; National Institute of Diabetes and Digestive and Kidney Diseases (NIDDK), Bethesda, MD, USA",Government body; Undefined,"Baylor College of Medicine (BCM), Texas, USA",University,Neil McKenna,nmckenna@bcm.edu,not found,not found,10.1210/me.2009-0135; 10.1093/nar/gkj029,0.18870034511442435,top 5%,nuclear receptor signaling atlas
Cochrane Library,Cochrane Library,https://www.cochranelibrary.com/,3061,"The Cochrane Library is a collection of databases in medicine and other healthcare specialities that contain different types of evidence to inform healthcare decision-making. Data in the Cochrane Library comes from the Cochrane Database of Systematic Reviews (CDSR), the Cochrane Central Register of Controlled Trials (CENTRAL), and Cochrane Clinical Answers (CCA). The Cochrane Library uses a subscription-based model, with many governments purchasing country-wide access. A more limited version of the Library is available for free.",ready,knowledgebase,United Kingdom,1993,,,"John Wiley & Sons Inc.; Cochrane, London, United Kingdom",Publisher; Charitable foundation,Deborah Pentesco-Murphy,dpentesc@wiley.com,controlled,not found,,0.18657229593397714,top 5%,cochrane library
CHD7 Database,CHD7 Database,https://www.chd7.org/,2694,"The CHD7 database contains locus-specific, anonymised mutation data on both published and unpublished variants of the CHD7 gene related to the CHARGE syndrome phenotype. It can be searched for patients and their clinical phenotype or for mutations. It can be used as a central, quick reference database for anyone who encounters a variant in the CHD7 gene. Mutations are numbered according to the current reference sequence (GenBank Accession no. NM017780.2).",ready,knowledgebase,Netherlands,2011,,,"University of Groningen, Netherlands",University,Nicole Corsten-Janssen,charge@umcg.nl,open,open,10.1002/humu.22086,0.18609733583932841,top 5%,chd7 database
BRCA Share,BRCA Share,http://www.umd.be/BRCA1/,1676,"BRCA Share is a novel gene datashare initiative that provides scientists and commercial laboratory organizations around the world with open access to BRCA Share (formerly UMD-BRCA1) contains BRCA1 and BRCA2 genetic data. The program’s goal is to accelerate research on BRCA gene mutations, particularly variants of uncertain significance, to improve the ability of clinical laboratory diagnostics to predict which individuals are at risk of developing these cancers.",ready,repository,"Belgium, France",1995,"European Commission FP7; Institut National de la Sante et de la Recherche Medicale (INSERM), Paris, France",Research institute; Government body,Quest Diagnostics (United States),Company,General Contact,BRCAShare@QuestDiagnostics.com,controlled,not applicable,10.1093/nar/gkp215; 10.1002/(SICI)1098-1004(200001)15:1<86::AID-HUMU16>3.0.CO;2-4; 10.1002/humu.20210; 10.1093/nar/gkr1160; 10.1002/humu.20970; 10.1002/humu.23113,0.18472592022144477,top 5%,brca share
PHAROS,,https://pharos.nih.gov/,5708,"Pharos is the user interface to the Knowledge Management Center (KMC) for the Illuminating the Druggable Genome (IDG) program funded by the National Institutes of Health (NIH) Common Fund. (Grant No. 1U24CA224370-01). The goal of KMC is to develop a comprehensive, integrated knowledge-base for the Druggable Genome (DG) to illuminate the uncharacterized and/or poorly annotated portion of the DG, focusing on three of the most commonly drug-targeted protein families: G-protein-coupled receptors (GPCRs) ; Ion channels (ICs) and Kinases.
",ready,knowledgebase,United States,2016,National Institutes of Health,Government body,National Center for Advancing Translational Sciences,Research institute,,,open,not applicable,10.1093/nar/gkw1072; 10.1093/nar/gkac1033; 10.1093/nar/gkaa993; 10.1002/cpbi.92,0.18461291931889182,top 5%,pharos
Childhood Cancer Data Initiative Hub,CCDI,https://ccdi.cancer.gov/home,5567,"The Childhood Cancer Data Initiative (CCDI) Hub serves as an entry point for researchers, data scientists, and citizen scientists seeking to utilize and connect with CCDI-related data. It offers information about available tools and applications that align with the CCDI vision, as well as descriptions of resources, each focusing on specific aspects of childhood cancer research.",ready,repository,United States,,National Institutes of Health,Government body,"National Cancer Institute, National Institutes of Health",Government body,Support,NCIChildhoodCancerDataInitiative@mail.nih.gov,partially open,not applicable,,0.18443753227958812,top 5%,childhood cancer data initiative hub
A Comprehensive Database of Published Microbial Signatures,BugSigDB,https://bugsigdb.org,3636,"BugSigDB is a Semantic MediaWiki for manually-curated summaries of the design, execution, and signatures resulting from human microbiome studies. It standardizes microbial taxa using the NCBI taxonomy, study conditions using the Experimental Factor Ontology, and sampled body sites using the Uberon Anatomy Ontology. It also collects information on study design, sample size, experimental methods, statistical analysis, and microbial diversity. Data can be viewed on the site or exported for bulk analysis. ",ready,knowledgebase_and_repository,United States,2021,"National Institutes of Health (NIH), Bethesda, MD, USA",Government body,"The City University of New York, NY, USA",University,Levi Waldron,levi.waldron@sph.cuny.edu,open,controlled,,0.18437277088324966,top 5%,a comprehensive database of published microbial signatures
Seattle Alzheimer's Disease Brain Cell Atlas,SEA-AD,https://portal.brain-map.org/explore/seattle-alzheimers-disease,5596,"The Seattle Alzheimer’s Disease Brain Cell Atlas (SEA-AD) consortium strives to gain a deep molecular and cellular understanding of the early pathogenesis of Alzheimer’s disease. To accomplish this, they are leveraging advances in next-generation single-cell molecular profiling technologies developed through the BRAIN Initiative and at the Allen Institute for Brain Science. They are integrating single-cell profiling technologies with quantitative neuropathology and deep clinical phenotyping through collaboration with the University of Washington Alzheimer's Disease Research Center (ADRC) and Kaiser Permanente Washington Health Research Institute (KPWHRI), to create a multifaceted open data resource. The SEA-AD consortium seeks to understand the cellular and molecular changes that underlie Alzheimer’s disease initiation and progressive cognitive decline, with the ultimate goal of identifying targets for therapeutic intervention.",ready,repository,United States,,National Institutes of Health; National Institute on Aging,Government body,"Allen Institute for Brain Science,  Seattle, WA, USA",Research institute,Support,KPWA.actproposals@kp.org,open,not applicable,10.1101/2023.05.08.539485,0.18435363554230438,top 5%,seattle alzheimer's disease brain cell atlas
Human Salivary Proteome Wiki,HSPW,https://www.salivaryproteome.org/,5565,"The Human Salivary Proteome Wiki is a a NIDCR-funded collaborative, community-based Web portal to more than 1,000 unique human saliva proteins identified by high-throughput proteomic technologies. The wiki is available for the research community and the public to harness the knowledge in the data and to further enhance the value of the proteome through addition of their own data. You are very welcome to share your thoughts in the forums; add your own data to the growing database; annotate the proteins; or just explore the site.",ready,knowledgebase,United States,2008,"National Institutes of Health; National Institute of Dental and Craniofacial Research (NIDCR), Rockville, MD, USA",Government body,"J. Craig Venter Institute (JCVI), La Jolla, CA, USA",Research institute,Stefan Ruhl,shruhl@buffalo.edu,open,open,10.1021/pr700764j,0.18420014628250866,top 10%,human salivary proteome wiki
Global Alzheimer's Association Interactive Network,,https://www.gaain.org/,5550,"The Global Alzheimer’s Association Interactive Network (GAAIN) is a federated Alzheimer’s disease data discovery platform consisting of a diverse and geographically distributed network of Data Partners designed to foster cohort discovery, collaboration and sharing. Researchers can discover clinical, genetic, imaging, and other data collected across many independent studies, build cohorts, perform preliminary analyses, and connect with Data Partners to request full access to data.",ready,repository,United States,,National Institute on Aging,Government body,"Laboratory of Neuro Imaging, University of Southern California",Lab,	Cally Xiao,cally.xiao@loni.usc.edu,partially open,open,,0.1841977700371654,top 10%,global alzheimer's association interactive network
RIVMdata,,https://data.rivm.nl/,4809,"RIVMdata is a metadata catalog. This catalog is filled with the metadata of RIVM datasets. ISO 19115 standard is used as the metadata standard. The catalog consists of an internal site, which is only accessible to RIVM employees, and an external site, in which the metadata is accessible to the general public.",ready,repository,Netherlands,2018,,,National Institute for Public Health and the Environment,"Government body, Research institute",Datastewards; Andres Ramos,datastewards@rivm.nl; andres.ramos.padilla@rivm.nl,partially open,controlled,,0.18416758438095546,top 10%,rivmdata
EDUO - Publication Activity of the University of Ostrava - Archive,EDUO,https://eduo.osu.cz/,5312,"Repository for publications, books, conference and other scholar papers and textbooks published by the University of Ostrava.",ready,repository,Czech Republic,2023,,,University of Ostrava,University,Matyas F. Bajger,matyas.bajger@osu.cz,partially open,controlled,,0.18412768788049563,top 10%,eduo - publication activity of the university of ostrava - archive
Health Canada Drug Product Database,HC DPD,https://www.canada.ca/en/health-canada/services/drugs-health-products/drug-products/drug-product-database.html,1890,"The Health Canada Drug Product Database contains product specific information on drugs approved for use in Canada. The database is managed by Health Canada and includes human pharmaceutical and biological drugs, veterinary drugs and disinfectant products. It contains approximately 15,000 products which companies have notified Health Canada as being marketed.",ready,repository,Canada,,Health Canada,Government body,Health Canada,Government body,,Info@hc-sc.gc.ca,open,not applicable,,0.18364850834171992,top 10%,health canada drug product database
Genome Aggregation Database,gnomAD,https://gnomad.broadinstitute.org/,4577,"The Genome Aggregation Database (gnomAD) is a resource developed by an international coalition of investigators, with the goal of aggregating and harmonizing both exome and genome sequencing data from a wide variety of large-scale sequencing projects, and making summary data available for the wider scientific community.",ready,knowledgebase,United States,2014,"National Human Genome Research Institute; National Institute of Mental Health; Eunice Kennedy Shriver National Institute of Child Health and Human Development; National Institute of General Medical Sciences; National Institute of Diabetes and Digestive and Kidney Diseases; National Human Genome Research Institute; National Human Genome Research Institute; National Institute of Mental Health; National Heart, Lung and Blood Institute, National Institutes of Health; BioMarin (United States); Sanofi (France); The Wellcome Trust",Charitable foundation; Government body; Undefined; Company,"The Broad Institute, Massachusetts Institute of Technology and Harvard University, Cambridge, Massachusetts 02140, USA.",Research institute,Heidi L. Rehm,hrehm@mgh.harvard.edu,open,controlled,10.1002/humu.24309,0.18327405927187373,top 10%,genome aggregation database
Domain mapping of disease mutations,DMDM,http://bioinf.umbc.edu/dmdm/,2076,"Domain mapping of disease mutations (DMDM) is a database in which each disease mutation can be displayed by its gene, protein or domain location.",ready,knowledgebase,United States,2009,"National Institutes of Health (NIH), Bethesda, MD, USA; National Institutes of Health (NIH), Bethesda, MD, USA",Government body,"University of Maryland, Baltimore, MD, USA",University,Maricel Kann,DMDM_info@umbc.edu,open,not applicable,10.1093/bioinformatics/btq447,0.18311240084382865,top 10%,domain mapping of disease mutations
International Committee on Taxonomy of Viruses,ICTV,https://ictv.global/taxonomy,5428,"The International Committee on Taxonomy of Viruses (ICTV) taxonomic database is a maintained resource comprised of a universal taxonomic scheme for all the viruses infecting animals (vertebrates, invertebrates and protozoa), plants (higher plants and algae), fungi, bacteria and archaea. The ICTV Executive Committee (EC) has established over 100 international Study Groups (SGs) covering all virus taxa with subcommittees encompassing curation of Archaeal Viruses, Animal DNA Viruses and Retroviruses, Animal dsRNA and ssRNA- Viruses, Animal ssRNA+ Viruses, Bacterial Viruses, Fungal and Protist Viruses, and Plant Viruses.",ready,knowledgebase_and_repository,"United Kingdom, United States",2017,"Wellcome; National Institute of Allergy and Infectious Diseases, National Institutes of Health",Government body; Charitable foundation,International Committee on Taxonomy of Viruses,Consortium,ICTV,info@ictv.global,open,controlled,10.1093/nar/gkx932; 10.1007/s00705-022-05516-5,0.18262132562621627,top 10%,international committee on taxonomy of viruses
Gene Wiki,Gene Wiki,http://en.wikipedia.org/wiki/Portal:Gene_Wiki,1677,"The goal of the Gene Wiki is to apply community intelligence to the annotation of gene and protein function. The Gene Wiki is an informal collection of pages on human genes and proteins, and this effort to develop these pages is tightly coordinated with the Molecular and Cellular Biology Wikiproject. Our specific aims are summarized as follows: To provide a well written and informative Wikipedia article for every notable human gene; To invite participation by interested lay editors, students, professionals, and academics from around the world; To integrate Gene Wiki articles with existing Wikipedia content through the use of internal wiki links increasing the value of both.",ready,repository,United States,2008,"National Institute of General Medical Sciences (NIGMS), Bethesda, MD, USA; National Library of Medicine (NLM), Bethesda, MD, USA",Government body,"Genomics Institute of the Novartis Research Foundation, San Diego, CA, USA; Department of Molecular Biology, The Scripps Research Institute, La Jolla, California, USA",Undefined,Benjamin M Good,bgood@scripps.edu,open,controlled,10.1093/nar/gkr925; 10.1093/nar/gkp760; 10.1093/database/baw015,0.18220139034634888,top 10%,gene wiki
RDC at ZPID,,https://rdc-psychology.org/en,2656,"The Research Data Center (RDC) at ZPID (formerly PsychData) provides a method for publishing and reusing psychological research data from the diverse fields of psychological research. The service offer of the RDC comprises the following three pillars: providing support for the documentation of research data, assistance in archiving research data (e.g., in PsychArchives), and provision of datasets and analysis structures (e.g., PsychOpen CAMA) for reuse.",ready,repository,Germany,2010,,,Deutsche Forschungsgemeinschaft; Leibniz Institute for Psychology Information,University; Government body,General contact,RDCservice.info@leibniz-psychology.org,controlled,controlled,,0.18215516673955928,top 10%,rdc at zpid
Rat Genome Database,RGD,https://rgd.mcw.edu/,1951,"The Rat Genome Database stores genetic, genomic, phenotype, and disease data generated from rat research. It provides access to corresponding data for nine other species, allowing cross-species comparison. Data curation is performed both manually and via an automated pipeline, giving RGD users integrated access to a wide variety of data to support their research.",ready,knowledgebase_and_repository,United States,1999,"National Human Genome Research Institute; National Heart, Lung and Blood Institute, National Institutes of Health",Government body,"Medical College of Wisconsin (MCW), Wisconsin, USA",University,Jennifer R Smith; Mahima Vedi,jrsmith@mcw.edu; mvedi@mcw.edu,open,open,10.1093/nar/gkl988; 10.1093/database/bat015; 10.1186/s40246-014-0017-8; 10.1093/nar/gku1026; 10.1093/nar/gkz1041; 10.1093/database/baw034; 10.1007/s00335-021-09932-x; 10.1093/genetics/iyac005; 10.1007/978-1-4939-9581-3_1; 10.1007/978-1-4939-9581-3_2; 10.1007/978-1-4939-9581-3_3; 10.1093/database/baz037; 10.1093/database/baz014; 10.1007/978-1-4939-7737-6_8; 10.1093/ilar/ilw041; 10.1016/j.csbj.2015.11.006; 10.1152/physiolgenomics.00046.2016; 10.1371/journal.pcbi.1000582; 10.3390/genes13122304; 10.1093/genetics/iyad042,0.18126032539272774,top 10%,rat genome database
Open Targets,Open Targets,https://platform.opentargets.org/,2369,Open Targets is a data integration platform for access to and visualisation of potential drug targets associated with disease. Each drug target is linked to a disease using integrated genome-wide data from a broad range of data sources.,ready,knowledgebase,"China, United Kingdom, United States",2015,"European Commission FP7; Cellzome, GSK, Middlesex, UK.",Government body; Company,"BioGen; The Wellcome Trust Sanger Institute, Wellcome Trust Genome Campus, Cambridge, UK",Research institute; Company,Open Targets Team,helpdesk@opentargets.org,open,not applicable,10.1093/nar/gkw1055; 10.1093/nar/gkaa1027; 10.1093/nar/gky1133; 10.1093/nar/gkac1046,0.18114589342324564,top 10%,open targets
AgingResearchBiobank,,https://agingresearchbiobank.nia.nih.gov/,5588,"The AgingResearchBiobank was officially announced in January 2019 with a mission to provide a state-of-the-art inventory system for the storage, maintenance and distribution of biospecimens and associated data from numerous NIA-funded longitudinal studies on aging and on clinical trials with the broader scientific community; foster compliance with NIH/NIA resources sharing policies; and, foster science advances to ultimately help extend the healthy, active years of life for the world’s fast-growing population of older adults. Starting on October 2023, the AgingResearchBiobank is also hosting and distributing imaging data available for some of our study collections.",ready,repository,United States,2018,National Institutes of Health,Government body,National Institute on Aging,Government body,Operational inquiries; Scientific inquiries,agingresearchbiobank@imsweb.com; rosaly.correa-de-araujo@nih.gov,controlled,open,,0.18036846103173587,top 10%,agingresearchbiobank
The Chromosome 7 Annotation Project,,http://www.chr7.org,1803,"The objective of this project is to generate the most comprehensive description of human chromosome 7 to facilitate biological discovery, disease gene research and medical genetic applications. Please note that this resource has not been updated since 2004.",deprecated,knowledgebase,Canada,2002,,,"Centre for Applied Genomics, Toronto, ON, Canada",Government body,Jeffrey R. MacDonald,jmacdonald@sickkids.ca,not found,controlled,10.1126/science.1083423,0.17938231900980614,top 10%,the chromosome 7 annotation project
Dimensions,Dimensions,https://www.dimensions.ai/,3134,"The Dimensions database is a scholarly database containing research articles, citations, books, chapters, and conference proceedings, as well as awarded grants, patents, clinical trials, policy documents, datasets and altmetric information. The free version includes a searchable publications index and links to all the other different entities. The subscription version includes further faceting, further analytical capabilities, and searchable indices of the non-publication content.",ready,knowledgebase,Worldwide,2018,,,"Digital Science, London, UK",Company,Dimensions General Contact,info@dimensions.ai,open,not found,,0.17899429639689846,top 10%,dimensions
European Hepatitis C Virus database,euHCVdb,https://euhcvdb.lyon.inserm.fr/euHCVdb/jsp/index.jsp,1892,"The euHCVdb is mainly oriented towards protein sequence, structure and function analyses and structural biology of Hepatitis C Virus.",ready,knowledgebase,France,1999,European Commission; Rhone-Alpes Bioinformatics Center Platform,Government body; Consortium,"Institut de Biologie et Chimie des Proteines (IBCP), Centre National de la Recherche Scientifique, Lyon, France; National Centre for Scientific Research (CNRS), Paris, France; Laboratoire de Microbiologie et Genetique Moleculaires; Universite de Lyon, France",Research institute; Lab; University; Government body,,,open,not applicable,10.2174/1871526510909030272; 10.1093/nar/gkl970,0.1777563610417773,top 10%,european hepatitis c virus database
KinMutBase,KinMutBase,http://structure.bmc.lu.se/idbase/KinMutBase/,1901,"KinMutBase is a comprehensive database of disease-causing mutations in protein kinase domains. This resources provides plenty of information, namely mutation statistics and display, clickable sequences with mutations and changes to restriction enzyme patterns.",deprecated,knowledgebase,Finland,1998,"Academy of Finland, Helsinki, Finland",Research institute,"Tampere University, Finland",University,Jouni Valiaho,Jouni.Valiaho@uta.fi,not found,not found,10.1002/humu.20166; 10.1093/nar/28.1.369,0.17748892151856716,top 10%,kinmutbase
TissueNet ,,https://netbio.bgu.ac.il/tissuenet3/,2352,"Knowledge of the molecular interactions of human proteins within tissues is important for identifying their tissue-specific roles and for shedding light on tissue phenotypes. However, many protein-protein interactions (PPIs) have no tissue-contexts. The TissueNet database bridges this gap by associating experimentally-identified PPIs with human tissues that were shown to express both pair-mates. Users can select a protein and a tissue, and obtain a network view of the query protein and its tissue-associated PPIs. TissueNet v.2 is an updated version of the TissueNet database previously featured in NAR. It includes over 40 human tissues profiled via RNA-sequencing or protein-based assays. Users can select their preferred expression data source and interactively set the expression threshold for determining tissue-association. The output of TissueNet v.2 underlines qualitative and quantitative features of query proteins and their PPIs. The tissue-specificity view highlights tissue-specific and globally-expressed proteins, and the quantitative view highlights proteins that were differentially expressed in the selected tissue relative to all other tissues. Together, these views allow users to quickly assess the unique versus global functionality of query proteins. Thus, TissueNet v.2 offers an extensive, quantitative and user-friendly interface to study the roles of human proteins across tissues.",ready,repository,Israel,2013,,,"Ben-Gurion University of the Negev, Israel",University,Esti Yeger-L,estiyl@bgu.ac.il,open,not applicable,10.1093/nar/gks1198; 10.1016/j.jmb.2022.167532; 10.1093/nar/gkw1088,0.17695756201233945,top 10%,tissuenet
Fast Evidence Interoperability Resources (FEvIR) Platform,FEvIR,https://fevir.net/,3697,"The Fast Evidence Interoperability Resources (FEvIR) Platform is a website and cloud-based system for creating, editing, viewing, and sharing scientific knowledge in an electronic form designed to standardize data exchange using the Health Level Seven International (HL7®) Fast Healthcare Interoperability Resources (FHIR®) standard. The FEvIR Platform is in development to support living systematic reviews, living guidelines, sharing across citation repositories, knowledge portals, and other projects related to scientific communication. The FEvIR Platform includes Builder, Viewer and Converter tools that support the creation and visualization of FHIR Resources for representing evidence, evidence variables, evidence reports, citations, and knowledge artifact assessments. For example, you can use the Citation Builder to create a citation by entering data in easy-to-use data entry fields (like Title, Abstract, Last revision date, etc.) and the system will automatically create a citation record in a FHIR Citation Resource form for machine use. You can use the Citation Viewer to view any citation in the FHIR form and view it in an easy-to-understand form. And you can use the MEDLINE-to-FEvIR Converter to submit the PubMed Identifier (PMID) and the system will create a full FHIR Citation Resource for you automatically. To support standard terminologies (called Code Systems) we built a CodeSystem Builder and CodeSystem Viewer on the FEvIR Platform.",in_development,knowledgebase_and_repository,United States,2021,,,Computable Publishing LLC,Company,General Contact,support@computablepublishing.com,open,open,,0.1766539957456434,top 10%,fast evidence interoperability resources (fevir) platform
Virtual Metabolic Human,VMH,http://www.vmh.life/,4410,"The Virtual Metabolic Human (VMH) database captures information on human and gut microbial metabolism, linking to information from hundreds of diseases and nutritional data-related resources (5,607 unique metabolites, 19,313 unique reactions, 3,695 human genes, 255 Mendelian diseases, 818 microbe reconstructions, 632, 685 microbial genes, and 8,790 food items as of 2022-09-19). VMH also contains manually curated genome-scale metabolic reconstructions, which have been assembled based on genomic, biochemical, and physiological data. The VMH helps to facilitate rapid analyses and interpretations of complex biological data arising from large-scaled biomedical studies for enabling complex queries and detailed graphical representations of human metabolism (distributing computational models for simulating human and microbial metabolism). ",ready,knowledgebase,"Germany, United Kingdom, United States",2018,Luxembourg National Research Fund;  National Centre of Excellence in Research (NCER) on Parkinson’s disease; European Commission Horizon 2020; European Commission Horizon 2020,"Government body; Research institute, Charitable foundation","Luxembourg Centre for Systems Biomedicine (LCSB), Luxembourg, Luxembourg",Government body,Ines Thiele; Ronan M T Fleming,ines.thiele@gmail.com; ronan.mt.fleming@gmail.com,open,not applicable,10.1093/nar/gky992; 10.1038/nbt.4072; 10.1038/nprot.2009.203; 10.1186/1758-2946-6-2; 10.1038/nbt.2488; 10.1073/pnas.0610772104,0.17630522034167995,top 10%,virtual metabolic human
RDF Portal,RDF Portal,https://rdfportal.org,2327,"The RDF Portal provides a collection of life science datasets in RDF (Resource Description Framework). The portal aims to accelerate integrative utilization of the heterogeneous datasets deposited by various research institutions and groups. In this portal, each dataset comes with a summary, downloadable files and a SPARQL endpoint.",ready,knowledgebase,Japan,2015,,,Database Center for Life Science,Research institute,Hideki Hatanaka; NBDC catalog team,hideki@biosciencedbc.jp; catalog@integbio.jp,open,controlled,,0.17604587620800133,top 10%,rdf portal
PubMed,PubMed,http://www.ncbi.nlm.nih.gov/pubmed/,1990,"PubMed is a search engine of biomedical literature, provided as a service of the U.S. National Library of Medicine and includes more than 25 million citations for biomedical literature from MEDLINE, life science journals, and online books. Citations may include links to full-text content from PubMed Central and publisher web sites.",ready,repository,United States,1996,"National Institutes of Health (NIH), Bethesda, MD, USA",Government body,"National Center for Biotechnology Information (NCBI), Rockville, MD, USA",Government body,General contact,info@ncbi.nlm.nih.gov,open,not applicable,10.1093/nar/gkj158,0.17597069251563985,top 10%,pubmed
AD Data Initiative Repository,,https://www.alzheimersdata.org/ad-workbench/data-repository,5594,The AD Data Initiative Repository enables sharing of human or human-derived Alzheimer’s and related dementia data. Some of the platform’s key features are it is available to data contributors at no cost; is secure with clearly outlined privacy policies and terms of use; allows for configurable data access and data request forms with flexible data sharing options and visibility into data usage via audit trail.,deprecated,repository,United States,,National Institute on Aging,Government body,Alzheimer's Disease Data Initiative,Consortium,,,controlled,open,,0.17531075779210867,top 10%,ad data initiative repository
CSIRO Data Access Portal,CSIRO DAP,https://data.csiro.au/,2508,"The CSIRO Data Access Portal provides access to research data, software and other digital assets published by CSIRO across a range of disciplines. The portal is maintained by CSIRO Information Management & Technology to facilitate sharing and reuse.",ready,knowledgebase,Australia,2011,,,Commonwealth Scientific and Industrial Research Organisation,Government body,General Contact,CSIROEnquiries@csiro.au,open,controlled,,0.1738717470801809,top 10%,csiro data access portal
Viral Host Range database,VHRdb,https://viralhostrangedb.pasteur.cloud/,3801,"The Viral Host Range database (VHRdb) represents a unique resource for the community to rapidly find, document analyze and disseminate data related to the range of hosts that a virus can infect. Over the years, countless host range experiments have been performed in many laboratories. However, these data are not readily available to the community and are therefore underexploited.

The VHRdb is an online resource that centralizes experimental data related to the host range of viruses. While it originates from bacteriophages and bacteria interaction studies, its design is compatible with viruses infecting all living forms. Users can browse publicly available data to find which host is infected by a virus, and vice versa. Users can also upload their own data, with the option to keep it private or make it public, analyze results across independent sets of data, generate and visualize outputs. Data implemented in the VHRdb are linked to users and, if available, to publications and sequence identifiers.

The VHRdb is an initiative from the Debarbieux lab and is developed and maintained in collaboration with the Bioinformatics and Biostatistics Hub of Institut Pasteur.

If you wish to import a collection or very sizable data into the VHRdb, please do no hesitate to contact us to arrange details such as specific identifiers (see Documentation).",ready,knowledgebase_and_repository,France,2021,,,"Institut Pasteur, France",Research institute,,,partially open,open,10.1093/bioinformatics/btab070,0.17277955289753613,top 10%,viral host range database
Kidney and Urinary Pathway Knowledgebase,KUPKB,http://www.kupkb.org,2171,The KUPKB is a collection of omics datasets that have been extracted from scientific publications and other related renal databases. The iKUP browser provides a single point of entry for you to query and browse these datasets.,deprecated,knowledgebase,"France, United Kingdom",2011,e-LICO,Undefined,,,Simon Jupp,jupp@ebi.ac.uk,not found,not found,10.1096/fj.11-194381; 10.1186/2041-1480-2-S2-S7,0.17256609336614367,top 10%,kidney and urinary pathway knowledgebase
Global Project Management System Tuberculosis Transportal,GPMS TB Transportal,https://tbindia.indiancst.com/GPMSTBTransportal/,2881,"Global Project Management System Tuberculosis Transportal (GPMS TB Transportal) is a digital platform piloting TB surveillance in the 4 districts of Karnataka. It is an integrated dashboard that contains the information of all the TB control programs. As per section 3.3 of the Sustainable Development Goals (SDG) of the United Nations, health for all and eradication of TB and Malaria by 2030 are identified targets. GPMS TB Transportal was created to aid the identification of new TB cases, improve treatment compliance, and reduce the death of TB patients in Karnataka. This resource will also be used to develop early TB presumptive patients' diagnoses.",deprecated,repository,India,2017,"Indian Centre for Social Transformation (Indian CST), Bengaluru, Karnataka, India",Charitable foundation,"Department of Community Medicine, M S. Ramaiah Medical College, Bengaluru, Karnataka, India; Indian Centre for Social Transformation (Indian CST), Bengaluru, Karnataka, India; Ramaiah Public Policy Center, Bengaluru, Karnataka, India",Charitable foundation,Bindu Madhuri K,madhu39399@gmail.com,not found,not found,,0.17212606616389536,top 10%,global project management system tuberculosis transportal
HumanMine,HumanMine,https://www.humanmine.org/,2711,"HumanMine integrates many types of data for Homo sapiens and Mus musculus. Users can run flexible queries, export results and analyse lists of data.",ready,knowledgebase,United Kingdom,,,,"Department of Genetics, University of Cambridge, UK",University,General Information,info@intermine.org,open,not applicable,10.1093/nar/gku301,0.17127524669150038,top 10%,humanmine
The National Practitioner Data Bank,NPDB,https://www.npdb.hrsa.gov/,6600,"The National Practitioner Data Bank (NPDB) is a web-based repository of reports containing information on medical malpractice payments and certain adverse actions related to health care practitioners, providers, and suppliers.",ready,repository,United States,1986,,,"U.S. Department of Health & Human Services (HHS), Office for Human Research Protections; Health Resources & Services Administration (HRSA)",Government body,General Contact,help@npdb.hrsa.gov,partially open,open,,0.17038379827577063,top 10%,the national practitioner data bank
"NHGRI Analysis, Visualization, and Informatics Lab-space",AnVIL,http://anvilproject.org,4204,"The NHGRI Genomic Data Science Analysis, Visualization, and Informatics Lab-space (AnVIL) is a unified computing environment for genomics data storage, management, and analysis. The AnVIL is a federated cloud platform designed to manage and store genomics and related data, enable population-scale analysis, and facilitate collaboration through the sharing of data, code, and analysis results. By inverting the traditional model of data sharing, the AnVIL eliminates the need for data movement while also adding security measures for active threat detection and monitoring and provides scalable, shared computing resources for any researcher. The core data management and analysis components of the AnVIL currently consists of Terra, Gen3, Galaxy, RStudio/Bioconductor, Dockstore, and Jupyter. In addition, several flagship genomics datasets are available within the AnVIL. The AnVIL is intended to create opportunities for analysis, collaboration, and data sharing that are needed to drive research and to make discoveries through the joint analysis of genomes together with associated clinical and molecular data types.",ready,knowledgebase_and_repository,United States,2018,National Human Genome Research Institute,Government body,"Washington University in St Louis, USA; The Broad Institute, Massachusetts Institute of Technology and Harvard University, Cambridge, Massachusetts 02140, USA.; Vanderbilt University; Pennsylvania State University; John Hopkins University; Oregon Health & Science University; Roswell Park Cancer Institute; University of Chicago, Chicago, Illinois, USA; Harvard Medical School; The City University of New York, NY, USA; University of California, Santa Cruz",Research institute; University; Company,,,partially open,open,10.1016/j.xgen.2021.100085,0.17015407930832915,top 10%,"nhgri analysis, visualization, and informatics lab-space"
denovo-db,denovo-db,http://denovo-db.gs.washington.edu/,2333,denovo-db is a collection of germline de novo variants identified in the human genome. de novo variants are those present in children but not their parents.,ready,knowledgebase,United States,2016,,,,,denovo-db,denovo-db@uw.edu,open,not applicable,,0.17015407930832915,top 10%,denovo-db
TargetMine,TargetMine,http://targetmine.mizuguchilab.org/targetmine,2730,"TargetMine integrates many types of data for human, rat and mouse. Flexible queries, export of results and data analysis are available.",ready,knowledgebase,Japan,2011,,,"Mizuguchi Laboratory, National Institutes of Biomedical Innovation, Health and Nutrition, Japan",Lab,,,open,not found,10.1093/database/baw009; 10.1371/journal.pone.0017844,0.17004545524980194,top 10%,targetmine
MUGEN mouse database,MMdb,http://bioit.fleming.gr/mugen/mde.jsp,2637,The MUGEN mouse database (MMdb) is a database of murine models of immune processes and immunological diseases.,deprecated,repository,Greece,2006,European Commission FP6,Government body,,,Aidinis Vassilis,v.aidinis@fleming.gr,not found,not found,10.1093/nar/gkm838,0.16989251005324596,top 10%,mugen mouse database
Integrated Canine Data Commons,ICDC,https://caninecommons.cancer.gov/#/,5578,"NCI's Division of Cancer Treatment and Diagnosis (DCTD) charged the Frederick National Laboratory for Cancer Research (FNLCR) to build the Integrated Canine Data Commons (ICDC), a cloud-based repository of spontaneously-arising canine cancer data. ICDC was established to further research on human cancers by enabling comparative analysis with canine cancer. The data in the ICDC is sourced from multiple different programs and projects; all focused on canine subjects. The data is harmonized into an integrated data model and then made available to the research community. The ICDC is part of the Cancer Research Data Commons (CRDC), an initiative from NCI’s Center for Biomedical Informatics and Information Technology (CBIIT). Bioinformatic analysis of the ICDC data is accomplished using the CRDC’s Cloud Resources.",ready,knowledgebase,United States,,National Institutes of Health,Government body,"National Cancer Institute, National Institutes of Health",Government body,Support,ICDCHelpDesk@mail.nih.gov,open,controlled,,0.16851484605999334,top 10%,integrated canine data commons
Cystic Fibrosis Mutation Database,CFMDB,http://www.genet.sickkids.on.ca/cftr/app,7400,"The Cystic Fibrosis Mutation Database (CFTR1) is a genetic mutation database focused on the CFTR gene, which is linked to cystic fibrosis. It was established to collect and share information on individual gene sequence variants and mutations affecting CFTR and to support research and communication among scientists studying the disease.",ready,knowledgebase_and_repository,Canada,,,,Cystic Fibrosis Centre,Research institute,Johanna M Rommens,jrommens@sickkids.ca,open,open,,0.16802392960979967,top 10%,cystic fibrosis mutation database
Biospecimens/Biorepositories: Rare Disease Hub,RD-HUB,http://biospecimens.ordr.info.nih.gov/default.aspx,2029,"The Biospecimens/Biorepositories Website: Rare Disease-HUB (RD-HUB) contains a searchable database of biospecimens collected, stored, and distributed by biorepositories in the United States and around the globe. RD-HUB is designed to help and assist interested parties and investigators search, locate, and identify desired biospecimens needed for the research and to facilitate collaboration and sharing of material and data among investigators across the globe.",deprecated,repository,United States,,,,ORDR,Undefined,,ordr@nih.gov,not found,not found,,0.16785596642900208,top 10%,biospecimens/biorepositories: rare disease hub
American Type Culture Collection database,ATCC,https://www.atcc.org/,1752,"ATCC authenticates microorganisms and cell lines and manages logistics of long-term preservation and distribution of cultures for the scientific community. ATCC supports the cultures it acquires and authenticates with expert technical support, intellectual property management and characterization data.",ready,repository,Worldwide,1925,,,ATCC Standards Development Organisation,Consortium,Maryellen de Mars,mdemars@atcc.org,open,open,,0.16772765517121185,top 10%,american type culture collection database
ConsensusPathDB,CPDB,http://cpdb.molgen.mpg.de/CPDB,6606,"ConsensusPathDB-human integrates interaction networks in Homo sapiens including binary and complex protein-protein, genetic, metabolic, signaling, gene regulatory and drug-target interactions, as well as biochemical pathways. Data originate from currently 31 public resources for interactions and interactions that we have curated from the literature. The interaction data are integrated in a complementary manner (avoiding redundancies), resulting in a seamless interaction network containing different types of interactions.",ready,knowledgebase,Germany,,,,Max Planck Institute for Molecular Genetics,Research institute,Atanas Kamburov; Ralf Herwig,kamburov@molgen.mpg.de; herwig@molgen.mpg.de,open,not applicable,10.1093/bioinformatics/btq522; 10.1093/nar/gkq1156; 10.1093/nar/gks1055; 10.1038/nprot.2016.117; 10.1093/nar/gkn698,0.16668521641806655,top 10%,consensuspathdb
MoTrPAC Data Hub,,https://motrpac-data.org/,5564,"The MoTrPAC Data Hub is the portal to access data generated by the Molecular Transducers of Physical Activity Consortium (MoTrPAC).  The Data Hub allows researchers to access data from preclinical animal studies, and from the MoTrPAC clinical study.  Data includes phenotypic and muti-omic data from up to 19 different animal tissues; and clinical and muti-omic data from human exercise studies",ready,knowledgebase,United States,,National Institutes of Health; NIH Common Fund,"Government body; Government body, Research institute","MoTrPAC Bioinformatics Center, Standford Medicine","University, Research institute",Euan Ashley,euan@stanford.edu,open,not applicable,10.1016/j.cell.2020.06.004,0.1664905184949276,top 10%,motrpac data hub
STOREDB,STOREDB,https://www.storedb.org/store_v3/,2362,"STOREDB provides infrastructure for sharing data and resources in radiation biology and epidemiology. It is a platform for the archiving and sharing of primary data and outputs of all kinds, including epidemiological and experimental data, from research on the effects of radiation. It also provides a directory of bioresources and databases containing information and materials that investigators are willing to share. STORE supports the creation of a radiation research commons.",ready,repository,"Belgium, France, Germany, Italy, Netherlands, Norway, United Kingdom, United States",2008,Euratom,Undefined,"CONCERT-European Joint Programme for the Integration of Radiation Protection Research; Bundesamt Fuer Strahlenschutz (BfS), Salzgitter, Germany",Government body,Dr Paul Schofield,PNS12@cam.ac.uk,open,open,,0.1658189729738045,top 10%,storedb
Educational and Research Picture Archiving and Communication System,,http://www.medimed.cz,2322,The core of the system is tailored PACS (Picture Archiving and Communication System). It forms the basis for educational and research applications such as the development of databases of case studies describing the treatment of real patients. Images appropriate for teaching or research purposes are made anonymous. This database is in Czech and has restricted access.,deprecated,repository,Czech Republic,,,,,,Michal Javornik,javor@ics.muni.cz,not found,not found,,0.16565456472374096,top 10%,educational and research picture archiving and communication system
NASA Socioeconomic Data and Applications Center,SEDAC,https://sedac.ciesin.columbia.edu/,3024,"The Socioeconomic Data and Applications Center (SEDAC) is a regular member of the World Data System and focuses on human interactions in the environment. Its mission is to develop and operate applications that support the integration of socioeconomic and Earth science data and to serve as an ""Information Gateway"" between the Earth and social sciences. The SEDAC is one of the Earth Observing System Data and Information System (EOSDIS) Distributed Active Archive Centers (DAACs) that archive and distribute earth science data, managed by NASA's Earth Science Data and Information System Project (ESDIS), as part of the Earth Science Data Systems (ESDS) Program.",deprecated,repository,United States,1992,"National Aeronautics and Space Administration (NASA), Washington DC, USA",Government body,"Earth Science Data Systems (ESDS) Program, Earth Science Projects Division (ESPD), Goddard Space Flight Center (GSFC), NASA Headquarters, Washington, DC, USA; Center for International Earth Science Information Network (CIESIN), The Earth Institute, Columbia University; Earth Observing System Data and Information System (EOSDIS) Distributed Active Archive Centers (DAACs), Earth Science Projects Division (ESPD), Goddard Space Flight Center (GSFC), NASA Headquarters, Washington, DC, USA; Earth Science Data and Information System Project (ESDIS), Earth Science Projects Division (ESPD), Goddard Space Flight Center (GSFC), NASA Headquarters, Washington, DC, USA",University; Government body,Robert R. Downs,rdowns@ciesin.columbia.edu,open,controlled,,0.16454321515471493,top 10%,nasa socioeconomic data and applications center
Brain-CODE,,https://braincode.ca,3567,"Brain-CODE is a large-scale informatics platform that manages the acquisition and storage of multidimensional data collected from participants with a variety of brain disorders. Brain-CODE was created by the Ontario Brain Institute (https://braininstitute.ca) in Ontario, Canada. Access to all data (both public and controlled) requires registration.
FAIRsharing notes : this ressource appears to be insecure. As such, we have changed the status to ""uncertain"". Please get in touch if you have any information.",uncertain,repository,Canada,2012,,,Ontario Brain Institute,Research institute,General Help,help@braincode.ca,controlled,controlled,,0.16403722740103374,top 10%,brain-code
WormQTL HD,WormQTL HD,https://www.wormqtl-hd.org/xqtl_panacea/molgenis.do,2701,WormQTLHD is an online scalable system for QTL exploration to service the worm community. WormQTLHD provides many publicly available datasets and welcomes submissions from other worm researchers,ready,knowledgebase,"Netherlands, European Union",2012,European Commission FP7; Centre for Biosystems Genomics,Research institute; Government body,"University of Groningen, Netherlands; University Medical Center Groningen and Radboud University Medical Center Nijmegen; Genomics Coordination Centre, Netherlands",Research institute; University,Basten Snoek,basten.snoek@wur.nl,open,open,10.1093/nar/gks1124; 10.1093/bioinformatics/bts049; 10.1093/nar/gkt1044,0.16393824495312706,top 10%,wormqtl hd
Target Illumination GWAS Analytics,IDG TIGA,https://unmtid-shinyapps.net/tiga/,4442,"IDG TIGA (Target Illumination GWAS Analytics) an application for illuminating understudied drug targets. It enables ranking, filtering and interpretation of inferred gene–trait associations aggregated across studies from the NHGRI-EBI GWAS Catalog.",ready,knowledgebase,"Denmark, United States",2021,,,"Faculty of Health and Medical Sciences, University of Copenhagen, Copenhagen, Denmark; University of New Mexico Health Sciences Center; Indiana University",University,Tudor Oprea,toprea@salud.unm.edu,open,controlled,10.1093/bioinformatics/btab427,0.16369262480292804,top 10%,target illumination gwas analytics
MutDB,MutDB,http://mutdb.org/,1792,"The goal of MutDB is to annotate human variation data with protein structural information and other functionally relevant information, if available. The mutations are organized by gene. Click on the alphabet below to go alphabetically through the list of genes. This resource has been marked as Uncertain because its project home can no longer be found. Please get in touch if you have any information about this resource.",deprecated,knowledgebase,United States,2003,"National Library of Medicine (NLM), Bethesda, MD, USA; Indiana University, Bloomington, IN, USA",University; Government body,"National Library of Medicine (NLM), Bethesda, MD, USA; Buck Institute for Research on Aging, Novato, CA, USA",Government body,SD Mooney,smooney@buckinstitute.org,not found,not found,10.1093/nar/gki404; 10.1093/nar/gkm659,0.1633670749658734,top 10%,mutdb
European Medical Information Framework Catalogue,EMIF Catalogue,https://emif-catalogue.eu,2780,"The EMIF catalogue contains extensive metadata on a number of European health data resources, such as registries, EHRs, biobanks etc., organized by a number of communities, such as EMIF-EHR, EMIF-AD, EPAD, ADVANCE, BigData@Heart, PIONEER etc. The metadata collected is the data available, the data governance procedures, contact details etc. The catalogue intends to comprise different vertical projects through the creation of communities, such as EMIF-Electronic Health Record Data (EMIF-EHR) and EMIF-Alzheimer’s Disease (EMIF-AD), the BigData@Heart (for cardiovascular) and PIONEER (for prostate cancer) projects, supporting distinct databases and users.",deprecated,knowledgebase,European Union,2014,"Innovative Medicines Initiative (IMI), Europe",Consortium,"University of Aviero; Innovative Medicines Initiative (IMI), Europe",University; Consortium,Jose Luis Oliveira,jlo@ua.pt,not found,not found,S1386-5056(18)30830-X,0.1628887776607148,top 10%,european medical information framework catalogue
PathBank,PathBank,http://pathbank.org/,2831,"PathBank is an interactive, visual database containing more than 100 000 machine-readable pathways found in model organisms such as humans, mice, E. coli, yeast, and Arabidopsis thaliana. The majority of these pathways are not found in any other pathway database. PathBank is designed specifically to support pathway elucidation and pathway discovery in metabolomics, transcriptomics, proteomics, and systems biology. All PathBank pathways include information on the relevant organelles, subcellular compartments, protein complex cofactors, protein complex locations, metabolite locations, chemical structures, and protein complex quaternary structures. The database is easily browsed and supports full text, sequence, and chemical structure searching.",ready,knowledgebase_and_repository,Canada,2018,,,"University of Alberta, Canada",University,PathBank Team,pathbank@wishartlab.com,open,not applicable,,0.16287817403219063,top 10%,pathbank
Chemical Effects in Biological Systems,CEBS,https://cebs.niehs.nih.gov/cebs/,2069,"The Chemical Effects in Biological Systems (CEBS) database houses data of interest to environmental health scientists. CEBS is a public resource, and has received depositions of data from academic, industrial, and governmental laboratories.",ready,repository,United States,2003,"National Institute of Environmental Health Sciences (NIEHS), National Institutes of Health (NIH), North Carolina, USA",Government body,"National Toxicology Program (NTP), NIEHS, NIH, USA",Government body,General Contact,CEBS-support@mail.nih.gov,open,controlled,10.1093/nar/gkm755,0.1616245761457159,top 10%,chemical effects in biological systems
EVORA Portal,,https://portal.evora-project.eu/,7994,"Unified view of viral materials, derived products, services and related entities harvested from EVA, ERINHA and ELIXIR (via FAIRsharing). A consolidated catalogue of resources in virology to support outbreak response and pandemic preparedness. ",ready,knowledgebase,"France, European Union",2026,European Commission,Government body,EVORA,Consortium,EVORA Helpdesk,fairsharing-helpdesk@evora-project.eu,open,not found,,0.1613496415328634,top 10%,evora portal
NIAID-DOE LANL HIV Database and Analysis Unit,,https://www.hiv.lanl.gov/content/index,5542,"The objective of this repository is to (a) provide a centralized resource of comprehensive data on HIV genetic sequences and immunological epitopes by compiling, annotating, and maintaining a relational database, and (b) develop HIV sequence and molecular immunology analysis methods and tools with searchable web interfaces to assist with design and development of vaccine and therapies.",ready,repository,United States,,"National Institutes of Health; National Institute of Allergy and Infectious Diseases, National Institutes of Health",Government body,U.S. Department of Energy,Government body,,,open,not applicable,,0.1607592957096294,top 10%,niaid-doe lanl hiv database and analysis unit
DISNOR,DISNOR,https://disnor.uniroma2.it/,2765,"DISNOR is a resource that uses a comprehensive collection of disease associated genes, as annotated in DisGeNET, to interrogate SIGNOR (https://signor.uniroma2.it) in order to assemble disease-specific logic networks linking disease associated genes by causal relationships. DISNOR is an open resource where more than 4000 disease-networks, linking ~ 2800 disease genes, can be explored. For each disease curated in DisGeNET, DISNOR links disease genes through manually annotated causal relationships and the inferred 'patho-pathways' can be visualised at different level of complexity.",ready,knowledgebase,Italy,2016,"ELIXIR Italy; Italian Ministry of Education, University and Research (MIUR), Roma, Italy; The European Research Council (ERC)",Government body,"Department of Biology, University of Rome Tor Vergata, Rome, Italy",University,Gianni Cesareni,cesareni@uniroma2.it,open,not applicable,10.1093/nar/gkx876,0.1603506586571295,top 10%,disnor
Orphanet,,https://www.orpha.net/,2030,"Orphanet is the reference resource for information on rare diseases and orphan drugs. Its aim is to contribute to the improvement of the diagnosis, care and treatment of patients with rare diseases. Orphanet maintains the Orphanet nomenclature, essential for interoperability, and the Orphanet Rare Disease Ontology (ORDO).",ready,repository,"France, European Union",1997,"National Agency of Research (ANR), Paris, France; European Union (EU)",Government body,"Institut National de la Sante et de la Recherche Medicale (INSERM), Paris, France",Research institute,,partnerships.orphanet@inserm.fr,open,controlled,,0.16023489558113763,top 10%,orphanet
TB Portals Program,,https://tbportals.niaid.nih.gov/,5566,"NIAID’s TB Portals Program is a multi-national collaboration for TB data sharing and analysis to advance TB research. As a global consortium of clinicians, scientists, and IT professionals from 77 sites in 20 countries throughout eastern Europe, Asia, and sub-Saharan Africa, the TB Portals Program is a web-based, open-access repository of multi-domain TB data and tools for its analysis. Researchers can find linked socioeconomic/geographic, clinical, laboratory, radiological, and genomic data from over 19,000 international published TB patient cases with an emphasis on drug-resistant tuberculosis.",ready,repository,United States,2014,"National Institute of Allergy and Infectious Diseases, National Institutes of Health; National Institutes of Health",Government body,,,Support,TBPortalsInfo@niaid.nih.gov,open,not applicable,,0.16018756158735256,top 10%,tb portals program
CleanEx,CleanEx,http://www.cleanex.isb-sib.ch/,1831,CleanEx is a database which provides access to public gene expression data via unique approved gene symbols and which represents heterogeneous expression data produced by different technologies in a way that facilitates joint analysis and cross-dataset comparisons.,deprecated,knowledgebase,Switzerland,2003,"Swiss National Science Foundation (SNSF),  Switzerland",Government body,"Swiss Institute of Bioinformatics (SIB), Switzerland",Research institute,Viviane Praz,Viviane.Praz@epfl.ch,not found,not found,10.1093/nar/gkh107,0.16010483249559246,top 10%,cleanex
NIH Genetic Testing Registry,GTR,https://www.ncbi.nlm.nih.gov/gtr/,5543,"GTR is a freely accessible database of orderable clinical and research genetic test descriptions and the laboratories that provide them. Scope includes molecular, biochemical and cytogenetic human genetic tests as well as serologic and molecular microbe tests. Test descriptions include the test targets and the conditions the tests are for, methodology, clinical and analytical validity, clinical utility and ordering information. The goals of GTR are to bring transparency to the testing field, support clinicians ordering tests and advance the public health and research into the genetic basis of health and disease.",ready,repository,United States,,National Institutes of Health,Government body,National Center for Biotechnology Information; National Library of Medicine,Government body,Support,tkt-tryhd@ncbi.nlm.nih.gov,open,open,,0.16009250444541617,top 10%,nih genetic testing registry
HUGO Gene Nomenclature Committee,HGNC,https://www.genenames.org/,1868,"The HUGO Gene Nomenclature Committee (HGNC) is responsible for approving unique symbols, names and IDs for human loci, including protein coding genes, ncRNA genes and pseudogenes, to allow unambiguous scientific communication. The HGNC database is the resource for approved human gene nomenclature and is accessed via the website genenames.org. The website displays a page for every named gene and includes curated nomenclature information (including approved, previous and alias gene names and symbols). The website also displays manually curated gene group pages, the HCOP orthology tool and multi-symbol checker, and links to many other resources. HGNC is a Global Core Biodata Resource and an ELIXIR Core Data Resource. ",ready,knowledgebase,United Kingdom,1979,National Human Genome Research Institute,Government body,University of Cambridge,University,General Contact,hgnc@genenames.org,open,open,10.1093/nar/gkm881; 10.1093/nar/gku1071; 10.1093/nar/gks1066; 10.1093/nar/gkw1033; 10.1093/nar/gkq892; 10.1093/nar/gky930; 10.1093/nar/gkac888; 10.1093/nar/gkaa980; 10.1186/s40246-022-00432-w; 10.1038/s41588-020-0669-3,0.15978989093967944,top 10%,hugo gene nomenclature committee
Brazilian Rare Disease Portal ,RARASBR,https://raras.org.br/,4478,"The Brazilian Online Atlas of Rare Diseases service from the National Network of Rare Diseases. This portal was developed to disseminate information from the nationally representative survey about the epidemiology, clinical picture, diagnostic and therapeutic resources used and costs with rare diseases of genetic and non-genetic origin in Brazil, in addition to other relevant information and knowledge involving the domain of rare diseases. Although the database was collected in Portuguese, there is a translation of the metadata and supporting documentation in English available and linked from this record (10.5281/zenodo.13643431). ",ready,knowledgebase,Brazil,2020,"Ministry of Science, Technology and Innovation (CNPq), Brasilia, Brazil",Undefined,,,Filipe Andrade Bernardi; Têmis Maria Felix; Domingos Alves; Diego Bettiol Yamada; Vinicius Costa Lima; Márcio Eloi Colombo Filho; Mariane Barros Neiva; Andre Vinci; João Francisco Baiochi; Bibiana Mello de Oliveira; Milena Artifon; Francisco Barbosa-Junior; Mateus Leonel Souto Alonso; Yasmin de Araújo Ribeiro; José Carlos Bueno de Moraes,filipepaulista12@usp.br; tfelix@hcpa.edu.br; quiron@fmrp.usp.br; diego.yamada@usp.br; viniciuslima@alumni.usp.br; marcioeloicf@gmail.com; maribneiva@gmail.com; altvinci@gmail.com; jao.baiochi@gmail.com; bibianamdo@gmail.com; milena.artifon@gmail.com; junior910@gmail.com; mateusleonel@gmail.com; yasminar@alumni.usp.br; josecbmoraes@gmail.com,controlled,controlled,10.2196/24826; 10.1186/s13023-022-02254-4; 10.1007/978-3-031-08757-8_4; 10.1016/j.procs.2023.01.445; 10.1016/j.procs.2023.01.416,0.15970705977569255,top 10%,brazilian rare disease portal
"Findable, Accessible, Interoperable, Reusable Environmental and Health Registry",FAIREHR,https://fairehr.com/About,7607,"FAIREHR allows researchers to preregister their studies in the field of human and environmental health, following the FAIR (Findable, Accessible, Interoperable, and Reusable) guidance principles.",ready,knowledgebase,United Kingdom,2025,,,Institute of Occupational Medicine - IOM Edinburgh,Research institute,Christian Bonatto Minella; Egon Willighagen; General Contact,Christian.Bonatto-Minella@fiz-Karlsruhe.de; egon.willighagen@maastrichtuniversity.nl; info@fairehr.com,partially open,not found,https://doi.org/10.3389/ftox.2023.1116707,0.15952989608500528,top 10%,"findable, accessible, interoperable, reusable environmental and health registry"
Catalogue of Transmission Genetics in Arabs,CTGA,http://www.cags.org.ae/ctga/,1813,The Centre for Arab Genomic Studies (CAGS) initiated the ambitious project to establish the CTGA (Catalogue of Transmission Genetics in Arabs) database for genetic disorders in Arabs with the aim to enlighten the scientific community and the public on the occurrence of inherited disorders in Arabs and to suggest future investigation strategies.,ready,repository,United Arab Emirates,,,,"Centre for Arab Genomic Studies, Dubai, United Arab Emirates",Undefined,Ghazi O. Tadmouri,tadmouri@hotmail.com,open,controlled,10.1093/nar/gkj015,0.15885196279019953,top 10%,catalogue of transmission genetics in arabs
Clinical Interpretation of Variants in Cancer,CIViC,https://civicdb.org/,2761,"CIViC is an expert-crowdsourced knowledgebase for Clinical Interpretation of Variants in Cancer describing the therapeutic, prognostic, diagnostic and predisposing relevance of inherited and somatic variants of all types. Realizing precision medicine will require information to be centralized, debated and interpreted for application in the clinic. CIViC is an open access, open source, community-driven web resource for Clinical Interpretation of Variants in Cancer. Our goal is to enable precision medicine by providing an educational forum for dissemination of knowledge and active discussion of the clinical significance of cancer genome alterations.",ready,knowledgebase,United States,2015,NIH,Government body,"McDonnell Genome Institute at Washington University School of Medicine, St, Louis, MO, USA; Washington University in St. Louis School of Medicine",Research institute; University,Malachi Griffith,help@civicdb.org,open,not applicable,10.1038/ng.3774; 10.1002/humu.23651; 10.1200/CCI.19.00127; 10.1093/nar/gkac979,0.15833145970055484,top 10%,clinical interpretation of variants in cancer
YanHuang - YH1 Genome Database,YH1,http://yh.genomics.org.cn,1767,"The YH database presents the entire DNA sequence of a Han Chinese individual, as a representative of Asian population. This genome, named as YH, is the start of YanHuang Project, which aims to sequence 100 Chinese individuals in 3 years.assembled based on 3.3 billion reads (117.7Gbp raw data) generated by Illumina Genome Analyzer. In total of 102.9Gbp nucleotides were mapped onto the NCBI human reference genome (Build 36) by self-developed software SOAP (Short Oligonucleotide Alignment Program), and 3.07 million SNPs were identified.",deprecated,repository,China,2007,"National Natural Science Foundation of China (NSFC), Beijing, China; Beijing Municipal Science & Technology Commission, (BMSTC), China; Ministry of Science and Technology, Beijing, China; Ministry of Education, China",Government body,"Beijing Genomics Institute (BGI), China",Government body,General contact,yhdb@genomics.org.cn,not found,not found,10.1093/nar/gkn966,0.15826706030243143,top 10%,yanhuang - yh1 genome database
Olfactory Receptor Database,ORDB,http://senselab.med.yale.edu/OrDB/,2124,ORDB began as a database of vertebrate OR genes and proteins and continues to support sequencing and analysis of these receptors by providing a comprehensive archive with search tools for this expanding family.,ready,knowledgebase,United States,1995,National Library of Medicine; National Library of Medicine; National Library of Medicine; National Library of Medicine; National Library of Medicine; National Library of Medicine; National Library of Medicine; National Library of Medicine; National Library of Medicine,Government body,Texas Tech University; Yale School of Medicine,Research institute; University,Chiquito Crasto,chiquito.crasto@ttu.edu,partially open,not applicable,10.1093/nar/30.1.354; 10.1093/database/baw132; 10.1093/nar/28.1.341,0.15750159640935582,top 10%,olfactory receptor database
CHAVI - Comprehensive Archive of Imaging in Oncology,CHAVI,https://chavi.ai,4397,"CHAVI - The Comprehensive Archive of Imaging is the first imaging biobank from India with an exclusive focus on Oncological Imaging. CHAVI was designed as a research collaboration between Tata Medical Center, Kolkata and Indian Institute of Technology, Kharagpur. Researchers, academicians and industry are welcome to collaborate and use the wealth of imaging data available in CHAVI subject to our terms and conditions of use. Please note that all users who would like to download the imaging data available in CHAVI will need to complete a user profile, user agreement form as well as provide us with a brief statement of the purpose for which they would like to use these images. All images have been de-identified but certain sets of images may require additional licensing prior to use. Collaborators who would like to contribute imaging data to CHAVI would be provided with a free copy of the CHAVI de-identification system on premises. ",ready,repository,India,2022,,,Tata Medical Center,"Research institute, Charitable foundation",CHAVI; Santam Chakraborty,contact@chavi.ai; admin@chavi.ai,controlled,controlled,10.1007/s10916-020-01563-0; 10.1007/s10278-021-00476-9; 10.1007/s10278-021-00576-6,0.15749293551096674,top 10%,chavi - comprehensive archive of imaging in oncology
Finnish Social Science Data Archive,FSD,https://www.fsd.tuni.fi,2997,"The Finnish Social Science Data Archive (FSD) is a national-level service resource for research and teaching in Finland. FSD promotes data sharing and curates and disseminates digital research data for research, teaching and studying purposes. FSD serves both Finnish and international users. FSD is an expert in the curation and preservation of digital research data collected to study society, people and culture. FSD focuses on acquiring Social Science data, but data from other relevant fields (Arts and Humanities, Education, and Health Science) is also archived. FSD is Finland's service provider for CESSDA ERIC, the Consortium of European Social Science Data Archives.",ready,repository,Finland,1999,"Ministry of Education and Culture, Finland; Tampere University; Academy of Finland, Helsinki, Finland",Research institute; University; Government body,"Finnish Social Science Data Archive, Tampere University",University,Office & General Enquiries; User Services,fsd@tuni.fi; user-services.fsd@tuni.fi,partially open,controlled,,0.15746272070647058,top 10%,finnish social science data archive
Human Gene Database,GeneCards,https://www.genecards.org/,2123,"GeneCards is a searchable, integrated, database of human genes that provides concise genomic, transcriptomic, genetic, proteomic, functional and disease related information on all known and predicted human genes.",ready,knowledgebase,Israel,1996,European Commission FP6; European Commission FP7,Government body,"Weizmann Institute of Science, Rehovot, Israel",Government body,Marilyn Safran,marilyn.safran@weizmann.ac.il,open,not applicable,10.1093/database/baw030; 10.1002/cpbi.5; 10.1093/database/bav006; 10.1093/database/baq020; 10.1093/bioinformatics/18.11.1542; 10.1016/S0168-9525(97)01103-7; 10.1089/omi.2015.0168; 10.1186/s12864-016-2722-2,0.15745705554716488,top 10%,human gene database
Human Unidentified Gene-Encoded large proteins database,HUGE,http://www.kazusa.or.jp/huge/,1941,"HUGE is a database for human large proteins newly identified in the Kazusa cDNA project, the aim of which is to predict the primary structure of proteins from the sequences of human large cDNAs (>4 kb).",ready,repository,Japan,2003,,,"Kazusa DNA Research Institute, Chiba, Japan",Government body,General contact,office@kazusa.or.jp,open,not applicable,10.1093/nar/gkh035,0.15735685208786054,top 10%,human unidentified gene-encoded large proteins database
Immune Tolerance Network TrialShare,TrialShare,https://www.itntrialshare.org/,2187,"The immune tolerance data management and visualization portal for studies sponsored by the Immune Tolerance Network (ITN) and collaborating investigators. Data from published studies are accessible to any user; data from current in-progress studies are accessible to study investigators and collaborators. Includes links to published figures, tools for visualization and analysis of data, and ability to query study data by subject, group, or any other study parameter.",ready,repository,United States,2010,"National Institute of Allergy and Infectious Diseases, National Institutes of Health",Government body,Immune Tolerance Network,Charitable foundation,Helpdesk,trialsharesupport@immunetolerance.org,open,not applicable,,0.1568700022413958,top 10%,immune tolerance network trialshare
Human Tumor Atlas Network Portal,HTAN Portal,https://humantumoratlas.org,4670,"Data portal for the Human Tumor Atlas Network (HTAN). HTAN is a National Cancer Institute (NCI)-funded Cancer Moonshot initiative to construct 3-dimensional atlases of the dynamic cellular, morphological, and molecular features of human cancers as they evolve from precancerous lesions to advanced disease.  Data available on the HTAN Portal is open access. Certain data types with the potential for re-identification are available in restricted access through dbGAP. ",ready,repository,United States,2020,,,US National Cancer Institute under the Human Tumor Atlas Network,Government body,Ino de Bruijn,debruiji@mskcc.org,open,controlled,,0.15683187776564736,top 10%,human tumor atlas network portal
Integrated Tumor Transcriptome Array and Clinical data Analysis database,ITTACA,http://bioinfo.curie.fr/ittaca,1915,"ITTACA is a database created for Integrated Tumor Transcriptome Array and Clinical data Analysis. ITTACA centralizes public datasets containing both gene expression and clinical data and currently focuses on the types of cancer that are of particular interest to the Institut Curie: breast carcinoma, bladder carcinoma, and uveal melanoma.",deprecated,repository,France,,,,"Institut Curie, Paris, France",Research institute,General Enquiries,ittaca@curie.fr,not found,not found,10.1093/nar/gkj022,0.15592859449413862,top 10%,integrated tumor transcriptome array and clinical data analysis database
Parkinson's Disease Biomarkers Program Data Management Resource,PDBP DMR,https://pdbp.ninds.nih.gov/,2026,"The NINDS Parkinson's Disease (PD) Biomarkers Program Data Management Resource enables web-based data entry for clinical studies supporting PD biomarker development, as well as broad data sharing (imaging, clinical, genetic, and biospecimen analysis) across the entire PD research community. The PDBP DMR coordinates information and access to PD biospecimens distributed through the NINDS Human Genetics, DNA, iPSC , Cell Line and Biospecimen Repository and the Harvard Neurodiscovery Initiative.",ready,repository,United States,,,,"National Institute of Neurological Disorders and Stroke (NINDS), Bethesda, MD, USA",Government body,Helpdesk,PDBP-HELP@mail.nih.gov,controlled,controlled,,0.15581135182245012,top 10%,parkinson's disease biomarkers program data management resource
Database of Kashiwa Encyclopedia for human genome mutations in Regulatory regions and their Omics contexts,DBKERO,http://kero.hgc.jp/,2612,"The Database of Kashiwa Encyclopedia for human genome mutations in Regulatory regions and their Omics contexts (DBKERO) stores transcriptome information with a catalogue of genomic variations including public SNP data and epigenome information to enable further in-depth analyses on the disease-causing molecular mechanisms. Recent additions include genomic variation datasets and epigenome variation datasets focusing on the Japanese population. These datasets were collected as a series of genome-wide association studies and as part of International Human Epigenome Consortium (IHEC) projects. The goal is to have this database serve as a model case for the genomic, epigenomic and transcriptomic variations occurring in particular ethnic backgrounds and underlying various diseases. Clinical samples data were also associated with data from various model systems such as drug perturbation datasets using cultured cancer cells.",ready,knowledgebase,Japan,2001,"National Bioscience Database Center (NBDC), Tokyo, Japan; Ministry of Education, Culture, Sports, Science and Technology of Japan (MEXT), Tokyo, Japan",Research institute; Government body,"Division of Translational Genomics, Exploratory Oncology Research and Clinical Trial Center, National Cancer Center, Chiba, Japan; Japan Society for the Promotion of Science, Tokyo, Japan",Lab; Consortium,Yutaka Suzuki,ysuzuki@k.u-tokyo.ac.jp,open,not found,10.1093/nar/gkx1001,0.1557607356881034,top 10%,database of kashiwa encyclopedia for human genome mutations in regulatory regions and their omics contexts
AUSSDA - The Austrian Social Science Data Archive ,AUSSDA,https://data.aussda.at,3075,"AUSSDA - The Austrian Social Science Data Archive is a certified, national research infrastructure for the social science community. We offer sustainable and easy-to-use services in the field of digital archiving and preservation. The main beneficiaries are researchers, students, educational institutions and media professionals.

We implement international standards to make research data findable, accessible, interoperable and reusable according to the FAIR principles. AUSSDA supports the open science movement to maximize the potential for data reuse. We stand for integrity in archiving and advocate for compliance with data protection and ethical principles in research data management.

AUSSDA represents Austria as a national service provider in CESSDA ERIC, has locations at the University of Vienna and the WU Wien and at the universities of Graz, Linz, Innsbruck, Krems, Klagenfurt and Salzburg as well as at the OeAW (Austrian Academy of Sciences) and works within a network of national and international partners.",ready,repository,Austria,2017,,,AUSSDA - The Austrian Social Science Data Archive,University,Helpdesk,info@aussda.at,partially open,controlled,,0.15551805596816815,top 10%,aussda - the austrian social science data archive
RatMine,RatMine,http://ratmine.mcw.edu/ratmine/begin.do,2705,"RatMine integrates many types of data for Rattus Norvegicus, Homo Sapiens, Mus Musculus and other organisms. You can run flexible queries, export results and analyse lists of data.",deprecated,knowledgebase,United States,,,,"Medical College of Wisconsin (MCW), Wisconsin, USA",University,,,not found,not found,,0.15529928067661966,top 10%,ratmine
Mammalian Protein Localization Database,LOCATE,http://locate.imb.uq.edu.au/,1754,LOCATE is a curated database that houses data describing the membrane organization and subcellular localization of proteins from the RIKEN FANTOM4 mouse and human protein sequence set.,deprecated,knowledgebase,Australia,2005,,,"Australian Research Council, Australia",Government body,Rohan Teasdale,r.teasdale@imb.uq.edu.au,not found,not found,10.1093/nar/gkm950; 10.1093/nar/gkj069,0.15518166017894114,top 10%,mammalian protein localization database
Pacific Northwest National Laboratory DataHub: Scientific Data Repository,PNNL DataHub,https://data.pnnl.gov/,3692,"Sharing and preserving data are central to protecting the integrity of science. DataHub, a Research Computing endeavor, provides tools and services to meet scientific data challenges at Pacific Northwest National Laboratory (PNNL). DataHub helps researchers address the full data life cycle for their institutional projects and provides a path to creating findable, accessible, interoperable, and reusable (FAIR) data products. Policies and procedures governing laboratory data are critical to the integrity of our research. Equally important are the data management systems, which is why our researchers access the PACIFICA and DataHub systems that enable secure and quick access to research data. Our unique Living Laboratory is an information instrument enabling real-time, in situ studies of PNNL itself as a microcosm of the real world, securely providing researchers novel information about PNNL’s campus operations, thus facilitating research on complex systems. The material provided here is based upon internal project work supported under the U.S. Department of Energy (DOE), Office of Science (SC), Office of Biological and Environmental Research (BER), in promoting the efficient delivery of scientific discoveries and effective use of government resources. Acknowledgements of Federal Support: All cases of data reuse and citation should adhere to guidance provided by the Office of Science of the U.S. Department of Energy and/or provided ",in_development,repository,United States,2017,Battelle; U.S. Department of Energy; U.S. Department of Energy,"Company, Charitable foundation, Research institute; Government body",Pacific Northwest National Laboratory,"Government body, Lab",PNNL RC Support,rc-support@pnnl.gov,controlled,controlled,10.25584/PNNL.DataHub/1812943; 10.25584/1969551; 10.25584/PRJ.U19AI106772/1971764; 10.25584/PRJ.SFA/1780765,0.15512526848593822,top 10%,pacific northwest national laboratory datahub: scientific data repository
PathCards,,https://pathcards.genecards.org/,6888,"PathCards is an integrated database of human biological pathways and their annotations. Human pathways were clustered into SuperPaths based on gene content similarity. Each PathCard provides information on one SuperPath which represents one or more human pathways. It includes 1,658 SuperPath entries, consolidated from 11 selected web sources and is modeled on the architecture and richness of the popular GeneCards database of human genes.",ready,knowledgebase,"Israel, United States",,,,"LifeMap Sciences; Weizmann Institute of Science, Rehovot, Israel",Government body; Company,Frida Belinky,Frida.Belinky@weizmann.ac.il,open,not applicable,10.1093/database/bav006,0.1539317708867342,top 10%,pathcards
Monarch Initiative,,https://monarchinitiative.org/,5572,"The Monarch Initiative is an integrative data and analytic platform connecting phenotypes to genotypes across species, bridging basic and applied research with semantics-based analysis. The correlation of phenotypic outcomes and disease with genetic variation and environmental factors is a core pursuit in biology and biomedicine. We have created or currently contribute to many essential bio-ontologies that together enable sophisticated and semantically integrated computational analysis across gene, genotype, variant, disease, and phenotype data. We have developed algorithms and tools that are in use by multiple communities for tasks including the identification of animal models of human disease through phenotypic similarity, phenotype-driven computational support for differential diagnostics, and translational research.",ready,knowledgebase,United States,,"Division of Program Coordination, Planning, and Strategic Initiatives, Office of the Director (OD), National Institutes of Health (NIH); National Institutes of Health","Government body; Government body, Research institute",The Monarch Initiative,Consortium,Melissa Haendel,mhaendel@unc.edu,open,not applicable,10.1093/nar/gkad1082,0.15389554084936607,top 10%,monarch initiative
NCBI Viral Genomes Resource,NCBI Virus,https://www.ncbi.nlm.nih.gov/genome/viruses/,1984,"NCBI Virus is an integrative, value-added resource designed to support retrieval, display and analysis of a curated collection of virus sequences and large sequence datasets. We are a community portal for viral sequence data, and our goal is to increase the usability of data archived in GenBank and other NCBI repositories.

NCBI Viral Genomes Resource is a collection of virus genomic sequences that provides curated sequence data, related information and tools. It includes all complete viral genome sequences deposited in the International Nucleotide Sequence Database Collaboration (INSDC) databases, i.e. DDBJ, EMBL, and GenBank. Data are organized by viral taxonomy, and reference sequence records (RefSeqs) from one or more genome sequences for each viral species. After a RefSeq has been created for a species, other complete genomes from that same species are indexed as neighbors to the RefSeq.",ready,knowledgebase,United States,2014,,,"National Center for Biotechnology Information (NCBI), Rockville, MD, USA",Government body,General Enquiries,genomes@ncbi.nlm.nih.gov,open,controlled,10.1128/JVI.02005-07; 10.1093/nar/gku1207; 10.1093/nar/gku1126; 10.1093/nar/gkw1065; 10.1038/nbt.4306; 10.1371/journal.pone.0202513; 10.3390/v9040070; 10.1038/nrmicro.2016.177; 10.7287/peerj.preprints.3428v1,0.15383939827979043,top 10%,ncbi viral genomes resource
Human Gene and Protein Database,HGPD,http://hgpd.lifesciencedb.jp/cgi/,1592,Human Gene and Protein Database (HGPD) presents SDS-PAGE patterns and other informations of human genes and proteins.,ready,repository,Japan,2008,"Japan Biological Informatics Consortium (JBIC), Tokyo, Japan",Undefined,"National Institute of Advanced Industrial Science and Technology, Tokyo, Japan; Biomedical Informatics Laboratory, Department of Molecular Life Science, Division of Basic Medical Science and Molecular Medicine, Tokai University School of Medicine, Tokyo, Japan",Research institute; University,HGDP Helpmail,HGPD@m.aist.go.jp,open,not applicable,doi:10.1038/nmeth.1273; 10.1093/nar/gkn872; 10.1093/nar/gkr1188,0.15362657648311012,top 10%,human gene and protein database
BIOchemical PathwaY DataBase,BIOPYDB,http://biopydb.ncl.res.in/biopydb/index.php,2829,"BIOPYDB is a manually-curated database of human cell specific biochemical pathway data. The information within BIOPYDB is primarily extracted from published scientific literature and a selection of databases. The reconstructed pathways contain information about proteins, protein complexes, inorganic molecules, mutated and onco-proteins of signalling, disease and immunological pathways. Every molecule and interaction listed in the database contains at least one reference in a peer reviewed journal.",deprecated,repository,India,2017,"Council of Scientific and Industrial Research (CSIR), New Delhi, India; Council of Scientific and Industrial Research (CSIR), New Delhi, India; SERB, Ministry of Science and Technology, Government of India",Government body,"Chemical Engineering and Processing Development (CEPD), CSIR-National Chemical Laboratory, Pune, India",Research institute,Ram Rup Sarkar,rr.sarkar@ncl.res.in,not found,not found,10.1515/jib-2017-0072,0.15297957757833822,top 10%,biochemical pathway database
BioXpress,BioXpress,https://hive.biochemistry.gwu.edu/tools/bioxpress/,2238,BioXpress is a curated gene expression and disease association database where the expression levels are mapped to genes.,deprecated,knowledgebase,United States,2014,"Early Detection Research Network (EDRN), National Cancer Institute (NCI), USA",Undefined,"George Washington University, DC, USA",University,Quan Wan,wanquan@gwmail.gwu.edu,not found,not found,10.1093/database/bav019,0.15295647514885297,top 10%,bioxpress
Biological Expression Language Commons,BEL Commons,https://bel-commons.scai.fraunhofer.de/,5422,"BEL Commons is an environment for curating, validating, and exploring knowledge assemblies encoded in Biological Expression Language (BEL) to support elucidating disease-specific, mechanistic insight.",deprecated,knowledgebase,Germany,2018,"Innovative Medicines Initiative, Europe",Consortium,"Fraunhofer Institute for Algorithms and Scientific Computing SCAI, Sankt Augustin, Germany",Research institute,Charles Tapley Hoyt,charles.hoyt@scai.fraunhofer.de,open,not applicable,10.1093/database/bay126,0.1529357785431364,top 10%,biological expression language commons
DataverseNL ,DataverseNL,https://dataverse.nl/,2560,"DataverseNL provides online storage, sharing and registration of research data, during the research period and after its completion. DataverseNL is a shared service provided by participating institutions and DANS. DataverseNL uses the Dataverse software developed by Harvard University, which is used worldwide.",ready,repository,Netherlands,2014,,,Data Archiving and Networked Services,Research institute,DataverseNL Helpdesk,info@dataverse.nl,controlled,controlled,,0.1526215686332846,top 10%,dataversenl
Human Mitochondrial Database,HmtDB,http://www.hmtdb.uniba.it,1594,"HmtDB is an open resource created to support population genetics and mitochondrial disease studies. The database hosts human mitochondrial genome sequences annotated with population and variability data, the latter being estimated through the application of the SiteVar/MitVarProt programs, based on site-specific nucleotide and aminoacid variability calculations. The annotations are manually curated thus adding value to the quality of the information provided to the end-user.",deprecated,knowledgebase,Italy,2004,,,"University of Bari, Bari, Italy",Undefined,Marcella Attimonelli,marcella.attimonelli@uniba.it,not found,not found,10.1186/1471-2105-6-S4-S4; 10.1093/nar/gkw1066,0.15163633375410554,top 10%,human mitochondrial database
Human Protein Reference Database,HPRD,http://www.hprd.org/,1930,"The Human Protein Reference Database represents a centralized platform to visually depict and integrate information pertaining to domain architecture, post-translational modifications, interaction networks and disease association for each protein in the human proteome.",deprecated,knowledgebase,"India, United States",2008,,,"Institute of Bioinformatics, Bangalore, India",Research institute,Akhilesh Pandey,pandey.akhilesh@mayo.edu,not found,not found,10.1093/nar/gkn892,0.15092805309161908,top 10%,human protein reference database
DR-NTU (Data),,https://researchdata.ntu.edu.sg/,4526,"DR-NTU (Data) is an institutional research data repository of Nanyang Technological University (NTU), Singapore. 
The repository has a mission to curate, store, preserve, make available and enable the download of digital data generated by the NTU research community in various disciplines. The repository develops and provides guidance for managing, sharing, and reusing research data to promote responsible data sharing in support of open science and research integrity.",ready,repository,Singapore,2017,,,Nanyang Technological University,University,Institutional Repository (OIKLS),spi@ntu.edu.sg,partially open,controlled,10.5281/zenodo.8091464,0.14987846123478069,top 10%,dr-ntu (data)
DistiLD Database: Diseases and Traits in Linkage Disequilibrium Blocks,DistiLD,http://distild.jensenlab.org,1571,The DistiLD database aims to increase the usage of existing genome-wide association studies (GWAS) results by making it easy to query and visualize disease-associated SNPs and genes in their chromosomal context.,deprecated,knowledgebase,Denmark,2011,"Novo Nordisk Foundation Center for Protein Research (CPR), Denmark",Research institute,"Disease Systems Biology Group, Novo Nordisk Foundation Center for Protein Research, University of Copenhagen, Copenhagen, Denmark",Undefined,Support email,distild@jensenlab.org,not found,not found,10.1093/nar/gkr899,0.14907926801740887,top 10%,distild database: diseases and traits in linkage disequilibrium blocks
wiki-pain,wiki-pain,http://wiki-pain.org/vhosts/wikipaints/mediawiki-1.19.1/index.php/Main_Page,1728,"wiki-pain.org is a wiki containing molecular interactions that are relevant to pain. Each molecular interaction is shown in relation to pain, disease, mutations, anatomy and a summary of its mentions throughout the literature is provided.",deprecated,repository,United Kingdom,2013,"Biotechnology and Biological Sciences Research Council (BBSRC), UK",Government body,"University of Manchester, UK",University,Daniel Jamieson,dan.jamieson@manchester.ac.uk,not found,not found,10.1093/database/bat033,0.149034505550809,top 10%,wiki-pain
Global Unique Device Identification Database,GUDID,https://accessgudid.nlm.nih.gov/,2274,"The Global Unique Device Identification Database (GUDID - pronounced ""Good ID"") is a database administered by the FDA as part of the UDI system. The GUDID contains device identification information submitted by device companies to the FDA. The GUDID contains ONLY the Device Identifier (DI), which serves as the primary key to obtain information in the database. Production Identifiers (PI) are not submitted to or stored in the GUDID, but GUDID data indicates which PIs are on the device label. Many data elements in the GUDID correspond to information on the medical device label. The figure below shows a fictitious medical device label and identifies the GUDID data elements that appear on the label. Please refer to the FDA UDI website for more information about GUDID data elements.",ready,repository,United States,2016,United States Food and Drug Administration (FDA),Government body,United States Food and Drug Administration (FDA),Government body,,,open,controlled,10.1016/j.ahj.2014.07.001,0.1486966779318017,top 10%,global unique device identification database
NIAAA Data Archive,,https://nda.nih.gov/niaaa/,5559,"The National Institute on Alcohol Abuse and Alcoholism Data Archive (NIAAA-DA) is a data repository that houses and shares hundreds of alcohol-related, human subjects study data generated by NIAAA-funded research. NIAAA-DA is housed within the NIMH Data Archive (NDA) which provides infrastructure for sharing research data, tools, methods, and analyses enabling collaborative science and discovery. De-identified human subjects data, harmonized to a common standard, are available to qualified researchers.  Summary data is available to all.",ready,repository,United States,,National Institutes of Health,Government body,National Institute on Alcohol Abuse and Alcoholism,Government body,Support,NDAHelp@mail.nih.gov,partially open,controlled,,0.14835369936260817,top 10%,niaaa data archive
Proteoform Atlas,,http://repository.topdownproteomics.org/,6908,"The Proteoform Atlas is a community-driven database that gathers experimentally observed proteoforms, which are distinct molecular forms of proteins created by genetic variation, splicing, or chemical modifications. It allows researchers to explore proteoform diversity across organisms and upload their own validated datasets. The project aims to standardize identifiers, encourage data sharing, and advance understanding of protein complexity in biology and disease.",ready,knowledgebase_and_repository,"France, Germany, United States",,,,Consortium for Top-Down Proteomics (CTDP),Consortium,Neil Kelleher,n-kelleher@northwestern.edu,open,open,10.1093/nar/gkab1086; 10.1126/science.aaz5284,0.14825433973060256,top 10%,proteoform atlas
CESSDA Vocabulary Service,CESSDA VS,https://vocabularies.cessda.eu/#!discover,1329,"CESSDA Vocabulary Service enables users to discover, browse, and download controlled vocabularies in a variety of languages. The service is provided by the Consortium of European Social Science Data Archives (CESSDA). The majority of the source (English) vocabularies included in the service have been created by the DDI Alliance. The Data Documentation Initiative (DDI) is an international standard for describing data produced by surveys and other observational methods in the social, behavioural, economic, and health sciences.",ready,repository,Norway,,,,Consortium of European Social Science Data Archives,Consortium,General contact,cessda@cessda.eu,open,controlled,,0.1478557493951607,top 10%,cessda vocabulary service
idUS : Depósito de Investigación de la Universidad de Sevilla,idUS,https://idus.us.es,4622,"idUS is the digital archive that gives access to full text of the scientific production of the University of Seville and their datasets. Its objective is to gather, preserve and disseminate the documents and data resulting from the scientific activity of the University, making the documents and data visible, accessible, recoverable, usable and preservable for any user.",ready,repository,Spain,2015,University of Seville,University,,,idUS; Juan Antonio Barrera,idus@us.es; jabarrera@us.es,open,controlled,,0.14778921101646458,top 10%,idus : depósito de investigación de la universidad de sevilla
BCCM/ITM Mycobacteria Collection,BCCM/ITM,http://bccm.belspo.be/about-us/bccm-itm,2394,"BCCM/ITM harbours one the largest and most diverse collections of well-documented mycobacteria worldwide, including the TDR TB-Strain bank. BCCM/ITM is hosted by and sharing its research interests with the Mycobacteriology Unit at the Institute of Tropcial Medicine in Antwerp, dedicated in research to combat tuberculosis, Buruli ulcer and other mycobacterial diseases.",ready,repository,Belgium,2011,"Belgian Science Policy Office (Belspo), Belgium",Government body,"Institute of Tropcial Medicine (ITM), Antwerp, Belgium",Government body,BCCM/ITM,BCCM.ITM@itg.be,open,open,,0.14770531945135962,top 10%,bccm/itm mycobacteria collection
NF Data Portal,,https://nf.synapse.org,6899,"The NF Data Portal is a public repository that shares and stores data from collaborative research on neurofibromatosis and related schwannomatoses. It contains molecular data, clinical data, imaging assays, and other experimental data, along with tools, metadata, publications, and biological resources (cell lines, mouse models, plasmids).",ready,repository,United States,,,,Sage Bionetworks,Research institute,General Contact,nf-osi@sagebionetworks.com,open,open,,0.14710461980548253,top 10%,nf data portal
SugarBind,SugarBind,http://sugarbind.expasy.org/,2397,"The SugarBind Database (SugarBindDB) was created in 2002 as part of an effort by the MITRE Corporation (http://www.mitre.org) to develop a pathogen-capture technology based on the binding of viral, bacterial and biotoxin lectins to specific glycans (aka, sugars, carbohydrates) displayed on glycoprotein films. The database content results from compiling publicly available information. In 2010, the 2008 version of the database was migrated from MITRE Corporation to the SIB Swiss Institute of Bioinformatics in Geneva, Switzerland. From then, substantial changes in the database design and usage were undertaken and previous content was significantly extended.",ready,knowledgebase,Switzerland,2002,"Swiss National Science Foundation (SNSF),  Switzerland; National eResearch Collaboration Tools and Resources project (NeCTAR), Victoria, Australia; European Commission FP7",Government body; Undefined,"Swiss Institute of Bioinformatics (SIB), Switzerland",Research institute,Frederique Lisacek,frederique.lisacek@isb-sib.ch,open,not applicable,10.1007/978-4-431-56454-6_13; 10.1093/nar/gkv1247,0.1470995145147635,top 10%,sugarbind
Human siRNA database,HuSiDa,http://itb.biologie.hu-berlin.de/~nebulus/sirna/index.htm,1819,"HuSiDa is a public database that serves as a depository for both, sequences of published functional siRNA molecules targeting human genes and important technical details of the corresponding gene silencing experiments. It aims at supporting the setup and actual procedure of specific RNAi experiments in human cells.",deprecated,repository,Germany,,"Deutsche Forschungsgemeinschaft (DFG); Bundesministerium fur Bildung und Forschung (BMBF), Germany",Government body,"Charite - University Medicine Berlin, Berlin, Germany",University,Matthias Truss,Matthias.Truss@Charite.de,not found,not found,10.1093/nar/gki131,0.14651308489212092,top 10%,human sirna database
Ersilia Model Hub,,https://www.ersilia.io/model-hub,7230,"The Ersilia Model Hub is a unified open‑source platform offering pretrained AI/ML models for drug discovery in infectious and neglected diseases. You can run models online (no coding needed) or download them for local inference. It also enables contributions of models from literature or new custom models, promoting open access and reuse. As part of Ersilia’s mission, it empowers research in low‑resource settings by making AI/ML tools more accessible.",ready,repository,Spain,,,,Ersilia,Charitable foundation,Gemma Turon; Miquel Duran-Frigola,gemma@ersilia.io; miquel@ersilia.io,partially open,open,,0.14626872356683945,top 10%,ersilia model hub
Neuro Open Biobank,,https://www.mcgill.ca/neuro/research/open-biobank,7898,"The Neuro Open Biobank is a large open-science repository that combines biological samples with clinical, imaging, and genetic data from people with neurological conditions and healthy volunteers. It functions as both a patient registry and a research database, making de-identified data and specimens available to researchers worldwide to advance understanding of diseases like ALS, Parkinson’s, MS, autism and others.",ready,repository,Canada,,,,Montreal Neurological Institute-Hospital; McGill University,Research institute; University,Jason Karamchandani,jason.karamchandani@mcgill.ca,partially open,open,,0.14612292514239056,top 10%,neuro open biobank
HypoxiaDB,HypoxiaDB,http://www.hypoxiadb.com/,2632,HypoxiaDB is a manually-curated non-redundant catalogue of human hypoxia-regulated proteins with a goal of collecting proteins whose expression patterns are altered in hypoxic conditions.,deprecated,knowledgebase,India,2012,,,,,Pankaj Khurana,pkhurana08@gmail.com,not found,not found,10.1093/database/bat074,0.14544560636858372,top 10%,hypoxiadb
Type 1 Diabetes Database,T1DBase,http://t1dbase.org/,2074,T1DBase focuses on two research areas in type 1 diabetes (T1D): the genetics of T1D susceptibility and beta cell biology.,deprecated,knowledgebase,United Kingdom,2003,,,Type 1 Diabetes Genetics Consortium,Undefined,John Todd,john.todd@cimr.cam.ac.uk,not found,not found,10.1093/nar/gkq912; 10.1093/nar/gki095; 10.1093/nar/gkl933,0.14526087090144157,top 10%,type 1 diabetes database
INDEPTH Data Repository,,https://www.indepth-ishare.org/index.php/home,6608,"The International Network for the Demographic Evaluation of Populations and Their Health (INDEPTH) is a global network of research centres that conduct longitudinal health and demographic evaluation of populations in low- and middle-income countries (LMICs). INDEPTH aims to strengthen global capacity for Health and Demographic Surveillance Systems (HDSSs), and to mount multi-site research to guide health priorities and policies in LMICs, based on up-to-date scientific evidence. Note by FAIRsharing 27.01.26 : the website is very slow, but data are accessible.",ready,knowledgebase,Ghana,2007,Wellcome; Swedish International Development Cooperation Agency; International Development Research Centre (IDRC); Bill and Melinda Gates Foundation; Hewlett Foundation,Government body; Charitable foundation,INDEPTH Data Repository,Consortium,iSHARE2 Helpdesk,data_manager@kemhrcvadu.org,open,not found,,0.14458327318206352,top 10%,indepth data repository
UniSave,,https://www.ebi.ac.uk/uniprot/unisave/app/#/,6880,"UniSave is the UniProtKB Sequence/Annotation Version Archive and provide a repository containing every version of every Swiss-Prot/TrEMBL entry in the UniProt Knowledge Base (UniProtKB). This is achieved by archiving, every release, the entry versions within the current release.",ready,repository,European Union,,,,European Molecular Biology Laboratory,Research institute,Rolf Apweiler,apweiler@ebi.ac.uk,open,not applicable,10.1093/bioinformatics/btl105,0.144524343590921,top 10%,unisave
ILOSTAT,,https://ilostat.ilo.org/,6894,"The ILO Department of Statistics is the focal point to the United Nations on labour statistics. We develop international standards for better measurement of labour issues and enhanced international comparability; provide relevant, timely and comparable labour statistics; and help Member States develop and improve their labour statistics.",ready,repository,Worldwide,,,,International Labour Organization,"Government body, Charitable foundation",General Contact ILO,ilo@ilo.org,open,not applicable,,0.14443955494005406,top 10%,ilostat
Melanoma Molecular Map Project,MMMP,http://www.mmmp.org/MMMP/,1953,A collection of molecular interaction maps and pathways involved in cancer development and progression with a focus on melanoma.,deprecated,repository,United States,2007,"Intergruppo Melanoma Italiano (IMI), Genova, Italy; Piccoli Punti, Italia",Charitable foundation,,,Simone Mocellin,simone.mocellin@unipd.it,not found,not found,10.1097/CMR.0b013e328300c50b,0.14428871603774943,top 10%,melanoma molecular map project
NIH Human Microbiome Project,HMP,http://hmpdacc.org/,2255,"The NIH Common Fund Human Microbiome Project (HMP) was established in 2008, with the mission of generating resources that would enable the comprehensive characterization of the human microbiome and analysis of its role in human health and disease. The HMP has characterized the microbial communities found at several different sites on the human body: nasal passages, oral cavity, skin, gastrointestinal tract, and urogenital tract.",ready,knowledgebase,United States,2008,"National Library of Medicine (NLM), Bethesda, MD, USA; NIH Common Fund","Government body; Government body, Research institute","Baylor College of Medicine (BCM), Texas, USA; NIH Data Analysis and Coordination Center (DACC); Human Microbiome Project, Broad Institute, Cambridge, MA, USA; J. Craig Venter Institute (JCVI), La Jolla, CA, USA; Washington University in St. Louis School of Medicine",Research institute; University; Undefined,,,open,not applicable,10.1038/nature11234; 10.1038/nature11209; 10.1038/s41586-019-1238-8,0.1442476063838746,top 10%,nih human microbiome project
Cell Signaling Technology Pathway Database,CST,https://www.cellsignal.com/,1800,A small pathway portal for showcasing Cell Signaling Technology phospho-antibody products. Contains pathway diagrams that are clickable and link to more information about each protein and the commercial products that are available for that protein.,ready,repository,United States,,"Cell Signaling Technology (CST), Danvers, MA, USA",Company,,,General Enquiries,webmaster@cellsignal.com,not found,controlled,,0.14398121932143826,top 10%,cell signaling technology pathway database
QUADRatlas,,https://rg4db.cibio.unitn.it/,4416,"QUADRatlas is a database of experimentally-derived and computationally predicted RNA G-quadruplex (RG4s) in the human transcriptome, enriched with biological function and disease associations. QUADRatlas includes known interactions of RG4s with RNA-binding proteins (RBPs), complemented with an extensive RBP binding sites dataset. Users can thus intersect RG4s with their potential regulators and effectors, enabling the formulation of novel hypotheses on RG4 regulation, function and pathogenicity. To support this capability, we provide analysis tools for predicting whether an RBP can bind RG4s, RG4 enrichment in a gene set, and de novo RG4 prediction. Genome-browser and table views allow exploring, filtering, and downloading the data quickly for individual genes and in batch. ",ready,knowledgebase,"France, Italy",2022,,,"Department CIBIO, University of Trento",University,Erik Dassi,erik.dassi@unitn.it,open,not applicable,10.1093/nar/gkac782,0.14334522530299895,top 10%,quadratlas
Human Ageing Genomic Resources,HAGR,https://genomics.senescence.info/,1703,"The Human Ageing Genomic Resources (HAGR) is a collection of databases and tools for the biology and genetics of ageing. HAGR features several databases with high-quality, manually-curated data: 1) GenAge, a database of genes associated with ageing in humans and model organisms; 2) AnAge, an extensive collection of longevity records and complementary traits for over 4,000 vertebrate species; and 3) GenDR, a database containing both gene mutations that interfere with dietary restriction-mediated lifespan extension and consistent gene expression changes induced by dietary restriction.",ready,knowledgebase,United Kingdom,2002,"The Wellcome Trust, UK",Charitable foundation,"Institute of Integrative Biology, University of Liverpool, Liverpool, UK",Government body,João Pedro de Magalhães,jp@senescence.info,open,not applicable,10.1111/j.1474-9726.2008.00442.x,0.14322267613540843,top 10%,human ageing genomic resources
Turkish Journal of Veterinary Research,TJVR,https://dergipark.org.tr/en/pub/tjvr,2565,This resource is no longer available because its underlying source material is not in scope for FAIRsharing.Maintainers previously linked: [1170]. Licences previously linked: [167].,ready,repository,Turkey,2017,,,,,Ebubekir Ceylan,ebubekirceylan@gmail.com,not found,not found,,0.14322177513078524,top 10%,turkish journal of veterinary research
Data.CDC.gov,Data.CDC.gov,https://data.cdc.gov,2897,Data.CDC.gov hosts data sets published by the Centers for Disease Control and Prevention on public health topics.,ready,repository,United States,2013,United States Department of Health and Human Services,Government body,Centers for Disease Control and Prevention,Government body,Data@cdc.gov,data@cdc.gov,open,not applicable,,0.1431408752859228,top 10%,data.cdc.gov
Pharmacogenomics Knowledge Base,PharmGKB,https://www.pharmgkb.org/,2058,"PharmGKB curates primary genotype and phenotype data, annotates gene variants and gene-drug-disease relationships via literature review, and summarizes important PGx genes and drug pathways. PharmGKB collects, curates and disseminates knowledge about the impact of human genetic variation on drug responses.",ready,knowledgebase,United States,2001,"National Institutes of Health (NIH), Bethesda, MD, USA; National Institute of General Medical Sciences (NIGMS), Bethesda, MD, USA",Government body,"Stanford University, CA, USA",University,General contact,feedback@pharmgkb.org,open,not applicable,10.1038/sj.tpj.6500035,0.14305215096457216,top 10%,pharmacogenomics knowledge base
National Database for Autism Research,NDAR,http://ndar.nih.gov/,2024,"National Database for Autism Research (NDAR) is an extensible, scalable informatics platform for austism spectrum disorder-relevant data at all levels of biological and behavioral organization (molecules, genes, neural tissue, behavioral, social and environmental interactions) and for all data types (text, numeric, image, time series, etc.). NDAR was developed to share data across the entire ASD field and to facilitate collaboration across laboratories, as well as interconnectivity with other informatics platforms.",deprecated,repository,United States,2007,"National Institutes of Health (NIH), Bethesda, MD, USA",Government body,"National Institute of Mental Health (NIMH), Bethesda, MD, USA",Government body,,ndarhelp@mail.nih.gov,not found,not found,10.1007/s12021-012-9151-4,0.14292279775691047,top 10%,national database for autism research
AURIN Data Portal ,,https://data.aurin.org.au/?_gl=1*1vxf64a*_ga*MTYwMzQ0Mzk1Ni4xNzc0NDU0ODMy*_ga_F4HMHG6N96*czE3NzQ0NTQ4MzEkbzEkZzEkdDE3NzQ0NTQ5NjkkajYwJGwwJGgw,7926,"The AURIN Data Portal is an open access platform that brings together a wide range of spatial and statistical datasets for urban research in Australia. It provides information on population, housing, infrastructure, transport, environment, health, and more, all in one place to support analysis and planning. Users can visualize, download, or integrate data for research, policy development, and decision-making in urban and regional contexts.",ready,repository,Australia,,National Collaborative Research Infrastructure Strategy,Government body,"The University of Melbourne, Australia;  Australian Urban Research Infrastructure Network (AURIN)",Research institute; University,General Contact,support@aurin.org.au,partially open,controlled,,0.1426443268463626,top 10%,aurin data portal
PhenoDis,PhenoDis,https://mips.helmholtz-muenchen.de/phenodis/,2835,"PhenoDis is a manually annotated database providing symptomatic, genetic and imprinting information about rare cardiac diseases. PhenoDis is primarily concerned with the assignment of clinical symptoms to rare diseases using the biomedical literature as information source and the Human Phenotype Ontology (HPO) as vocabulary. 
",ready,knowledgebase,Germany,2017,,,"Helmholtz Zentrum München, German Research Center for Environmental Health (GmbH)",Government body,Dr. Andreas Ruepp,andreas.ruepp@helmholtz-muenchen.de,open,not applicable,10.1186/s13023-018-0765-y,0.14241420763399532,top 10%,phenodis
UNdata,UNdata,http://data.un.org/,3167,"UNdata is an international statistical database providing search and download options for a variety of statistical resources compiled by the United Nations (UN) statistical system and other international agencies. The numerous databases or tables, collectively known as ""datamarts"", contain over 60 million data points and cover a wide range of statistical themes including agriculture, crime, communication, development assistance, education, energy, environment, finance, gender, health, labour market, manufacturing, national accounts, population and migration, science and technology, tourism, transport and trade.",ready,knowledgebase,Worldwide,2005,,,"Statistics Division, United Nations Department of Economic and Social Affairs (UN DESA), United Nations, New York, NY, USA",Government body,UNdata General Contact,statistics@un.org,open,not applicable,,0.14231856799658363,top 10%,undata
Selective Targets database,SelTarbase,http://www.seltarbase.org/,2635,"The Selective Targets database (SelTarbase ) is a curated database of public MNR mutation data in microsatellite unstable human tumors. A comprehensive database of all human coding, untranslated, non-coding RNA- and intronic MNRs (MNR_ensembl) is also included.",deprecated,repository,Germany,2009,"Deutsche Krebshilfe; Klaus Tschira Foundation, Heidelberg, Germany",Charitable foundation,,,Stefan M. Woerner,stefan.woerner@medma.uni-heidelberg.de,open,open,10.1093/nar/gkp839,0.1422434115863058,top 10%,selective targets database
CCDI Molecular Targets Platform,MTP,https://moleculartargets.ccdi.cancer.gov/,5590,"The CCDI MTP allows researchers to browse and identify associations between molecular targets, diseases, and drugs specific for childhood cancers.",ready,knowledgebase,United States,,National Institutes of Health,Government body,"National Cancer Institute, National Institutes of Health",Government body,,,partially open,not found,,0.1418844760019134,top 10%,ccdi molecular targets platform
PanDrugs2,,https://www.pandrugs.org/#!/,6204,"PanDrugs provides a bioinformatics platform to prioritize anticancer drug treatments according to individual multi-omics data. The current version of PanDrugs database integrates data from 23 primary sources and stores 74,087 drug-target associations obtained from 4,642 genes and 14,659 unique compounds.",ready,knowledgebase,Spain,,Spanish Instituto de Salud Carlos III Instituto Nacional de Bioinformatica,Government body,Spanish National Cancer Research Centre; Universidade de Vigo,Research institute; University,Fátima Al-Shahrour,falshahrour@cnio.es,open,not applicable,10.1186/s13073-018-0546-1; 10.1093/nar/gkad412,0.14185549737163672,top 10%,pandrugs2
EpiFactors,,https://epifactors.autosome.org/,2215,"EpiFactors is a web-accessible database that provides broad information about human proteins and complexes involved in epigenetic regulation. It also lists corresponding genes and their expression levels in several samples, in particular 458 human primary cell samples, 255 different cancer cell lines and 134 human post-mortem tissues. Each protein and complex entry has been provided with links to external public resources.",ready,knowledgebase,"Japan, Norway, Russia, Spain, Sweden",2014,Ministerio de Asuntos Economicos y Transformacion Digital; Russian Foundation for Basic Research; Russian Foundation for Basic Research; Ministerio de Asuntos Economicos y Transformacion Digital,Research institute; Government body,Moscow Institute of Physics and Technology,"Research institute, University",Yulia Medvedeva,ju.medvedeva@gmail.com,open,not applicable,10.1093/database/bav067; 10.1093/nar/gkac989,0.14166375126535127,top 10%,epifactors
arrayMap - Genomic Array Data for Cancer CNV Profiles,arrayMap,http://arraymap.org,2135,"Part of the Progenetix project, the arrayMap database facilitates the study of the genetics of human cancer. The Progenetix project provides the data customisation and visualization tools to mine the available data. The arrayMap database is developed by the group ""Theoretical Cytogenetics and Oncogenomics"" at the Department of Molecular Life Sciences of the University of Zurich.",ready,repository,Switzerland,2011,ELIXIR Europe,Government body,"Swiss Institute of Bioinformatics; University of Zurich, Switzerland",Research institute; University,Michael Baudis,mbaudis@me.com,open,open,10.1371/journal.pone.0036944; 10.1093/nar/gku1123; 10.1186/1471-2164-15-82; 10.1093/nar/gkv1310,0.14155883316112136,top 10%,arraymap - genomic array data for cancer cnv profiles
