name,abbreviation,url,id,description,status,record_type,countries,year_created,funder,funder_type,maintaining_institution,maintaining_type,contact_name,contact_email,data_access_condition,data_deposition_condition,publications
 COVID-19 Data Repository,,https://www.openicpsr.org/openicpsr/covid19,4074,"The COVID-19 Data Repository is a repository for data examining the social, behavioral, public health, and economic impact of the novel coronavirus global pandemic. This is a free self-publishing option for any researcher who wants to share data related to COVID-19. Deposits should include all data, annotated program code, command files, and documentation necessary to understand the data collection and/or replicate research findings.
",ready,repository,United States,2022,,,"Regents of the University of Michigan, USA",Undefined,,,open,open,
AccessClinicalData@NIAID,,https://accessclinicaldata.niaid.nih.gov/,5584,"AccessClinicalData@NIAID is a NIAID cloud-based, controlled access, secure data platform that enables sharing of and access to reports and data sets from NIAID COVID-19 and other sponsored clinical trials for the basic and clinical research community.",ready,repository,United States,,National Institutes of Health,Government body,"National Institute of Allergy and Infectious Diseases, National Institutes of Health",Government body,,,controlled,open,
Addgene,Addgene,https://www.addgene.org/,1738,"Addgene is a non-profit plasmid repository dedicated to helping scientists around the world share high-quality plasmids. Addgene are working with thousands of laboratories to assemble a high-quality library of published plasmids for use in research and discovery. By linking plasmids with articles, scientists can always find data related to the materials they request.",ready,repository,"United Kingdom, United States",2004,Addgene,Company,Addgene,Company,General Contact Email,info@addgene.org,open,open,10.1038/nbt.2177; 10.1038/505272a; 10.1093/nar/gku893
Alliance of Genome Resources,,https://www.alliancegenome.org,2530,"The primary mission of the Alliance of Genome Resources (the Alliance) is to develop and maintain sustainable genome information resources that facilitate the use of diverse model organisms in understanding the genetic and genomic basis of human biology, health and disease.",ready,knowledgebase,"United Kingdom, United States",2017,"National Human Genome Research Institute (NHGRI), Bethesda, MD, USA; National Heart, Lung and Blood Institute (NHLBI), National Institutes of Health (NIH), Bethesda, MD, USA",Government body,Alliance of Genome Resources Consortium,Consortium,General Contact,help@alliancegenome.org,open,not applicable,10.1093/nar/gkz813; 10.1534/genetics.119.302523
American Society of Clinical Oncology (ASCO) Survey on COVID-19 in Oncology Registry,ASCO Registry,https://old-prod.asco.org/covid-resources/asco-registry,3223,"The American Society of Clinical Oncology (ASCO) Survey on COVID-19 in Oncology Registry (ASCO Registry) aims to help the cancer community learn more about the patterns of symptoms and severity of COVID-19 among patients with cancer, as well as how COVID-19 is impacting the delivery of cancer care and patient outcomes. The ASCO Registry is designed to collect both baseline and follow-up data on how the virus impacts cancer care and cancer patient outcomes during the COVID-19 pandemic and into 2021.",deprecated,repository,United States,2020,,,"American Society of Clinical Oncology, USA",Consortium,General contact,CENTRA@asco.org,partially open,not applicable,
Antibody Registry,,https://antibodyregistry.org/,1725,"The Antibody Registry exists to give researchers a way to universally identify antibodies used in publications. The registry lists many commercial antibodies from about 200 vendors which have each been assigned a unique identifier. If the antibody that you are using does not appear in the list, an entry can be made by filling in as little as 2 pieces of information: the catalog number and the url of the vendor where our curators can find information and material data sheets. Many optional fields can also be filled in that will help curators identify the reagent. After submitting an antibody, you are given a permanent identifier that can be used in publications. This identifier even if it is later found to be a duplicate, can be quickly traced back in the antibody registry. We never delete records, but we collapse duplicate entries on a regular basis (the old identifiers are kept to help with search).",ready,repository,United States,2009,"National Institutes of Health (NIH) Blueprint for Neuroscience Research, Bethesda, MD, USA",Government body,Neuroscience Information Framework (NIF),Consortium,Anita Bandrowski,abandrowski@ucsd.edu,open,open,10.1038/nmeth.2570; 10.1093/nar/gkac927
Arca Dados,,https://arcadados.fiocruz.br/,5829,"Arca Dados is Fiocruz's official research data repository. Its mission is to be the platform for archiving, publishing, disseminating, preserving and sharing digital research data produced by the Fiocruz community and/or in partnership with other research institutes or bodies, following the FAIR principles.",ready,repository,Brazil,2019,,,Fundação Oswaldo Cruz,Government body,Vanessa Jorge,vanessa.jorge@fiocruz.br,partially open,controlled,
BBMRI-ERIC Directory,,https://directory.bbmri-eric.eu/,2857,"The BBMRI-ERIC Directory is a tool to share aggregate information about biobanks across Europe. The Directory welcomes new biobanks to join and publish information about themselves, including their contact information in the directory. The BBMRI-ERIC Directory can help researchers find relevant biobanks, get their contact information and identify appropriate infrastructure for the storage of samples for research purposes.",ready,repository,"Austria, Belgium, Bulgaria, Cyprus, Czech Republic, Estonia, Finland, Germany, Greece, Hungary, Italy, Latvia, Lithuania, Malta, Netherlands, Norway, Poland, Slovenia, Spain, Sweden, Switzerland, Turkey, United Kingdom, European Union",2015,,,"BBMRI-ERIC national nodes, Graz, Austria; BBMRI-ERIC; Biobanking and Biomolecular Resources Research Infrastructure (BBMRI), The Netherlands",Undefined; Consortium,Petr Holub,petr.holub@bbmri-eric.eu,open,controlled,10.1089/bio.2016.0088
Better Outcomes Registry & Network,BORN Ontario,https://www.bornontario.ca/en/index.aspx,4061,"Funded by the Government of Ontario, the Better Outcomes Registry & Network (BORN) is Ontario's prescribed perinatal, newborn and child registry with the role of facilitating quality care for families across the province. BORN collects, interprets, shares and rigorously protects high-quality data.
",ready,repository,Canada,2020,,,Children's Hospital of Eastern Ontario,Government body,COVID Inquiries; General Inquiries,covid@bornontario.ca; info@bornontario.ca,controlled,open,
BioData.pt Data Management Portal,DMPortal,https://dmportal.biodata.pt/,4475,"The BioData.pt Data Management Portal (DMPortal) was created to share, preserve, cite, explore and analyze research data, and implements several domain-specific metadata standards such as MIAPPE, which the BioData.pt Plant Sciences Community co-developed together with its ELIXIR collaborators.
DMPortal mints Digital object identifiers (DOIs) for the submitted datasets via DataCite, in a partnership with the Scientific Computing Unit of the Fundação para a Ciência e a Tecnologia (FCT-FCCN). 
",ready,repository,Portugal,2020,,,BioData.pt,Consortium,DMPortal Team,dmportal@biodata.pt,open,open,
BioExcel - Covid19,,https://bioexcel-cv19.bsc.es/#/,4617,BioExcel-CV19 is a platform designed to provide web-access to atomistic-MD trajectories for macromolecules involved in the COVID-19 disease.,ready,repository,Spain,2020,Human Brain Project; BioExcel CoE; EBRAINS AISBL; European Commission Horizon 2020; European Commission Horizon 2020; European Commission Horizon 2020; European Commission Horizon 2020; European Commission Horizon 2020; European Commission Horizon 2020; European Commission Horizon Europe,Government body; Consortium,"Barcelona Supercomputing Center (BSC), Barcelona, Spain; Institute for Research in Biomedicine",Government body,Dani Beltrán,daniel.beltran@irbbarcelona.org,open,controlled,10.1093/nar/gkad991
BioModels,BioModels,https://www.ebi.ac.uk/biomodels/,1846,BioModels is a repository of computational models of biological processes. It allows users to search and retrieve mathematical models published in the literature. Many models are manually curated (to ensure reproducibility) and extensively cross-linked to publicly available reference information.,ready,knowledgebase,"Austria, Belgium, Croatia, Czech Republic, Denmark, Finland, France, Germany, Greece, Hungary, Iceland, Ireland, Israel, Italy, Lithuania, Luxembourg, Malta, Montenegro, Netherlands, Norway, Portugal, Slovakia, Spain, Sweden, Switzerland, United Kingdom",2005,"Biotechnology and Biological Sciences Research Council (BBSRC), UK; European Molecular Biology Laboratory (EMBL), Heidelberg, Germany; Innovative Medicines Initiative (IMI), Europe",Research institute; Government body; Consortium,"SBML Community; European Bioinformatics Institute (EMBL-EBI), Wellcome Genome Campus, Hinxton, Cambridgeshire, UK; BBSRC Babraham Institute, Cambridge, UK",Research institute; Government body; Consortium,BioModels Team,biomodels-cura@ebi.ac.uk,open,open,10.1093/nar/gkx1023; 10.1093/nar/gkj092; 10.1002/psp4.3; 10.1093/nar/gkz1055
BioSamples,BioSD,https://www.ebi.ac.uk/biosamples/,1554," The BioSamples database (https://www.ebi.ac.uk/biosamples/) at the European Bioinformatics Institute (EMBL-EBI) is a core infrastructure resource that provides a centralised platform for the storage, curation, and dissemination of biological sample metadata. BioSamples holds sample descriptions across diverse datasets, enhancing their reusability and integrability in accordance with the FAIR (Findable, Accessible, Interoperable, and Reusable) principles. It provides links to assays and specific samples, and accepts direct submissions of sample information.",ready,repository,"Austria, Belgium, Croatia, Czech Republic, Denmark, Finland, France, Germany, Greece, Hungary, Iceland, Ireland, Israel, Italy, Lithuania, Luxembourg, Malta, Montenegro, Netherlands, Norway, Portugal, Slovakia, Spain, Sweden, Switzerland, United Kingdom",2010,European Commission; European Commission FP7,Government body,"European Bioinformatics Institute (EMBL-EBI), Wellcome Genome Campus, Hinxton, Cambridgeshire, UK",Research institute,Support email,biosamples@ebi.ac.uk,open,open,10.1093/nar/gkt1081; 10.1093/nar/gkr937; 10.1093/nar/gky1061; 10.1093/nar/gkab1046; 10.1093/nar/gkaf1133
Biofactoid,Biofactoid,https://biofactoid.org/,4774,"Biofactoid (biofactoid.org) helps authors share a searchable representation of their interactions (e.g. binding, gene expression, post-translational modification) between genes or gene products, as well as chemicals. This information, with author attribution, is shared in social media and public databases, such as Pathway Commons, where it can be discovered and analyzed in the context of a large and growing corpus of knowledge. Biofactoid (biofactoid.org) is a public, academic project between groups at Harvard University, University of Toronto and Oregon Health & Science University to help improve the way we share and search for research findings.",ready,knowledgebase,"Canada, United States",2021,United States Defense Advanced Research Projects Agency; National Institute of General Medical Sciences; National Human Genome Research Institute,Government body,,,Jeffrey V Wong; Gary Bader,jeffvin.wong@utoronto.ca; gary.bader@utoronto.ca,open,open,10.7554/eLife.68292; 10.1093/nar/gkz946; 10.21105/joss.03756
Biological General Repository for Interaction Datasets,BioGRID,http://www.thebiogrid.org,2028,"The Biological General Repository for Interaction Datasets (BioGRID) is a public database that archives and disseminates genetic and protein interaction data from model organisms and humans. BioGRID currently holds over 1,740,000 interactions curated from both high-throughput datasets and individual focused studies, as derived from over 70,000+ publications in the primary literature. Complete coverage of the entire literature is maintained for budding yeast (S. cerevisiae), fission yeast (S. pombe) and thale cress (A. thaliana), and efforts to expand curation across multiple metazoan species are underway. All data are freely provided via our search index and available for download in many standardized formats.",ready,knowledgebase,"Canada, United States",2002,"National Library of Medicine (NLM), Bethesda, MD, USA; Canadian Institutes of Health Research (CIHR); National Institutes of Health Office of Research Infrastructure Programs",Government body,"University of Montreal, Canada; Samuel Lunenfeld Research Institute, Mount Sinai Hospital, Toronto M5G 1X5, Canada.; University of Edinburgh, UK; Princeton University, NJ, USA",Research institute; University,,biogridadmin@gmail.com,open,open,10.1093/nar/gkj109; 10.1186/gb-2003-4-3-r23; 10.1002/pro.3978; 10.1093/nar/gky1079
BridgeDb,,https://bridgedb.github.io,2617,"BridgeDb is a framework and data repository for finding and mapping equivalent identifiers from various databases. BridgeDb provides a framework, live services, and identifier mapping files for genes, gene-variant, proteins, metabolites and interactions.",ready,knowledgebase,"Netherlands, United Kingdom, United States",2009,,,"University of Manchester; Heriot-Watt University, Edinburgh, United Kingdom; University of Missouri, USA; Department of Bioinformatics - BiGCaT, Maastricht University, Maastricht, the Netherlands; Gladstone Institute of Cardiovascular Disease, San Francisco, USA",Research institute; University,Egon Willighagen,egon.willighagen@maastrichtuniversity.nl,open,not applicable,10.1186/1471-2105-11-5
British Association of Dermatologists Biologic and Immunomodulators Register,BADBIR,http://www.badbir.org/,4060,"British Association of Dermatologists Biologic and Immunomodulators Register (BADBIR) is a clinical study to monitor the long-term safety of drugs used to treat psoriasis.
",ready,repository,"Ireland, United Kingdom",2011,,,"University of Manchester, UK",University,General contact,badbir@manchester.ac.uk,controlled,controlled,10.1111/j.1365-2133.2012.10835.x
CITF DATA PORTAL,,https://portal.citf.mcgill.ca/,6924,"The COVID-19 Immunity Task Force Data Portal, run by McGill University, centralizes and standardizes individual-level epidemiological and immunological data from CITF-funded studies across Canada. It enables researchers to explore harmonized variables, submit requests for data access according to established policies, and track approved research projects. The portal supports investigations into SARS-CoV-2 infection history, vaccine effectiveness, immunity (both humoral and cellular), and related public health questions.",ready,repository,Canada,,,,"School of Population and Global Health, McGill University ",University,General Contact,info@citfdatabank.ca,controlled,not found,
COVID-19 CVD Registry,,https://www.heart.org/en/professional/quality-improvement/covid-19-cvd-registry,3244,"As physicians, scientists and researchers worldwide struggle to understand the novel coronavirus (COVID-19) pandemic, the American Heart Association (AHA) is developing a novel registry to aggregate data and aid research on the disease, treatment protocols and risk factors tied to adverse cardiovascular outcomes.",ready,repository,United States,2020,,,"American Heart Association, USA",Consortium,General contact,qualityresearch@heart.org,controlled,controlled,
COVID-19 Data Index,,https://www.covid19dataindex.org,3285,"The COVID-19 Data Index collects and indexes COVID-19 datasets from major data repositories, publications, and individual online sources. Diverse types of datasets, including clinical, epidemiological, imaging, omics, socio-demographic, environment, and transportation data are being generated on a daily basis in response to the COVID-19 pandemic, and the goal of the COVID-19 Data Index is to make these datasets easily findable and reusable for researchers.",ready,repository,United States,2020,"National Science Foundation (NSF), USA; University of Texas Health Science Center (UTHealth), Houston, TX, USA",University; Government body,"School of Biomedical Informatics (SBMI), University of Texas Health Science Center (UTHealth), Houston, TX, USA; Department of Biomedical Informatics (DBMI), University of California at San Diego (UCSD) Health, La Jolla, CA, USA",University,,firat.tiryaki@uth.tmc.edu,open,open,
COVID-19 Data Portal,,https://www.covid19dataportal.org,2934,"The COVID-19 Data Portal enables researchers to upload, access and analyse COVID-19 related reference data and specialist datasets. The aim of the COVID-19 Data Portal is to facilitate data sharing and analysis, and to accelerate coronavirus research. The portal includes relevant datasets submitted to EMBL-EBI as well as other major centres for biomedical data. The COVID-19 Data Portal is the primary entry point into the functions of a wider project, the European COVID-19 Data Platform.",ready,repository,European Union,2020,European Commission Horizon 2020,Government body,"EOSC-Life; ELIXIR Europe; European Commission; European Bioinformatics Institute, Wellcome Genome Campus",Research institute; Government body; Consortium,European COVID-19 Data Platform,ecovid19@ebi.ac.uk,open,open,
COVID-19 Data Portal Spain,,https://www.covid19dataportal.es/,4065,"The Spanish COVID-19 Data Portal provides information, guidelines, tools and services to support researchers in utilising Spanish and European infrastructures for data sharing, in particular the European COVID-19 Data Portal. For those interested in ongoing, large research projects in Spain there is a list of projects funded by major funding agencies. It is updated at intervals with new services, tools and data.
",ready,knowledgebase,Spain,2020,"ELIXIR Europe; Barcelona Supercomputing Center (BSC), Barcelona, Spain; Institute of Health Carlos III",Research institute; Government body,"Barcelona Supercomputing Center (BSC), Barcelona, Spain",Government body,General contact,covid19-dataportal@bsc.es,open,controlled,
COVID-19 Dermatology registry,,https://www.aad.org/member/practice/coronavirus/registry,3248,"COVID-19 Dermatology registry aims at collect cases of COVID-19 cutaneous manifestations. The registry is open to medical professionals only, from any specialty.",ready,repository,United States,2020,,,"Massachusetts General Hospital, Boston, MA, USA; American Academy of Dermatology, Rosemont, IL, United States",Government body; Consortium,General contact,covidregistry@aad.org,controlled,controlled,S0190-9622(20)32126-5; S0190-9622(20)30984-1; S0190-9622(20)30658-7; 10.1016/j.jaad.2020.06.050
COVID-19 Drug Interactions,,https://www.covid19-druginteractions.org/,2956,"The Liverpool Drug Interaction Group (based at the University of Liverpool, UK), in collaboration with the University Hospital of Basel (Switzerland) and Radboud UMC (Netherlands), have produced various materials in PDF format to aid the use of experimental agents in the treatment of COVID-19.",ready,knowledgebase,United Kingdom,2020,"Sobi, Stockholm, Sweden; Abbvie, North Chicago, Illinois, USA; Centre of Excellence in Infectious Diseases Research (CEIDR); Gilead, Foster City, CA, USA; Novartis; British HIV Association (BHIVA), Hertfordshire, UK; European AIDS Clinical Society (EACS), Brussels, Belgium; Radboud University Medical Center, Nijmegen, The Netherlands; UK Research and Innovation; MSD, Hoddesdon, UK; Graphics and Vision Research Group, University of Basel, Switzerland",Lab; Research institute; Company; Charitable foundation; University; Government body; Consortium,"National Institute for Health Research (NIHR), UK; Institute of Integrative Biology, University of Liverpool, Liverpool, UK",Government body,David MacEwan,D.Macewan@liverpool.ac.uk,open,not applicable,
COVID-19 Global Rheumatology Alliance,,https://rheum-covid.org/,3254,"COVID-19 Global Rheumatology Alliance aim to collect, analyze and disseminate information about COVID-19 and rheumatology to patients, physicians and other relevant groups to improve the care of patients with rheumatic disease.",ready,repository,Worldwide,2020,"Pfizer, USA; AMGEN, USA; Johnson & Johnson, USA; Cellzome, GSK, Middlesex, UK.; Cellzome, GSK, Middlesex, UK.; Janssen, Belgium; Abbvie, North Chicago, Illinois, USA; Gilead, Foster City, CA, USA; Bristol Myers Squibb, New York, NY, USA",Company,,,General contact,rheum.covid@gmail.com,open,controlled,10.1002/acr.24257; 10.1002/art.41567; keaa483; 10.1136/annrheumdis-2020-217871; 10.1093/rheumatology/keaa191; 10.1016/S2665-9913(20)30095-3
COVID-19 Host Genetics Initiative,COVID-19 hg,https://www.covid19hg.org/,4067,"The COVID-19 host genetics initiative brings together the human genetics community to generate, share, and analyze data to learn the genetic determinants of COVID-19 susceptibility, severity, and outcomes. Such discoveries could help to generate hypotheses for drug repurposing, identify individuals at unusually high or low risk, and contribute to global knowledge of the biology of SARS-CoV-2 infection and disease.


",deprecated,repository,"Finland, United States",2020,,,"Analytical and Translational Genetic Unit, Massachusetts General Hospital; Institute for Molecular Medicine Finland, University of Helsinki",Research institute,Andrea Ganna,aganna@broadinstitute.org,open,open,10.1038/s41431-020-0636-6
COVID-19 Pandemic (AUSSDA - The Austrian Social Science Data Archive),COVID Data Hub by AUSSDA,https://data.aussda.at/dataverse/covid19,3074,"Social Science Data on Coronavirus Disease: Your information hub for SARS-CoV-2 / COVID-19 pandemic related studies in Austria in the social sciences. Studies will be made available as fast as possible. Thus, not all information is available in English. Some studies will be published as pre-releases meaning that these are not the final datasets. Researchers therefore are obliged to check the most recent version before publishing and must add a disclaimer that they have been publishing with a pre-release version. Pre-release datasets are likely to be updated and substantial changes can happen as part of the continuing quality checks (e.g., weighting variables might change).",ready,repository,Austria,,,,AUSSDA,University,,,open,controlled,
COVID-19 Registry,,https://registry.rice.edu/covid19,4066,"The COVID-19 Registry is a research project that aims to provide real-time information on the spread of COVID-19, who is being affected, and how. 
",deprecated,repository,,,Environmental Defense Fund,Charitable foundation,Rice University,University,Marie Lynn Miranda; Joanna Espinoza,Covid19Registry@rice.edu; irb@rice.edu,controlled,controlled,
COVID-19 Research Collaborations,,https://covid19.elsevierpure.com/,2926,"The COVID-19 Research Collaborations database stores information on researchers and institutions for the purposes of identifying potential research experts or collaborators in areas related to the coronavirus epidemic across basic science, translational research, or clinical practice.",deprecated,repository,Netherlands,2020,,,"Elsevier Inc, Amsterdam, Netherlands",Publisher,,,not found,not found,
COVID-19 SeroHub,SeroHub,https://doi.org/10.17917/3pz5-5m44,3901,"The COVID-19 Seroprevalence Studies Hub, known as COVID-19 SeroHub, is an online dashboard intended to help researchers and policymakers monitor studies of Severe Acute Respiratory Syndrome Coronavirus 2 (SARS-CoV-2) seroprevalence in the United States. These types of studies use blood tests to identify the proportion of people in the population who possess antibodies to SARS-CoV-2.
COVID-19 SeroHub is a collaboration of the Centers for Disease Control and Prevention, the National Cancer Institute and National Institute of Allergy and Infectious Diseases, part of the National Institutes of Health.",deprecated,knowledgebase_and_repository,United States,2020,,,"National Cancer Institute (NCI), National Institutes of Health (NIH), Bethesda, USA",Government body,,,open,controlled,
COVID-HEP Registry,,https://www.covid-hep.net/,3119,"COVID-HEP Registry is a universal and collaborative registry project to collect data on patients with liver disease at any stage or liver transplants who develop laboratory-confirmed COVID-19. We are pleased to encourage reports from worldwide. However, if reporting from the Americas or China/Japan/Korea, please see our collaborators at: SECURE-cirrhosis.",deprecated,repository,United Kingdom,2020,,,"University of Oxford, UK; European Association for the Study of the Liver (EASL); Translational Gastroenterology Unit (TGU), Oxford, UK",Research institute; University; Consortium,Thomas Marjot,Thomas.marjot@ndm.ox.ac.uk,controlled,open,S0168-8278(20)33667-9; S2468-1253(20)30271-5
COVID19-NMR,,https://covid19-nmr.de/,4850,"The COVID-19 NMR Repository aims to make as many viral RNA and proteins as possible available for NMR work and screen them using a fragment library. Originally, the goal of the project was to determine RNA and protein structures of SARS-CoV-2 and to investigate the drugability of those structures by small molecules. As the initial work has been completed, they continue to investigate viral research via NMR and beyond.",ready,repository,Worldwide,2020,Goethe University Frankfurt; Deutsche Forschungsgemeinschaft; Volkswagen Foundation,University; Government body; Charitable foundation,Darmstadt University of Applied Sciences; Goethe University Frankfurt,University,Harald Schwalbe,schwalbe@nmr.uni-frankfurt.de,open,controlled,10.1002/anie.202205858
Canadian VirusSeq Data Portal,CVDP,https://virusseq-dataportal.ca/,4062,"The goal of the CanCOGeN VirusSeq project is to sequence up to 150,000 viral samples from Canadians testing positive for COVID-19. The VirusSeq Data Portal is an open-source and open-access data portal for all Canadian SARS-CoV-2 sequences and associated non-personal contextual data. It harmonizes, validates and automates submission to international databases.
",ready,repository,Canada,2022,"Genome Canada, Canada; Government of Canada",Government body,Ontario Institute For Cancer Research,Research institute,General contact,info@virusseq-dataportal.ca,open,controlled,
Cardiac complicAtions in Patients With SARS Corona vIrus 2 regisTrY,CAPACITY-COVID,https://capacity-covid.eu/,3312,"CAPACITY-COVID is a registry of patients with COVID-19, their history of cardiovascular disease and the occurrence of cardiovascular complications in COVID-19 patients. CAPACITY uses an extension of the CRF released by the ISARIC and WHO in response to the emerging outbreak of COVID-19.",ready,repository,,2020,,,"Dutch Heart Foundation; Dutch Association for Cardiology (NVVC); Netherlands Heart Registration (NHR); Harteraad; University College London Hospitals NHS Foundation Trust (UCLH); Dutch CardioVascular Alliance (DCVA); Dutch Network for Cardiovascular Research (WCN); Netherlands Heart Institute - Durrer Center; National Institute for Health Research (NIHR), UK; The British Heart Foundation; Institute of Structural and Molecular Biology, University College London, London, UK",Research institute; Government body; Consortium; Charitable foundation,,,controlled,open,
Center for International Blood and Marrow Transplant Research ,CIBMTR,https://www.cibmtr.org/Pages/index.aspx,4063,"The CIBMTR is dedicated to improving survival, treatment, and quality of life for transplant patients. With more than 1,650 publications, the CIBMTR conducts practice-changing research that helps patients and physicians.
",ready,repository,United States,2004,"Be The Match; Medical College of Wisconsin (MCW), Wisconsin, USA",University; Charitable foundation,,,,,partially open,open,
Chinese Clinical Trial Registry,ChiCTR,https://www.chictr.org.cn/indexEN.html,2935,"Chinese Clinical Trial Registry provides the services include register for trials, consultation for trial design, central randomization for an allocation sequence, peer review for draft articles and training for peer reviewers.",ready,repository,China,2005,,,"China Academy of Chinese Medical Sciences (CACMS), Beijing, China",Research institute,Taixiang Wu,txwutx@hotmail.com,open,controlled,10.1111/j.1756-5391.2011.01137.x
Comparative Toxicogenomics Database,CTD,https://ctdbase.org/,1716,"The Comparative Toxicogenomics Database (CTD) advances understanding of the effects of environmental chemicals on human health. Biocurators manually curate chemical-gene, chemical-disease, and gene-disease relationships from the scientific literature. This core data is then internally integrated to generate inferred chemical-gene-disease networks. Additionally, the core data is integrated with external data sets (such as Gene Ontology and pathway annotations) to predict many novel associations between different data types. A unique and powerful feature of CTD is the inferred relationships generated by data integration that helps turn knowledge into discoveries by identifying novel connections between chemicals, genes, diseases, pathways, and GO annotations that might not otherwise be apparent using other biological resources.",ready,knowledgebase,United States,2004,"National Institute of Environmental Health Sciences, National Institutes of Health; National Institute of Neurological Disorders and Stroke",Research institute; Government body,North Carolina State University,University,Allan Peter Davis,apdavis3@ncsu.edu,open,not applicable,10.1093/database/bas051; 10.1093/database/bar065; 10.1093/nar/gks994; 10.1093/database/bat080; 10.1371/journal.pone.0058201; 10.1093/database/bar034; 10.6026/97320630007154; 10.6026/97320630004173; 10.1093/nar/gky868; 10.1186/1755-8794-1-48; 10.1093/nar/gkw838; 10.1289/EHP174; 10.1371/journal.pone.0155530; 10.1093/nar/gku935; 10.1093/toxsci/kfy131; 10.1289/EHP2873; https://doi.org/10.1093/toxsci/kfaa113; 10.1093/nar/gkac833; 10.1093/nar/gkae883; 10.3389/ftox.2024.1437884; 10.1093/toxsci/kfad069; 10.1016/j.crtox.2021.03.001; 10.1016/j.cotox.2019.03.002
Complex Portal,CP,https://www.ebi.ac.uk/complexportal/,2679,"The Complex Portal is a manually curated, encyclopaedic resource of macromolecular complexes from a number of key model organisms. The majority of complexes are made up of proteins but may also include nucleic acids or small molecules. All data is freely available for search and download.",ready,knowledgebase,"Austria, Belgium, Croatia, Czech Republic, Denmark, Finland, France, Germany, Greece, Hungary, Iceland, Ireland, Israel, Italy, Lithuania, Luxembourg, Malta, Montenegro, Netherlands, Norway, Portugal, Slovakia, Spain, Sweden, Switzerland, United Kingdom",2014,"ELIXIR Czech Republic; Biotechnology and Biological Sciences Research Council (BBSRC), UK; National Institutes of Health (NIH), Bethesda, MD, USA; OpenTargets and the China Scholarship Council",Government body,"European Bioinformatics Institute (EMBL-EBI), Wellcome Genome Campus, Hinxton, Cambridgeshire, UK; Institute of Structural and Molecular Biology, University College London, London, UK; Swiss Institute of Bioinformatics (SIB), Switzerland; Multimodal and Functional Imaging Laboratory, Central European Institute of Technology (CEITEC), Brno, Czech Republic",Research institute; Lab,Birgit Meldal,bmeldal@ebi.ac.uk,open,not applicable,10.1093/nar/gky1001; 10.1093/nar/gku975
Consortium for Clinical Characterization of COVID-19 by EHR,4CE,https://covidclinical.net/,4079,"4CE is an international consortium for electronic health record (EHR) data-driven studies of the COVID-19 pandemic. The goal of this effort—led by the i2b2 international academics users group—is to inform doctors, epidemiologists and the public about COVID-19 patients with data acquired through the health care process.",ready,repository,"Brazil, Singapore, United States, European Union",2020,,,I2b2 Transmart Foundation,Charitable foundation,,,controlled,not applicable,
Coronavirus Antiviral Research Database,COVDB,https://covdb.stanford.edu/,2917,"COVDB contains cell culture, animal model, and clinical data on compounds with a proven or potential anti-coronavirus activity.",ready,knowledgebase,United States,2020,,,"Stanford University, CA, USA",University,HIV Drug resistance Database team,hivdbteam@stanford.edu,open,controlled,
Coronavirus and Atopic Dermatitis (AD) / Alopecia Reporting Database,SECURE-DERM,https://www.secure-derm.com/,3292,"Given the interest in the emerging and evolving coronavirus (COVID-19) pandemic and the questions regarding how this will impact patients with atopic dermatitis (AD) or alopecia who are treated with or without systemic immunomodulating medication, we have created a number of secure, online, de-identified Personal Health Identifier (PHI) – free reporting registries and an anonymous patient reported survey.",deprecated,repository,"Ireland, Netherlands, United Kingdom",2020,"National and International Skin Registry Solutions (NISR), Dublin, Ireland",Undefined,,,General contact,info@nisrsolutions.com,not found,not found,10.1111/bjd.19161; 10.1016/j.jaad.2020.06.050
Coronavirus and Celiac Disease Reporting Database,,https://covidceliac.org/,3287,"Surveillance Epidemiology of Coronavirus Under Research Exclusion (SECURE-Celiac) is an international, pediatric and adult database to monitor and report on outcomes of COVID-19 occurring in patients with celiac disease. We encourage clinicians worldwide to report ALL cases of COVID-19 in patients with celiac disease, regardless of severity (including asymptomatic patients detected through public health screening).",deprecated,repository,United States,2020,,,"Society for the Study of Celiac Disease, Downers Grove, IL, USA; World Gastroenterology Organisation (WGO), Milwaukee, WI, USA; Beyond Celiac, Ambler, PA, USA; Celiac Disease Foundation, Woodland Hills, CA, USA",Charitable foundation,Benjamin Lebwohl,BL114@cumc.columbia.edu,not found,not found,
Coronavirus and MS Reporting Database,,https://www.covims.org/,3276,"COViMS (COVID-19 Infections in MS & Related Diseases) is a joint effort of the National MS Society, Consortium of MS Centers and Multiple Sclerosis Society of Canada to capture information on outcomes of people with MS and other CNS demyelinating diseases (Neuromyelitis Optica, or MOG antibody disease) who have developed COVID-19.",deprecated,repository,Canada,2020,,,"The Consortium of Multiple Sclerosis Centers, Hackensack, NJ, USA; National Multiple Sclerosis Society; Multiple Sclerosis (MS) Society of Canada",Consortium; Charitable foundation,General contact,info@covims.org,controlled,not applicable,10.1002/ana.25907
Coronavirus and Psoriasis Reporting Registry,,https://school.wakehealth.edu/Departments/Dermatology/SECURE-Psoriasis,3288,"Surveillance Epidemiology of Coronavirus Under Research Exclusion (SECURE-Psoriasis) is an international, pediatric and adult registry to monitor and report on outcomes of COVID-19 occurring in psoriasis patients.",ready,repository,United States,2020,"National Psoriasis Foundation, Portland, OR, United States",Charitable foundation,"Wake Forest School of Medicine, Winston-Salem, NC, USA",University,General contact,COVID_PSO@wakehealth.edu,open,controlled,10.1080/09546634.2020.1753996
DDBJ Sequence Read Archive,DRA,https://www.ddbj.nig.ac.jp/dra/index-e.html,3013,"DDBJ Sequence Read Archive (DRA) is an archive database for output data generated by next-generation sequencing machines including Roche 454 GS System®, Illumina Genome Analyzer®, Applied Biosystems SOLiD® System, and others. DRA is a member of the International Nucleotide Sequence Database Collaboration (INSDC) and archiving the data in a close collaboration with NCBI Sequence Read Archive (SRA) and EBI Sequence Read Archive (ERA).",ready,knowledgebase_and_repository,Japan,,,,Bioinformation and DDBJ Center,Research institute,,,open,open,
DIGITAL.CSIC,,https://digital.csic.es/,3314,"DIGITAL.CSIC is the institutional repository of the Spanish National Research Council. The resource organizes, preserves and provides open access to a wide variety of types of CSIC research outputs, including peer reviewed publications, research data, patents, conference contributions and training resources. ",ready,knowledgebase,Spain,2008,,,Spanish National Research Council,Government body,Isabel Bernal,isabel.bernal@bib.csic.es,open,controlled,
DatabasE of StruCtuRe and functIon residue-Based prEdictions of PROTeins,DescribePROT,http://biomine.cs.vcu.edu/servers/DESCRIBEPROT/main.php,5107,"The DescribePROT database provides access to amino acid-level annotations of protein structure and function, which include 3 experimentally validated and 19 putative characteristics. It covers hundreds of complete proteomes of popular and model organisms. Users can search it in multiple ways, interact with the data using an interactive graphical interface, and download data at various scales including individual proteins, entire proteomes, and whole database. The annotations in DescribePROT are useful for a broad spectrum of studies that include investigations of protein structure and function, development and validation of predictive tools, and supporting efforts in understanding molecular underpinnings of diseases and development of therapeutics.",ready,knowledgebase,United States,2020,National Science Foundation; National Institutes of Health,Government body,Virginia Commonwealth University,University,Dr. Lukasz Kurgan,lkurgan@vcu.edu,open,not applicable,10.1093/nar/gkad985; 10.1093/nar/gkaa931
Database of Viral siRNA / shRNA,VIRsiRNAdb,http://crdd.osdd.net/servers/virsirnadb,1675,"Viral siRNA Database (VIRsiRNAdb) is a structured collection of  experimentally validated siRNAs reported in the scientific literature targeting diverse genes of important human viruses. The curation efforts to date has concentrated mainly on viruses known to be associated with infectious diseases  in humans. Currently the database provides experimental information of 1358 siRNAs, mined from relevant Pubmed artcles, which includes siRNA sequence, virus subtype, target gene,  GenBank accession, design algorithim,  cell type, and  efficacy.",ready,knowledgebase,India,2011,"Council of Scientific and Industrial Research (CSIR), New Delhi, India; Department of Biotechnology, Ministry of Science and Technology, India",Government body,"Institute of Microbial Technology (IMTECH), Council of Scientific & Industrial Research (CSIR), Chandigarh, India",Government body,Manoj Kumar,manojk@imtech.res.in,open,open,10.1093/nar/gkr1147
Database of publications on coronavirus disease (COVID-19),,https://www.who.int/emergencies/diseases/novel-coronavirus-2019/global-research-on-novel-coronavirus-2019-ncov,2933,"The WHO is gathering the latest scientific findings and knowledge on coronavirus disease (COVID-19) and compiling it in a database. The database is updated daily from searches of bibliographic databases, manual searches of the table of contents of relevant journals, and the addition of other relevant scientific articles that come to our attention. Note - the entries in the database may not be exhaustive and new research will be added regularly.",ready,repository,Worldwide,2020,,,World Health Organization (WHO),Government body,,,open,not applicable,
DisGeNET,DisGeNET,http://www.disgenet.org,2146,"DisGeNET is a discovery platform containing one of the largest collections available of genes and variants involved in human diseases. DisGeNET integrates data from expert curated repositories, GWAS catalogues, animal models, and the scientific literature, and covers the whole landscape of human diseases. The current version of DisGeNET (v7.0) contains 1,134,942 gene-disease associations (GDAs), between 21,671 genes and 30,170 diseases, disorders, traits, and clinical or abnormal human phenotypes, and 369,554 variant-disease associations (VDAs), between 194,515 variants and 14,155 diseases, traits, and phenotypes. The data are homogeneously annotated with controlled vocabularies and community-driven ontologies. Additionally, several original metrics are provided to assist the prioritization of genotype-phenotype relationships. The information is accessible through a web interface, a Cytoscape App, an RDF SPARQL endpoint, a REST API, and an R package.",ready,knowledgebase,Spain,2009,"Innovative Medicines Initiative (IMI), Europe; Research Programme on Biomedical Informatics (IMIM, UPF); Innovative Medicines Initiative (IMI), Europe; Spanish Instituto de Salud Carlos III Instituto Nacional de Bioinformatica; Spanish Instituto de Salud Carlos III Instituto Nacional de Bioinformatica",Research institute; Government body; Consortium,"Integrative Biomedical Informatics Group (IBI), Research Programme on Biomedical Informatics (GRIB) IMIM-UPF, Barcelona, Spain",Government body,Laura I. Furlong,laura.furlong@upf.edu,open,not applicable,10.1093/database/bav028; 10.1093/bioinformatics/btq538; 10.1371/journal.pone.0020284; 10.1093/nar/gkw943; 10.1093/nar/gkz1021
Disaster Lit,Disaster Lit,https://disasterinfo.nlm.nih.gov/disaster-lit,2937,"Disaster Lit: Database for Disaster Medicine and Public Health is the National Library of Medicine (NLM) database of links to disaster medicine and public health documents available on the Internet at no cost. Documents include expert guidelines, research reports, conference proceedings, training classes, fact sheets, websites, databases, and similar materials for a professional audience. NLM selects materials from over 1,400 non-commercial publishing sources and supplements disaster-related resources from PubMed (biomedical journal literature) and MedlinePlus (health information for the public).",deprecated,repository,United States,2002,,,"Disaster Information Management Research Center (DIMRC), Bethesda, MD, USA",Government body,General contact,dimrc@nlm.nih.gov,not found,not found,
Discovery VIRUS COVID-19 Registry,,https://www.sccm.org/research/discovery-research-network/discovery-research-collaboratives/virus-covid-19-registry,3250,"VIRUS is a cross-sectional, observational study and registry of all eligible adult and pediatric patients who are admitted to a hospital.",deprecated,repository,United States,2020,,,"Society of Critical Care Medicine (SCCM), Mount Prospect, IL, USA",Consortium,Vishakha Kumar,vkumar@sccm.org,controlled,controlled,10.1097/CCE.0000000000000113; 10.1097/CCM.0000000000004572
Dutch National COVID-19 clinical data dashboard,COVID-NL clinical data,https://covid19initiatives.health-ri.nl/p/Dashboard,4296,"The Dutch national COVID-19 clinical data dashboard allows exploration and reuse of clinical data from Dutch university medical centers (UMCs). The dashboard provides researchers with a clear overview of what is available, allow searching for specific data and make access to such data easier when the necessary ethical and legal conditions have been met.",ready,repository,Netherlands,2021,,,Health-RI,Charitable foundation,General Contact,info@health-ri.nl,controlled,not applicable,
Dutch National COVID-19 metadata portal,COVID-NL metadata,https://covid19initiatives.health-ri.nl/p/ProjectOverview,4737,"The Dutch national COVID-19 metadata portal describes the content of the collections and type of data. The underlying data remains at the source, but where possible a link to the data or the data request procedure are provided on the portal. The first health care data sets in the portal are coming from observational studies funded by ZonMw, NFU COVID-19 clinical research data, collaborating top clinical hospitals (STZ), as well as other regional hospitals. However, the portal is open to any health care provider wishing to make their COVID-19 data available for research. ",ready,repository,Netherlands,2021,"The Netherlands Organisation for Health Research and Development (ZonMw), The Hague, The Netherlands",Government body,Health-RI,Charitable foundation,General contact,info@health-ri.nl,partially open,open,
EMDataResource,,https://www.emdataresource.org,3015,"Three-dimensional Electron Microscopy (3DEM) has become a key experimental method in structural biology for a broad spectrum of biological specimens from molecules to cells. The EMDataResource project provides a unified portal for deposition, retrieval and analysis of 3DEM density maps, atomic models and associated metadata.",ready,knowledgebase_and_repository,"United Kingdom, United States",2007,National Institute of General Medical Sciences; National Institutes of Health,Government body,"Research Collaboratory for Structural Bioinformatics; National Center for Macromolecular Imaging, SLAC national accelerator laboratory; Electron Microscopy Data Bank Team, European Bioinformatics Institute",Research institute; Lab; Consortium,Catherine L. Lawson,cathy.lawson@rutgers.edu,open,open,10.1093/nar/gkv1126
EUI COVID-19 SSH Data Portal,,https://covid19data.eui.eu/,4485,"The EUI COVID-19 SSH Data Portal provides integrated search, discovery, and linking to datasets published on the web relevant for COVID-19-related research in the Social Sciences and Humanities. The COVID-19 SSH Data Portal is an initiative of the European University Institute.
FAIRsharing notes : This ressource appears to be insecure. As such, we have changed the statut to ""uncertain"". Please get in touch if you have any information.",uncertain,knowledgebase_and_repository,Italy,2022,European Union (EU),Government body,European University Institute,University,COVID-19 SSH Data Portal,covid-data@eui.eu,open,not applicable,
EVLncRNAs,EVLncRNAs,https://www.sdklab-biophysics-dzu.net/EVLncRNAs3/,5077,"Long noncoding RNAs (lncRNAs) have emerged as crucial regulators across diverse biological processes and diseases. While high-throughput sequencing has enabled lncRNA discovery, functional characterization remains limited. The EVLncRNAs database is the first and exclusive repository for all experimentally validated functional lncRNAs from various species. After previous releases in 2018 and 2021, this update marks a major expansion through exhaustive manual curation of nearly 25,000 publications from May 15, 2020, to May 15, 2023. It incorporates substantial growth across all categories: a 154% increase in functional lncRNAs, 160% in associated diseases, 186% in lncRNA-disease associations, 235% in interactions, 138% in structures, 234% in circular RNAs, 235% in resistant lncRNAs, and 4724% in exosomal lncRNAs. More importantly, it incorporated additional information include functional classifications, detailed interaction pathways, homologous lncRNAs, lncRNA locations, COVID-19, and phase-separation and organoid-related lncRNAs. The web interface was substantially improved for browsing, visualization, and searching. ChatGPT was tested for information extraction and functional overview with its limitation noted. EVLncRNAs 3.0 represents the most extensive curated resource of experimentally validated functional lncRNAs and will serve as an indispensable platform for unravelling emerging lncRNA functions. The updated database is freely available at https://www.sdklab-biophysics-dzu.net/EVLncRNAs3/.",ready,knowledgebase,China,2023,,,,,,,open,open,10.1093/nar/gkaa1076; 10.1093/nar/gkx677
Ensembl,,http://www.ensembl.org/,1867,"Ensembl creates, integrates and distributes reference datasets and analysis tools that enable genomics. Ensembl is a genome browser that supports research in comparative genomics, evolution, sequence variation and transcriptional regulation. Ensembl annotate genes, computes multiple alignments, predicts regulatory function and collects disease data.",ready,repository,"Austria, Belgium, Croatia, Czech Republic, Denmark, Finland, France, Germany, Greece, Hungary, Iceland, Ireland, Israel, Italy, Lithuania, Luxembourg, Malta, Montenegro, Netherlands, Norway, Portugal, Slovakia, Spain, Sweden, Switzerland, United Kingdom",1999,"European Commission FP7; The Wellcome Trust, UK",Government body; Charitable foundation,"European Bioinformatics Institute (EMBL-EBI), Wellcome Genome Campus, Hinxton, Cambridgeshire, UK; The Wellcome Trust Sanger Institute, Wellcome Trust Genome Campus, Cambridge, UK",Research institute,Help Desk,helpdesk@ensembl.org,open,open,10.1093/bioinformatics/btu613; 10.1186/s13059-016-0974-4; 10.1101/gr.137901.112; 10.1101/gr.1863004; 10.1101/gr.1857204; 10.1101/gr.135350.111; 10.1002/0471142905.hg0611s69; 10.1016/j.tig.2004.04.002; 10.1093/database/bar030; doi:10.1093/nar/gku1010; 10.1093/nar/gkj133; 10.1093/nar/gkt1196; 10.1093/database/bav119; 10.1093/database/baw093; 10.1186/1471-2164-11-295; 10.1093/bfgp/elm025; 10.1093/nar/gkq1064; 10.1093/nar/gkr991; 10.1093/nar/gks1236; 10.1093/database/bav127; 10.1093/database/baw053; 10.1101/gr.1866304; 10.1093/nar/gki138; 10.1101/gr.1862204; 10.1186/s13059-015-0621-5; 10.1093/bioinformatics/btt737; 10.1093/nar/gkw1104; 10.1038/ng0806-853a; 10.1093/nar/gkv1157; 10.1101/gr.076521.108; 10.1093/nar/gkm988; 10.1186/1471-2164-11-293; 10.1093/nar/gkg083; 10.1101/gr.073585.107; 10.1186/1471-2105-11-238; 10.1093/nar/30.1.38; 10.1093/nar/gkl996; 10.1093/bioinformatics/btq330; 10.1093/nar/gkn828; 10.1093/nar/gkp972; 10.1093/database/bav096; 10.1101/gr.1859804; 10.1101/gr.1858004; 10.1093/nar/gky1113; 10.1093/nar/gkz966; 10.1186/1471-2105-11-240; 10.1093/nar/gkab1049; 10.1093/nar/gkac958
Ensembl Genomes,Ensembl Genomes,https://ensemblgenomes.org/,2386,"The Ensembl genome annotation system, developed jointly by EMBL-EBI and the Wellcome Trust Sanger Institute, has been used for the annotation, analysis and display of vertebrate genomes since 2000. Since 2009, the Ensembl site has been complemented by the creation of five new sites, for bacteria, protists, fungi, plants and invertebrate metazoa, enabling users to use a single collection of (interactive and programatic) interfaces for accessing and comparing genome-scale data from species of scientific interest from across the taxonomy.",ready,repository,"Austria, Belgium, Croatia, Czech Republic, Denmark, Finland, France, Germany, Greece, Hungary, Iceland, Ireland, Israel, Italy, Lithuania, Luxembourg, Malta, Montenegro, Netherlands, Norway, Portugal, Slovakia, Spain, Sweden, Switzerland, United Kingdom",2008,"European Commission FP7; Biotechnology and Biological Sciences Research Council (BBSRC), UK; Bill and Melinda Gates Foundation, Seattle, Washington, USA; National Science Foundation (NSF), USA; European Commission FP7; The Wellcome Trust Sanger Institute, Wellcome Trust Genome Campus, Cambridge, UK; Biotechnology and Biological Sciences Research Council (BBSRC), UK; Biotechnology and Biological Sciences Research Council (BBSRC), UK; European Commission FP7; Biotechnology and Biological Sciences Research Council (BBSRC), UK; Biotechnology and Biological Sciences Research Council (BBSRC), UK; European Commission FP7; Biotechnology and Biological Sciences Research Council (BBSRC), UK; Biotechnology and Biological Sciences Research Council (BBSRC), UK",Research institute; Government body; Charitable foundation,"European Bioinformatics Institute (EMBL-EBI), Wellcome Genome Campus, Hinxton, Cambridgeshire, UK",Research institute,Helpdesk,helpdesk@ensembl.org,open,not found,10.1093/nar/gkz890; 10.1093/nar/gkv1209
European Centre for Disease Prevention and Control,ECDC,https://www.ecdc.europa.eu/en,2950,"ECDC's main role as an agency of the European Union is to strengthen Europe’s defences against communicable diseases, worked together with all EU/EEA countries in response to public health threats and emerging diseases. Part of the ECDC mission is to provide search for, collect, collate, evaluate and disseminate relevant scientific and technical data.",ready,repository,European Union,2016,,,European Union (EU),Government body,Andrea Ammon,Andrea.Ammon@ecdc.eu.int,open,not found,
European Data Portal,EDP,https://www.europeandataportal.eu/en,2940,The European Data Portal harvests the metadata of Public Sector Information available on public data portals across European countries. Information regarding the provision of data and the benefits of re-using data is also included.,ready,repository,European Union,2014,European Union (EU),Government body,Publications Office of the European Union,Government body,,,open,controlled,
European Mouse Mutant Archive,EMMA,https://www.infrafrontier.eu/emma/,1935,"The European Mouse Mutant Archive – EMMA is the INFRAFRONTIER’s non-profit repository for the collection, archiving (via cryopreservation) and distribution of relevant mutant mouse and rat strains essential for basic biomedical research. The laboratory mouse is the most important mammalian model for studying genetic and multi-factorial diseases in human beings. The comprehensive physical and data resources of EMMA support basic biomedical and preclinical research, and the available research tools and mouse/rat models of human disease offer the opportunity to develop a better understanding of molecular disease mechanisms and may provide the foundation for the development of diagnostic, prognostic and therapeutic strategies. ",ready,repository,European Union,2009,BY-COVID (BeYond COVID) Project; European Joint Programme on Rare Diseases; European Commission Horizon 2020; European Commission Horizon 2020; EOSC-Life; European Commission FP7; European Commission Horizon 2020,Government body; Consortium,"INFRAFRONTIER Research Infrastructure, INFRAFRONTIER",Government body,General Enquiries,emma@infrafrontier.eu,partially open,controlled,10.1093/bfgp/elm018; 10.1093/nar/gkp799; 10.1007/s00335-016-9642-y; 10.1093/nar/gku1193; 10.1007/s00335-025-10174-4
European Renal Association COVID-19 Database,ERACODA,https://www.eracoda.org/,3315,The European Renal Association COVID-19 Database is a European database collecting clinical information of patients on kidney replacement therapy with COVID-19.,deprecated,repository,Netherlands,2021,"Dutch Kidney Foundation (Nierstichting), Bussum, Netherlands; European Renal Association (ERA-EDTA); Sandoz; Baxter",Company; Consortium; Charitable foundation,ERACODA Working Group; University Medical Center Groningen and Radboud University Medical Center Nijmegen,University; Consortium,General contact,COVID.19.KRT@umcg.nl,controlled,not applicable,10.1093/ckj/sfab027; 10.1093/ndt/gfaa314; 10.1093/ndt/gfaa261; 10.1093/ndt/gfaa179
Facebook Data for Good,,https://dataforgood.fb.com/,2941,"Through our Data for Good partnerships, Facebook works with many of the world's leading humanitarian organizations to help them act more quickly and reach more people during natural disasters and disease outbreaks data for disaster response, health, connectivity, energy access, and economic growth.",ready,knowledgebase,United States,2017,,,"Humanitarian OpenStreetMap Team (HOT); Internal Displacement Monitoring Centre (IDMC); NetHope, Fairfax, VA, United States; Facebook, Menlo Park, California, United State; Chapman University, Orange, CA, United States; Harvard T.H. Chan School of Public Health, Boston, MA, United States; Direct Relief, Santa Barbara, CA, United States; NAPSG Foundation, Washington, DC, United States",Research institute; University; Company; Charitable foundation,,press@fb.com,controlled,not applicable,
GHDDI Info Sharing Portal,,https://ghddi-ailab.github.io/Targeting2019-nCoV/,3017,"GHDDI Info Sharing Portal is the public information sharing portal and data repository for the drug discovery community, initiated by GHDDI. We are making our drug discovery capabilities and resources available at no cost to all researchers who are developing new treatments for COVID-19.",ready,repository,China,2020,,,"Global Health Drug Discovery Institute (GHDI), Beijing, China",Research institute,,,open,open,
GISAID EpiCoV™ Database,,https://db.cngb.org/gisaid/,2938,"China National GeneBank DataBase (CNGBdb) is an official partner of the GISAID Initiative. It provides access to EpiCoV and features the most complete collection of hCoV-19 genome sequences along with related clinical and epidemiological data. With the data from this database scientific researchers can construct a virus phylogenetic tree to reveal the characteristics of the pathogen, and provide effective references for the study and analysis of the evolutionary source and pathological mechanism of the novel coronavirus.",ready,repository,China,2020,,,"China National GeneBank, Shenzhen, China",Government body,General contact,CNGBdb@cngb.org,open,not found,
Genome Warehouse,GWH,https://ngdc.cncb.ac.cn/gwh,2905,"The Genome Warehouse (GWH) is a public archival resource housing genome-scale data for a wide range of species. GWH accepts full genomes of eukaryotes and prokaryotes as well as metagenomes. For each collected genome assembly, GWH incorporates descriptive information including biological sample metadata, genome assembly metadata, sequence data and genome annotation, and offers standardized quality control for genome sequence and annotation.",ready,repository,China,2016,,,"National Genomics Data Center (BIG Data Center), Beijing Institute of Genomics, Chinese Academy of Sciences, Bejing, China",Research institute,GWH curator,gwhcuration@big.ac.cn,open,open,10.1093/gpbjnl/qzaf010; 10.1016/j.gpb.2021.04.001
Genomics England | PanelApp,PanelApp,https://panelapp.genomicsengland.co.uk/,2275,"Genomics England PanelApp is a publically-available knowledgebase that allows virtual gene panels related to human disorders to be created, stored and queried. It includes a crowdsourcing tool that allows genes to be added or reviewed by experts throughout the worldwide scientific community, providing an opportunity for the standardisation of gene panels, and a consensus on which genes have sufficient evidence for disease association. The diagnostic grade ‘Green’ genes and their modes of inheritance in the Version 1+ PanelApp virtual gene panels are used to direct the variant tiering process for the interpretation of genomes in the 100,000 Genomes Project and for the National Health Service England Genomic Medicine Service. As panels in PanelApp are publically available, they can also be utilised by others. Experts are asked to register (https://panelapp.genomicsengland.co.uk/accounts/registration/) in order to review and rate the genes on the panel to indicate whether there is a diagnostic-grade level of evidence for the gene to be implicated in a given disease. Bioinformaticians can access the data via the PanelApp API (https://panelapp.genomicsengland.co.uk/#!API). More detailed background information, instructions and updates can be found on the PanelApp homepage tabs.",ready,repository,United Kingdom,2015,,,"Genomics England, London, UK",Company,PanelApp team,panelapp@genomicsengland.co.uk,open,open,10.1038/s41588-019-0528-2
Global Registry of COVID-19 in Pediatric Cancer,,https://global.stjude.org/en-us/global-covid-19-observatory-and-resource-center-for-childhood-cancer/registry.html,4068,"The Global COVID-19 Observatory and Resource Center for Childhood Cancer is for health care professionals focused on pediatric cancer. The resource provides a way for providers to collaborate, connect and find the latest information on COVID-19 as it relates to childhood cancer.  
",ready,repository,United States,2022,,,St. Jude Children's Research Hospital,Research institute,,,controlled,open,
Global.health,,https://global.health/,4387,"Global.health is the first of its kind, easy-to-use global repository and visualization platform that enables open access to real-time de-identified epidemiological line-list case data. Data about Covid-19, ebola and Monkeypox are available.",ready,repository,"South Africa, United Kingdom, United States",2020,"Google (United States); Oxford Martin School; Rockefeller Foundation, New-York, NY, USA",Research institute; Company; Charitable foundation,,,,,controlled,controlled,
HIV and COVID-19 Registry in Europe,,https://www.neat-id.org/,3280,"In March the NEAT ID Foundation initiated the development of a simple Data “Dashboard” to monitor the progress of COVID-19 in HIV infected patients across Europe in real time. The Dashboard shows at European and Country level the number of cases reported to NEAT ID with COVID-19 co-infection with HIV, the number of hospitalisations and the number of deaths (from sites who have contributed to date).",deprecated,repository,European Union,2020,,,"NEAT ID Foundation, London, UK",Charitable foundation,General contact,NEAT-ID@NEAT-ID.org,not found,not found,
Health Data Research Innovation Gateway,Innovation Gateway,https://healthdatagateway.org,3296,"The Health Data Research Innovation Gateway (the ‘Gateway’) provides a common entry point to discover and enquire about access to UK health datasets for research and innovation. It provides detailed information about the datasets, which are held by members of the UK Health Data Research Alliance, such as a description, size of the population, and the legal basis for access. The Gateway includes the ability to search for research projects, publications and health data tools, such as those related to COVID-19. New interactive features provide a community forum for researchers to collaborate and connect and the ability to add research projects. The Innovation Gateway does not hold or store any datasets or patient or health data but rather acts as a portal to allow discovery of datasets and to request access to them for health research. A dataset is a collection of related individual pieces of data but in the case of health data, identifiable information (e.g. name or NHS number) is removed and data is de-identified where possible. When you access the Gateway you will not be able to view or extract the data itself. Instead, you will be able to see information that describes what the different datasets are (e.g. where the dataset has come from, a description of the dataset, the time period and the geographical areas the dataset covers). In order to access the data, you will need to sign in and then follow the access request process. Only once your request has been through the process to ensure your application meets all of the requirements and is approved by the data controller will you be able to access the data. Your access to the data will be provided outside of the Gateway in line with the processes of the data controller - read through our FAQs for more information on the process. The datasets that are discoverable through the Innovation Gateway are from organisations in the NHS, research institutes and charities, which are part of the UK Health Data Research Alliance. You can find out more about its members on the UK Health Data Research Alliance website. The information provided about the datasets has been provided by the relevant data controller and is continually updated.",ready,knowledgebase,United Kingdom,2020,,,Health Data Research UK,Company,Susheel Varma,susheel.varma@hdruk.ac.uk,controlled,not applicable,
Humanitarian Data Exchange,HDX,https://data.humdata.org/,2942,The Humanitarian Data Exchange (HDX) is an open platform for sharing data across crises and organisations. HDX was created to make humanitarian data easy to find and use for analysis.,ready,repository,Worldwide,2014,,,"Humanitarian Exchange Language (HXL); Centre for Humanitarian Data, United Nations Office for the Coordination of Humanitarian Affairs (OCHA)",Research institute; Consortium,General contact,hdx@un.org,open,open,
IUPHAR/BPS Guide to PHARMACOLOGY,Guide to Pharmacology,https://www.guidetopharmacology.org,1933,"The information in the database is presented at two levels: the initial view or landing pages for each target family provide expert-curated overviews of the key properties and selective ligands and tool compounds available. For selected targets more detailed introductory chapters for each family are available along with curated information on the pharmacological, physiological, structural, genetic and pathophysiogical properties of each target. Recent extensions to the database provide specific portals for accessing data on immunopharmacology (IUPHAR Guide to IMMUNOPHARMACOLOGY; www.guidetoimmunopharmacology.org), and on malaria pharmacology (IUPHAR/MMV Guide to MALARIA PHARMACOLOGY; www.guidetomalariapharmacology.org). The database is enhanced with hyperlinks to additional information in other databases including Ensembl, UniProt, PubChem and ChEMBL, as well as curated chemical information and literature citations in PubMed.",ready,knowledgebase,United Kingdom,2011,"British Pharmacological Society; The Wellcome Trust, UK",Charitable foundation,International Union of Basic and Clinical Pharmacology,Consortium,Jamie Davies; Simon Harding,jamie.davies@ed.ac.uk; simon.harding@igmm.ed.ac.uk,open,not applicable,10.1093/nar/gkv1037; 10.1093/nar/gkz951; 10.1093/nar/gkt1143; 10.1093/nar/gkx1121; 10.1093/nar/gkab1010
Image Data Resource ,IDR,https://idr.openmicroscopy.org,2303,"The Image Data Resource (IDR) is a public repository of image datasets from published scientific studies, where the community can submit, search and access high-quality bio-image data. It follows the Euro-BioImaging/ELIXIR imaging strategy using the OMERO and Bio-Formats open source software built by the Open Microscopy Environment. Deployed on an OpenStack cloud running on the EMBL-EBI’s Embassy resource, it includes image data linked to independent studies from genetic, RNAi, chemical, localisation and geographic high content screens, super-resolution microscopy, and digital pathology.",ready,repository,United Kingdom,2015,European Commission Horizon 2020; Biotechnology and Biological Sciences Research Council; EOSC-Life; European Commission Horizon 2020; The Wellcome Trust; Biotechnology and Biological Sciences Research Council,Government body; Consortium; Charitable foundation,"Open Microscopy Environment; University of Dundee, Scotland, UK; Cambridge Systems Biology Centre, University of Cambridge, Cambridge, UK; European Commission FP7",Lab; University; Government body,Josh Moore; Sébastien Besson; General Contact,j.a.moore@dundee.ac.uk; s.besson@dundee.ac.uk; idr@openmicroscopy.org,open,open,10.1038/nmeth.4326
Immunology Database and Analysis Portal,ImmPort,https://immport.org,2186,"The Immunology Database and Analysis Portal (ImmPort) data repository was created for the exploration of clinical and basic research data on immunology and associated findings. ImmPort intends to promote effective data sharing across the basic, clinical and translational research communities. It collects data both from clinical and mechanistic studies on human subjects and from immunology studies on model organisms. The ImmPort ecosystem consists of four components: private data, shared data, data analysis, and resources-for data archiving, dissemination, analyses, and reuse.",ready,repository,United States,2007,"National Institute of Allergy and Infectious Diseases, National Institutes of Health",Government body,"University of California, Los Angeles, CA; Northrop Grumman Health IT; National Institutes of Health (NIH), National Institute of Allergy and Infectious Diseases (NIAID), Division of Allergy, Immunology, and Transplantation (DAIT)",Government body; University; Company,Jeff Wiser,jeff.wiser@ngc.com,partially open,controlled,10.1007/s12026-014-8516-1; 10.1002/cyto.a.22037; 10.1002/cyto.b.20554; 10.1038/sdata.2018.15
Infectious Diseases Data Observatory,IDDO,https://www.iddo.org/,2968,"The Infectious Diseases Data Observatory (IDDO) assembles clinical, laboratory and epidemiological data on a collaborative platform to be shared with the research and humanitarian communities. The data are analysed to generate reliable evidence and innovative resources that enable research-driven responses to the major challenges of emerging and neglected infections. Data is organized into research themes, with both submitters storing and requesters asking for data via the central IDDO platform. Certain data (listed in data inventories or available via various portals) is available publicly, while the rest must be applied and permission received for.",ready,repository,United Kingdom,2016,"Bill and Melinda Gates Foundation, Seattle, Washington, USA",Charitable foundation,"WorldWide Antimalarial Resistance Network; Infectious Diseases Data Observatory (IDDO), Oxford, UK; Centre for Tropical Medicine and Global Health, Oxford, UK",Research institute,Professor Philippe Guérin,info@iddo.org,controlled,open,
IntAct molecular interaction database,IntAct,https://www.ebi.ac.uk/intact/home,1599,"IntAct provides a freely available, open source database system and analysis tools for protein interaction data. All interactions are derived from literature curation or direct user submissions and are freely available.",ready,knowledgebase_and_repository,"Austria, Belgium, Croatia, Czech Republic, Denmark, Finland, France, Germany, Greece, Hungary, Iceland, Ireland, Israel, Italy, Lithuania, Luxembourg, Malta, Montenegro, Netherlands, Norway, Portugal, Slovakia, Spain, Sweden, Switzerland, United Kingdom",2003,"National Institute of General Medical Sciences (NIGMS), Bethesda, MD, USA; Biotechnology and Biological Sciences Research Council (BBSRC), UK; National Center for Research Resources (NCRR), National Institutes of Health, Bethesda, MD, USA",Government body,"European Bioinformatics Institute (EMBL-EBI), Wellcome Genome Campus, Hinxton, Cambridgeshire, UK; Swiss Institute of Bioinformatics (SIB), Switzerland",Research institute,Sandra Orchard,orchard@ebi.ac.uk,open,open,10.1093/nar/gkh052; 10.1093/nar/gkp878; 10.1186/1741-7007-5-44; 10.1038/nmeth.1637; 10.1093/nar/gkt1115
Integrated Resource for Reproducibility in Macromolecular Crystallography,IRRMC,https://proteindiffraction.org,2554,"The Integrated Resource for Reproducibility in Macromolecular Crystallography (IRRMC) was created to make the raw data of protein crystallography more widely available. The IRRMC identifies, catalogs and provides metadata related to datasets that could be used to reprocess the original diffraction data. The intent of this project is to make the resulting three-dimensional structures more reproducible and easier to modify and improve as processing methods advance.",ready,repository,United States,2015,"National Institutes of Health (NIH), Bethesda, MD, USA",Government body,"Minor Lab at the University of Virginia, USA",Lab,Wladek Minor Lab,support@protein.diffraction.org,open,open,10.1063/1.5128672; 10.1107/S2059798316014716
International COVID-19 Data Alliance,ICODA,https://icoda-research.org/,4070,"Convened by Health Data Research UK, the national institute for health data in the UK, ICODA was an open and inclusive global collaboration of leading life science, philanthropic and research organisations that came together to harness the power of health data to respond to the COVID-19 pandemic. Building on the ICODA programme, HDR UK has now convened the HDR Global programme which seeks to assist with data science skills and enable trustworthy data access, re-use and analysis in regions, communities and disease areas, where evidence to tackle threats to public health is lacking
",deprecated,repository,"United Kingdom, Worldwide",2020,"Mastercard (United Kingdom); Bill and Melinda Gates Foundation; Microsoft Corporation; Chan Zuckerberg Initiative, Redwood City, CA, USA; The Wellcome Trust; Minderoo Fundation",Company; Charitable foundation,,,Andrew Morris,andrew.morris@hdruk.ac.uk,controlled,open,
Johns Hopkins Coronavirus Resource,,https://coronavirus.jhu.edu/map.html,2923,"The Johns Hopkins Coronavirus Resource Center was first shared publicly on January 22nd 2020 to provide researchers, public health authorities, and the general public with a user-friendly tool to track the outbreak as it unfolds.",deprecated,knowledgebase,United States,2020,,,"Department of Civil and Systems engineering, John Hopkins University, Baltimore, USA",University,,COVID19map@jhu.edu,partially open,not applicable,
KnetMiner,KnetMiner,https://knetminer.com,3618,"KnetMiner is a knowledge platform for genes, traits, diseases and their interactions across species. We integrate a range of open-access data, transform into a knowledge graph and augment with new text-mined relationships. Free KnetMiner resources include Arabidopsis, wheat, rice and COVID-19 (publicly funded). Many other species specific datasets can be subscribed to for a fee. In addition to web-based access, the knowledge graphs can also be accessed programmatically through RDF-SPARQL and Neo4j-Cypher endpoints.",ready,knowledgebase,United Kingdom,2015,"Biotechnology and Biological Sciences Research Council (BBSRC), UK",Government body,,,Keywan Hassani-Pak,pakk@rothamsted.ac.uk,controlled,not applicable,10.1111/pbi.13583
Kyoto Encyclopedia of Genes and Genomes,KEGG,https://www.genome.jp/kegg/,2189,"KEGG is a database resource for understanding high-level functions and utilities of the biological system, such as the cell, the organism and the ecosystem, from molecular-level information, especially large-scale molecular datasets generated by genome sequencing and other high-throughput experimental technologies.",ready,knowledgebase_and_repository,Japan,1995,,,"Bioinformatics Center, Institute for Chemical Research, Kyoto University, Kyoto,Japan; Institute of Medical Science, University of Tokyo, Tokyo, Japan; Kanehisa Laboratories, Kyoto, Japan",University; Lab,Minoru Kanehisa,kanehisa@kuicr.kyoto-u.ac.jp,open,not applicable,10.1093/nar/gkt1076; 10.1002/0471250953.bi0112s38; 10.1093/nar/gkr988
Lens ,,https://www.lens.org/,2962,"The Lens is building an interactive tool for understanding the landscape of patent and research works in any domain, including human coronaviruses and COVID-19.",ready,knowledgebase,Australia,2020,"Rockefeller Foundation, New-York, NY, USA",Charitable foundation,,,General contact,support@lens.org,partially open,controlled,
LitCovid,LitCovid,https://www.ncbi.nlm.nih.gov/research/coronavirus/,2924,"LitCovid is a curated literature hub for tracking up-to-date scientific information about the 2019 novel Coronavirus. It is the most comprehensive resource on the subject, providing a central access to 5645 (and growing) relevant articles in PubMed. The articles are updated daily and are further categorized by different research topics and geographic locations for improved access.",ready,knowledgebase,United States,2020,"National Library of Medicine (NLM), Bethesda, MD, USA; USA.gov",Government body,"NCBI Computational Biology Branch, Bethesda, MD, USA; NLM/NCBI BioNLP Research Group, Bethesda, MD, USA",Research institute; Lab,Zhiyong Lu,Zhiyong.Lu@nih.gov,open,not applicable,10.1038/d41586-020-00694-1; 10.1093/nar/gkaa952; 10.1093/nar/gkac1005
MS Global Data-Sharing Initiative,,https://www.qmenta.com/covid19-patients_ms/,3293,"The Multiple Sclerosis International Federation (MSIF) and the Multiple Sclerosis Data Alliance (MSDA) have teamed up to form a Global Data Sharing Initiative to achieve insights on the effect of COVID-19 in people with MS as fast as possible, with the intent to steer clinical decision-making during the pandemic.",deprecated,repository,Worldwide,2020,,,"Multiple Sclerosis (MS) Data Alliance; QMENTA, Boston, MA, USA; Multiple Sclerosis International Federation, London, UK",Company; Consortium; Charitable foundation,Ariadna Torrens,ariadna.torrens@qmenta.com,not found,not found,
McMaster Multi-Regional Hospital Coronavirus Registry,COREG,https://www.coregontario.ca/,4064,"The Coronavirus (COVID-19) Registry (COREG) is a comprehensive registry platform that facilitates uniform data collection of patients both tested for COVID-19 and those admitted with suspected or confirmed COVID-19.  It is an extension of the ISARIC-WHO case report form (CRF) to capture information of local importance to understand spread, disease course, and comparative outcomes.
",deprecated,repository,Canada,2020,Canadian Institutes of Health Research; Hamilton Academic Health Sciences Organization,Research institute; Government body,McMaster University,University,General contact; Catalina Lopez-Correa,info@coregontario.ca; clopez@genomecanada.ca,controlled,controlled,10.1007/s11739-021-02637-8
Medical Imaging and Data Resource Center,MIDRC,https://www.midrc.org/,4081,"Representatives of the American College of Radiology® (ACR®), the Radiological Society of North America (RSNA), and the American Association of Physicists in Medicine (AAPM) have jointly developed the  Medical Imaging and Data Resource Center (MIDRC) for rapid and flexible collection, artificial intelligence analysis, and dissemination of imaging and associated data. MIDRC is hosted at the University of Chicago. 
",ready,repository,United States,2021,National Institute of Biomedical Imaging and Bioengineering,Undefined,,,Maryellen L. Giger,l332@uchicago.edu,open,open,10.1016/S2589-7500(22)00063-2
Mouse Genome Database - a Mouse Genome Informatics (MGI) Resource,MGI,http://www.informatics.jax.org/,1955,"MGI is the international database resource for the laboratory mouse, providing integrated genetic, genomic, and biological data to facilitate the study of human health and disease. Data includes gene characterization, nomenclature, mapping, gene homologies among mammals, sequence links, phenotypes, allelic variants and mutants, and strain data.",ready,knowledgebase_and_repository,United States,1994,"National Human Genome Research Institute (NHGRI), Bethesda, MD, USA",Government body,Mouse Genome Informatics (MGI),Consortium,MGI User Support,mgi-help@jax.org,open,open,10.1093/nar/gkt1225; 10.1093/nar/gks1115; 10.1007/978-1-4939-6427-7_3; 10.1093/ilar/ilx013; 10.1093/nar/gkr974; 10.1093/nar/gkw1040; 10.1126/science.8091224; 10.1093/nar/gki113; 10.1093/nar/gky922; 10.1093/nar/gky1056
Multi-year Long COVID study,,https://en.c-support.nu/data-aanvraag-meerjarig-long-covid-onderzoek/,6804,"In February 2022, C-support, together with Erasmus MC, started a large-scale multi-year study into Long COVID. People who had been registered with C-support up to January 2022 with long-term symptoms after a COVID-19 infection and who completed the 1th questionnaire are invited annually for an extensive questionnaire. So far there have been three rounds of questionnaires: more than 11.000 people have completed the 1th questionnaire and approximately 8.000 people completed the 2nd and/or 3rd questionnaire.

An overview of the topics per questionnaire and more information is available on our website: https://en.c-support.nu/data-aanvraag-meerjarig-long-covid-onderzoek/

You can request a portion of this data to use for your own research or analyses. We can also perform analyses for you, such as creating customized summary tables and/or graphs.

About C-support: C-support supports people with long-term symptoms after COVID-19 or a COVID-19 vaccination. In addition, C-support shares knowledge with (healthcare) professionals and promotes research, for example by making data available.",ready,repository,Netherlands,2022,,,C-support,Charitable foundation,C-support,onderwijsenonderzoek@q-support.nu,controlled,not found,10.1186/s12913-024-11488-w; 10.3389/fepid.2023.1144707; 10.1017/S0950268823001139
NCBI Genetic Sequence Database,GenBank,https://www.ncbi.nlm.nih.gov/genbank/,1547,"GenBank ® is the NIH genetic sequence database of annotated collections of all publicly available DNA sequences. GenBank is part of an International Nucleotide Sequence Database Collaboration, which comprises the DNA DataBank of Japan (DDBJ), the European Nucleotide Archive (ENA), and GenBank at NCBI. The GenBank database is designed to provide and encourage access within the scientific community to the most up-to-date and comprehensive DNA sequence information, and release available versioned collections every two months from the ftp site. As part of the International Nucleotide Sequence Database Collaboration (INSDC), a long-standing foundational initiative (operating between DDBJ, EMBL-EBI and NCBI), the INSDC covers the spectrum of data raw reads, through alignments and assemblies to functional annotation, enriched with contextual information relating to samples and experimental configurations. GenBank data submission types include:  mRNA sequences, Prokaryotic genes, Eukaryotic genes, rRNA and/or ITS, viral sequences, transposon or insertion sequences, microsatellite sequences, pseudogenes, cloning vectors, phylogenetic or population sets, and non-coding RNAs.
",ready,repository,"Japan, United States, European Union",1982,National Institutes of Health,Government body,National Center for Biotechnology Information,Government body,NCBI Helpdesk,info@ncbi.nlm.nih.gov,open,open,10.1093/nar/gkr1202; 10.1093/nar/gkq1079; 10.1093/nar/gkm929; 10.1093/nar/gkn723; 10.1093/nar/gks1195; 10.1093/nar/gkt1030; 10.1093/nar/gkx1094; 10.1093/nar/gkz956; 10.1093/nar/gky989; 10.1093/nar/gkw1070; 10.1093/nar/gkv1276; 10.1093/nar/gku1216; 10.1186/s12859-020-3537-3; 10.1093/nar/gkae1114
NCBI Virus,,https://www.ncbi.nlm.nih.gov/labs/virus/vssi/#/,2930,"NCBI Virus is a community portal for viral sequence data from RefSeq, GenBank and other NCBI repositories.",ready,knowledgebase,United States,2013,,,"Intramural Research Program (IRP) of the National Institutes of Health, Bethesda, MD; National Library of Medicine (NLM), Bethesda, MD, USA",Government body,James Rodney Brister,jamesbr@ncbi.nlm.nih.gov,open,open,10.1093/nar/gku1207; 10.1093/nar/gkw1065
National Center for Advancing Translational Sciences COVID-19 OpenData Portal,NCATS OpenData Portal,https://opendata.ncats.nih.gov/covid19/,4159,"National Center for Advancing Translational Sciences (NCATS) OpenData Portal development aims to share COVID-19-related drug repurposing data and experiments for all approved drugs. The NCATS OpenData COVID-19 portal is a resource designed for rapid and open sharing of SARS-CoV-2 screening data and assay information for the global health community, measuring over 10,000 compound related assays including the NCATS Pharmaceutical Collection of nearly 3,000 approved drugs. This research was supported by the National Center for Advancing Translational Sciences (NCATS) Intramural Research Program of the NIH, aimed to enable researchers with the resources needed to formulate and test hypotheses, prioritize research opportunities, and efficiently search for effective therapies against viral and disease exposures. ",ready,knowledgebase_and_repository,United States,2020,National Center for Advancing Translational Sciences,Research institute,National Center for Advancing Translational Sciences,Research institute,Matt Hall,hallma@mail.nih.gov,open,not applicable,10.1101/2020.06.04.135046v1; 10.1016/j.drudis.2019.09.019; 10.1126/scitranslmed.3001862
National Institute of Health - National COVID Cohort Collaborative,N3C,https://covid.cd2h.org/,4073,"The National COVID Cohort Collaborative (N3C) is a collaboration among the NCATS-supported Clinical and Translational Science Awards (CTSA) Program hubs, the National Center for Data to Health (CD2H), distributed clinical data networks (PCORnet, OHDSI, ACT, TriNetX), and other partner organizations, with overall stewardship by NIH’s National Center for Advancing Translational Sciences (NCATS). The N3C aims to improve the efficiency and accessibility of analyses with COVID-19 clinical data, expand our ability to analyze and understand COVID, and demonstrate a novel approach for collaborative pandemic data sharing.
",ready,repository,United States,2020,National Institutes of Health; National Center for Advancing Translational Sciences,Research institute; Government body,National Center for Data to Health,Government body,Melissa A. Haendel,haendel@ohsu.edu,controlled,controlled,
National Microbiology Data Center,NMDC,https://nmdc.cn/en,5187,"II.	National Microbiology Science Data Center(NMDC) was established in 2019 by the Institute of Microbiology, Chinese Academy of Sciences. The total amount of NMDC data resources exceeds 6PB, and the number of data records exceeds 5.2 billion, covering the whole life cycle of microbial research, including microbial resources, microbial and cross-technology methods, research process and engineering, microbiomics, microbial technology, microbial literature, patents, experts, and achievements. NMDC builds a systematic and comprehensive national microbial big data system through the construction of a series of key databases, covering global microbial strains classification and research, pathogenic microorganisms, microbiomes, and fungi, and provides information services and communication platforms for microbiology-related workers around the world. During the COVID-19 epidemic, NMDC developed Novel Coronavirus National Science and Technology Resource Service System, established a global scientific data release and sharing platform in the first time, and developed New Coronavirus Variation Evaluation and Early Warning System (VarEPS), which is the first system in the world to provide multi-dimensional risk assessment and early warning for known and virtual variants in the SARS-CoV-2 genome. Based on World Data Center for Microorganisms (WMDC) as a platform, NMDC advocated the Global Catalogue of Microorganisms (GCM) and Global Microbial Type Strain Genome and Microbiome Sequencing Project (GCM 2.0), which has effectively promoted the sharing and utilization of global microbial resources.",ready,knowledgebase_and_repository,China,2019,,,"Institute of Microbiology of the Chinese Academy of Sciences (IMCAS), Beijing, China",Government body,Juncai Ma; Linhuan Wu; Qinglan Sun; Guomei Fan,ma@im.ac.cn; wulh@im.ac.cn; sunql@im.ac.cn; gmfan@im.ac.cn,open,open,
Novartis Clinical Trial Results Database,,https://www.novartis.com/ca-en/healthcare-professionals/novartis-clinical-trials,2961,Novartis launched the results website in 2005 becoming one of the first companies to publically post results from Phase 2b-4 interventional trials. The Novartis position evolved over time to include public disclosure of results from Phase 1- 2a interventional trials in patients.,ready,repository,"France, Switzerland",2005,,,Novartis,Company,General contact,icm.phfr@novartis.com,open,not applicable,
Pediatric COVID-19 Case Registry,,https://www.pedscovid19registry.com/,4069,"The COVID-19 clinical presentation is poorly defined in pediatric populations, as most of the reported known cases are adults. We aim to describe the epidemiology, clinical presentation, management, and outcomes associated with COVID-19 ​among pediatric patients across the United States of America. ​​ 
",deprecated,repository,United States,,,,Pediatric Infectious Diseases Transplant Network; St. Jude Children's Research Hospital,Research institute; Consortium, Pediatric COVID-19 Case Registry Coordinators,PIDTRANCoordinators@stjude.org,controlled,open,
Pregnancy CoRonavIrus Outcomes RegIsTrY,PRIORITY,https://priority.ucsf.edu/,3253,PRIORITY (Pregnancy CoRonavIrus Outcomes RegIsTrY) is a nationwide study of pregnant or recently pregnant people who are either under investigation for Coronavirus infection (COVID-19) or have been confirmed to have COVID-19. This study is being done to help patients and healthcare providers better understand how COVID-19 impacts pregnant people and their newborns.,ready,repository,United States,2020,"CDC Foundation, Atlanta, GA, USA; UCSF COVID-19 Response Fund, San Francisco, CA, USA; Yellow Chair Foundation, San Francisco, CA, USA",Charitable foundation,"University of California, Los Angeles, CA, USA; University of California, San Francisco, CA, USA",University,General contact,PRIORITYCOVID19@ucsf.edu,controlled,controlled,ciaa1411
Protein Data Bank Japan,PDBj,http://www.pdbj.org/,2031,"PDBj (Protein Data Bank Japan) maintains the single global PDB/BMRB/EMDB archives of macromolecular structures and provide integrated tools, under the Joint Usage and Research activities of the Institute for Protein Research. Supports browsing in multiple languages such as Japanese, Chinese, and Korean; SeSAW identifies functionally or evolutionarily conserved motifs by locating and annotating sequence and structural similarities, tools for bioinformaticians, and more.",ready,knowledgebase_and_repository,Japan,2011,"Platform Project for Supporting in Drug Discovery and Life Science Research, Japan Agency for Medical Research and Development; Institute for Bioinformatics Research and Development, Japan Science and Technology Agency; Japan Society for the Promotion of Science; Database Integration Coordination Program from the National Bioscience Database Center",Research institute; Government body; Consortium,Osaka University,University,Haruki Nakamura,harukin@protein.osaka-u.ac.jp,open,open,10.1002/pro.3273; 10.1093/nar/gkr811; 10.1093/database/baq021; 10.1007/s10822-011-9460-y; 10.1093/nar/gkw962; 10.1002/pro.4211
Protein Data Bank in Europe - Knowledge Base,PDBe-KB,http://pdbe-kb.org,2775,"PDBe-KB (Protein Data Bank in Europe - Knowledge Base) is a community-driven resource managed by the PDBe team, collating functional annotations and predictions for structure data in the PDB archive. PDBe-KB is a collaborative effort between PDBe and a diverse group of bioinformatics resources and research teams. The goal of PDBe-KB is two-fold: (i) to increase the visibility and reduce the fragmentation of annotations contributed by specialist data resources, and to make these data more findable, accessible, interoperable and reusable (FAIR) and (ii) to place macromolecular structure data in their biological context, thus facilitating their use by the broader scientific community in fundamental and applied research.",ready,knowledgebase_and_repository,"Austria, Belgium, Croatia, Czech Republic, Denmark, Finland, France, Germany, Greece, Hungary, Iceland, Ireland, Israel, Italy, Lithuania, Luxembourg, Malta, Montenegro, Netherlands, Norway, Portugal, Slovakia, Spain, Sweden, Switzerland, United Kingdom",2018,,,"European Bioinformatics Institute (EMBL-EBI), Wellcome Genome Campus, Hinxton, Cambridgeshire, UK",Research institute,Mihaly Varadi,mvaradi@ebi.ac.uk,open,controlled,10.1093/nar/gky1114; 10.1093/nar/gkz853
"Psoriasis Patient Registry for Outcomes, Therapy and Epidemiology of COVID-19 Infection",PsoProtect,https://psoprotect.org/,4072,"PsoProtect is an international registry for health care providers to report outcomes of COVID-19 in individuals with psoriasis. It provides regular, open access summaries of all reported cases, for the benefit of the international psoriasis community.

",ready,repository,Worldwide,2020,,,St John’s Institute of Dermatology,Research institute,Satveer Mahil,satveer.2.mahil@kcl.ac.uk,controlled,open,10.1016/j.det.2021.05.013; 10.1016/j.jaad.2020.06.050
Public Health Scotland COVID-19 Research Repository,,https://publichealthscotland.scot/population-health/health-protection/infectious-diseases/covid-19/covid-19-research-repository/,4496,"The COVID-19 Research Repository has been developed by Public Health Scotland (PHS) with an aim to bring together and provide access to Scottish COVID-19 research on a single shared platform in order to promote Scottish research to an international audience.

The main objectives of the repository are to:

    -make research easier to find
    -raise awareness of Scottish research
    -track, understand and report on the impact of this work
   - reduce duplication of effort
    -encourage a collaborative, cross-sectoral approach to COVID-19 research in Scotland
    -provide full-text open access to research wherever possible
    -ensure permanent preservation of PHS research",ready,knowledgebase,United Kingdom,2022,,,Public Health Scotland,Government body,Julia Green; James Wilson,Julia.Green@phs.scot; james.wilson3@phs.scot,partially open,controlled,
RCSB Protein Data Bank,RCSB PDB,https://www.rcsb.org/,2044,"The Protein Data Bank archives information about the 3D shapes of proteins, nucleic acids, and complex assemblies that helps students and researchers understand all aspects of biomedicine and agriculture, from protein synthesis to health and disease. As a member of the wwPDB, the RCSB PDB provides simple and advanced searching for macromolecules and ligands, tabular reports, specialized visualization tools, sequence-structure comparisons, Molecule of the Month and other educational resources at PDB-101, and more.",ready,knowledgebase_and_repository,United States,1971,"National Cancer Institute, National Institutes of Health; National Science Foundation; U.S. Department of Energy; National Institute of General Medical Sciences; National Institute of Allergy and Infectious Diseases, National Institutes of Health; National Institutes of Health",Government body,"Rutgers, The State University of New Jersey, USA; University of California San Diego; University of California San Francisco",University,,info@rcsb.org,open,open,10.1093/nar/28.1.235; 10.1093/nar/gkaa1038
RNA Atlas of Structure Probing,RASP,http://rasp.zhanglab.net,3200,"RASP (RNA Atlas of Structure Probing) is build from 161 deduplicated transcriptome-wide RNA secondary structures from datasets culled from 38 papers. RASP covers 18 species across animals, plants, bacteria, fungi, and also viruses, and categorizes 18 experimental methods including DMS-seq, SHAPE-Seq, SHAPE-MaP, and icSHAPE, etc. Specially, RASP curates the up-to-date datasets of several RNA secondary structure probing studies for the RNA genome of SARS-CoV-2. RASP also provides a user-friendly interface to query, browse, and visualize RNA structure profiles, offering a shortcut to accessing RNA secondary structures grounded in experimental data.",ready,knowledgebase,China,2020,"Ministry of Science and Technology, Beijing, China; National Natural Science Foundation of China (NSFC), Beijing, China; National Natural Science Foundation of China (NSFC), Beijing, China; National Natural Science Foundation of China (NSFC), Beijing, China",Government body,Tsinghua University,University,Pan Li,lip16@mails.tsinghua.edu.cn,open,controlled,
Reframedb,Reframedb,https://reframedb.org/,3018,"Reframedb is a comprehensive open-access, drug repositioning screening set of 12,000 compounds that was assembled by combining three widely-used commercial drug competitive intelligence databases (Clarivate Integrity, GVK Excelra GoStar and Citeline Pharmaprojects), together with extensive patent mining of small molecules that have been dosed in humans. To date ~12,000 compounds (~80% of compounds identified from data mining) have been purchased or synthesized, and subsequently plated for screening.",ready,knowledgebase,United States,,,,"Su Lab, La Jolla, CA, USA; Calibr, Scripps Research, La Jolla, CA, USA",Research institute; Lab,Arnab K. Chatterjee,achatterjee@calibr.org,open,not found,10.1073/pnas.1810137115
SARS-CoV-2 Database,,https://covid19.sfb.uit.no,3670,SARS-CoV-2 Database is a knowledge database for SARS-CoV-2 virus research compiled from publicly available resources.,deprecated,knowledgebase,Norway,2020,ELIXIR Norway,Government body,UiT The Arctic University of Norway,University,Nils-Peder Willassen,nils-peder.willassen@uit.no,open,not applicable,
SECURE-Cirrhosis Registry,,https://covidcirrhosis.web.unc.edu/,3256,"SECURE-Cirrhosis Registry is a secure, online, de-identified Personal Health Identifier (PHI)-free reporting registry for patients with chronic liver disease and post-liver transplantation",deprecated,repository,United States,2020,,,,,General contact,covid.cirrhosis@unc.edu,controlled,controlled,S0168-8278(20)33667-9; S2468-1253(20)30271-5
SECURE-Sickle Cell Disease Registry,Secure-SCD Registry,https://covidsicklecell.org/,3289,This registry is designed to capture pediatric and adult COVID-19 cases that are occurring across the world in patients living with sickle cell disease. The goal of the registry is to report on outcomes of cases of COVID-19 in this population of patients.,deprecated,repository,United States,2020,,,"Medical College of Wisconsin (MCW), Wisconsin, USA",University,General contact,covid.sicklecell@mcw.edu,not found,not found,
SIGnaling Network Open Resource,SIGNOR,https://signor.uniroma2.it/,2224,"SIGNOR, the SIGnaling Network Open Resource, organizes and stores in a structured format signaling information published in the scientific literature. The captured information is stored as binary causative relationships between biological entities and can be represented graphically as activity flow. The entire network can be freely downloaded and used to support logic modeling or to interpret high content datasets. Each relationship is linked to the literature reporting the experimental evidence. In addition each node is annotated with the chemical inhibitors that modulate its activity. The signaling information is mapped to the human proteome even if the experimental evidence is based on experiments on mammalian model organisms.",ready,knowledgebase,Italy,2015,"Fraunhofer-Institut fr Angewandte Informationstechnik (FIT), Sankt Augstin, Germany",Research institute,"Bioinformatics and Computational Biology Unit, Molecular Genetics Laboratory, University of Rome Tor Vergata",University,Gianni Cesareni,gianni.cesareni@torvergata.it,open,not applicable,10.1093/nar/gkv1048
SWISS-MODEL Repository of 3D protein structure models,SWISS-MODEL,https://swissmodel.expasy.org/repository/,2061,The SWISS-MODEL Repository is a database of annotated 3D protein structure models generated by the SWISS-MODEL homology-modelling pipeline for protein sequences of selected model organisms.,ready,knowledgebase,Switzerland,1993,,,Swiss Institute of Bioinformatics,Research institute,Torsten Schwede,help-swissmodel@unibas.ch,open,open,10.1093/nar/gkn750; 10.1093/nar/gku340; 10.1093/nar/gkw1132
Sequence Read Archive,SRA,http://www.ncbi.nlm.nih.gov/sra,1978,"The SRA is NIH's primary archive of high-throughput sequencing data and is part of the International Nucleotide Sequence Database Collaboration (INSDC) that includes at the NCBI Sequence Read Archive (SRA), the European Bioinformatics Institute (EBI), and the DNA Database of Japan (DDBJ). Data submitted to any of the three organizations are shared among them. SRA accepts data from all kinds of sequencing projects including clinically important studies that involve human subjects or their metagenomes, which may contain human sequences. These data often have a controlled access via dbGaP (the database of Genotypes and Phenotypes).",ready,repository,United States,2007,,,"National Center for Biotechnology Information (NCBI), Rockville, MD, USA",Government body,General Contact,sra@ncbi.nlm.nih.gov,open,open,10.1093/nar/gkm1000; 10.1093/nar/gkr854; 10.1186/s13742-015-0064-7; 10.5281/zenodo.15677383
Surveillance Epidemiology of Coronavirus (COVID-19) Under Research Exclusion - IBD,SECURE-IBD,https://covidibd.org/,2936,"Surveillance Epidemiology of Coronavirus Under Research Exclusion (SECURE-IBD) is an international, pediatric and adult database to monitor and report on outcomes of COVID-19 occurring in IBD patients. The goals of the registry is to rapidly define the impact of COVID-19 on patients with IBD and how factors such as age, comorbidities, and IBD treatments impact COVID outcomes.",deprecated,repository,United States,2020,,,"Icahn School of Medicine at Mount Sinai; University of North Carolina, Chapel Hill, USA",Research institute; University,Michael D. Kappelman,Michael_Kappelman@med.unc.edu,not found,not found,
Swedish Pathogens Portal,,https://www.pathogens.se,5042,"The Swedish Pathogens Portal provides information, guidelines, data, services, and other resources aimed at supporting the Swedish research community to share data related to pathogens and pandemic preparedness. It promotes best practices in research data management, and provides direct support to the community as needed. Many of the pages are related to community building and  promoting the research ongoing in Sweden (e.g. pages showing events, funding opportunities, and articles on work sharing data). There are multiple dashboards on the site that display data on, for example, SARS-CoV-2, influenza, and enteric viruses. There are also databases showing the publications and data available from Swedish research related to COVID-19. The site is regularly updated with new features and data, and the team behind the portal is available to provide support and to take suggestions on new features.

The Swedish Pathogens Portal originally launched in June 2020 as the first national node of the European COVID-19 Portal. It has since transitioned to become the first national node of EMBL-EBI's Pathogens Portal (https://www.pathogensportal.org). This makes it an excellent example of transitioning resources to ensure pandemic preparedness.",ready,knowledgebase,Sweden,2020,"The Knut and Alice Wallenberg Foundation; Science for Life Laboratory (SciLifeLab); BY-COVID (BeYond COVID) Project; Swedish Foundation for Strategic Research, Stockholm, Sweden","Government body, University, Research institute; Consortium; Charitable foundation",,,Portal team; SciLifeLab Data Centre ,pathogens@scilifelab.se; datacentre@scilifelab.se,open,controlled,
TARKI Data Archive,TARKI,https://adatbank.tarki.hu/en/,3341,"TARKI is the Hungarian Social Science data archive. It is a member of CESSDA-ERIC and the European Association of Social Science Data Archives. There are more than 800 social science resources in the TÁRKI archive, representing more than 35 years of survey research in Hungary.",ready,repository,Hungary,1985,,,"TARKI Foundation, Budapest, Hungary",Charitable foundation,General Contact,tarki@tarki.hu,controlled,controlled,
The American Society for Hematology Research Collaborative COVID-19 Registry for Hematologic Malignancy,ASH RC COVID-19 Registry for Hematology,https://www.ashresearchcollaborative.org/s/covid-19-registry,3286,"The ASH Research Collaborative (ASH RC) COVID-19 Registry for Hematology, a global public reference tool that is part of the ASH RC Data Hub platform, captures data on individuals who test positive for COVID-19, have a hematologic condition (past or present) and/or have experienced a post-COVID-19 hematologic complication. As data are analyzed, real-time observational summaries are available via a dashboard.",deprecated,repository,United States,2020,,,"The American Society for Hematology Research Collaborative (ASH RC), Washington, DC, USA",Charitable foundation,,info@ashrc.org,open,open,
The COVID-19 and Cancer Consortium,CCC19,https://ccc19.org/,4076,"CCC19 is a consortium of over 120 cancer centers and other organizations who have come together to collect data about patients with cancer who have been diagnosed with COVID-19.
",ready,repository,United States,2020,,,,,CCC19 contact,contact@ccc19.org,partially open,controlled,10.1016/s0140-6736(20)31187-9; 10.1158/2159-8290.cd-20-0941; 10.1016/j.ccell.2020.10.022; 10.1016/j.annonc.2021.02.024; 10.1001/jamaoncol.2021.1799; 10.1111/jth.15463; 10.1001/jamanetworkopen.2021.34330; 10.1016/j.annonc.2021.12.006; 10.1001/jamanetworkopen.2021.42046; 10.1093/ofid/ofac037; 10.1016/s2666-7568(22)00009-5; 10.1158/2643-3230.bcd-22-0013; 10.1001/jamanetworkopen.2022.4304; 10.2139/ssrn.4089485; 10.3390/cancers14174334
The European Genome-phenome Archive,EGA,https://ega-archive.org/,1865,"The European Genome-phenome Archive (EGA) is a service for permanent archiving and sharing of personally identifiable genetic, phenotypic, and clinical data generated for the purposes of biomedical research projects or in the context of research-focused healthcare systems. Access to data must be approved by the specified Data Access Committee (DAC).",ready,repository,"Spain, United Kingdom",2007,Ministerio de Asuntos Economicos y Transformacion Digital; Spanish Instituto de Salud Carlos III Instituto Nacional de Bioinformatica; Centro de Excelencia Severo Ochoa; The Wellcome Trust; Medical Research Council,Government body; Charitable foundation,"European Bioinformatics Institute, Wellcome Genome Campus; Centre for Genomic Regulation",Research institute,EGA Helpdesk,helpdesk@ega-archive.org,controlled,open,10.1038/ng.3312; 10.1093/nar/gkab1059
The ExtraCorporeal Membrane Oxygenation in COVID-19,ECMO in COVID-19,https://www.elso.org/ecmo-resources/covid-19.aspx,3251,The ExtraCorporeal Membrane Oxygenation (ECMO) in COVID-19 website as a resource for centers who may be called on to manage COVID-19 patients.,ready,repository,United States,2020,,,Extracorporeal Life Support Organization,Consortium,Ryan P Barbaro,barbaror@med.umich.edu,open,not applicable,10.1097/MAT.0000000000001422; 10.1097/MAT.0000000000001173; S0140-6736(20)32008-0
The Network Data Exchange,NDEx,https://www.ndexbio.org,2533,"NDEx is an online commons where scientists can upload, share, and publicly distribute biological networks and pathway models. The NDEx Project maintains a web-accessible public server, a documentation website, provides seamless connectivity to the Cytoscape desktop application as well as programmatic access using a variety of languages including Python, Java and R. NDEx users can easily create accounts or sign in using their Google credentials thanks to the supported open authentication (OAUTH2) method and mint DOIs for their networks to use in publications or include in other resources for long term access.",ready,repository,United States,2013,"National Cancer Institute, Rockville, MD, USA; California Digital Library (CDL), University of California, Oakland, CA, USA",University; Government body,"Cytoscape; Ideker Lab, School of Medicine, UC San Diego",Lab; Consortium,Rudolf T. Pillich,rpillich@ucsd.edu,open,open,10.1007/978-1-4939-6783-4_13; 10.1016/j.cels.2015.10.001; 10.1158/0008-5472.CAN-17-0606; 10.1002/cpz1.258
The WHO Global Clinical Platform for COVID-19,,https://www.who.int/teams/health-care-readiness/covid-19/data-platform,4078,"The WHO has created a global clinical platform of patient-level anonymized clinical data. The Platform is a secure, limited-access, password-protected platform hosted on REDCap.
",ready,repository,Worldwide,2019,,,World Health Organization,Government body,Platform contact,COVID_ClinPlatform@who.int,controlled,open,
Therapeutic Target Database,TTD,http://db.idrblab.net/ttd/,1694,"The Therapeutic Target Database provides information about therapeutic protein and nucleic acid targets, the targeted disease, pathway information and the corresponding drugs directed at each of these targets.  Also included in this database are links to relevant databases containing information about target function, sequence, 3D structure, ligand binding properties, enzyme nomenclature and drug structure, therapeutic class, clinical development status. All information is fully referenced.",ready,knowledgebase,"China, Singapore",2002,"Singapore Academic Research Fund; National Natural Science Foundation of China (NSFC), Beijing, China",Government body; Undefined,"National University of Singapore, Singapore",University,Ying Zhou ; Yintao Zhang,zhou_ying@zju.edu.cn; zhangyintao@zju.edu.cn,open,controlled,10.1093/nar/gkp1014; 10.1093/nar/30.1.412; 10.1093/nar/gkt1129; 10.1093/nar/gkv1230; 10.1093/nar/gkab953
Translational Data Catalog,IMI Data Catalog,https://datacatalog.elixir-luxembourg.org/,3655,"The Translational Data Catalog is a collection of project-level metadata from large research initiatives such as IMI and H2020 in a diverse range of fields, including clinical, molecular and observational studies. Its aim is to improve the findability of these projects following FAIR data principles. The Data Catalog uses a variety of web-based software to enable remote, interactive data-mining such that important metadata and summaries of curated studies can be displayed. ",ready,repository,Luxembourg,2016,ELIXIR Luxembourg; European Commision,Government body; Undefined,"Innovative Medicines Initiative (IMI), Europe",Consortium,General contact,data-catalog@elixir-luxembourg.org,open,not applicable,
UCSC Genome Browser database,,http://genome.ucsc.edu,1651,"Genome assemblies and aligned annotations for a wide range of vertebrates and model organisms, along with an integrated tool set for visualizing, comparing, analyzing and sharing both publicly available and user-generated genomic datasets.",ready,knowledgebase,United States,2001,"National Human Genome Research Institute (NHGRI), Bethesda, MD, USA",Government body,"Genomics Institute, University of California, Santa Cruz, CA, USA",University,Public Mailing List; Private Internal  Mailing List,genome@soe.ucsc.edu; genome-www@soe.ucsc.edu,open,not applicable,10.1093/nar/gkh103; 10.1101/gr.229202; 10.1101/gr.3694705; 10.1093/nar/gks1048; 10.1002/0471250953.bi0104s40; 10.1093/nar/gkw1134; 10.1093/nar/gks1172; 2020.09.26.314971; 10.1186/s13100-020-00208-w; 10.1093/nar/gkaa1070; 10.1038/s41588-020-0700-8; 10.1101/gr.229102; 10.1038/35057062; 10.1101/gr.183201; 10.1093/nar/gkv1275; 10.1093/nar/gku1177; 10.1093/nar/gkz1012; 10.1093/nar/gky1095; 10.1093/nar/gkx1020; 10.1093/nar/gkab959
VirHostNet,,http://virhostnet.prabi.fr,1914,"VirHostNet is a bioinformatic information system dedicated to the biocuration, data integration, reproducible systems-level analysis and visualisation of Virus / Host protein-protein interactions Network based on graph theory. VirHostNet is an open and gold standard knowledgebase shared in PSI MITAB 2.5 format using the PSICQUIC webservice and distributed through the NDEx platform.",ready,knowledgebase,France,2007,"Universite de Lyon, France; Rhone-Alpes Bioinformatics Center Platform; Fondation Innovations en Infectiologie",University; Government body; Consortium,"Universite de Lyon, France; French Institute of Bioinformatic",Research institute; University,Vincent Navratil,navratil@prabi.fr,open,not applicable,10.1093/nar/gku1121; 10.1093/nar/gkn794
ViralZone,ViralZone,http://viralzone.expasy.org/,2399,"ViralZone is a web resource for viral genes and families, providing detailed molecular and epidemiological information, along with virion and genome figures. Each virus or family page gives easy access to UniProtKB/Swiss-Prot viral protein entries.",ready,knowledgebase,Switzerland,2010,,,"Swiss Institute of Bioinformatics (SIB), Switzerland",Research institute,Philippe Le Mercier,Philippe.Lemercier@sib.swiss,open,not applicable,10.1093/nar/gks1220; 10.1093/nar/gkq901
ViruSurf,ViruSurf,http://gmql.eu/virusurf/,3137,"ViruSurf is a large public database of viral sequences and integrated and curated metadata from heterogeneous sources (RefSeq, GenBank, COG-UK and NMDC); it also exposes computed nucleotide and amino acid variants, called from original sequences. A GISAID-specific ViruSurf database offers a subset of these functionalities. Given the current pandemic outbreak, SARS-CoV-2 data are collected from the four sources; but ViruSurf contains other virus species harmful to humans, including SARS-CoV, MERS-CoV, Ebola, and Dengue. The database is centered on sequences, described from their biological, technological, and organizational dimensions. In addition, the analytical dimension characterizes the sequence in terms of its annotations and variants. The web interface enables expressing complex search queries in a simple way; arbitrary search queries can freely combine conditions on attributes from the four dimensions, extracting the resulting sequences. Several example queries on the database confirm and possibly improve results from recent research papers; results can be recomputed over time and upon selected populations. Effective search over large and curated sequence data may enable faster responses to future threats that could arise from new viruses.",ready,knowledgebase,Italy,2020,The European Research Council (ERC); European Institute of Innovation & Technology (EIT),Government body; Undefined,Politecnico di Milano,University,Arif Canakoglu,acanak@gmail.com,not found,not found,https://doi.org/10.1093/nar/gkaa846
Virus Pathogen Database and Analysis Resource,ViPR,http://www.viprbrc.org,1697,"The Virus Pathogen Database and Analysis Resource (ViPR) is an integrated repository of data and analysis tools for multiple virus families, supported by the National Institute of Allergy and Infectious Diseases (NIAID) Bioinformatics Resource Centers (BRC) program. ViPR captures various types of information, including sequence records, gene and protein annotations, 3D protein structures, immune epitope locations, clinical and surveillance metadata and novel data derived from comparative genomics analysis. The database is available without charge as a service to the virology research community to help facilitate the development of diagnostics, prophylactics and therapeutics for priority pathogens and other viruses.",deprecated,knowledgebase_and_repository,United States,2010,"National Institute of Allergy and Infectious Diseases (NIAID), National Institutes of Health (NIH), Bethesda, MD, USA; Bioinformatics Resource Centers, National Institute of Allergy and Infectious Diseases (NIAID), National Institutes of Health (NIH), Bethesda, MD, USA",Government body,"Northrop Grumman Health IT; J. Craig Venter Institute (JCVI), La Jolla, CA, USA; Vecna Technologies",Research institute; Company,Richard Scheuermann,rscheuermann@jcvi.org,open,open,10.1093/nar/gkr859; 10.3390/v4113209; 10.1016/b978-0-12-801238-3.95728-3; 10.1016/b978-0-12-809633-8.20995-3
WikiPathways,WikiPathways,https://wikipathways.org,1698,"WikiPathways is an open, collaborative platform dedicated to the curation of biological pathways. WikiPathways was established to facilitate the contribution and maintenance of pathway information by the biology community.",ready,knowledgebase,"Netherlands, United Kingdom, United States",2007,National Institute of General Medical Sciences; National Institute of General Medical Sciences; European Commission FP7; National Institute of General Medical Sciences; National Institutes of Health; National Institutes of Health,Government body,"Gladstone Institutes; Department of Bioinformatics, Universiteit Maastricht",University; Government body,Martina Summer-Kutmon,martina.kutmon@maastrichtuniversity.nl,open,controlled,10.1371/journal.pbio.0060184; 10.1371/journal.pone.0006447; 10.1093/nar/gkr1074; 10.1093/nar/gkaa1024; 10.1093/nar/gkv1024
WorkflowHub,,https://workflowhub.eu,3073,"The WorkflowHub is a registry of scientific workflows.  WorkflowHub aims to facilitate discovery and re-use of workflows in an accessible and interoperable way. This is achieved through extensive use of open standards and tools, including CWL, RO-Crate, Bioschemas and GA4GH's TRS API, in accordance with the FAIR principles. WorkflowHub supports workflows of any type in its native repository. ",ready,repository,"Belgium, United Kingdom",2020,"ERANET proposal Systems Biology Applications; Biotechnology and Biological Sciences Research Council; The Swiss Initiative in Systems Biology (SystemsX.ch), Zurich, Switzerland; ELIXIR Europe; Netherlands Organisation for Scientific Research; EOSC-Life; FAIRDOM; European Commission Horizon 2020; Federal Ministry of Education and Research; BY-COVID (BeYond COVID) Project; EuroScience Gateway; German Network for Bioinformatics Infrastructure; IBISBA; AgroServ",Research institute; Government body; Consortium,University of Manchester,University,Finn Bacall,finn.bacall@manchester.ac.uk,open,open,https://doi.org/10.48550/arXiv.2410.06941; 10.1038/s41597-025-04786-3
Yale University Open Data Access Project,YODA Project,https://yoda.yale.edu/welcome-yoda-project,4080,"The Yale University Open Data Access (YODA) Project at the Center for Outcomes Research and Evaluation advocates for the responsible sharing of clinical research data. The Project is committed to open science and data transparency, and supports research attempting to produce concrete benefits to patients, the medical community, and society as a whole. Through experience and input from the public and stakeholders, the YODA Project has iteratively developed a model to make data available to researchers in a sustainable way, in which data sharing becomes a part of the clinical research enterprise of the future. The mission of the YODA Project is to not only increase access to clinical research data, but to promote its use to generate new knowledge.",ready,repository,United States,2011,,,"Yale University School of Medicine, New Haven, CT, USA.; Center for Outcomes Research & Evaluation (CORE)",Research institute; Undefined,Harlan Krumholz,harlan.krumholz@yale.edu,controlled,not applicable,
Zoltar,Zoltar,https://zoltardata.com/,3255,"Zoltar is a research data repository that stores forecasts made by external models in standard formats and provides tools for validation, visualization, and scoring. Zoltar can host real-time or retrospective forecasting challenges, competitions, or research projects, with users specifying the forecast targets.",in_development,repository,United States,2020,"National Institute of General Medical Sciences (NIGMS), Bethesda, MD, USA",Government body,"Reich Lab, Department of Biostatistics and Epidemiology, University of Massachusetts Amherst, Amherst, MA, USA",Lab,General Contact,zoltar@reichlab.io,open,open,
bio.tools,,https://bio.tools/,3300,bio.tools is a registry of information about bioinformatics software and data services. It was created to help researchers in biological and biomedical science to find and use such resources.,ready,repository,Denmark,2015,"Horizon 2020 Programme of the European Union - EXCELERATE; The Ministry of Higher Education and Science, Copenhagen, Denmark",Government body,,,Support Email,registry-support@elixirmail.cbs.dtu.dk,open,open,10.1093/nar/gkv1116
data.europa.eu,DEU,https://data.europa.eu/en,2947,"data.europa.eu (DEU), the official portal for European data, gives you access to open data published by EU institutions and bodies. All the data you can find via this catalogue are free to use and reuse for commercial or non-commercial purposes.",ready,knowledgebase,European Union,2012,,,European Commission,Government body,data.europa.eu Team,OP-DATA-EUROPA-EU@publications.europa.eu,open,not applicable,
iReceptor Public Archive,IPA,https://www.ireceptor.org/,2492,A data repository for the storage and sharing of Adaptive Immune Receptor Repertoire data. Primary public repository for the iReceptor Platform and Scientific Gateway.,ready,repository,Canada,2014,European Comission Horizon 2020; Canadian Institutes of Health Research (CIHR); CANARIE Network Enabled Platforms Program; British Columbia Knowledge Development Fund (BCKDF); Canada Foundation for Innovation,Government body; Company,"iReceptor, Simon Fraser University, Vancouver, B.C., Canada",University,Brian Corrie,bdcorrie@gmail.com,open,not found,10.1111/imr.12666
